fight_id,pred_delta_live,p_steam_live,pred_qclose_live,p_mkt_live,event_id,event_date,year,fold,movement_spec,f1_name,f2_name,division,selected_side,selected_fighter,selected_odds,selected_p_market,selected_ev,selected_steam_prob,pred_clv_pp,realized_clv_pp,pred_qclose_fav,qfav_opening,qfav_closing,prob_fav_steams,pred_delta_fav,selected_won,unit_return,kelly_raw,result,movement_alpha,direction_C,sel_fav_live,ev_live,steam_sel_live,clv_live,qual_live,qual_ship
267,0.1122620078979151,0.6680791982550021,0.6828696777925649,0.6970861071949258,25,2026-01-24,2026,2026,MOV_MKT_STATS,justin gaethje,paddy pimblett,Lightweight,favorite,paddy pimblett,1.44444,0.7064271630368435,0.0203916513769382,0.714176250832464,3.5187009485356024,2.050514716085205,0.6932623993595168,0.6580753898741608,0.6785805370350129,0.714176250832464,0.1606866846081249,0,-1.0,0.0458816744148551,1,100,0.01,True,0.006899056676638704,0.6680791982550021,2.47942879184041,False,False
268,-0.08785126522629177,0.4022609777092123,0.6414499267019189,0.6501971269676723,25,2026-01-24,2026,2026,MOV_MKT_STATS,sean o'malley,song yadong,Bantamweight,favorite,sean o'malley,1.4386,0.667921979675448,-0.0391274400389004,0.4925021201224123,-0.2680309526243207,-0.1839599795499524,0.6587140321392465,0.6613943416654897,0.6595547418699902,0.4925021201224123,-0.0119453079672308,1,0.4386000000000001,0.0,1,100,0.01,False,-0.017053926779159068,0.5977390222907877,1.99444149635708,False,False
269,0.13065359444785188,0.6929891525940617,0.7361562678330011,0.760404113826177,25,2026-01-24,2026,2026,MOV_MKT_STATS,waldo cortes-acosta,derrick lewis,Heavyweight,favorite,waldo cortes-acosta,1.33557,0.7549472131284551,0.0082848494379708,0.703759280918531,2.5508651486561007,1.8537849806666395,0.7355184874026366,0.7100098359160756,0.728547685722742,0.703759280918531,0.1273725044727648,1,0.3355699999999999,0.0246888858895932,1,100,0.01,True,0.015572922302827141,0.6929891525940617,2.614643191692556,False,False
270,0.010644963785158813,0.5569032902858291,0.6649506476491519,0.6765676210020619,25,2026-01-24,2026,2026,MOV_MKT_STATS,arnold allen,jean silva,Featherweight,favorite,jean silva,1.43103,0.6835532585431106,-0.0218147804270525,0.5919808888823438,1.0271606232460706,-0.6070660327781474,0.6728464995956296,0.6625748933631689,0.6565042330353874,0.5919808888823438,0.0462977202378876,1,0.43103,0.0,0,100,0.01,True,-0.03181143731741931,0.5569032902858291,0.23757542859830227,False,False
272,0.0818025549872267,0.7043680456162406,0.8674445527258975,0.9243935580063142,25,2026-01-24,2026,2026,MOV_MKT_STATS,ateba gautier,andrey pulyaev,Middleweight,favorite,ateba gautier,1.11111,0.9262376085956135,0.0291518692866723,0.8234939333967618,2.1260241021497706,1.2832196069341384,0.8790128523661082,0.8577526113446104,0.8705848074139518,0.8234939333967618,0.1863671863621033,1,0.11111,0.2623694472745237,1,100,0.01,True,0.027102926236395763,0.7043680456162406,0.9691941381287039,False,True
273,-0.01885566774187465,0.49791248906967817,0.6258665495805342,0.633017724151645,25,2026-01-24,2026,2026,MOV_MKT_STATS,nikita krylov,modestas bukauskas,Light Heavyweight,favorite,modestas bukauskas,1.50761,0.6342721887398284,-0.0437649055339474,0.5130508531406999,-0.2453319779401885,-8.115363705365509,0.6278178439660274,0.6302711637454292,0.5491175266917742,0.5130508531406999,-0.0105136176281255,0,-1.0,0.0,1,100,0.01,True,-0.045656148891738524,0.49791248906967817,-0.44046141648950154,False,False
275,-0.01623779305888587,0.5006297447995015,0.6599401216519492,0.6708956174132342,25,2026-01-24,2026,2026,MOV_MKT_STATS,josh hokit,denzel freeman,Heavyweight,underdog,denzel freeman,2.83,0.3372430900149544,-0.0456020552576789,0.5170460012972344,0.9561929433522188,-2.69867587232826,0.6540127449928258,0.663574674426348,0.6905614331496306,0.4829539987027655,-0.0425402844172672,0,-1.0,0.0,1,100,0.01,True,-0.03741238604783981,0.5006297447995015,-0.3634552774398836,False,False
276,0.17871942724660844,0.763171459232667,0.7333387381613318,0.7569685623223724,25,2026-01-24,2026,2026,MOV_MKT_STATS,adam fugitt,ty miller,Welterweight,favorite,ty miller,1.4347826086956523,0.7418054667569676,0.0643295827382579,0.6963933651513172,2.724200322666825,8.93550893550893,0.7242117001963653,0.696969696969697,0.7863247863247863,0.6963933651513172,0.1325410885927685,1,0.4347826086956523,0.1479580402979932,0,100,0.01,True,0.08608532854949091,0.763171459232667,3.6369041191634754,True,False
271,0.166916846855267,0.81000508007894,0.9078879376869179,0.9669513306021417,25,2026-01-24,2026,2026,MOV_MKT_STATS,umar nurmagomedov,deiveson figueiredo,Bantamweight,favorite,umar nurmagomedov,1.0694,0.9617211912750424,0.0284646419495304,0.8806860396123951,1.9905137628063008,0.6496161988883808,0.9128516609427764,0.8929465233147135,0.8994426853035973,0.8806860396123951,0.2277634766642997,1,0.0693999999999999,0.4101533422122551,1,100,0.01,True,0.034057752945930275,0.81000508007894,1.494141437220442,False,False
258,0.057363520756402525,0.6682578289645096,0.8527596047854246,0.9068331914211514,24,2026-01-31,2026,2026,MOV_MKT_STATS,quillan salkilld,jamie mullarkey,Lightweight,favorite,quillan salkilld,1.14286,0.9068672962114644,0.0364223581482341,0.7597746482511224,1.6793501388618348,2.777584769307728,0.8622038026793232,0.8454103012907048,0.8731861489837821,0.7597746482511224,0.1346683390561854,1,0.14286,0.2549514080094788,1,100,0.01,True,0.03638338114757711,0.6682578289645096,0.7349303494719739,False,False
254,-0.09419945040683023,0.40700341142263485,0.5785256111490905,0.5820609728031129,24,2026-01-31,2026,2026,MOV_MKT_STATS,alexander volkanovski,diego lopes,Featherweight,underdog,diego lopes,2.38,0.4139586533975881,-0.0147784049137403,0.5760349690748658,1.875915535119277,1.9995060974436152,0.582550081819824,0.6013092371710168,0.5813141761965807,0.4239650309251341,-0.0776726755573603,0,-1.0,0.0,1,100,0.01,False,-0.005305115271408645,0.5929965885773651,2.2783626021926295,False,False
255,0.043670221338998276,0.5871443492094724,0.7052078476274862,0.7232019267812697,24,2026-01-31,2026,2026,MOV_MKT_STATS,dan hooker,benoit saint denis,Lightweight,favorite,benoit saint denis,1.4366812227074237,0.7367892858834155,0.058531332120715,0.6718139936735662,2.3820714331386217,6.0642365348065,0.7198693465502313,0.696048632218845,0.75669099756691,0.6718139936735662,0.1152618010531466,1,0.4366812227074237,0.1340367505564374,0,100,0.01,True,0.03901062843247938,0.5871443492094724,0.9159215408641175,False,False
256,-0.04358759230189017,0.4649213716956582,0.555114994826521,0.5573845767934713,24,2026-01-31,2026,2026,MOV_MKT_STATS,rafael fiziev,mauricio ruffy,Lightweight,underdog,mauricio ruffy,2.19,0.4482210545130679,-0.0183958906163812,0.5775780965556514,1.5994225699184073,3.3722040340045667,0.5498577691228826,0.5658519948220667,0.532129954482021,0.4224219034443486,-0.0648510072931045,1,1.19,0.0,0,100,0.01,False,-0.03067222317770224,0.5350786283043418,1.073699999554567,False,False
259,-0.015008494323880857,0.4768532803290189,0.6343037860883713,0.6422905042902305,24,2026-01-31,2026,2026,MOV_MKT_STATS,junior tafa,billy elekana,Light Heavyweight,favorite,billy elekana,1.50505,0.6427089679645203,-0.0326908677649987,0.491244384593869,-0.2155843527735235,5.9947641863891565,0.635622281885918,0.6377781254136532,0.6977257672775448,0.491244384593869,-0.0093200459880034,1,0.50505,0.0,0,100,0.01,True,-0.033320676517988645,0.4768532803290189,-0.347433932528185,False,False
263,-0.05470041697569119,0.47872501363535863,0.6117333299333324,0.617626182447573,24,2026-01-31,2026,2026,MOV_MKT_STATS,kaan ofli,yizha,Featherweight,favorite,yizha,1.52632,0.6388148943655714,-0.0249640504319411,0.5819952908191801,0.7381301966751352,5.54430201640963,0.6320247141920557,0.6246434122253044,0.6800864323894007,0.5819952908191801,0.0316082487398892,0,-1.0,0.0,1,100,0.01,False,-0.02877050341683529,0.5212749863646413,1.2910082291971992,False,False
261,-0.012098566851803626,0.4877414107304223,0.6423186885095864,0.6511617579941184,24,2026-01-31,2026,2026,MOV_MKT_STATS,jacob malkoun,torrez finney,Middleweight,underdog,torrez finney,2.7,0.3643385038942961,-0.0162860394854004,0.5618435615086976,1.598788737325918,8.38496682334432,0.629105579502386,0.6450934668756452,0.561243798642202,0.4381564384913023,-0.0691590940243733,0,-1.0,0.0,1,100,0.01,True,-0.0327382782052168,0.4877414107304223,-0.2774778366058772,False,False
262,0.013652871351298002,0.550319417642521,0.5226875804536977,0.5235513425261915,24,2026-01-31,2026,2026,MOV_MKT_STATS,jonathan micallef,oban elliott,Welterweight,favorite,jonathan micallef,1.83333,0.5257405444716452,-0.0361440876037987,0.5651991411617311,0.5544021442588809,1.7003374143290009,0.524824409095589,0.5192803876530002,0.5362837617962902,0.5651991411617311,0.0222195373743894,1,0.8333299999999999,0.0,1,100,0.01,True,-0.040157617206457386,0.550319417642521,0.3407192800697456,False,False
265,-0.045859355065793674,0.46725020989433264,0.6322606451165321,0.6400389592719925,24,2026-01-31,2026,2026,MOV_MKT_STATS,keiichiro nakamura,sebastian szalay,Featherweight,underdog,keiichiro nakamura,2.7,0.3732534538947203,0.0077843255157448,0.6024095580912526,2.203182713670526,10.74306210502083,0.6208253157204375,0.6428571428571428,0.5354265218069345,0.3975904419087473,-0.0947339249618376,1,1.7000000000000002,0.0045790150092616,1,100,0.01,False,-0.028105190034379723,0.5327497901056674,1.0596497740610666,False,False
260,0.00103799000091968,0.5392280120822394,0.6877229622506313,0.7027084379560505,24,2026-01-31,2026,2026,MOV_MKT_STATS,cam rowston,cody brundage,Middleweight,favorite,cam rowston,1.4545454545454546,0.697662101224551,0.0147812381448013,0.5143789310300213,-0.2023160576364202,5.6745524296675125,0.6854768394236358,0.6875,0.7442455242966751,0.5143789310300213,-0.0094003642926319,1,0.4545454545454546,0.032518723918563,1,100,0.01,True,0.02212136429970979,0.5392280120822394,0.022296225063134223,False,False
266,-0.15231398006647415,0.303258570986538,0.6199961551934777,0.6266039302588468,24,2026-01-31,2026,2026,MOV_MKT_STATS,sulangrangbo,lawrence lui,Bantamweight,underdog,sulangrangbo,2.899984800121599,0.3721557769473507,0.0792460964247612,0.6759857331188502,3.332359999610579,34.461160021473326,0.6218470064298075,0.6551706064259133,0.31055900621118,0.3240142668811497,-0.1444506527181295,0,-1.0,0.0417088054702803,0,100,0.01,False,0.082842926674489,0.6967414290134619,3.5174451232435566,False,False
243,-0.10015229532072067,0.3759541133257863,0.608897306933294,0.6145576516115198,23,2026-02-07,2026,2026,MOV_MKT_STATS,mario bautista,vinicius oliveira,Bantamweight,underdog,vinicius oliveira,2.59,0.377124930453903,-0.0232464301243912,0.5810576985660961,1.5253805850685254,7.873239878142513,0.6172171041504136,0.6324709100010989,0.5537385112196738,0.4189423014339039,-0.0650788997654094,0,-1.0,0.0,1,100,0.01,False,-0.0017043176738362753,0.6240458866742137,2.357360306780487,False,False
253,0.17038839516384716,0.7404943121243399,0.5456496442317025,0.5474758698168317,23,2026-02-07,2026,2026,MOV_MKT_STATS,muin gafurov,jakub wiklacz,Bantamweight,underdog,muin gafurov,1.90909,0.527134779442386,0.0063477360856645,0.6345265013751193,2.934749410926302,3.617888182724138,0.4738324850686603,0.5031799791779233,0.4670010973506819,0.3654734986248807,-0.1174858675031319,0,-1.0,0.0069825166767476,0,100,0.01,True,0.03197011556993501,0.7404943121243399,4.246966505377914,False,False
252,-0.01030501997102789,0.523135267522247,0.6979146129100948,0.714608027063872,23,2026-02-07,2026,2026,MOV_MKT_STATS,wang cong,eduarda moura,Catch Weight,favorite,wang cong,1.36232,0.7086258885352642,-0.0346247795306389,0.5173749482242325,-0.4874730068605615,3.631516181415251,0.6952080470144708,0.7000827770830764,0.7363979388972289,0.5173749482242325,-0.0231103415624281,1,0.36232,0.0,1,100,0.01,True,-0.026475192570345807,0.523135267522247,-0.21681641729816015,False,False
251,0.05216002397112723,0.6360463916096192,0.8634115998785308,0.9196463936905632,23,2026-02-07,2026,2026,MOV_MKT_STATS,javid basharat,gianni vazquez,Bantamweight,favorite,javid basharat,1.125,0.9086472386899348,0.0222281435261768,0.6823793026124406,0.657978878236043,-0.885408572992108,0.8637226459252175,0.8571428571428571,0.848288771412936,0.6823793026124406,0.0548000591354979,1,0.125,0.1778251482094148,1,100,0.01,True,0.0346021929018836,0.6360463916096192,0.6268742735673682,False,False
250,0.01822307357683463,0.552131057587368,0.7449232460094679,0.7711542809220938,23,2026-02-07,2026,2026,MOV_MKT_STATS,nikolay veretennikov,niko price,Welterweight,favorite,nikolay veretennikov,1.30769,0.7534613169412369,-0.0147061704491139,0.4887883939006044,-0.7200170327292921,-4.347636061379112,0.7342450348948539,0.7414452052221469,0.6979688446083557,0.4887883939006044,-0.0372255106003603,1,0.30769,0.0,1,100,0.01,True,0.008430741619012805,0.552131057587368,0.3478040787321057,False,False
249,0.1716236265290192,0.7713894347331721,0.8275383809714488,0.8754193267410126,23,2026-02-07,2026,2026,MOV_MKT_STATS,alex morono,daniil donchenko,Welterweight,favorite,daniil donchenko,1.2,0.8842151569728106,0.0610581883673726,0.8582489394573175,4.151197222567859,5.752419267975483,0.8431648647876621,0.8016528925619835,0.8591770852417383,0.8582489394573175,0.2853102004442082,1,0.1999999999999999,0.3052909418368633,0,100,0.01,True,0.050503192089215165,0.7713894347331721,2.5885488409465363,True,True
248,-0.15715094403176572,0.30953701902990055,0.5686414861869575,0.5716093121472281,23,2026-02-07,2026,2026,MOV_MKT_STATS,dustin jacoby,julius walker,Light Heavyweight,underdog,julius walker,2.45,0.4186182334658589,0.0256146719913543,0.66617874907932,2.8574184383860946,1.435456324105655,0.5781257641085517,0.6066999484924126,0.592345385251356,0.33382125092068,-0.1183773600877381,0,-1.0,0.0176652910285202,1,100,0.01,False,0.04955718523929131,0.6904629809700995,3.8058462305455065,False,False
247,-0.07122869591959216,0.4224815051241324,0.6767699509280956,0.6900596131275007,23,2026-02-07,2026,2026,MOV_MKT_STATS,jean matsumoto,farid basharat,Bantamweight,favorite,farid basharat,1.37879,0.7179777312018645,-0.0100594839961812,0.5708078603735667,1.1299218304027914,3.130765786270684,0.7034504466491837,0.6921512283451557,0.7234588862078626,0.5708078603735667,0.0535872950913617,1,0.3787899999999999,0.0,0,100,0.01,False,-0.03918480069525232,0.5775184948758676,1.538127741706019,False,False
245,-0.12227512298841038,0.358035386380009,0.5771748255337158,0.5806294660876786,23,2026-02-07,2026,2026,MOV_MKT_STATS,jailton almeida,rizvan kuniev,Heavyweight,favorite,jailton almeida,1.58824,0.6340278031596404,0.0069883180902672,0.5965207310729351,2.0891273958994594,0.0582947872137085,0.6275912224514072,0.6066999484924126,0.6072828963645497,0.5965207310729351,0.0884353798731518,0,-1.0,0.0118800457130885,0,100,0.01,False,0.027457808085187496,0.641964613619991,2.9525122958696803,False,False
244,-0.020536613195335354,0.4921589259477136,0.7339611593786706,0.7577266894760871,23,2026-02-07,2026,2026,MOV_MKT_STATS,amir albazi,kyoji horiguchi,Flyweight,favorite,kyoji horiguchi,1.28902,0.7732140714738004,-0.0033115975888418,0.6041100912472658,1.3122378379935462,1.2444391704501845,0.7510742468415396,0.7379518684616041,0.7503962601661059,0.6041100912472658,0.0689994303975475,1,0.28902,0.0,0,100,0.01,True,-0.023275142731534082,0.4921589259477136,-0.399070908293353,False,False
233,0.03443850411677785,0.5833464584471788,0.5410304347124076,0.5426516377438716,22,2026-02-21,2026,2026,MOV_MKT_STATS,dan ige,melquizael costa,Featherweight,favorite,melquizael costa,1.8,0.5490864984412027,-0.011644302805835,0.6077454830083294,1.4807628511599336,14.859838109158186,0.5472751609791318,0.5324675324675324,0.6810659135591143,0.6077454830083294,0.0596140626690836,1,0.8,0.0,0,100,0.01,True,-0.02322705206103115,0.5833464584471788,0.8562902244875215,False,False
231,0.07007559985228194,0.6258196433189382,0.7002976258793963,0.7174087786542039,22,2026-02-21,2026,2026,MOV_MKT_STATS,sean strickland,anthony hernandez,Middleweight,favorite,anthony hernandez,1.38168,0.7369960396923417,0.0182926881221148,0.7066265770083798,3.466170812001901,1.2086682206134736,0.720048621556335,0.685386913436316,0.6974735956424507,0.7066265770083798,0.1660628712870182,0,-1.0,0.0479267661971149,1,100,0.01,True,-0.008770638709059475,0.6258196433189382,1.4910712443080287,False,False
232,0.015291890642930697,0.5346054561605911,0.6247008937312836,0.6317417460700677,22,2026-02-21,2026,2026,MOV_MKT_STATS,geoff neal,uros medic,Welterweight,favorite,geoff neal,1.55556,0.6245895360204442,-0.0284135013480377,0.4955873367793154,-0.2293045326543397,2.660744628814793,0.6188158898735266,0.62110893520007,0.647716381488218,0.4955873367793154,-0.0097324399423797,0,-1.0,0.0,0,100,0.01,True,-0.017287809483245375,0.5346054561605911,0.3591958531213524,False,False
234,-0.18899049944649807,0.26897900615384523,0.5828266459445363,0.5866261079365983,22,2026-02-21,2026,2026,MOV_MKT_STATS,serghei spivac,ante delija,Heavyweight,underdog,serghei spivac,2.6,0.4070424112259048,0.0583102691873524,0.6797388269566865,3.8835000002998665,10.003296427027708,0.5891024187877871,0.6279374187907858,0.5279044545205087,0.3202611730433135,-0.1631223756029424,1,1.6,0.0364439182420953,1,100,0.01,False,0.07477211936484451,0.7310209938461547,4.511077284624953,False,False
239,-0.019044886222869872,0.5039202327506911,0.6504709783602591,0.660250910186873,22,2026-02-21,2026,2026,MOV_MKT_STATS,alden coria,luis gurule,Flyweight,favorite,alden coria,1.47619,0.7099097495386475,0.047961673171456,0.7263146153440376,4.155427369302367,11.485170621934117,0.6963427653175773,0.6547884916245537,0.7696401978438948,0.7263146153440376,0.1897874972227805,1,0.4761899999999999,0.1007196143796721,1,100,0.01,True,-0.025344208891240005,0.5039202327506911,-0.4317513264294526,False,False
237,0.003715604318796667,0.5466084315475586,0.7229646174188625,0.7444020676221825,22,2026-02-21,2026,2026,MOV_MKT_STATS,chidi njokuani,carlos leal,Welterweight,favorite,carlos leal,1.38462,0.7475652167230113,0.0350937503790158,0.5929026199997305,0.6959691187523376,-14.062834793284162,0.7291795060103629,0.7222198148228395,0.5815914668899979,0.5929026199997305,0.0349642749474328,1,0.3846199999999999,0.0912426560735683,0,100,0.01,True,0.03071399087102633,0.5466084315475586,0.07448025960230531,False,False
238,0.016546930349881292,0.5250588794453791,0.6466471375452525,0.6559791688985198,22,2026-02-21,2026,2026,MOV_MKT_STATS,ode osbourne,alibi idiris,Flyweight,favorite,alibi idiris,1.5,0.6432575288462932,-0.0351137067305602,0.4734437296988356,-0.6728717248442928,-8.721831326511087,0.6361284256086999,0.6428571428571428,0.5556388295920319,0.4734437296988356,-0.0291871826644641,1,0.5,0.0,0,100,0.01,True,-0.016031246652220332,0.5250588794453791,0.3789994688109699,False,False
240,-0.029098081317865426,0.47279610161492563,0.6012329501439212,0.6062961647081144,22,2026-02-21,2026,2026,MOV_MKT_STATS,ramiz brahimaj,punahele soriano,Welterweight,underdog,ramiz brahimaj,2.46,0.3994416915612683,-0.0173734387592799,0.5573866984755185,1.19065956143114,6.580450140768157,0.596281695524929,0.6081882911392404,0.5423837897315589,0.4426133015244815,-0.0497073032465046,0,-1.0,0.0,0,100,0.01,False,-0.031488565181961525,0.5272038983850744,0.6955340995319248,False,False
241,0.1847431755683574,0.7607436099488301,0.7270433375847309,0.7493270161322967,22,2026-02-21,2026,2026,MOV_MKT_STATS,phil rowe,jean-paul lebosnoyani,Welterweight,favorite,jean-paul lebosnoyani,1.4,0.726260224592747,0.0167643144298457,0.6555812836046095,2.1816941368718035,-3.531888112182502,0.7107058302576069,0.6888888888888889,0.6535700077670639,0.6555812836046095,0.1038846696744341,1,0.3999999999999999,0.0419107860746143,0,100,0.01,True,0.049057822585215405,0.7607436099488301,3.815444869584206,True,False
235,0.05383810997166164,0.6072768347608636,0.8100746429894384,0.8532294097557664,22,2026-02-21,2026,2026,MOV_MKT_STATS,jacobe smith,josiah harrell,Welterweight,favorite,jacobe smith,1.2,0.8498947221709,0.01987366660508,0.6539377492741624,1.3181566692042734,-7.626904360857889,0.8148344592540262,0.8016528925619835,0.7253838489534046,0.6539377492741624,0.0850775871612652,1,0.1999999999999999,0.0993683330254003,1,100,0.01,True,0.0238752917069196,0.6072768347608636,0.8421750427454966,False,False
220,0.0483338988005841,0.5803499930356262,0.5915593494129823,0.5959301057879296,21,2026-02-28,2026,2026,MOV_MKT_STATS,marlon vera,david martinez,Bantamweight,favorite,david martinez,1.66667,0.6085504477407787,0.0142527747361236,0.6448136999316816,2.3973333169223787,14.657542141870328,0.6038047786890174,0.5798314455197936,0.7264068669384969,0.6448136999316816,0.099262359540967,1,0.6666700000000001,0.0213790552089093,0,100,0.01,True,-0.006781170586431351,0.5803499930356262,1.1727903893188674,False,False
221,0.20080568706606128,0.8047148521136681,0.8218585616504896,0.8682224649097453,21,2026-02-28,2026,2026,MOV_MKT_STATS,daniel zellhuber,king green,Lightweight,favorite,daniel zellhuber,1.19231,0.8651716055318266,0.031552756991652,0.8334393455434531,3.6870033239229993,-2.339642736719449,0.8274102532904921,0.7905402200512621,0.7671437926840676,0.8334393455434531,0.2391984793435831,0,-1.0,0.1640723674881808,0,100,0.01,True,0.03519032713653836,0.8047148521136681,3.131834159922753,True,True
222,0.07059124606043643,0.6283154237895413,0.6776981963901278,0.691126061814763,21,2026-02-28,2026,2026,MOV_MKT_STATS,edgar chairez,felipe bunes,Flyweight,favorite,edgar chairez,1.45455,0.6997533089378349,0.0178261755155277,0.6699227532538374,2.5248501225979103,5.612566010309028,0.6873386151751724,0.6620901139491933,0.7182157740522835,0.6699227532538374,0.1150838732661144,1,0.45455,0.0392171939622215,1,100,0.01,True,0.0052774132126636175,0.6283154237895413,1.560808244093459,False,False
223,0.08831775734120642,0.6190130482919601,0.6919201167828329,0.7075936007052881,21,2026-02-28,2026,2026,MOV_MKT_STATS,imanol rodriguez,kevin borjas,Flyweight,favorite,imanol rodriguez,1.43478,0.7033854305473057,0.0092033480406632,0.602984480372946,1.7784142841841488,11.573107467532717,0.6905659015617772,0.6727817587199357,0.7885128333952629,0.602984480372946,0.08197262531267,1,0.4347799999999999,0.0211678275004904,1,100,0.01,True,0.015241146419933127,0.6190130482919601,1.913835806289721,False,False
224,0.24860358018988926,0.8341740599377592,0.8040425095323477,0.8455408865728493,21,2026-02-28,2026,2026,MOV_MKT_STATS,santiago luna,angel pacheco,Bantamweight,favorite,santiago luna,1.25,0.8512684483185272,0.0640855603981589,0.8746406428584419,5.405986727500656,9.707841361245428,0.8159646291797684,0.7619047619047619,0.8589831755172161,0.8746406428584419,0.3260922257722203,1,0.25,0.2563422415926357,1,100,0.01,True,0.0569261082160617,0.8341740599377592,4.213774762758582,True,True
226,0.05990817817841268,0.6386380770417962,0.8110067882161992,0.8544171694440972,21,2026-02-28,2026,2026,MOV_MKT_STATS,cristian quinonez,kris moutinho,Bantamweight,favorite,cristian quinonez,1.2,0.8567627109518268,0.0281152531421919,0.72451970631458,1.88325009003294,2.6640911265980893,0.8204853934623129,0.8016528925619835,0.8282938038279644,0.72451970631458,0.1229823821335868,1,0.1999999999999999,0.1405762657109599,1,100,0.01,True,0.025300603332916616,0.6386380770417962,0.9353895654215738,False,False
227,0.1513850213122006,0.7372758585572475,0.6881619015381002,0.7032183291275499,21,2026-02-28,2026,2026,MOV_MKT_STATS,douglas silva de andrade,javier reyes,Featherweight,favorite,javier reyes,1.47619,0.7022757786016386,0.0366924816139528,0.7186661306931867,3.4792294519265354,2.179221576800483,0.689580786143819,0.6547884916245537,0.6765807073925585,0.7186661306931867,0.1580051969375611,1,0.4761899999999999,0.0770542884435895,0,100,0.01,True,0.0380838652747979,0.7372758585572475,3.3373409913546537,False,False
229,0.1823694503866309,0.8001920286036877,0.8154437231146106,0.8600677543850519,21,2026-02-28,2026,2026,MOV_MKT_STATS,erik silva,francis marshall,Featherweight,favorite,francis marshall,1.22222,0.8527264942308459,0.0422193757788245,0.8023611925676098,3.0756128815848105,7.705750751224483,0.8171642012073325,0.7864080723914844,0.8634655799037292,0.8023611925676098,0.193843060145613,1,0.22222,0.1899890908956191,0,100,0.01,True,0.05119201076449831,0.8001920286036877,2.9035650723126194,True,True
230,0.05052138310869034,0.647232756354188,0.8079610668118682,0.8505357416531604,21,2026-02-28,2026,2026,MOV_MKT_STATS,damian pinas,wes schultz,Middleweight,favorite,damian pinas,1.25,0.8392468411382475,0.0490585514228094,0.638201246459765,0.6072028714093181,-8.818529960280742,0.8060720287140932,0.8,0.7118147003971926,0.638201246459765,0.0383919349544245,1,0.25,0.1962342056912378,1,100,0.01,True,0.06316967706645049,0.647232756354188,0.7961066811868145,False,False
207,-0.02804213071902896,0.4594865752859651,0.6339543718627791,0.6419051692274678,20,2026-03-07,2026,2026,MOV_MKT_STATS,max holloway,charles oliveira,Lightweight,favorite,max holloway,1.4878,0.648646572134123,-0.0349436299788518,0.5119169621347601,0.0655189851616722,-0.1242719287566695,0.6410921370216104,0.6404369471699937,0.639194227882427,0.5119169621347601,0.0028463584084022,0,-1.0,0.0,0,100,0.01,True,-0.04497348922337341,0.4594865752859651,-0.6482575307214522,False,False
208,-0.08924016694694029,0.43819987258097115,0.6709022813518825,0.6833415312065113,20,2026-03-07,2026,2026,MOV_MKT_STATS,caio borralho,reinier de ridder,Middleweight,favorite,caio borralho,1.37736,0.7144318906593841,-0.0159700910813908,0.6000828659849922,1.0034387465043038,-2.761595218918733,0.700331552524764,0.6902971650597209,0.6626812128705336,0.6000828659849922,0.0473682428419053,1,0.3773599999999999,0.0,1,100,0.01,False,-0.027858500803989772,0.5618001274190288,1.9394883707838484,False,False
210,-0.2023549100061376,0.23985777658613133,0.5217313458200806,0.5225575641543124,20,2026-03-07,2026,2026,MOV_MKT_STATS,drew dober,michael johnson,Lightweight,favorite,michael johnson,1.66225,0.5740908253431768,-0.0457175255733043,0.4892003006230765,-0.0645389671507734,-21.2394340643997,0.5711879543944335,0.5718333440659412,0.3594390034219442,0.4892003006230765,-0.0026354678187134,0,-1.0,0.0,1,100,0.01,False,0.05992220757742661,0.7601422234138686,5.010199824586059,True,False
211,-0.058118975525603765,0.45272310536268784,0.6274509533926618,0.6347540411289564,20,2026-03-07,2026,2026,MOV_MKT_STATS,gregory rodrigues,brunno ferreira,Middleweight,favorite,gregory rodrigues,1.4902,0.6464016933784222,-0.0367321965274751,0.5098529760389703,-0.1906618622818601,-4.802266053867987,0.6390263484631049,0.6409329670859235,0.5929103065472436,0.5098529760389703,-0.008275064463849,1,0.4901999999999999,0.0,1,100,0.01,False,-0.028445749403023912,0.5472768946373121,1.348201369326174,False,False
218,0.06818653772217342,0.6136146213850391,0.6781369381597921,0.6916304781902739,20,2026-03-07,2026,2026,MOV_MKT_STATS,luke fernandez,rodolfo bellato,Light Heavyweight,favorite,luke fernandez,1.4329,0.6822411131639702,-0.022416708947347,0.5664691800398216,0.858879200756435,0.3915069380518554,0.6716657512588987,0.6630769592513344,0.6669920286318529,0.5664691800398216,0.0386921600681102,0,-1.0,0.0,0,100,0.01,True,-0.0089626878011565,0.6136146213850391,1.5059978908457783,False,False
214,0.06876242676393836,0.6205701662894965,0.6402034263000809,0.6488143825312542,20,2026-03-07,2026,2026,MOV_MKT_STATS,ricky turcios,alberto montes,Featherweight,favorite,alberto montes,1.5291,0.641855516902705,-0.0185387291040738,0.5718699629122167,1.061784657850895,0.0490893875827125,0.6348345038245831,0.6242166572460741,0.6247075511219012,0.5718699629122167,0.045528922027042,1,0.5290999999999999,0.0,0,100,0.01,True,-0.007897927671459248,0.6205701662894965,1.5986769054006755,False,False
215,0.10366191273290144,0.65566036931045,0.6182918057037515,0.6247474283195453,20,2026-03-07,2026,2026,MOV_MKT_STATS,cody durden,nyamjargal tumendemberel,Flyweight,favorite,nyamjargal tumendemberel,1.60241,0.5977000703875935,-0.0422394302102162,0.5249821018483224,0.0039103887397362,4.663926294255772,0.5935846762657142,0.5935455723783168,0.6401848353208746,0.5249821018483224,0.0001620916306339,1,0.6024099999999999,0.0,0,100,0.01,True,0.0011015266135225854,0.65566036931045,2.4746233325434686,False,False
217,0.1587552264807227,0.7360989400599356,0.7048860762829673,0.722821380012741,20,2026-03-07,2026,2026,MOV_MKT_STATS,rafael tobias,diyar nurgozhay,Light Heavyweight,favorite,rafael tobias,1.41322,0.7111837836386993,0.0050591467138825,0.6826963651428409,2.664264000646599,-5.8680814910763495,0.6974678015402332,0.6708251615337673,0.6121443466230038,0.6826963651428409,0.1233491315012859,0,-1.0,0.0122432280961292,0,100,0.01,True,0.021505630661605712,0.7360989400599356,3.4060914749200033,False,False
213,0.09854263784763231,0.6925325687743796,0.8067072855144483,0.8489376334529274,20,2026-03-07,2026,2026,MOV_MKT_STATS,donte johnson,cody brundage,Middleweight,favorite,donte johnson,1.20576,0.8656500535953444,0.0437662086231225,0.8184029594356157,3.6928833524631166,6.672107743020684,0.8278046244004221,0.790875790875791,0.8575968683059978,0.8184029594356157,0.2399348788619099,1,0.2057599999999999,0.2127051352212409,1,100,0.01,True,0.023615040912201568,0.6925325687743796,1.5831494638657295,False,True
199,0.08969503953608562,0.6519286183014688,0.6862923539244185,0.7010481948043339,19,2026-03-14,2026,2026,MOV_MKT_STATS,ion cutelaba,oumar sy,Light Heavyweight,favorite,oumar sy,1.5,0.6908972398459818,0.0363458597689727,0.5979519589637161,1.2769264528904145,9.91415290126435,0.6794359311955709,0.6666666666666667,0.7658081956793102,0.5979519589637161,0.0580336013774981,0,-1.0,0.0726917195379455,1,100,0.01,True,0.05157229220650095,0.6519286183014688,1.9625687257751712,False,False
196,0.2300302616187278,0.841843937650924,0.8328348786203813,0.8821018578752892,19,2026-03-14,2026,2026,MOV_MKT_STATS,josh emmett,kevin vallejos,Featherweight,favorite,kevin vallejos,1.2,0.8808171701284472,0.0569806041541365,0.8731595948923889,4.202317058165528,0.5942437269869649,0.8403424983127478,0.7983193277310925,0.8042617650009621,0.8731595948923889,0.2849555771804213,1,0.1999999999999999,0.2849030207706827,0,100,0.01,True,0.05852222945034691,0.841843937650924,3.4515550889288815,True,True
197,-0.016528837363023588,0.5374833538978211,0.6839379242627658,0.6983212024122378,19,2026-03-14,2026,2026,MOV_MKT_STATS,andre fili,jose delgado,Featherweight,favorite,jose delgado,1.4545454545454546,0.7099062112342206,0.0325908527043208,0.6022725241288497,0.8839639434166435,8.978285077950998,0.6963396394341664,0.6875,0.77728285077951,0.6022725241288497,0.0414703267824734,1,0.4545454545454546,0.0716998759495058,0,100,0.01,True,0.01573993078143676,0.5374833538978211,-0.3562075737234216,False,False
198,0.06941996680335905,0.6239408754443974,0.6586326181419458,0.6694200480008358,19,2026-03-14,2026,2026,MOV_MKT_STATS,marwan rahiki,harry hardwick,Featherweight,favorite,marwan rahiki,1.5,0.6679780320666298,0.0019670480999445,0.6058884686890622,1.5907823905519924,7.476036701009781,0.6587649667626628,0.6428571428571429,0.7176175098672407,0.6058884686890622,0.0700086677464948,1,0.5,0.003934096199889,1,100,0.01,True,0.004130072001253593,0.6239408754443974,1.5775475284802942,False,False
200,-0.0340269007938577,0.42983078813886105,0.5918052464030732,0.5961928042336988,19,2026-03-14,2026,2026,MOV_MKT_STATS,charles johnson,bruno silva,Flyweight,underdog,bruno silva,2.4999925000375,0.4154992722590284,0.03874506441861,0.6095332165542615,1.8910693365277955,-4.91242347776123,0.581088106637122,0.5999988000023999,0.6491230347800122,0.3904667834457385,-0.0782183356707541,0,-1.0,0.0258301720959547,1,100,0.01,False,0.00951496087692738,0.570169211861139,0.819355359932672,False,False
202,-0.11495605566830519,0.34333032488967236,0.6574332002237402,0.6680680938935095,19,2026-03-14,2026,2026,MOV_MKT_STATS,vitor petrino,steven asplund,Heavyweight,underdog,steven asplund,3.05,0.3395449901588291,0.0356122199844286,0.6828619450455373,3.092271513457523,2.959942689234752,0.6519125961823566,0.6828353113169319,0.6532358844245844,0.3171380549544627,-0.1393756540417539,0,-1.0,0.0173718146265505,1,100,0.01,False,0.01239231362479587,0.6566696751103276,2.540211109319168,False,False
206,0.023549180056085164,0.5455984956687693,0.6351042427741704,0.6431736884221307,19,2026-03-14,2026,2026,MOV_MKT_STATS,luan lacerda,hecher sosa,Bantamweight,favorite,hecher sosa,1.588235294117647,0.6325795553793714,0.0046851761907662,0.4937616235159543,-0.3382012315961358,0.0,0.6262476173136683,0.6296296296296297,0.6296296296296297,0.4937616235159543,-0.0144759031241486,1,0.588235294117647,0.0079647995243026,0,100,0.01,True,0.021511152199854555,0.5455984956687693,0.5474613144540785,False,False
203,0.12710076645015175,0.6886309866693076,0.7395038676803373,0.7644983278818983,19,2026-03-14,2026,2026,MOV_MKT_STATS,elijah smith,suyoung you,Bantamweight,favorite,elijah smith,1.4,0.7315832174135423,0.024216504378959,0.5606668916384644,0.1061073818766078,1.6174475633935037,0.7153467881044804,0.7142857142857143,0.7304601899196493,0.5606668916384644,0.0052050725650211,1,0.3999999999999999,0.0605412609473976,1,100,0.01,True,0.07029765903465757,0.6886309866693076,2.5218153394622966,False,False
204,0.08169949180506235,0.6205067496765997,0.6613880915466903,0.6725318933875643,19,2026-03-14,2026,2026,MOV_MKT_STATS,bolaji oki,manoel sousa,Lightweight,favorite,manoel sousa,1.5,0.6617444383337584,-0.0073833424993623,0.5619483837179987,1.023224226057673,6.661965574201789,0.6530893851177195,0.6428571428571428,0.7094767985991607,0.5619483837179987,0.0448601860363099,1,0.5,0.0,0,100,0.01,True,0.00879784008134643,0.6205067496765997,1.8530948689547522,False,False
205,-0.09721195993388407,0.3939546176228752,0.6049578888747972,0.6103057328907784,19,2026-03-14,2026,2026,MOV_MKT_STATS,brad tavares,eryk anders,Middleweight,underdog,eryk anders,2.6,0.3906264777502668,0.0156288421506938,0.6078715044204663,2.3359445483648766,17.626953217138265,0.604577973307137,0.6279374187907858,0.4516678866194031,0.3921284955795337,-0.098801407428427,1,1.6,0.0097680263441836,0,100,0.01,False,0.013205094483976332,0.6060453823771248,2.2979529915988617,False,False
201,0.1286987960427608,0.7109266350618318,0.7157808951104437,0.7357780008135933,19,2026-03-14,2026,2026,MOV_MKT_STATS,chris curtis,myktybek orolbai,Welterweight,favorite,myktybek orolbai,1.4,0.7487678744795564,0.0482750242713789,0.7570247037271071,4.132548021052807,10.31357671830132,0.730214369099417,0.6888888888888889,0.7920246560719021,0.7570247037271071,0.2007805884465176,1,0.3999999999999999,0.1206875606784474,0,100,0.01,True,0.030089201139030575,0.7109266350618318,2.6892006221554854,False,True
184,0.11164203113523472,0.6915195178967155,0.6964935358193121,0.7129411714464141,18,2026-03-21,2026,2026,MOV_MKT_STATS,movsar evloev,lerone murphy,Featherweight,favorite,movsar evloev,1.40323,0.7083275978192088,-0.0060534649121516,0.6572478266221267,2.255450164332784,1.088432404703421,0.6949442635753278,0.672389761932,0.6832740859790342,0.6572478266221267,0.1043235717292921,1,0.40323,0.0,1,100,0.01,True,0.0004204400087517435,0.6915195178967155,2.4103773887312108,False,False
188,0.11580203754550325,0.6931820216564174,0.7131499113189035,0.7326355651714446,18,2026-03-21,2026,2026,MOV_MKT_STATS,roman dolidze,christian leroy duncan,Middleweight,favorite,christian leroy duncan,1.4,0.7342884396867174,0.0280038155614044,0.7081115350265001,2.880997199391744,7.667858800335747,0.7176988608828063,0.6888888888888889,0.7655674768922464,0.7081115350265001,0.1381458220062324,1,0.3999999999999999,0.070009538903511,0,100,0.01,True,0.02568979124002224,0.6931820216564174,2.42610224300146,False,False
189,0.07419493331602468,0.6377115147424485,0.5508852388250208,0.5529525727165192,18,2026-03-21,2026,2026,MOV_MKT_STATS,kurtis campbell,danny silva,Featherweight,favorite,kurtis campbell,1.8,0.5548587182821086,-0.0012543070922044,0.6338696970058068,2.0342327397175786,16.811153992198946,0.5528098598647083,0.5324675324675325,0.700579072389522,0.6338696970058068,0.0819771066705226,0,-1.0,0.0,0,100,0.01,True,-0.004685369110265403,0.6377115147424485,1.8417706357488295,False,False
186,-0.19683193666326876,0.24967122069018904,0.539851725881325,0.5414216760184672,18,2026-03-21,2026,2026,MOV_MKT_STATS,michael page,sam patterson,Welterweight,underdog,sam patterson,2.35,0.4509794933725268,0.0598018094254382,0.7182672204260896,4.099989505063551,-4.985318690512308,0.5472118411501675,0.588211736200803,0.6380649231059261,0.2817327795739104,-0.1671660542249117,0,-1.0,0.0442976366114357,1,100,0.01,False,0.07765906135660194,0.750328779309811,4.8360010319478,True,False
191,0.07058709070057165,0.6314498929519812,0.5969249425822442,0.6016716622039668,18,2026-03-21,2026,2026,MOV_MKT_STATS,nathaniel wood,losene keita,Featherweight,favorite,losene keita,1.66667,0.6009388679488902,0.0015667830443768,0.6134668474947479,1.6809089722471304,11.45619951329363,0.5966405352422649,0.5798314455197936,0.6943934406527299,0.6134668474947479,0.0694051778736397,0,-1.0,0.0023501628157511,1,100,0.01,True,0.0027881092454855594,0.6314498929519812,1.7093497062450558,False,False
192,-0.05607829691625264,0.43461130051397795,0.7027050361847461,0.7202453375820204,18,2026-03-21,2026,2026,MOV_MKT_STATS,mario pinto,felipe franco,Heavyweight,favorite,mario pinto,1.4,0.7199577764895592,0.0079408870853827,0.4662630394392471,-0.9096972360434274,15.076151918257176,0.70518874192528,0.7142857142857143,0.865047233468286,0.4662630394392471,-0.0441605942911919,1,0.3999999999999999,0.0198522177134569,1,100,0.01,True,0.008343472614828373,0.43461130051397795,-1.158067810096819,False,False
194,-0.10432903357675656,0.37929500285124657,0.6049876985490632,0.6103378624465478,18,2026-03-21,2026,2026,MOV_MKT_STATS,louie sutherland,brando pericic,Heavyweight,underdog,brando pericic,2.6999864001087985,0.4388119805982504,0.1847863798200821,0.8021616389561954,7.07583477619459,29.064471321842657,0.5588694163039383,0.6296277640658842,0.3389830508474576,0.1978383610438045,-0.2940453473166923,1,1.6999864001087983,0.1086987400653651,0,100,0.01,False,0.052082472031645066,0.6207049971487535,2.4640065516820964,False,True
190,4.3439793614902245e-05,0.5191222329756784,0.6620998325265608,0.6733370412133606,18,2026-03-21,2026,2026,MOV_MKT_STATS,mason jones,axel sola,Lightweight,favorite,mason jones,1.45455,0.6711923046363131,-0.0237172332912508,0.5093986778395952,-0.04074125482042,-8.524900814989822,0.6616827014009891,0.6620901139491933,0.576841105799295,0.5093986778395952,-0.0018204902103499,1,0.45455,0.0,1,100,0.01,True,-0.020597606703106397,0.5191222329756784,0.0009718577367534564,False,False
187,0.14961371694677544,0.7593815576122973,0.810463123391952,0.8537244398789946,18,2026-03-21,2026,2026,MOV_MKT_STATS,iwo baraniewski,austen lane,Light Heavyweight,favorite,iwo baraniewski,1.22222,0.8509609726241224,0.0400615199606548,0.7784575618305265,2.9303593976291453,5.186229171188439,0.8157116663677758,0.7864080723914844,0.8382703641033687,0.7784575618305265,0.1841508612766006,1,0.22222,0.1802786426093729,1,100,0.01,True,0.0434390849089048,0.7593815576122973,2.4055051000467675,True,True
174,-0.0362779822411737,0.48482531496362813,0.5202625692063261,0.5210314043093833,17,2026-03-28,2026,2026,MOV_MKT_STATS,israel adesanya,joe pyfer,Middleweight,favorite,joe pyfer,1.7874,0.5483403791329072,-0.0198964063378415,0.6138649666710388,1.7249669221846895,-7.996889020925845,0.5465591967933431,0.5293095275714962,0.4493406373622377,0.6138649666710388,0.0694052216226805,1,0.7874000000000001,0.0,0,100,0.01,False,-0.03727312266186056,0.5151746850363719,0.904695836517011,False,False
182,0.20328631940696124,0.8020664672514012,0.818632186186262,0.8641237853881789,17,2026-03-28,2026,2026,MOV_MKT_STATS,navajo stirling,bruno lopes,Light Heavyweight,favorite,navajo stirling,1.23529,0.8401884286602004,0.0378763640396588,0.7279891018865727,2.0369815135650504,5.176805202036061,0.8068472432334641,0.7864774280978136,0.8382454801181742,0.7279891018865727,0.125831526362209,1,0.23529,0.160977364272425,1,100,0.01,True,0.06744347085216362,0.8020664672514012,3.2154758088448365,True,False
179,0.1470355234721248,0.7281419997183114,0.6798693224469048,0.6936243946022338,17,2026-03-28,2026,2026,MOV_MKT_STATS,ignacio bahamondes,tofiq musayev,Lightweight,favorite,ignacio bahamondes,1.5,0.6928774317717799,0.0393161476576697,0.7088763134856091,3.414826481491895,8.499506057165284,0.6812070883443307,0.6470588235294118,0.7320538841010646,0.7088763134856091,0.1531888386232771,0,-1.0,0.0786322953153395,0,100,0.01,True,0.040436591903350694,0.7281419997183114,3.281049891749299,False,False
178,0.12221405415362502,0.7043465374537029,0.6425659879813619,0.6514364850314582,17,2026-03-28,2026,2026,MOV_MKT_STATS,terrance mckinney,kyle nelson,Lightweight,favorite,terrance mckinney,1.57143,0.6387698097425788,0.0037820421237806,0.6326745128324565,1.7948143244958303,0.28697962193035,0.6319830155134242,0.6140348722684659,0.6169046684877694,0.6326745128324565,0.0764287299574967,1,0.5714300000000001,0.0066185571702231,1,100,0.01,True,0.023686835672984463,0.7043465374537029,2.8531115712896016,False,False
177,0.07393595228419778,0.6281360337948039,0.518475572406161,0.5191750254860176,17,2026-03-28,2026,2026,MOV_MKT_STATS,mansur abdul-malik,yousri belgaroui,Middleweight,underdog,yousri belgaroui,1.90909,0.5116241058018597,-0.0232635358547277,0.514244929499464,1.1215016294713331,-8.254452395428169,0.4887849837052866,0.5,0.5825445239542817,0.485755070500536,-0.0448675905786934,1,0.90909,0.0,0,100,0.01,True,-0.00884815059489874,0.6281360337948039,1.8475572406161045,False,False
176,0.1393717130928255,0.7318264123639142,0.7748903234522272,0.8085263855060716,17,2026-03-28,2026,2026,MOV_MKT_STATS,julian erosa,lerryan douglas,Featherweight,favorite,lerryan douglas,1.28571,0.7998292856729415,0.0283485108825576,0.7058538773724462,2.378529357438741,-2.731498842601854,0.773438214007979,0.7496529204335916,0.722337932007573,0.7058538773724462,0.1310660414403042,1,0.2857099999999999,0.0992212764080978,0,100,0.01,True,0.03953045910901132,0.7318264123639142,2.523740301863564,False,False
175,-0.0074341170379341875,0.5470218061935076,0.7971197385621338,0.8367197913168104,17,2026-03-28,2026,2026,MOV_MKT_STATS,michael chiesa,niko price,Welterweight,favorite,michael chiesa,1.2,0.8502580301580153,0.0203096361896182,0.6851928461861281,1.6814025457430493,7.6341241084114,0.815133353188523,0.7983193277310925,0.8746605688152065,0.6851928461861281,0.1078939250367897,1,0.1999999999999999,0.1015481809480911,1,100,0.01,True,0.0040637495801725265,0.5470218061935076,-0.11995891689586813,False,False
165,-0.0016146623712209249,0.6316701972033778,0.8945846716856364,0.954208733984262,16,2026-04-04,2026,2026,MOV_MKT_STATS,abdul rakhman yakhyaev,brendson ribeiro,Light Heavyweight,favorite,abdul rakhman yakhyaev,1.1176470588235294,0.9604589686739564,0.0734541414591278,0.851728291681664,1.678779971471478,0.5263157894736858,0.911524641819978,0.8947368421052632,0.9,0.851728291681664,0.1923283900191169,1,0.1176470588235294,0.6243602024025868,1,100,0.01,True,0.0664685850412341,0.6316701972033778,-0.01521704196267848,False,False
164,0.014760770361245533,0.5402810105497258,0.6175271747075917,0.6239153400623697,16,2026-04-04,2026,2026,MOV_MKT_STATS,renato moicano,chris duncan,Lightweight,favorite,chris duncan,1.57143,0.6417433765609046,0.0084547942291024,0.631125423421724,2.069609154369234,1.772925616432175,0.6347309638121582,0.6140348722684659,0.6317641284327876,0.631125423421724,0.0882623635242295,0,-1.0,0.014795852911297,1,100,0.01,True,-0.01956071716579033,0.5402810105497258,0.3492302439125794,False,False
166,0.11339538793642065,0.613601383280375,0.6854165195894776,0.7000329919682995,16,2026-04-04,2026,2026,MOV_MKT_STATS,ethyn ewing,rafael estevam,Bantamweight,favorite,rafael estevam,1.46512,0.6735525503519254,-0.013164687428387,0.5118731544412249,0.3353039445229244,-22.649057887099566,0.6638213462362339,0.6604683067910047,0.433977727920009,0.5118731544412249,0.0149884862106778,0,-1.0,0.0,1,100,0.01,True,0.025632337192594834,0.613601383280375,2.4948212798472924,False,False
170,-0.059032994912715006,0.457369044308673,0.7763247192307254,0.8103361861735305,16,2026-04-04,2026,2026,MOV_MKT_STATS,alessandro costa,stewart nicoll,Flyweight,favorite,alessandro costa,1.22222,0.8285754222521615,0.0127014525850368,0.6332948645400215,1.0868858307398366,-1.848203187033848,0.7972769306988827,0.7864080723914844,0.7679260405211459,0.6332948645400215,0.0659527082609357,1,0.22222,0.0571571082037478,1,100,0.01,True,-0.009590906534987398,0.457369044308673,-1.0083353160758923,False,False
169,-0.018124713214164995,0.4864235031967186,0.4954689457353646,0.4952992004283259,16,2026-04-04,2026,2026,MOV_MKT_STATS,guilherme pat,thomas petersen,Heavyweight,underdog,thomas petersen,1.90909,0.5086784182214736,-0.0288871185575668,0.5153110655724915,0.8373389091592298,-1.1837879641888094,0.4916266109084077,0.5,0.5118378796418881,0.4846889344275085,-0.0334966880337828,1,0.90909,0.0,0,100,0.01,False,-0.03648075054571265,0.5135764968032814,0.45310542646354035,False,False
171,-0.08055665654537048,0.4093469397071968,0.5873218278089712,0.5914092978076844,16,2026-04-04,2026,2026,MOV_MKT_STATS,lando vannata,darrius flowers,Lightweight,underdog,darrius flowers,2.45,0.393931477488658,-0.0348678801527878,0.5255737877129336,0.5228489235339917,-6.532909424724897,0.6014714592570727,0.6066999484924126,0.6720290427396616,0.4744262122870664,-0.0218615707422379,1,1.4500000000000002,0.0,0,100,0.01,False,0.0010472203711733297,0.5906530602928032,1.9378120683441358,False,False
167,0.09406365162802438,0.6850827463337059,0.8161864360345779,0.8610129672706445,16,2026-04-04,2026,2026,MOV_MKT_STATS,tommy mcmillen,manolo zecchini,Featherweight,favorite,tommy mcmillen,1.2,0.8622526712498778,0.0347032054998532,0.7406119645763872,2.335234719710788,8.838519089612484,0.8250052397590913,0.8016528925619835,0.8900380834581083,0.7406119645763872,0.1539765573874786,1,0.1999999999999999,0.1735160274992664,1,100,0.01,True,0.033215560724773274,0.6850827463337059,1.453354347259439,False,False
163,-0.09721730294117982,0.36118764456114555,0.6676804249539288,0.6796695630041079,15,2026-04-11,2026,2026,MOV_MKT_STATS,charles radtke,francisco prado,Welterweight,underdog,francisco prado,3.1,0.3222508048657858,-0.0010225049160639,0.6328748371134648,2.1273031934345155,-5.222032136765931,0.6676158569545437,0.6888888888888889,0.7411092102565482,0.3671251628865352,-0.097508288592869,0,-1.0,0.0,1,100,0.01,False,-0.006975645312734313,0.6388123554388545,2.120846393496012,False,False
162,-0.08145672052101671,0.40038708792159805,0.655097783557235,0.6654401288732285,15,2026-04-11,2026,2026,MOV_MKT_STATS,kelvin gastelum,vicente luque,Middleweight,underdog,vicente luque,2.93,0.3318076921923235,-0.0278034618764919,0.5682464546655877,1.4303297009331415,-0.4790195372283201,0.6589596615792521,0.6732629585885835,0.6780531539608667,0.4317535453344123,-0.0643187303423279,1,1.93,0.0,0,100,0.01,False,-0.019739577598559266,0.599612912078402,1.8165175031348513,False,False
160,-0.14147960497592496,0.31504824874018683,0.5724812739699288,0.5756633431064403,15,2026-04-11,2026,2026,MOV_MKT_STATS,mateusz gamrot,esteban ribovics,Lightweight,underdog,esteban ribovics,2.45,0.3978824955536875,-0.0251878858934655,0.5757980177385398,0.8948429214193254,-15.346001560438005,0.5977515192782193,0.6066999484924126,0.7601599640967927,0.4242019822614602,-0.0373564005683052,0,-1.0,0.0,1,100,0.01,False,0.039624809389221305,0.6849517512598131,3.421867452248384,False,False
159,-0.15146776180145793,0.2977117089908553,0.5233417165822922,0.5242312493579313,15,2026-04-11,2026,2026,MOV_MKT_STATS,kevin holland,randy brown,Welterweight,underdog,kevin holland,2.19,0.459886965807472,0.0071524551183637,0.618096698252063,2.226461088283105,32.960880601599115,0.5386568370628901,0.5609214479457212,0.23131264192973,0.3819033017479369,-0.0899659951063443,1,1.19,0.0060104664860199,1,100,0.01,False,0.041933563906130455,0.7022882910091447,3.757973136342896,False,False
158,0.038238098033845674,0.6314805339524887,0.7653907454184282,0.796584098200288,15,2026-04-11,2026,2026,MOV_MKT_STATS,patricio freire,aaron pico,Unknown,favorite,aaron pico,1.31847,0.808008601270059,0.0653351005165348,0.7261383074136952,2.179438506626408,-0.2951030212595018,0.7802492607934327,0.7584548757271686,0.7555038455145736,0.7261383074136952,0.1228925334123439,1,0.31847,0.2051530772648437,0,100,0.01,True,0.05027223595413366,0.6314805339524887,0.6935869691259589,False,False
157,-0.011747439938416121,0.5104592960807147,0.565199283700675,0.567981381171888,15,2026-04-11,2026,2026,MOV_MKT_STATS,cub swanson,nate landwehr,Featherweight,underdog,cub swanson,2.21,0.4325054038422972,-0.0441630575085232,0.4896806103169677,0.3187430898492049,15.415106558532631,0.5648965324253903,0.5680839633238823,0.413932897738556,0.5103193896830323,-0.0129792941148631,1,1.21,0.0,1,100,0.01,False,-0.045238852389872575,0.4895407039192853,0.28846796232073757,False,False
156,-0.1645959696667429,0.3118592864042521,0.4781548755296084,0.47732419784008845,15,2026-04-11,2026,2026,MOV_MKT_STATS,dominick reyes,johnny walker,Light Heavyweight,underdog,johnny walker,1.98039,0.5017155188387963,-0.0064076036468362,0.5842346613311868,2.093570327222538,-8.125165395741817,0.4983446843807748,0.5192803876530002,0.6005320416104184,0.4157653386688131,-0.0837810962879398,0,-1.0,0.0,1,100,0.01,False,0.035101931839467415,0.6881407135957479,4.1125512123391825,False,False
155,-0.14387988064195772,0.31847312612738193,0.5372036018558372,0.5386598783532,15,2026-04-11,2026,2026,MOV_MKT_STATS,curtis blaydes,josh hokit,Heavyweight,underdog,josh hokit,2.24,0.4630204428122487,0.0371657918994372,0.6797800873111954,3.707923024847149,19.058766803334557,0.5356438121381473,0.5727230423866188,0.3821353743532732,0.3202199126888046,-0.1501523310072807,1,1.2400000000000002,0.0299724128221268,0,100,0.01,False,0.03340187248883231,0.6815268738726181,3.55194405307816,False,False
154,0.012723795304952656,0.5377070474450775,0.6245274912636365,0.631552035787869,15,2026-04-11,2026,2026,MOV_MKT_STATS,azamat murzakanov,paulo costa,Light Heavyweight,favorite,azamat murzakanov,1.54054,0.6368316915064706,-0.0189353059666218,0.5627822395618993,0.8650290012316431,1.8301593779592065,0.6301894469792053,0.6215391569668889,0.639840750746481,0.5627822395618993,0.0369433295968521,0,-1.0,0.0,0,100,0.01,True,-0.027068826787356226,0.5377070474450775,0.2988334296747608,False,False
153,-0.14642134883306296,0.3505778434334679,0.4849436402442022,0.4843757611564279,15,2026-04-11,2026,2026,MOV_MKT_STATS,jiri prochazka,carlos ulberg,Light Heavyweight,underdog,carlos ulberg,2.09,0.5026718114134334,0.0505840858540758,0.5880536178013416,2.410914073337844,8.29346092503987,0.4974219597450904,0.5215311004784688,0.4385964912280701,0.4119463821986583,-0.096489948645653,1,1.09,0.0464074182147484,0,100,0.01,False,0.07765465918306558,0.6494221565665321,3.658746023426662,False,False
144,0.07797414871878691,0.6411526033320644,0.7574064340496088,0.7866116956029603,14,2026-04-18,2026,2026,MOV_MKT_STATS,gilbert burns,mike malott,Welterweight,favorite,mike malott,1.29851,0.7958823068880875,0.0334611343172506,0.7140063648938528,2.73485443045951,-2.3854605382894856,0.7701419625606746,0.7427934182560795,0.7189388128731846,0.7140063648938528,0.1485745882839437,1,0.29851,0.1120938471650886,0,100,0.01,True,0.02142315285740004,0.6411526033320644,1.461301579352936,False,False
145,-0.16152642846792772,0.27887818642053935,0.5400527648354647,0.5416314273460929,14,2026-04-18,2026,2026,MOV_MKT_STATS,kyler phillips,charles jourdain,Bantamweight,underdog,kyler phillips,2.3,0.4415233460937768,0.0155036960156866,0.6262215904536548,2.355658574545294,-1.3671313398889162,0.5562748597743407,0.5798314455197936,0.5935027589186828,0.3737784095463451,-0.0960242921538072,0,-1.0,0.0119259200120666,0,100,0.01,False,0.054247717103986126,0.7211218135794606,3.977868068432888,False,False
146,0.038594867976950796,0.5604765249301075,0.5805417590911087,0.5841995606440185,14,2026-04-18,2026,2026,MOV_MKT_STATS,mandel nallo,jai herbert,Lightweight,favorite,mandel nallo,1.68966,0.5848316912080965,-0.0118332846333276,0.5525120261526948,1.0286973885662465,2.065732425182043,0.5814022477925479,0.5711152739068854,0.5917725981587059,0.5525120261526948,0.0421295231249784,0,-1.0,0.0,0,100,0.01,True,-0.012901370362227826,0.5604765249301075,0.9426485184223288,False,False
152,0.0513342534900848,0.5754198574822548,0.6734777077374461,0.6862853091609538,14,2026-04-18,2026,2026,MOV_MKT_STATS,jamie siraj,john yannis,Bantamweight,favorite,jamie siraj,1.45455,0.6753802571329401,-0.0176256469872818,0.5282516510896319,0.3385083904577923,0.235703315423974,0.6654751978537712,0.6620901139491933,0.664447147103433,0.5282516510896319,0.0151679251135512,0,-1.0,0.0,0,100,0.01,True,-0.001763703559934715,0.5754198574822548,1.1387593788252826,False,False
148,0.03609418008798436,0.5964084158549273,0.7471393513076121,0.7738857959332023,14,2026-04-18,2026,2026,MOV_MKT_STATS,dennis buzukja,marcio barbosa,Featherweight,favorite,marcio barbosa,1.350877192982456,0.7692306375266715,0.0391361243781351,0.5826497510813152,0.7437573291179223,1.221550726501219,0.7476973135509195,0.7402597402597403,0.7524752475247525,0.5826497510813152,0.0390497373418137,1,0.3508771929824561,0.1115379544776852,0,100,0.01,True,0.04542467169923814,0.5964084158549273,0.6879611047871825,False,False
149,-0.016490545136932766,0.48510937356512385,0.6057344627007247,0.6111429630439815,14,2026-04-18,2026,2026,MOV_MKT_STATS,julien leblanc,robert valentin,Middleweight,underdog,robert valentin,2.47,0.3920483524872822,-0.0316405693564129,0.5345275926721841,0.6423715697541965,35.212279318788816,0.603242078842617,0.609665794540159,0.2575430013522709,0.4654724073278159,-0.0269153706872435,1,1.4700000000000002,0.0,0,100,0.01,True,-0.03353851824224763,0.48510937356512385,-0.3931331839434282,False,False
150,-0.061147100407652616,0.4194018653397445,0.5852378221616672,0.5891902059960654,14,2026-04-18,2026,2026,MOV_MKT_STATS,tanner boser,gokhan saricam,Heavyweight,underdog,gokhan saricam,2.4999925000375,0.4212914812739146,0.053225543514475,0.6054687436243883,2.4414740240431,16.14023087743297,0.5755840597619689,0.5999988000023999,0.4385964912280702,0.3945312563756117,-0.1007887922487492,1,1.4999925000374996,0.035483873094795,0,100,0.01,False,0.02702140395178665,0.5805981346602556,1.4760977840732714,False,False
147,-0.24462351509563157,0.2162510506525699,0.5044350710212019,0.5046012158341795,14,2026-04-18,2026,2026,MOV_MKT_STATS,thiago moises,gauge young,Lightweight,underdog,gauge young,2.3,0.4873398338084443,0.1208816177594218,0.7681610473683771,5.300301754799075,20.42072760944716,0.512214373756357,0.5652173913043478,0.3610101152098762,0.2318389526316229,-0.2134970471674349,1,1.2999999999999998,0.0929858598149399,0,100,0.01,False,0.13941720358138698,0.7837489493474301,6.07823202831459,True,True
134,-0.16762847656165492,0.3033071362614317,0.5470972637865334,0.5489891865862723,13,2026-04-25,2026,2026,MOV_MKT_STATS,aljamain sterling,youssef zalal,Featherweight,underdog,youssef zalal,2.35,0.4395399042504491,0.0329187749885553,0.6391297200620418,3.003869345196486,-19.999068102457464,0.5581730427488382,0.588211736200803,0.7882024172253776,0.3608702799379581,-0.1228269634614507,0,-1.0,0.0243842777693002,1,100,0.01,False,0.05987541152226017,0.6966928637385683,4.111447241426958,False,False
135,-0.12441072414844512,0.34215577820627424,0.5698034756026721,0.572835332284465,13,2026-04-25,2026,2026,MOV_MKT_STATS,rafa garcia,alexander hernandez,Lightweight,underdog,rafa garcia,2.4999925000375,0.4235296188860536,0.0588208707588746,0.6357688551742894,2.654460193909092,34.619169340341514,0.573454198063309,0.5999988000023999,0.2538071065989847,0.3642311448257106,-0.1095017900274094,1,1.4999925000374996,0.0392141099088189,1,100,0.01,False,0.06790846556984809,0.6578442217937257,3.019532439972783,False,False
137,0.07453840306528582,0.6211594835572742,0.6796319047851963,0.6933509254469863,13,2026-04-25,2026,2026,MOV_MKT_STATS,montel jackson,raoni barcelos,Bantamweight,favorite,montel jackson,1.45249,0.6805002708598845,-0.0115801615787263,0.5638894559829938,0.6907700605074618,-8.160808713648581,0.6700976442339295,0.6631899436288549,0.581581856492369,0.5638894559829938,0.0310844205777806,0,-1.0,0.0,0,100,0.01,True,0.007085285702493227,0.6211594835572742,1.6441961156341445,False,False
138,-0.11187209980350818,0.35915581966665455,0.4720611077630512,0.4709882616381285,13,2026-04-25,2026,2026,MOV_MKT_STATS,marcus buchecha,ryan spann,Heavyweight,underdog,ryan spann,1.90909,0.5306105703874573,0.0129833338209908,0.611429536111725,2.951478133992036,-5.173797462005314,0.4704852186600796,0.5,0.5517379746200531,0.3885704638882749,-0.1181965380138971,1,0.90909,0.0142816814847713,0,100,0.01,False,0.009931019589265233,0.6408441803333454,2.7938892236948787,False,False
140,-0.0027759051293255906,0.5289081405236522,0.5791550107799245,0.582728341866055,13,2026-04-25,2026,2026,MOV_MKT_STATS,jackson mcvey,sedriques dumas,Middleweight,underdog,sedriques dumas,2.3,0.4421525166967931,0.016950788402624,0.5765978899404609,2.4158924096669088,-4.351815053003505,0.5556725214231246,0.5798314455197937,0.6233495960498288,0.423402110059539,-0.0984642236172371,0,-1.0,0.0130390680020185,1,100,0.01,True,-0.02878415446210203,0.5289081405236522,-0.0676434739869225,False,False
141,0.019564326029503615,0.5641005534891874,0.778170364380667,0.8126671813712818,13,2026-04-25,2026,2026,MOV_MKT_STATS,jafel filho,cody durden,Bantamweight,favorite,jafel filho,1.25,0.8111913510874654,0.0139891888593317,0.6151881063917749,0.8118114612297722,-10.900658070469394,0.7828928893870726,0.7747747747747749,0.6657681940700809,0.6151881063917749,0.04713359102882,0,-1.0,0.055956755437327,0,100,0.01,True,0.01583397671410225,0.5641005534891874,0.33955896058921464,False,False
142,0.06193040628947925,0.6072533062648957,0.7853973985906793,0.8218175518812615,13,2026-04-25,2026,2026,MOV_MKT_STATS,francis marshall,lucas brennan,Lightweight,favorite,francis marshall,1.25,0.8110001748926858,0.0137502186158573,0.5930263753617044,0.7959421139294487,12.558970295861704,0.7827341959140693,0.7747747747747749,0.9003644777333919,0.5930263753617044,0.0462001905732109,1,0.25,0.0550008744634293,1,100,0.01,True,0.027271939851576832,0.6072533062648957,1.0622623815904397,False,False
143,-0.12184181208805243,0.3181280485997533,0.46957717432265617,0.4684035102271506,13,2026-04-25,2026,2026,MOV_MKT_STATS,max griffin,victor valenzuela,Welterweight,underdog,victor valenzuela,1.90909,0.5311873712629658,0.0140844986044152,0.6595107878624549,3.007009789156273,16.49298994116684,0.4699299021084372,0.5,0.3350701005883316,0.3404892121375452,-0.1204257188424905,1,0.90909,0.0154929639578207,0,100,0.01,False,0.014865542660448927,0.6818719514002467,3.042282567734383,False,False
139,-0.01313522176033436,0.5110909101904931,0.7215068027848823,0.7426467788282287,13,2026-04-25,2026,2026,MOV_MKT_STATS,rodolfo vieira,eric mcconico,Middleweight,favorite,rodolfo vieira,1.33333,0.746261204507889,-0.0049875481934964,0.5503593395009869,0.39180530035271,-13.530594313065226,0.728056483443824,0.7241384304402969,0.5888324873096447,0.5503593395009869,0.0197008512765655,0,-1.0,0.0,0,100,0.01,True,-0.009806770384957919,0.5110909101904931,-0.2631627655414581,False,False
121,0.05448304857067444,0.5952312528131729,0.526253418966108,0.5272585876250061,12,2026-05-02,2026,2026,MOV_MKT_STATS,jack della maddalena,carlos prates,Welterweight,favorite,jack della maddalena,1.84746,0.5178928605407593,-0.0432136558653687,0.545651392968222,0.4606532603289026,-2.9040959080125384,0.5172606533041326,0.5126541207008436,0.4836131616207182,0.545651392968222,0.0184427656488546,0,-1.0,0.0,0,100,0.01,True,-0.025910849706306194,0.5952312528131729,1.3599298265264403,False,False
122,0.19288683530987807,0.7740190180663918,0.784087754012655,0.820156877001326,12,2026-05-02,2026,2026,MOV_MKT_STATS,beneil dariush,quillan salkilld,Lightweight,favorite,quillan salkilld,1.28571,0.821313720793107,0.0559712639609055,0.8077047861571647,4.162574151987696,3.686669515494634,0.7912786619534685,0.7496529204335916,0.7865196155885379,0.8077047861571647,0.2358880915495546,1,0.2857099999999999,0.1959023623986055,0,100,0.01,True,0.054483898329374725,0.7740190180663918,3.4434833579063406,True,True
123,0.06518394594381371,0.6067005457315755,0.7026844342261688,0.720221032612866,12,2026-05-02,2026,2026,MOV_MKT_STATS,tim elliott,steve erceg,Flyweight,favorite,steve erceg,1.4,0.7173696292578321,0.0043174809609649,0.6164254255530812,1.4027221144466195,-3.062627749740665,0.7029161100333551,0.6888888888888889,0.6582626113914822,0.6164254255530812,0.0662931217118106,1,0.3999999999999999,0.0107937024024123,0,100,0.01,True,0.008309445658012393,0.6067005457315755,1.379554533727989,False,False
124,0.07275636185015803,0.6899045191841207,0.8713902159234995,0.9289728246712579,12,2026-05-02,2026,2026,MOV_MKT_STATS,marwan rahiki,ollie schmid,Featherweight,favorite,marwan rahiki,1.11111,0.9215645384133604,0.0239595742764688,0.7459108632242782,1.1879258741690712,-2.7101171158958715,0.8748930755928985,0.8630138168512078,0.8359126456922491,0.7459108632242782,0.1043822792531914,1,0.11111,0.2156383248714686,1,100,0.01,True,0.0321909952204813,0.6899045191841207,0.8376399072291707,False,False
126,-0.07026665494005728,0.42317506433023677,0.5626231453836678,0.5652699758944869,12,2026-05-02,2026,2026,MOV_MKT_STATS,tai tuivasa,louie sutherland,Heavyweight,underdog,louie sutherland,2.3,0.4391004576541278,0.009931052604494,0.5897887602026587,2.1237986014492227,-6.9753369479883975,0.5585934595053015,0.5798314455197937,0.6495848149996777,0.4102112397973413,-0.086625865781802,1,1.2999999999999998,0.0076392712342261,0,100,0.01,False,-0.00012094455731992415,0.5768249356697632,1.7208300136125954,False,False
125,-0.2826371248447077,0.1876647435543345,0.538826626068248,0.5403523353733192,12,2026-05-02,2026,2026,MOV_MKT_STATS,shamil gaziev,brando pericic,Heavyweight,underdog,brando pericic,2.5500031000062,0.4413450384602588,0.1254312162460156,0.7377907047909493,5.13980693413324,13.836004591987406,0.556445544653659,0.6078436139949914,0.4694835680751174,0.2622092952090507,-0.2115081979388125,1,1.5500031000062,0.0809232034732794,0,100,0.01,False,0.17210296970864625,0.8123352564456655,6.901698792674338,True,False
128,0.03171704051610954,0.6168677423065698,0.7802610876529823,0.8153107110961347,12,2026-05-02,2026,2026,MOV_MKT_STATS,junior tafa,kevin christian,Light Heavyweight,favorite,junior tafa,1.25,0.8148697938624245,0.0185872423280306,0.6504516690806648,1.116917474937773,-12.469428861934606,0.7859439495241526,0.7747747747747749,0.6500804861554288,0.6504516690806648,0.0651761086244446,1,0.25,0.0743489693121226,1,100,0.01,True,0.019138388870168388,0.6168677423065698,0.5486312878207444,False,False
129,0.13015688551757476,0.7267193381618084,0.8430040086234979,0.8948219494333797,12,2026-05-02,2026,2026,MOV_MKT_STATS,jacob malkoun,gerald meerschaert,Middleweight,favorite,jacob malkoun,1.16667,0.8883472435742107,0.0364080786607243,0.7744025137405922,2.1606562551547803,4.984825268363702,0.846606150051754,0.8249995875002062,0.8748478401838432,0.7744025137405922,0.1576322406732824,1,0.1666700000000001,0.2184441030822844,1,100,0.01,True,0.04396192374544117,0.7267193381618084,1.8004421123291703,False,True
130,-0.030776694763777437,0.4907129227720467,0.49230643358147913,0.49201784536122845,12,2026-05-02,2026,2026,MOV_MKT_STATS,colby thicknesse,vince morales,Bantamweight,favorite,colby thicknesse,1.90909,0.5062400842409539,-0.0335421175764373,0.5736808042383115,0.6020929272050002,5.22167373280451,0.50602092927205,0.5,0.5522167373280451,0.5736808042383115,0.0240848812868525,1,0.90909,0.0,1,100,0.01,False,-0.03021634840066778,0.5092870772279533,0.769356641852087,False,False
132,0.1409254598180522,0.710990610924404,0.6137272675265417,0.619787462153479,12,2026-05-02,2026,2026,MOV_MKT_STATS,jonathan micallef,themba gorimbo,Welterweight,favorite,jonathan micallef,1.66667,0.5944281592641826,-0.0092844197991647,0.6077726315931083,1.0661806492325177,9.627473294473477,0.5904932520121189,0.5798314455197937,0.6761061784645285,0.6077726315931083,0.043923327057568,1,0.6666700000000001,0.0,1,100,0.01,True,0.032981169547338984,0.710990610924404,3.389582200674801,False,False
133,-0.022214479887920156,0.46244383894302915,0.6438440663611884,0.6528572899865845,12,2026-05-02,2026,2026,MOV_MKT_STATS,dom mar fan,kody steele,Lightweight,underdog,dom mar fan,2.75,0.3857488346624702,0.0608092953217931,0.71171147207822,3.976782135627432,1.40883324538853,0.6091537889132052,0.6489216102694795,0.6348332778155942,0.2882885279217799,-0.1705457907072775,0,-1.0,0.0347481687553103,0,100,0.01,True,-0.028678923957959457,0.46244383894302915,-0.5077543908291071,False,False
127,0.03494821806921691,0.5913437472990741,0.7213642725932926,0.7424753059308211,12,2026-05-02,2026,2026,MOV_MKT_STATS,cam rowston,robert bryczek,Middleweight,favorite,cam rowston,1.4,0.734423669562469,0.0281931373874564,0.5630423025102076,0.3530608111795064,-12.580834803057018,0.7178163223975094,0.7142857142857143,0.5884773662551441,0.5630423025102076,0.0173647881342492,1,0.3999999999999999,0.0704828434686411,1,100,0.01,True,0.039465428303149475,0.5913437472990741,0.7078558307578309,False,False
112,0.11861623809427196,0.680060191564034,0.7425355174758469,0.7682175234529977,11,2026-05-09,2026,2026,MOV_MKT_STATS,king green,jeremy stephens,Lightweight,favorite,king green,1.30395,0.7700963158861484,0.0041670910997431,0.7203582379047039,2.9216570628421423,9.137809033826482,0.7484318937908155,0.7192153231623941,0.8105934135006589,0.7203582379047039,0.1496937687662223,1,0.3039499999999999,0.0137097914122162,1,100,0.01,True,0.0017172397065361444,0.680060191564034,2.332019431345278,False,False
108,-0.06094588553895835,0.47976494945672427,0.7888207043090767,0.8261629984836036,11,2026-05-09,2026,2026,MOV_MKT_STATS,khamzat chimaev,sean strickland,Middleweight,favorite,khamzat chimaev,1.19646,0.8553162924488642,0.0233517312633682,0.7133138352113383,2.050051819333276,-14.987296667209591,0.8192950951349082,0.7987945769415754,0.6489216102694795,0.7133138352113383,0.1328015684759559,0,-1.0,0.1188625229734714,0,100,0.01,True,-0.01152901883430757,0.47976494945672427,-0.9973872632498715,False,False
109,0.049435571490309624,0.5687641852238403,0.6481584622492997,0.6576657141108756,11,2026-05-09,2026,2026,MOV_MKT_STATS,joshua van,tatsuro taira,Flyweight,favorite,tatsuro taira,1.5,0.6483891290892475,-0.0274163063661287,0.5094720229264617,0.4051497542649662,-10.1405525552552,0.6408553716346593,0.6368038740920097,0.5353983485394577,0.5094720229264617,0.0175598922183796,0,-1.0,0.0,1,100,0.01,True,-0.013501428833686546,0.5687641852238403,1.1354588157290069,False,False
110,-0.10230106237078629,0.3773552372265117,0.5831279950192512,0.5869463745677982,11,2026-05-09,2026,2026,MOV_MKT_STATS,alexander volkov,waldo cortes-acosta,Heavyweight,underdog,waldo cortes-acosta,2.42,0.4146485217819897,0.0034494227124151,0.6205347161666144,2.586979704331982,4.244673302407587,0.5818955352184713,0.6077653322617911,0.5653185992377152,0.3794652838333857,-0.1073689160995413,0,-1.0,0.0024291709242359,1,100,0.01,False,-0.00041022645407162717,0.6226447627734883,2.4637337242539914,False,False
111,0.09597389706297202,0.6442008171722708,0.6468629832613967,0.6562198958217279,11,2026-05-09,2026,2026,MOV_MKT_STATS,sean brady,joaquin buckley,Welterweight,favorite,sean brady,1.52632,0.6274432220774413,-0.0423208612787598,0.4895379065345366,-0.3169578284668795,18.012690579589673,0.6214738339406358,0.6246434122253046,0.8047703180212014,0.4895379065345366,-0.0134958644165333,1,0.5263199999999999,0.0,1,100,0.01,True,0.001601551390619571,0.6442008171722708,2.2219571036092067,False,False
113,0.0552919635009293,0.7353992832109759,0.9135583047783554,0.9718881520594316,11,2026-05-09,2026,2026,MOV_MKT_STATS,ateba gautier,ozzy diaz,Middleweight,favorite,ateba gautier,1.1,0.9655026532660728,0.0620529185926801,0.8098167502882619,0.782608028074161,2.2372046627342046,0.9169169893716508,0.9090909090909092,0.9314629557182512,0.8098167502882619,0.09859161497947,1,0.1,0.6205291859268008,1,100,0.01,True,0.06907696726537482,0.7353992832109759,0.4467395687446363,False,False
120,-0.019375230038763916,0.4977998335529647,0.6233996383483456,0.6303187641997011,11,2026-05-09,2026,2026,MOV_MKT_STATS,clayton carpenter,jose ochoa,Flyweight,favorite,jose ochoa,1.54054,0.6371777662745355,-0.018402163943427,0.5288986521843657,0.2572435795905492,10.863257306444984,0.6305098545866913,0.6279374187907858,0.7365699918552356,0.5288986521843657,0.0110262743910617,1,0.54054,0.0,0,100,0.01,True,-0.02896873099979247,0.4977998335529647,-0.45377804424402424,False,False
115,0.045503421731229815,0.5863452401918717,0.5667607087150819,0.5696263333608693,11,2026-05-09,2026,2026,MOV_MKT_STATS,grant dawson,mateusz rebecki,Lightweight,underdog,mateusz rebecki,2.25,0.4594738624279759,0.0338161904629459,0.5797278080641259,1.650162344444961,-6.7086188837555465,0.539053932111106,0.5555555555555556,0.622641744393111,0.420272191935874,-0.066608972593334,0,-1.0,0.0270529523703567,1,100,0.01,True,0.025327400049564908,0.5863452401918717,1.1205153159526304,False,False
116,0.02268222240527807,0.5419790901521727,0.7248451900247581,0.7466702620156086,11,2026-05-09,2026,2026,MOV_MKT_STATS,jim miller,jared gordon,Lightweight,favorite,jared gordon,1.3125,0.7474353498303842,-0.0189911033476207,0.5878676722457962,0.8769359680480648,-1.2530978010007463,0.7290677081088237,0.7202983484283431,0.7077673704183356,0.5878676722457962,0.0439556675055818,0,-1.0,0.0,1,100,0.01,True,-0.019995281104513762,0.5419790901521727,0.4546841596415052,False,False
117,-0.05062329378199953,0.4594030913096088,0.6076139185352328,0.6131711353691863,11,2026-05-09,2026,2026,MOV_MKT_STATS,roman kopylov,marco tulio,Middleweight,favorite,marco tulio,1.53476,0.6347809421407624,-0.0257636012400435,0.5718955720083594,0.8673977201383409,-20.649497357326545,0.6282895181505352,0.6196155409491518,0.4131205673758864,0.5718955720083594,0.0369690848833986,0,-1.0,0.0,1,100,0.01,False,-0.03292783842296587,0.5405969086903912,1.2001622413919,False,False
118,-0.07793281544305558,0.4182529127907835,0.6901688650817126,0.7055526784095579,11,2026-05-09,2026,2026,MOV_MKT_STATS,pat sabatini,william gomis,Featherweight,underdog,william gomis,3.3,0.2978208676449535,-0.0171911367716534,0.5955242129897429,1.708718284406907,-1.7465123759406675,0.6894949509055054,0.7065821337495745,0.7240472575089811,0.4044757870102571,-0.0810824801461744,0,-1.0,0.0,1,100,0.01,False,-0.028323838751541208,0.5817470872092165,1.6413268667861858,False,False
119,0.23799601365204434,0.8287504321979702,0.8339409398081177,0.8834930681295413,11,2026-05-09,2026,2026,MOV_MKT_STATS,baisangur susurkaev,djorden santos,Middleweight,favorite,baisangur susurkaev,1.2,0.858673100859797,0.0304077210317563,0.7441760266835873,2.3738462953718957,6.859292427050756,0.8220577906848114,0.7983193277310925,0.8669122520016,0.7441760266835873,0.1545288054938468,1,0.1999999999999999,0.1520386051587819,1,100,0.01,True,0.06019168175544953,0.8287504321979702,3.562161207702519,True,False
114,-0.08853339567271239,0.39032971456910526,0.5972209877024243,0.6019890318632349,11,2026-05-09,2026,2026,MOV_MKT_STATS,joel alvarez,yaroslav amosov,Welterweight,favorite,yaroslav amosov,1.61728,0.6229983852874309,0.0075628285576563,0.5168071178977777,-0.0989974045017216,5.272874456341247,0.617332147047187,0.6183221210922042,0.6710508656556167,0.5168071178977777,-0.0041927326159328,1,0.61728,0.0122518606753115,0,100,0.01,False,0.04279286312245234,0.6096702854308947,2.1101133389779925,False,False
98,-0.09392385651076382,0.40408023191625925,0.5567932554339629,0.5591450665042209,10,2026-05-16,2026,2026,MOV_MKT_STATS,arnold allen,melquizael costa,Featherweight,underdog,melquizael costa,2.3,0.4430508299172007,0.0190169088095615,0.6102871050710624,2.5019101298699,-12.633845690192336,0.5548123442210947,0.5798314455197937,0.7061699024217171,0.3897128949289375,-0.1019474527762142,0,-1.0,0.0146283913919704,1,100,0.01,False,0.01396634704029176,0.5959197680837407,2.3038190085830856,False,False
99,0.032028514441693946,0.5876959761418648,0.5317919752071437,0.5330217962391213,10,2026-05-16,2026,2026,MOV_MKT_STATS,dooho choi,daniel santos,Featherweight,underdog,dooho choi,2.1000011000011,0.4881354233031787,0.0250849258861778,0.5047434055976726,1.2362799625820542,-5.4248298471135215,0.5114469736169286,0.5238097732427491,0.5780580717138843,0.4952565944023274,-0.0495152831743597,1,1.1000011000011,0.0228044552738654,1,100,0.01,True,0.01758658098214405,0.5876959761418648,0.7982201964394586,False,False
100,-0.03338771392385233,0.46717938553855964,0.7436896078745606,0.769636161860839,10,2026-05-16,2026,2026,MOV_MKT_STATS,malcolm wellmaker,juan diaz,Bantamweight,favorite,malcolm wellmaker,1.33333,0.7698457121295668,0.026458383353715,0.5088038702996772,-0.1782592995105747,-18.290270070108537,0.7482192820095819,0.7500018750046876,0.5670991743036022,0.5088038702996772,-0.00948473793107,0,-1.0,0.0793759438205835,0,100,0.01,True,0.02617898369391236,0.46717938553855964,-0.6312267130127003,False,False
103,0.09012188242582102,0.6484184403417259,0.6016160905565018,0.6067081052690565,10,2026-05-16,2026,2026,MOV_MKT_STATS,nikolay veretennikov,khaos williams,Welterweight,favorite,khaos williams,1.66667,0.5875268419226076,-0.0207866383728474,0.5449490957351406,0.4127482425757778,-4.648423648671307,0.5839589279455514,0.5798314455197936,0.5333472090330805,0.5449490957351406,0.0169651660357611,1,0.6666700000000001,0.0,0,100,0.01,True,0.011182197808778493,0.6484184403417259,2.1784645036708183,False,False
104,-0.019021865451474593,0.5021051429543959,0.7203224306668614,0.7412226688403852,10,2026-05-16,2026,2026,MOV_MKT_STATS,tuco tokkos,ivan erslan,Light Heavyweight,favorite,ivan erslan,1.33333,0.7248759858437682,-0.0335011017949286,0.4640883421606986,-1.464228060313677,-11.887789442355889,0.7094961498371601,0.7241384304402969,0.605260536016738,0.4640883421606986,-0.0721451558241783,1,0.3333299999999999,0.0,0,100,0.01,True,-0.0117055789550492,0.5021051429543959,-0.38159997734354967,False,False
106,-0.0843421596017094,0.4020311380128438,0.575815491983743,0.579189942300275,10,2026-05-16,2026,2026,MOV_MKT_STATS,cody brundage,andre petroski,Middleweight,underdog,cody brundage,2.4,0.4160835763158605,-0.0013994168419346,0.573515628271982,1.5739886067078768,4.313543431173795,0.5805334058583871,0.5962732919254659,0.5531378576137279,0.426484371728018,-0.0649974655693499,1,1.4,0.0,1,100,0.01,False,0.009944138479339948,0.5979688619871562,2.045779994172281,False,False
107,-0.04303874656471099,0.4447486339809079,0.5320445617319971,0.5332847903907327,10,2026-05-16,2026,2026,MOV_MKT_STATS,daniel barez,luis gurule,Flyweight,underdog,luis gurule,2.1,0.4952887711947188,0.0401064195089095,0.6907449735164155,3.8197819011829504,34.29969718935232,0.5045458276568875,0.542743646668717,0.1997466747751937,0.3092550264835844,-0.1532091093921823,1,1.1,0.0364603813717359,0,100,0.01,False,-0.019898059820538716,0.5552513660190921,1.0699084936719894,False,False
101,-0.049875167929007314,0.48007359962838586,0.6781001911166419,0.6915882218572967,10,2026-05-16,2026,2026,MOV_MKT_STATS,modestas bukauskas,christian edwards,Catch Weight,favorite,modestas bukauskas,1.4,0.7044566358377187,-0.0137607098271939,0.5353408219476129,0.2627282266108421,4.49106070050862,0.6915161711549973,0.6888888888888889,0.7337994958939751,0.5353408219476129,0.0122872382629388,1,0.3999999999999999,0.0,1,100,0.01,True,-0.03177648939978461,0.48007359962838586,-1.0788697772247002,False,False
90,-0.05965853252633204,0.425406102346081,0.7382907419533247,0.7630131032772932,9,2026-05-30,2026,2026,MOV_MKT_STATS,kai asakura,cameron smotherman,Bantamweight,favorite,kai asakura,1.28571,0.753849869325373,-0.0307676845096747,0.4139891006123404,-1.5074765104102994,-2.4695537571169712,0.7345781553294884,0.7496529204335914,0.7249573828624217,0.4139891006123404,-0.0787860842283604,1,0.2857099999999999,0.0,1,100,0.01,True,-0.01898642298535136,0.425406102346081,-1.1362178480266771,False,False
87,0.17865468631726164,0.7655690411580953,0.7583652941845713,0.7878059332186191,9,2026-05-30,2026,2026,MOV_MKT_STATS,song yadong,deiveson figueiredo,Bantamweight,favorite,song yadong,1.33333,0.7760129261794901,0.0346813148628994,0.7395691017375191,2.930361981306062,9.76573693720828,0.7534420502533575,0.7241384304402969,0.8217957998123797,0.7395691017375191,0.1519716555313483,1,0.3333299999999999,0.1040449850385488,1,100,0.01,True,0.05040528493838137,0.7655690411580953,3.4226863744274416,True,False
91,0.10668207092723528,0.6734993803910032,0.666960280901451,0.678850422708757,9,2026-05-30,2026,2026,MOV_MKT_STATS,jake matthews,carlston harris,Welterweight,favorite,jake matthews,1.5,0.6714064966296853,0.007109744944528,0.6167062649056874,1.9019775238208525,22.2232982325119,0.6618769180953514,0.6428571428571429,0.8650901251822619,0.6167062649056874,0.0838829725773096,1,0.5,0.0142194898890561,1,100,0.01,True,0.01827563406313537,0.6734993803910032,2.410313804430808,False,False
88,0.1319594395716393,0.7260101333948928,0.7497056121066037,0.7770558278971288,9,2026-05-30,2026,2026,MOV_MKT_STATS,zhang mingyang,alonzo menifield,Light Heavyweight,favorite,zhang mingyang,1.33333,0.7691679103761188,0.0255546499417902,0.711349797853271,2.3505639984328863,-6.854453469605781,0.7476440704246258,0.7241384304402969,0.6555938957442391,0.711349797853271,0.1210031170649722,0,-1.0,0.0766647164725354,0,100,0.01,True,0.036071847010078706,0.7260101333948928,2.556718166630678,False,False
94,-0.0969923567737379,0.3864799477760968,0.6940873843222819,0.7101245316183014,9,2026-05-30,2026,2026,MOV_MKT_STATS,ding meng,jose henrique,Unknown,underdog,jose henrique,3.5000000000000004,0.3062002938407533,0.0717010284426367,0.6700586028875053,3.225452190968936,18.157458754841016,0.6820311923760249,0.7142857142857143,0.5327111267373041,0.3299413971124947,-0.1531686271911738,1,2.5000000000000004,0.0286804113770546,0,100,0.01,False,0.01456413933594547,0.6135200522239033,2.0198329963432404,False,False
95,0.027424557770131287,0.5716351952336204,0.7551086209867552,0.7837537208769086,9,2026-05-30,2026,2026,MOV_MKT_STATS,aoriqileng,cody haddon,Bantamweight,favorite,cody haddon,1.33333,0.8014175116310802,0.068554010783068,0.7327635733066986,2.476091533895697,5.0395121905780105,0.7747627903436445,0.7500018750046875,0.8003969969104676,0.7327635733066986,0.1367805048116023,1,0.3333299999999999,0.2056640889900939,0,100,0.01,True,0.04500234865680852,0.5716351952336204,0.5106745982067729,False,False
97,0.027994685070253204,0.5844457023260052,0.6948567901173007,0.7110244248872389,9,2026-05-30,2026,2026,MOV_MKT_STATS,zhu kangjie,rodrigo vera,Featherweight,favorite,rodrigo vera,1.4,0.7019633099935491,-0.0172513660090314,0.5391039850008945,0.0414361296185883,-19.334185307568752,0.6893032501850748,0.6888888888888889,0.4955470358132013,0.5391039850008945,0.0019340747097165,1,0.3999999999999999,0.0,0,100,0.01,True,-0.004565805157865532,0.5844457023260052,0.5967901228411843,False,False
96,0.014156448588386633,0.5580089473448407,0.6461007340450527,0.6553699928384188,9,2026-05-30,2026,2026,MOV_MKT_STATS,rei tsuruya,luis gurule,Bantamweight,favorite,rei tsuruya,1.5,0.6657170171893493,-0.0014244742159761,0.6058619827053175,1.3851800422704952,17.453506447268452,0.6567089432798479,0.6428571428571429,0.8173922073298274,0.6058619827053175,0.0608755975114775,1,0.5,0.0,1,100,0.01,True,-0.01694501074237187,0.5580089473448407,0.32435911879098445,False,False
93,-0.38799778432225507,0.1922085015236735,0.5565541701250968,0.5588941956641899,9,2026-05-30,2026,2026,MOV_MKT_STATS,yi sak lee,luis felipe dias,Unknown,underdog,yi sak lee,2.85000185000185,0.3696165741313736,0.0534079200657606,0.6209999962777453,2.491490553640152,-1.7543631886654532,0.6242081292436107,0.6491230347800122,0.6666666666666667,0.3790000037222547,-0.1077382407893996,0,-1.0,0.0288691171123462,0,100,0.01,False,0.25715235840361306,0.8077914984763265,9.256886465491544,True,False
79,-0.13814806286093753,0.3443910602517905,0.634713919576853,0.6427429488842176,8,2026-06-06,2026,2026,MOV_MKT_STATS,brendan allen,edmen shahbazyan,Middleweight,underdog,edmen shahbazyan,2.87,0.3348257958978111,-0.039049965773282,0.5464951117878875,0.9894738288448112,-7.457506112709467,0.6562149028943027,0.6661096411827508,0.7406847023098455,0.4535048882121125,-0.0441700245886552,0,-1.0,0.0,1,100,0.01,False,0.02532773670229571,0.6556089397482094,3.1395721605897875,False,False
80,-0.059259306894891166,0.46355616676109646,0.6960655852623729,0.7124396928440417,8,2026-06-06,2026,2026,MOV_MKT_STATS,fares ziam,tom nolan,Lightweight,favorite,fares ziam,1.411522633744856,0.7224258646440933,0.0197204591478352,0.492033278746416,-0.1102659499484737,-0.8755110795927168,0.7073521509961421,0.7084548104956269,0.6996996996996997,0.492033278746416,-0.0053326291767036,0,-1.0,0.0479207157292397,0,100,0.01,True,0.0056247516275980125,0.46355616676109646,-1.238922523325392,False,False
81,-0.18909489431125123,0.23377486471988243,0.5184942910777222,0.5191944685943659,8,2026-06-06,2026,2026,MOV_MKT_STATS,bryce mitchell,santiago luna,Bantamweight,underdog,santiago luna,2.18,0.4978600818156378,0.0853349783580905,0.8043262765548967,6.333479948228282,-20.2446715003479,0.5020648187432961,0.5653996182255789,0.7678463332290579,0.1956737234451032,-0.2548465018336688,0,-1.0,0.0723177782695682,1,100,0.01,False,0.04815605846428239,0.7662251352801176,4.690532714785678,True,True
78,-0.2506091588007825,0.1950451589454444,0.47984438505358995,0.4790797156066397,8,2026-06-06,2026,2026,MOV_MKT_STATS,belal muhammad,gabriel bonfim,Welterweight,underdog,gabriel bonfim,2.09,0.5098467158173765,0.0655796360583167,0.7537269766999786,5.188425202640756,34.26352360305033,0.4904995377051514,0.542383789731559,0.1997485537010556,0.2462730233000214,-0.2079494095202088,1,1.09,0.0601648037232263,0,100,0.01,False,0.08872339438212284,0.8049548410545556,6.2539404677969035,True,True
83,0.0422621300957726,0.6790948507567941,0.8491397952731843,0.9024028008752848,8,2026-06-06,2026,2026,MOV_MKT_STATS,matt schnell,alessandro costa,Catch Weight,favorite,alessandro costa,1.13423,0.8993706034351305,0.0200931195342282,0.741278999022515,1.220371563493816,-6.0582498468130686,0.8558494230359993,0.8436457074010612,0.7830632089329305,0.741278999022515,0.0956279364836349,1,0.13423,0.1496917196917842,0,100,0.01,True,0.023532328836774363,0.6790948507567941,0.5494087872123132,False,False
84,-0.02827626836000069,0.5018250416352336,0.7910437102387318,0.8289880156343162,8,2026-06-06,2026,2026,MOV_MKT_STATS,marcus mcghee,john yannis,Bantamweight,favorite,marcus mcghee,1.1992,0.8208439956180063,-0.0156438804548868,0.5396589237879637,-0.4788940382047468,5.339535768501968,0.7908901981717589,0.7956791385538063,0.849074496238826,0.5396589237879637,-0.0292047412914095,1,0.1992,0.0,1,100,0.01,True,-0.005877571651327962,0.5018250416352336,-0.46354283150745745,False,False
86,-0.13731314966527644,0.3208047204770177,0.5830020670932698,0.5868125346583273,8,2026-06-06,2026,2026,MOV_MKT_STATS,jordan leavitt,joanderson brito,Featherweight,underdog,jordan leavitt,2.49,0.4095472958994985,0.0197727667897515,0.645509057751004,2.922557570357176,1.1737906462019665,0.5867314210979047,0.6159569968014764,0.6042190903394568,0.354490942248996,-0.1219531404626109,0,-1.0,0.0132703132817124,0,100,0.01,False,0.028836788700765226,0.6791952795229823,3.295492970820657,False,False
82,0.09533027539126968,0.6532063254579262,0.7371567547496587,0.7616263440435603,8,2026-06-06,2026,2026,MOV_MKT_STATS,iwo baraniewski,junior tafa,Light Heavyweight,favorite,iwo baraniewski,1.32573,0.7585040414562599,0.0055715628798076,0.6559278949212365,2.0288481310188344,6.249071810249696,0.7385617354067897,0.7182732540966014,0.7807639721990983,0.6559278949212365,0.10259406200775,1,0.3257300000000001,0.0171048502741769,1,100,0.01,True,0.009710893088869188,0.6532063254579262,1.8883500653057328,False,False
77,-0.09286670762973429,0.42503396643393426,0.5989639103117343,0.603858761664432,7,2026-06-14,2026,2026,MOV_MKT_STATS,diego lopes,steve garcia,Featherweight,underdog,steve garcia,2.52,0.3889489328744512,-0.0198486891563829,0.5435627708483032,1.4899268183678926,6.462421089261161,0.6061529223807639,0.6210521905644428,0.5564279796718312,0.4564372291516968,-0.0628470362424145,0,-1.0,0.0,1,100,0.01,False,-0.0017240793943685828,0.5749660335660658,2.208828025270848,False,False
76,0.06877844224487212,0.6339151537633456,0.7459860483417754,0.7724635668712271,7,2026-06-14,2026,2026,MOV_MKT_STATS,bo nickal,kyle daukaus,Middleweight,favorite,bo nickal,1.30581,0.7645635550754181,-0.0016252641469683,0.6206224882493518,1.0995961781215755,1.7505991011865452,0.7437301450589119,0.7327341832776961,0.7502401742895616,0.6206224882493518,0.056907988105541,1,0.3058099999999999,0.0,1,100,0.01,True,0.008690650256117038,0.6339151537633456,1.3251865064079271,False,False
75,0.1380401670410837,0.7409119789127719,0.8334824899009712,0.8829166247545558,7,2026-06-14,2026,2026,MOV_MKT_STATS,mauricio ruffy,michael chandler,Lightweight,favorite,mauricio ruffy,1.2293577981651376,0.8800476342104303,0.0818934218733729,0.7934922076383982,2.627132826591738,-2.6652452025586304,0.8397041640868129,0.8134328358208955,0.7867803837953092,0.7934922076383982,0.1835565043914713,1,0.2293577981651375,0.3570553193679059,1,100,0.01,True,0.08542043777165564,0.7409119789127719,2.004965408007564,False,True
74,0.12665124063994768,0.7032825022038158,0.7532488655569376,0.78144468753131,7,2026-06-14,2026,2026,MOV_MKT_STATS,josh hokit,derrick lewis,Heavyweight,favorite,josh hokit,1.3125,0.7929370208390123,0.0407298398512037,0.7978299821386606,3.871563829067237,8.250268286362594,0.7676779511456026,0.7289623128549302,0.8114649957185561,0.7978299821386606,0.2058816045927884,1,0.3125,0.1303354875238518,1,100,0.01,True,0.025646152384844356,0.7032825022038158,2.4286552702007413,False,True
73,0.11173579531378061,0.6912476585044883,0.7877186323027985,0.8247633735473718,7,2026-06-14,2026,2026,MOV_MKT_STATS,sean o'malley,aiemann zahabi,Bantamweight,favorite,sean o'malley,1.24155,0.8093627767443432,0.0048643554669391,0.6572988958544226,1.2939988973935113,1.8443438694773275,0.7813744901909341,0.768434501216999,0.7868779399117722,0.6572988958544226,0.0742017062322084,1,0.2415499999999999,0.0201380892856104,1,100,0.01,True,0.023984966427739396,0.6912476585044883,1.9284131085799516,False,False
72,-0.15841233511216454,0.28464386739581027,0.4679694082224127,0.4667297555781172,7,2026-06-14,2026,2026,MOV_MKT_STATS,alex pereira,ciryl gane,Heavyweight,underdog,ciryl gane,1.93458,0.5286820352827878,0.0227776918173756,0.6646212127827104,3.51857501206454,-0.8086030374955144,0.4723422486830598,0.5075279988037052,0.5156140291786604,0.3353787872172896,-0.1408583201216561,1,0.93458,0.0243721156213225,0,100,0.01,False,0.03165394945368605,0.7153561326041897,3.955859058129257,False,False
71,0.1822609924064938,0.7694110682216357,0.8504156357479274,0.9039681856402687,7,2026-06-14,2026,2026,MOV_MKT_STATS,ilia topuria,justin gaethje,Lightweight,favorite,ilia topuria,1.15873,0.8935865634215797,0.035425558633487,0.7879544015326371,2.5265078425098952,-10.095096177366116,0.850986682400595,0.8257216039754961,0.724770642201835,0.7879544015326371,0.1867571195339323,0,-1.0,0.223181242572211,0,100,0.01,True,0.04745505574694864,0.7694110682216357,2.4694031772431346,True,True
61,0.07833439080542307,0.6087919142285471,0.7265397934848064,0.7487178911944686,6,2026-06-20,2026,2026,MOV_MKT_STATS,manel kape,kyoji horiguchi,Flyweight,favorite,manel kape,1.36364,0.7250942316239203,-0.0112325019883573,0.5108200615694787,-0.101645445663312,-14.78972091134696,0.7096869509795054,0.7107034054361385,0.5628061963226689,0.5108200615694787,-0.0049386123218713,1,0.3636399999999999,0.0,1,100,0.01,True,0.020981665148425144,0.6087919142285471,1.5836388048667827,False,False
63,0.05733881137593315,0.6246697046797434,0.6202949564593664,0.6269296630272659,6,2026-06-20,2026,2026,MOV_MKT_STATS,hyder amil,christian rodriguez,Featherweight,favorite,christian rodriguez,1.58824,0.6397370001170821,0.0160558930659546,0.6754553909778482,2.61773848507636,7.844582673571243,0.6328773333431761,0.6066999484924125,0.6851457752281249,0.6754553909778482,0.1111190437475151,1,0.5882400000000001,0.0272947998537241,0,100,0.01,True,-0.0042852319935751115,0.6246697046797434,1.3595007966953898,False,False
64,0.17456026005583186,0.7828150433960278,0.8279570901828828,0.8759487274302709,6,2026-06-20,2026,2026,MOV_MKT_STATS,melsik baghdasaryan,murtazali magomedov,Featherweight,favorite,murtazali magomedov,1.2,0.867890460007973,0.0414685520095674,0.7843736664648139,2.799912927892667,0.6363387938259302,0.8296520218409101,0.8016528925619835,0.8080162805002428,0.7843736664648139,0.1865059386405645,1,0.1999999999999999,0.2073427600478373,0,100,0.01,True,0.051138472916324895,0.7828150433960278,2.6304197620899306,True,True
62,0.07496524378028219,0.6576509838993293,0.790467090631778,0.8282550200544998,6,2026-06-20,2026,2026,MOV_MKT_STATS,ion cutelaba,navajo stirling,Light Heavyweight,favorite,navajo stirling,1.28571,0.8210710056345015,0.0556592026543349,0.6721172602172344,1.3297573153779108,1.645664583136508,0.7910779435327916,0.7777803703790125,0.7942370162103776,0.6721172602172344,0.0786572854299151,1,0.2857099999999999,0.1948101314421441,0,100,0.01,True,0.06489576183427093,0.6576509838993293,1.2686720252765515,False,False
66,-0.018290851941637272,0.5289912123897302,0.8154450136004906,0.8600693969143998,6,2026-06-20,2026,2026,MOV_MKT_STATS,andre lima,kevin borjas,Flyweight,favorite,andre lima,1.2222222222222223,0.8688602352880733,0.061940287574312,0.6688557276675691,1.227024882366856,-0.0997174671763301,0.8304520670054867,0.8181818181818181,0.8171846435100548,0.6688557276675691,0.0847571374133229,0,-1.0,0.278731294084404,0,100,0.01,True,0.05119592956204433,0.5289912123897302,-0.2736804581327523,False,False
67,-0.09974718030447988,0.35490821270007206,0.6671188495520975,0.6790307390480267,6,2026-06-20,2026,2026,MOV_MKT_STATS,allan nascimento,mitch raposo,Flyweight,favorite,allan nascimento,1.4,0.689028723537699,-0.0353597870472215,0.4407456234475225,-1.1126406926940002,-20.32376747608536,0.6777624819619489,0.6888888888888889,0.4856512141280353,0.4407456234475225,-0.0514218771814349,0,-1.0,0.0,0,100,0.01,False,-0.004995291048882744,0.645091787299928,2.1770039336791336,False,False
69,0.05489958616934586,0.6049263372436889,0.7050463959979095,0.7230109679708014,6,2026-06-20,2026,2026,MOV_MKT_STATS,leon shahbazyan,levan chokheli,Welterweight,favorite,levan chokheli,1.39216,0.7109367152445706,-0.0102623425051185,0.5461817163226943,0.3747054591886734,6.491975426103847,0.6972497053131295,0.6935026507212427,0.7584224049822812,0.5461817163226943,0.0176892930641581,1,0.39216,0.0,0,100,0.01,True,0.00654694917023102,0.6049263372436889,1.1543745276666795,False,False
70,0.026883346317685915,0.5806983461226846,0.6130959894876559,0.6191028539778145,6,2026-06-20,2026,2026,MOV_MKT_STATS,shane collins,otari tanzilovi,Featherweight,favorite,shane collins,1.58824,0.6107189642967021,-0.0300317121454057,0.5289370451692732,-0.0858718169686856,15.978063650427266,0.6058412303227257,0.6066999484924126,0.7664805849966853,0.5289370451692732,-0.0035973809266354,1,0.5882400000000001,0.0,1,100,0.01,True,-0.016716083198275777,0.5806983461226846,0.6396040995243268,False,False
65,0.0681967227981122,0.6555935089967447,0.6824785573039462,0.6966342384606238,6,2026-06-20,2026,2026,MOV_MKT_STATS,vinicius oliveira,andre fili,Featherweight,favorite,vinicius oliveira,1.44444,0.6915285213583785,-0.0011285426091037,0.6271825423629913,1.2480966577797736,3.873919395190617,0.6800008310482474,0.6675198644704496,0.7062590584223558,0.6271825423629913,0.0567865877396321,1,0.4444399999999999,0.0,1,100,0.01,True,0.006246359402063417,0.6555935089967447,1.49586928334966,False,False
48,0.6102179374778726,0.9626759374748096,0.7014154102538908,0.7187249280401594,5,2026-06-27,2026,2026,MOV_MKT_STATS,rafael fiziev,manuel torres,Lightweight,favorite,rafael fiziev,1.20492,0.6856604514576876,-0.1738340088296031,0.926712643386351,11.408346450755111,-6.618471707709444,0.6747405172504364,0.5606570527428852,0.4944723356657908,0.926712643386351,0.4858758305724922,1,0.20492,0.0,1,100,0.01,True,-0.13399395970585115,0.9626759374748096,14.075835751100552,False,False
49,-0.054884227502654974,0.46629416813676416,0.7029544296301534,0.7205395989516883,5,2026-06-27,2026,2026,MOV_MKT_STATS,shara magomedov,michel pereira,Middleweight,favorite,shara magomedov,1.4,0.7180766592693999,0.0053073229771598,0.4746948566464129,-1.0748361291225803,10.42260824474981,0.7035373529944885,0.7142857142857143,0.8185117967332124,0.4746948566464129,-0.0520909915445992,1,0.3999999999999999,0.0132683074428996,1,100,0.01,True,0.008755438532363602,0.46629416813676416,-1.133128465556088,False,False
50,-0.10592609496110986,0.3642408742188363,0.6181871249103508,0.6246334831062874,5,2026-06-27,2026,2026,MOV_MKT_STATS,nazim sadykhov,matheus camilo,Lightweight,underdog,matheus camilo,2.7,0.3864688325426593,0.0434658478651801,0.6677546737946294,3.4378119810988927,1.1916288708828215,0.608479023046154,0.6428571428571429,0.6309408541483147,0.3322453262053705,-0.1468633212637891,1,1.7000000000000002,0.0255681458030471,0,100,0.01,False,0.013489595613024097,0.6357591257811637,2.4670017946792133,False,False
51,-0.011112377141057159,0.5037690917729393,0.7311546195068492,0.7543119481812067,5,2026-06-27,2026,2026,MOV_MKT_STATS,asu almabayev,charles johnson,Flyweight,favorite,asu almabayev,1.3636363636363638,0.7628582260070926,0.040261217282399,0.5666424614513433,0.8944300844934916,8.351648351648356,0.7422776341782682,0.7333333333333333,0.8168498168498168,0.5666424614513433,0.0462395275137477,1,0.3636363636363637,0.1107183475265973,1,100,0.01,True,0.02860720206528189,0.5037690917729393,-0.21787138264840467,False,False
52,0.0364178049210408,0.5857377774008249,0.731353630255859,0.7545537719018632,5,2026-06-27,2026,2026,MOV_MKT_STATS,ikram aliskerov,brunno ferreira,Middleweight,favorite,ikram aliskerov,1.33333,0.7476660657791925,-0.0031144045146294,0.575369942705276,0.5127886289840289,8.965036180139553,0.7292663167301372,0.7241384304402969,0.8137887922416924,0.575369942705276,0.0258199679897651,1,0.3333299999999999,0.0,1,100,0.01,True,0.006069180689911136,0.5857377774008249,0.7215199815562068,False,False
54,-0.0618155597389671,0.4328823586948106,0.4845510291721794,0.48396811385879085,5,2026-06-27,2026,2026,MOV_MKT_STATS,farman hasanov,eric nolan,Welterweight,underdog,eric nolan,1.90909,0.5135228127457665,-0.0196387334151846,0.5520544985247932,1.3046413896182496,-20.012355121492032,0.4869535861038175,0.5,0.7001235512149203,0.4479455014752068,-0.0521975037102085,0,-1.0,0.0,1,100,0.01,False,-0.01484868648667892,0.5671176413051894,1.5448970827820596,False,False
56,-0.0412373961748941,0.460417278283998,0.6583054080737427,0.669051070006025,5,2026-06-27,2026,2026,MOV_MKT_STATS,nursulton ruziboev,andrey pulyaev,Middleweight,underdog,andrey pulyaev,2.9,0.3389479339765449,-0.0170509914680199,0.5776507990370504,1.5062250703978597,1.4701557876523386,0.652457613766471,0.6675198644704496,0.6528183065939263,0.4223492009629496,-0.0671294887921953,0,-1.0,0.0,1,100,0.01,True,-0.03359587244049722,0.460417278283998,-0.9214456396706927,False,False
57,0.06924091155676113,0.6604013320609965,0.6303096890033892,0.6378926591248463,5,2026-06-27,2026,2026,MOV_MKT_STATS,kaan ofli,javier reyes,Featherweight,favorite,javier reyes,1.57143,0.6336698248012116,-0.004232227212632,0.6088003067233361,1.3224337408064613,3.35229929880676,0.6272592096765305,0.6140348722684659,0.6475578652565335,0.6088003067233361,0.0561719227652292,0,-1.0,0.0,1,100,0.01,True,0.002403661328557183,0.6604013320609965,1.627481673492337,False,False
58,0.08576290386874066,0.6784192924869537,0.8562898463341777,0.9111194095605737,5,2026-06-27,2026,2026,MOV_MKT_STATS,daniil donchenko,theodor berggren,Welterweight,favorite,daniil donchenko,1.14286,0.8958999632349879,0.0238882319827382,0.668374605062344,0.7517618502069778,-3.5501888166987405,0.8529279197927746,0.8454103012907048,0.8099084131237174,0.668374605062344,0.0587046626464792,1,0.14286,0.167214279593576,1,100,0.01,True,0.04128192841039713,0.6784192924869537,1.0879545043472882,False,False
59,0.07892901746844683,0.6332690808549312,0.6325643414541204,0.6403733840368827,5,2026-06-27,2026,2026,MOV_MKT_STATS,bekzat almakhan,jean matsumoto,Bantamweight,favorite,jean matsumoto,1.57143,0.6392880729760991,0.0045964565168314,0.6185071435367084,1.8427419410618096,-3.700788158647384,0.632462291679084,0.6140348722684659,0.577026990681992,0.6185071435367084,0.0784899808201287,1,0.5714300000000001,0.0080437787950081,0,100,0.01,True,0.006301946877078635,0.6332690808549312,1.8529469185654568,False,False
60,0.05212856992746469,0.5977946535036802,0.654734299072377,0.665031638661343,5,2026-06-27,2026,2026,MOV_MKT_STATS,tahir abdullayev,jefferson nascimento,Welterweight,favorite,jefferson nascimento,1.5,0.6504992650459002,-0.0242511024311498,0.5183640573114326,-0.0062191957669655,-30.62875635691169,0.6427949508994731,0.6428571428571428,0.3365695792880259,0.5183640573114326,-0.0002708700464778,0,-1.0,0.0,1,100,0.01,True,-0.002452542007985503,0.5977946535036802,1.187715621523422,False,False
55,0.1166929160245526,0.7111517027952707,0.8122605497817201,0.8560144478761045,5,2026-06-27,2026,2026,MOV_MKT_STATS,abdul rakhman yakhyaev,julius walker,Light Heavyweight,favorite,abdul rakhman yakhyaev,1.2597402597402598,0.8460624110528406,0.0658188814561759,0.6969889183006798,1.7867055767643358,3.406852742339017,0.811681488757334,0.7938144329896907,0.8278829604130808,0.6969889183006798,0.1129001216699811,1,0.2597402597402598,0.2534026936062774,1,100,0.01,True,0.07835586290885899,0.7111517027952707,1.8446116792029454,False,False
35,0.07688282145963203,0.5879414565185157,0.6871097276392399,0.7019964673944457,4,2026-07-11,2026,2026,MOV_MKT_STATS,conor mcgregor,max holloway,Welterweight,favorite,max holloway,1.43103,0.697345967867151,-0.0020769996030709,0.5761462496698302,1.4847337170514563,4.771254218133414,0.6851951578490171,0.6703478206785025,0.7180603628598367,0.5761462496698302,0.0679921850875087,1,0.43103,0.0,0,100,0.01,True,0.00457800473547354,0.5879414565185157,1.6761906960737427,False,False
36,-0.01997406089505179,0.47864442745242647,0.5506183741705868,0.5526731786590312,4,2026-07-11,2026,2026,MOV_MKT_STATS,benoit saint denis,paddy pimblett,Lightweight,favorite,benoit saint denis,1.8,0.5622697011401085,0.0120854620521955,0.5310375695452998,0.4348396606566385,-5.060506050605063,0.559903952162122,0.5555555555555556,0.504950495049505,0.5310375695452998,0.017628710077541,0,-1.0,0.0151068275652443,0,100,0.01,False,0.006485348017179815,0.5213555725475736,0.4937181384968792,False,False
37,-0.13061176234538321,0.3438308894044071,0.5431214655008675,0.5448346343782515,4,2026-07-11,2026,2026,MOV_MKT_STATS,cory sandhagen,mario bautista,Bantamweight,underdog,mario bautista,2.24,0.4392576342975546,-0.0160628991734775,0.5728714215195048,1.6861443837514312,11.939056050408968,0.558443095161199,0.5753045389987134,0.4559139784946237,0.4271285784804952,-0.068681360813554,1,1.2400000000000002,0.0,0,100,0.01,False,0.01957041899271661,0.6561691105955929,3.218307349784588,False,False
40,-0.07637201087994223,0.39080061285398143,0.629590758693313,0.6371026357097571,4,2026-07-11,2026,2026,MOV_MKT_STATS,nikita krylov,robert whittaker,Light Heavyweight,underdog,nikita krylov,2.7,0.3661248804901622,-0.0114628226765619,0.6044106143543806,1.9768538866009155,2.116701622826722,0.6274496215961526,0.6472181604621617,0.6260511442338945,0.3955893856456193,-0.0855424670604302,0,-1.0,0.0,0,100,0.01,False,-0.02017711641634412,0.6091993871460186,1.7627401768848694,False,False
39,0.07606790612685249,0.6399845036254032,0.5994128128757038,0.6043406766025764,4,2026-07-11,2026,2026,MOV_MKT_STATS,king green,terrance mckinney,Lightweight,favorite,terrance mckinney,1.63694,0.6032193627155567,-0.0125660963963966,0.6124552905397704,1.7772234539588203,1.7229963448129435,0.5987896036315118,0.5810173690919236,0.598247332540053,0.6124552905397704,0.073473135267233,0,-1.0,0.0,1,100,0.01,True,-0.010730572842178598,0.6399845036254032,1.8395443783780219,False,False
42,0.01724557919902974,0.5603114437919604,0.7562791737303237,0.7852089394057404,4,2026-07-11,2026,2026,MOV_MKT_STATS,cody garbrandt,adrian yanez,Bantamweight,favorite,adrian yanez,1.3278688524590163,0.781536023485356,0.0377773426608825,0.5873188084659925,0.5016540341791775,-0.6250976715111767,0.7581029600948782,0.7530864197530864,0.7468354430379747,0.5873188084659925,0.0271654363710127,1,0.3278688524590163,0.1152208951156916,0,100,0.01,True,0.042654493309261854,0.5603114437919604,0.31927539772372837,False,False
44,0.16489447124969828,0.7652302266767681,0.6958451163747379,0.7121814321171789,4,2026-07-11,2026,2026,MOV_MKT_STATS,damian pinas,cesar almeida,Middleweight,favorite,damian pinas,1.51546,0.7338672017101663,0.1121463895036887,0.8397912923254417,5.7467249531150895,4.25147157105954,0.7173329008845354,0.6598656513533845,0.7023803670639799,0.8397912923254417,0.2685745796408971,1,0.51546,0.2175656491360895,1,100,0.01,True,0.07928247311629999,0.7652302266767681,3.5979465021353407,True,True
45,-0.009306370255199856,0.5131933012914724,0.8093168863604214,0.8522637484181231,4,2026-07-11,2026,2026,MOV_MKT_STATS,farid basharat,john garza,Bantamweight,favorite,farid basharat,1.19048,0.8449794197211193,0.005931099589598,0.5566779225219117,0.0041439189553904,4.030931695381068,0.8107903804468188,0.8107489412572649,0.8510582582110756,0.5566779225219117,0.0002700990134199,1,0.1904799999999999,0.0311376500923878,1,100,0.01,True,0.014602947216807216,0.5131933012914724,-0.14320548968435043,False,False
46,0.043755986769494236,0.5764452775558983,0.6430764078967437,0.6520037082997311,4,2026-07-11,2026,2026,MOV_MKT_STATS,ryan gandra,zachary reese,Unknown,favorite,ryan gandra,1.50761,0.6605363895729861,-0.0041687337158704,0.6180472193809197,1.9015410293750867,-6.686956598067062,0.6519868949283681,0.6329714846346173,0.5661019186539467,0.6180472193809197,0.0827984950248723,1,0.5076099999999999,0.0,1,100,0.01,True,-0.01703268933024249,0.5764452775558983,1.010492326212642,False,False
47,0.12454497583742051,0.686005867619667,0.7154288690929103,0.7353570426234082,4,2026-07-11,2026,2026,MOV_MKT_STATS,alessandro costa,cody durden,Flyweight,favorite,alessandro costa,1.3876,0.7117040347914844,-0.0124394813233363,0.5794711328240635,0.8518740652583623,2.56634364876851,0.6979269240172536,0.68940818336467,0.7150716198523551,0.5794711328240635,0.0400914814677712,1,0.3875999999999999,0.0,1,100,0.01,True,0.020381432344241057,0.686005867619667,2.6020685728240234,False,False
41,-0.02544758549396938,0.6135724588748285,0.9154888306719293,0.9734935238153342,4,2026-07-11,2026,2026,MOV_MKT_STATS,gable steveson,elisha ellison,Heavyweight,favorite,gable steveson,1.04662,0.9693306736437854,0.0145208696490588,0.7836913241763378,0.375473447433805,-3.199009925975937,0.9211917168876312,0.9174369824132932,0.8854468831535338,0.7836913241763378,0.0506280270128026,1,0.0466200000000001,0.3114729654452771,1,100,0.01,True,0.018877791895605123,0.6135724588748285,-0.19481517413638683,False,False
26,0.16807916677782359,0.7606198824897155,0.7723402119098535,0.8053129288167884,3,2026-07-18,2026,2026,MOV_MKT_STATS,jared cannonier,christian leroy duncan,Middleweight,favorite,christian leroy duncan,1.30769,0.799917709737212,0.0460443898462548,0.7540027648369259,3.2066780973056157,13.81019624151264,0.773511986195203,0.7414452052221469,0.8795471676372733,0.7540027648369259,0.1747555235099615,1,0.30769,0.1496453893407481,0,100,0.01,True,0.05309966388442611,0.7606198824897155,3.0895006687706617,True,True
27,0.32324607746833406,0.8715406138953783,0.7576414538687676,0.7869043193939976,3,2026-07-18,2026,2026,MOV_MKT_STATS,chase hooper,mitch ramirez,Lightweight,favorite,chase hooper,1.39216,0.7663667738347054,0.0669051678617236,0.801133721544639,5.1761670278669625,5.979374720515884,0.7452643209999124,0.6935026507212427,0.7532963979264016,0.801133721544639,0.2569665391167458,1,0.39216,0.1706068131928896,1,100,0.01,True,0.09549671728754783,0.8715406138953783,6.413880314752484,True,True
28,-0.0944186410914111,0.4001227488096431,0.5478491840907058,0.5497755171243592,3,2026-07-18,2026,2026,MOV_MKT_STATS,tommy mcmillen,alberto montes,Featherweight,underdog,tommy mcmillen,2.25,0.4580420189095958,0.0305945425465905,0.6417081952914179,3.068522537295715,38.48526161315342,0.5404300485339283,0.5711152739068854,0.1862626577753512,0.3582918047085821,-0.1243288462537943,1,1.25,0.0244756340372724,1,100,0.01,False,0.013005086470191607,0.599877251190357,2.3266089816179614,False,False
25,0.1544447484562325,0.7320761378157835,0.7573555094160145,0.7865482967533497,3,2026-07-18,2026,2026,MOV_MKT_STATS,dricus du plessis,kamaru usman,Middleweight,favorite,dricus du plessis,1.30488,0.770441045509112,0.0053331114639301,0.6793571214706029,2.0864590820315554,2.6637049164282223,0.7487243078518158,0.7278597170315002,0.7544967661957824,0.6793571214706029,0.1080294703121179,1,0.30488,0.0174924936497314,1,100,0.01,True,0.026351141467511052,0.7320761378157835,2.9495792384514274,False,False
31,-0.296421834152825,0.28714909710804404,0.44989111257280834,0.44786015500308274,3,2026-07-18,2026,2026,MOV_MKT_STATS,levi rodrigues,felipe franco,Unknown,underdog,levi rodrigues,2.1000011000011,0.4797964757757976,0.0075731269058261,0.4933676373564255,0.4321440806235865,5.432620516763176,0.5194883324365133,0.5238097732427491,0.4694835680751174,0.5066323626435745,-0.0173183389808321,0,-1.0,0.0068846539388174,0,100,0.01,False,0.15949428184796322,0.712850902891956,7.39186606699408,False,False
33,0.16247312769390765,0.7573849719873521,0.8717467652482989,0.9293832254213086,3,2026-07-18,2026,2026,MOV_MKT_STATS,alden coria,stewart nicoll,Flyweight,favorite,alden coria,1.125,0.9208847293768392,0.035995320548944,0.7987759551011934,2.18386771003356,5.913886111916944,0.8742976934937783,0.8524590163934427,0.911597877512612,0.7987759551011934,0.1854853220989685,1,0.125,0.2879625643915524,1,100,0.01,True,0.04555612859897207,0.7573849719873521,1.928774885485618,False,True
34,0.045756835164920615,0.5884807479969407,0.6402351912442079,0.648849600342159,3,2026-07-18,2026,2026,MOV_MKT_STATS,rj harris,alvin hines,Heavyweight,favorite,rj harris,1.588235294117647,0.6485161815268741,0.029996288307388,0.5925877263209063,1.13425942046409,-16.234075636693383,0.6409722238342705,0.6296296296296297,0.4672888732626958,0.5925877263209063,0.0489581159372951,1,0.588235294117647,0.0509936901225597,1,100,0.01,True,0.030525835837546644,0.5884807479969407,1.0605561614578263,False,False
29,-0.027510519558074813,0.49755664008716216,0.5851747168685729,0.5891230527145399,3,2026-07-18,2026,2026,MOV_MKT_STATS,austin bashi,jose delgado,Featherweight,underdog,austin bashi,2.45,0.4368573584564997,0.0703005282184245,0.6358503068756649,3.109812222165365,5.912645432004582,0.5607386124722239,0.5918367346938775,0.5327102803738317,0.364149693124335,-0.1274033425779583,0,-1.0,0.0484831229092583,0,100,0.01,False,0.006648520849377393,0.5024433599128378,0.6662017825304622,False,False
24,0.19037124480423032,0.7733549493120824,0.7836615749177469,0.8196166905742892,2,2026-07-25,2026,2026,MOV_MKT_STATS,cody gibson,abdul hussein,Bantamweight,favorite,abdul hussein,1.28571,0.8023377183326704,0.0315736278374976,0.7203570260418677,2.587685927491845,12.59254307279144,0.77552977970851,0.7496529204335916,0.875578351161506,0.7203570260418677,0.1430412798293816,1,0.2857099999999999,0.1105093550715677,0,100,0.01,True,0.05378937523826921,0.7733549493120824,3.4008654484155354,True,False
23,0.05212819404900422,0.6092808106510392,0.6219976293023789,0.6287872755915308,2,2026-07-25,2026,2026,MOV_MKT_STATS,nurullo aliev,mike davis,Lightweight,favorite,nurullo aliev,1.5814,0.6397166699833704,0.0116479419117019,0.6491457287364252,2.3192745505695167,15.244597273893111,0.6328585400458542,0.609665794540159,0.7621117672790901,0.6491457287364252,0.0985920784892883,1,0.5813999999999999,0.0200342998137288,1,100,0.01,True,-0.00563580237955319,0.6092808106510392,1.2331834762219884,False,False
22,0.11060911537551925,0.7091933903928018,0.830927104962607,0.8796985704715752,2,2026-07-25,2026,2026,MOV_MKT_STATS,magomed tuchalov,brendson ribeiro,Light Heavyweight,favorite,magomed tuchalov,1.18182,0.861951141902691,0.0186710985234384,0.6674367925712409,0.9942303078524616,8.833379965655041,0.8247568857524328,0.8148145826739082,0.9031483823304586,0.6674367925712409,0.0673114223904655,1,0.1818200000000001,0.1026900149787613,1,100,0.01,True,0.03964536455471701,0.7091933903928018,1.611252228869886,False,False
21,0.043457416559412355,0.5619884905854846,0.6170200676815512,0.6233637674920997,2,2026-07-25,2026,2026,MOV_MKT_STATS,ismael bonfim,axel sola,Lightweight,favorite,axel sola,1.58824,0.6250594908157665,-0.0072555143067669,0.5744400460070928,1.2553936335467308,10.92067129700377,0.6192538848278798,0.6066999484924125,0.7159066614624502,0.5744400460070928,0.0529210135104589,1,0.5882400000000001,0.0,0,100,0.01,True,-0.00994872991834761,0.5619884905854846,1.0320119189138666,False,False
20,0.09375500745639402,0.6741271361957288,0.801733397293579,0.8425977652031281,2,2026-07-25,2026,2026,MOV_MKT_STATS,santiago ponzinibbio,sam patterson,Welterweight,favorite,sam patterson,1.22222,0.8446143323836095,0.0323045293258952,0.7406482115920316,2.408189171800179,5.269033084145569,0.8104899641094861,0.7864080723914844,0.83909840323294,0.7406482115920316,0.1497884562920514,1,0.22222,0.1453718356848853,0,100,0.01,True,0.029839840586567412,0.6741271361957288,1.5325324902094595,False,False
19,-0.0992546541761017,0.3677775629377119,0.665787316179604,0.6775174660619332,2,2026-07-25,2026,2026,MOV_MKT_STATS,dustin jacoby,muhammad said,Unknown,underdog,muhammad said,3.1999780002199976,0.3256878750308629,0.0421940350371612,0.6328027962921678,2.298894356245773,35.304969103409675,0.6645089080067561,0.6874978515692138,0.334448160535117,0.3671972037078321,-0.1049944813958659,1,2.1999780002199976,0.0191792986261416,0,100,0.01,False,0.03193701405701255,0.6322224370622881,2.1710535389609875,False,False
18,0.19394871955175913,0.7567713453103234,0.728866366856077,0.75153489119534,2,2026-07-25,2026,2026,MOV_MKT_STATS,valter walker,thomas petersen,Heavyweight,favorite,valter walker,1.4,0.7157271688066753,0.0020180363293453,0.6115849898392481,1.258287024576521,-5.664135792450553,0.7014717591346541,0.6888888888888889,0.6322475309643834,0.6115849898392481,0.0593862284140569,1,0.3999999999999999,0.0050450908233634,1,100,0.01,True,0.05214884767347594,0.7567713453103234,3.997747796718809,True,False
17,0.047751455792977994,0.5714042592497967,0.6597216060465073,0.6706488839446043,2,2026-07-25,2026,2026,MOV_MKT_STATS,abubakar vagaev,saygid izagakhmaev,Welterweight,favorite,abubakar vagaev,1.4878,0.66885937525188,-0.0048710215002529,0.5563004039123056,1.064398976750025,8.497393382778162,0.6595656000369797,0.6489216102694795,0.7338955440972611,0.5563004039123056,0.047056594594299,1,0.4878,0.0,1,100,0.01,True,-0.0022085904672176637,0.5714042592497967,1.0799995777027838,False,False
15,-0.04814126040851321,0.44724265744945063,0.7007058867816692,0.7178893113400932,2,2026-07-25,2026,2026,MOV_MKT_STATS,magomed zaynukov,damian rzepecki,Lightweight,favorite,magomed zaynukov,1.36364,0.7180222665806402,-0.0208761163999758,0.463102808843546,-0.7213834601320968,15.470012173884353,0.7034895708348176,0.7107034054361385,0.865403527174982,0.463102808843546,-0.0348320911788258,1,0.3636399999999999,0.0,1,100,0.01,True,-0.021057419484195372,0.44724265744945063,-0.9997518654469295,False,False
14,-0.04844323048109661,0.4277915221133705,0.5679858756636655,0.5709178757476052,2,2026-07-25,2026,2026,MOV_MKT_STATS,steve erceg,ramazan temirov,Flyweight,underdog,ramazan temirov,2.3,0.4221743459970747,-0.0289990042067282,0.5283376518525725,0.5087340095265458,9.89336311724291,0.5747441054245283,0.5798314455197937,0.4808978143473646,0.4716623481474274,-0.0208476840905644,1,1.2999999999999998,0.0,0,100,0.01,False,-0.01311111421949207,0.5722084778866294,1.1845569856128169,False,False
13,0.03488059813559917,0.5882517862277141,0.7310514993976867,0.7541866628819489,2,2026-07-25,2026,2026,MOV_MKT_STATS,magomed ankalaev,bogdan guskov,Light Heavyweight,favorite,magomed ankalaev,1.33333,0.7506969497176053,0.0009267639669745,0.5838765479181794,0.773412914546856,15.261944795370264,0.7318725595857655,0.7241384304402969,0.8767578783939995,0.5838765479181794,0.03906061241218,1,0.3333299999999999,0.0027803197041207,1,100,0.01,True,0.00557970322038881,0.5882517862277141,0.6913068957389745,False,False
