fight_id,pred_delta_live,p_steam_live,pred_qclose_live,p_mkt_live,event_id,event_date,year,fold,movement_spec,f1_name,f2_name,division,selected_side,selected_fighter,selected_odds,selected_p_market,selected_ev,selected_steam_prob,pred_clv_pp,realized_clv_pp,pred_qclose_fav,qfav_opening,qfav_closing,prob_fav_steams,pred_delta_fav,selected_won,unit_return,kelly_raw,result,movement_alpha,direction_C,sel_fav_live,ev_live,steam_sel_live,clv_live,qual_live,qual_ship
267,0.10664594021628643,0.6498612146469979,0.6816522224462641,0.6933755200945884,25,2026-01-24,2026,2026,MOV_MKT_STATS,justin gaethje,paddy pimblett,Lightweight,favorite,paddy pimblett,1.44444,0.7064271630368435,0.0203916513769382,0.714176250832464,3.5187009485356024,2.050514716085205,0.6932623993595168,0.6580753898741608,0.6785805370350129,0.714176250832464,0.1606866846081249,0,-1.0,0.0458816744148551,1,100,0.01,True,0.0015393362454272363,0.6498612146469979,2.35768325721033,False,False
268,-0.0764493650313401,0.42261143732564294,0.6440680207791886,0.6518857341471362,25,2026-01-24,2026,2026,MOV_MKT_STATS,sean o'malley,song yadong,Bantamweight,favorite,sean o'malley,1.4386,0.667921979675448,-0.0391274400389004,0.4925021201224123,-0.2680309526243207,-0.1839599795499524,0.6587140321392465,0.6613943416654897,0.6595547418699902,0.4925021201224123,-0.0119453079672308,1,0.4386000000000001,0.0,1,100,0.01,False,-0.02179891295345282,0.5773885626743571,1.732632088630115,False,False
269,0.13334111075743868,0.7075531847599141,0.7366779333080333,0.7563013501857104,25,2026-01-24,2026,2026,MOV_MKT_STATS,waldo cortes-acosta,derrick lewis,Heavyweight,favorite,waldo cortes-acosta,1.33557,0.7549472131284551,0.0082848494379708,0.703759280918531,2.5508651486561007,1.8537849806666395,0.7355184874026366,0.7100098359160756,0.728547685722742,0.703759280918531,0.1273725044727648,1,0.3355699999999999,0.0246888858895932,1,100,0.01,True,0.010093394267529199,0.7075531847599141,2.6668097391957746,False,False
270,0.011676978754552113,0.5518113328927043,0.6651805324350814,0.6750544564151567,25,2026-01-24,2026,2026,MOV_MKT_STATS,arnold allen,jean silva,Featherweight,favorite,jean silva,1.43103,0.6835532585431106,-0.0218147804270525,0.5919808888823438,1.0271606232460706,-0.6070660327781474,0.6728464995956296,0.6625748933631689,0.6565042330353874,0.5919808888823438,0.0462977202378876,1,0.43103,0.0,0,100,0.01,True,-0.03397682123621826,0.5518113328927043,0.2605639071912469,False,False
272,0.10904931615378348,0.7580591210594343,0.8705462627575126,0.9165773665942565,25,2026-01-24,2026,2026,MOV_MKT_STATS,ateba gautier,andrey pulyaev,Middleweight,favorite,ateba gautier,1.11111,0.9262376085956135,0.0291518692866723,0.8234939333967618,2.1260241021497706,1.2832196069341384,0.8790128523661082,0.8577526113446104,0.8705848074139518,0.8234939333967618,0.1863671863621033,1,0.11111,0.2623694472745237,1,100,0.01,True,0.018418277796544258,0.7580591210594343,1.2793651412902118,False,True
273,-0.020922654629050894,0.5011767307165299,0.6253824230874606,0.6316475885800237,25,2026-01-24,2026,2026,MOV_MKT_STATS,nikita krylov,modestas bukauskas,Light Heavyweight,favorite,modestas bukauskas,1.50761,0.6342721887398284,-0.0437649055339474,0.5130508531406999,-0.2453319779401885,-8.115363705365509,0.6278178439660274,0.6302711637454292,0.5491175266917742,0.5130508531406999,-0.0105136176281255,0,-1.0,0.0,1,100,0.01,True,-0.0477217789808706,0.5011767307165299,-0.48887406579686266,False,False
275,-0.010644227660960825,0.5191679943338079,0.6611942995836997,0.6706538013604275,25,2026-01-24,2026,2026,MOV_MKT_STATS,josh hokit,denzel freeman,Heavyweight,underdog,denzel freeman,2.83,0.3372430900149544,-0.0456020552576789,0.5170460012972344,0.9561929433522188,-2.69867587232826,0.6540127449928258,0.663574674426348,0.6905614331496306,0.4829539987027655,-0.0425402844172672,0,-1.0,0.0,1,100,0.01,True,-0.03775933888408589,0.5191679943338079,-0.2380374842648303,False,False
276,0.15792075837386413,0.7227769587415424,0.7292518082796794,0.747649210662138,25,2026-01-24,2026,2026,MOV_MKT_STATS,adam fugitt,ty miller,Welterweight,favorite,ty miller,1.4347826086956523,0.7418054667569676,0.0643295827382579,0.6963933651513172,2.724200322666825,8.93550893550893,0.7242117001963653,0.696969696969697,0.7863247863247863,0.6963933651513172,0.1325410885927685,1,0.4347826086956523,0.1479580402979932,0,100,0.01,True,0.07271408486306763,0.7227769587415424,3.2282111309982375,False,False
271,0.19922962211145298,0.8668279477168507,0.9105547909071321,0.9595281736408388,25,2026-01-24,2026,2026,MOV_MKT_STATS,umar nurmagomedov,deiveson figueiredo,Bantamweight,favorite,umar nurmagomedov,1.0694,0.9617211912750424,0.0284646419495304,0.8806860396123951,1.9905137628063008,0.6496161988883808,0.9128516609427764,0.8929465233147135,0.8994426853035973,0.8806860396123951,0.2277634766642997,1,0.0693999999999999,0.4101533422122551,1,100,0.01,True,0.026119428891512975,0.8668279477168507,1.7608267592418625,False,False
258,0.07916467592176936,0.7192874562126893,0.8554759742348461,0.898927735042396,24,2026-01-31,2026,2026,MOV_MKT_STATS,quillan salkilld,jamie mullarkey,Lightweight,favorite,quillan salkilld,1.14286,0.9068672962114644,0.0364223581482341,0.7597746482511224,1.6793501388618348,2.777584769307728,0.8622038026793232,0.8454103012907048,0.8731861489837821,0.7597746482511224,0.1346683390561854,1,0.14286,0.2549514080094788,1,100,0.01,True,0.02734855127055269,0.7192874562126893,1.006567294414129,False,False
254,-0.09421220004734024,0.40332162585781123,0.578522502353597,0.5817992714062411,24,2026-01-31,2026,2026,MOV_MKT_STATS,alexander volkanovski,diego lopes,Featherweight,underdog,diego lopes,2.38,0.4139586533975881,-0.0147784049137403,0.5760349690748658,1.875915535119277,1.9995060974436152,0.582550081819824,0.6013092371710168,0.5813141761965807,0.4239650309251341,-0.0776726755573603,0,-1.0,0.0,1,100,0.01,False,-0.004682265946853836,0.5966783741421888,2.2786734817419774,False,False
255,0.03558952233821648,0.5750238388855768,0.7035251721243364,0.7180627930146382,24,2026-01-31,2026,2026,MOV_MKT_STATS,dan hooker,benoit saint denis,Lightweight,favorite,benoit saint denis,1.4366812227074237,0.7367892858834155,0.058531332120715,0.6718139936735662,2.3820714331386217,6.0642365348065,0.7198693465502313,0.696048632218845,0.75669099756691,0.6718139936735662,0.1152618010531466,1,0.4366812227074237,0.1340367505564374,0,100,0.01,True,0.03162733144897811,0.5750238388855768,0.7476539905491353,False,False
256,-0.04630710349648132,0.4598529426910869,0.5544432777185687,0.5565638059570422,24,2026-01-31,2026,2026,MOV_MKT_STATS,rafael fiziev,mauricio ruffy,Lightweight,underdog,mauricio ruffy,2.19,0.4482210545130679,-0.0183958906163812,0.5775780965556514,1.5994225699184073,3.3722040340045667,0.5498577691228826,0.5658519948220667,0.532129954482021,0.4224219034443486,-0.0648510072931045,1,1.19,0.0,0,100,0.01,False,-0.028874735045922528,0.5401470573089131,1.1408717103498,False,False
259,-0.018379722684116657,0.46995888320707996,0.6335214340697484,0.6404339154796633,24,2026-01-31,2026,2026,MOV_MKT_STATS,junior tafa,billy elekana,Light Heavyweight,favorite,billy elekana,1.50505,0.6427089679645203,-0.0326908677649987,0.491244384593869,-0.2155843527735235,5.9947641863891565,0.635622281885918,0.6377781254136532,0.6977257672775448,0.491244384593869,-0.0093200459880034,1,0.50505,0.0,0,100,0.01,True,-0.03611493550733269,0.46995888320707996,-0.4256691343904828,False,False
263,-0.05138913923554881,0.4702029399473873,0.6125195186685712,0.6178463363165069,24,2026-01-31,2026,2026,MOV_MKT_STATS,kaan ofli,yizha,Featherweight,favorite,yizha,1.52632,0.6388148943655714,-0.0249640504319411,0.5819952908191801,0.7381301966751352,5.54430201640963,0.6320247141920557,0.6246434122253044,0.6800864323894007,0.5819952908191801,0.0316082487398892,0,-1.0,0.0,1,100,0.01,False,-0.029329694243927396,0.5297970600526127,1.2123893556733156,False,False
261,-0.009389782948803622,0.4889734340603313,0.6429407789234328,0.6506580241618324,24,2026-01-31,2026,2026,MOV_MKT_STATS,jacob malkoun,torrez finney,Middleweight,underdog,torrez finney,2.7,0.3643385038942961,-0.0162860394854004,0.5618435615086976,1.598788737325918,8.38496682334432,0.629105579502386,0.6450934668756452,0.561243798642202,0.4381564384913023,-0.0691590940243733,0,-1.0,0.0,1,100,0.01,True,-0.03348654458904765,0.4889734340603313,-0.2152687952212351,False,False
262,0.015560326316136113,0.5485751262702836,0.5231634416402284,0.5240166700366544,24,2026-01-31,2026,2026,MOV_MKT_STATS,jonathan micallef,oban elliott,Welterweight,favorite,jonathan micallef,1.83333,0.5257405444716452,-0.0361440876037987,0.5651991411617311,0.5544021442588809,1.7003374143290009,0.524824409095589,0.5192803876530002,0.5362837617962902,0.5651991411617311,0.0222195373743894,1,0.8333299999999999,0.0,1,100,0.01,True,-0.039304518321700455,0.5485751262702836,0.3883053987228213,False,False
265,-0.05029756726249686,0.4521398047502095,0.6312281247775304,0.6379538209964092,24,2026-01-31,2026,2026,MOV_MKT_STATS,keiichiro nakamura,sebastian szalay,Featherweight,underdog,keiichiro nakamura,2.7,0.3732534538947203,0.0077843255157448,0.6024095580912526,2.203182713670526,10.74306210502083,0.6208253157204375,0.6428571428571428,0.5354265218069345,0.3975904419087473,-0.0947339249618376,1,1.7000000000000002,0.0045790150092616,1,100,0.01,False,-0.02247531669030478,0.5478601952497906,1.1629018079612363,False,False
260,-6.722176783073965e-05,0.5304349413591674,0.6874855576412905,0.6999184872580587,24,2026-01-31,2026,2026,MOV_MKT_STATS,cam rowston,cody brundage,Middleweight,favorite,cam rowston,1.4545454545454546,0.697662101224551,0.0147812381448013,0.5143789310300213,-0.2023160576364202,5.6745524296675125,0.6854768394236358,0.6875,0.7442455242966751,0.5143789310300213,-0.0094003642926319,1,0.4545454545454546,0.032518723918563,1,100,0.01,True,0.018063254193539935,0.5304349413591674,-0.001444235870950994,False,False
266,-0.15031569795302077,0.3144247747440636,0.6204668392831391,0.6263615606407733,24,2026-01-31,2026,2026,MOV_MKT_STATS,sulangrangbo,lawrence lui,Bantamweight,underdog,sulangrangbo,2.899984800121599,0.3721557769473507,0.0792460964247612,0.6759857331188502,3.332359999610579,34.461160021473326,0.6218470064298075,0.6551706064259133,0.31055900621118,0.3240142668811497,-0.1444506527181295,0,-1.0,0.0417088054702803,0,100,0.01,False,0.08354579488291325,0.6855752252559364,3.4703767142774233,False,False
243,-0.09476539241016511,0.3857580424922929,0.6101793962091236,0.6153460099592049,23,2026-02-07,2026,2026,MOV_MKT_STATS,mario bautista,vinicius oliveira,Bantamweight,underdog,vinicius oliveira,2.59,0.377124930453903,-0.0232464301243912,0.5810576985660961,1.5253805850685254,7.873239878142513,0.6172171041504136,0.6324709100010989,0.5537385112196738,0.4189423014339039,-0.0650788997654094,0,-1.0,0.0,1,100,0.01,False,-0.003746165794340617,0.6142419575077072,2.229151379197525,False,False
253,0.15496077140352277,0.728972486234846,0.5418222681867582,0.54340698678768,23,2026-02-07,2026,2026,MOV_MKT_STATS,muin gafurov,jakub wiklacz,Bantamweight,underdog,muin gafurov,1.90909,0.527134779442386,0.0063477360856645,0.6345265013751193,2.934749410926302,3.617888182724138,0.4738324850686603,0.5031799791779233,0.4670010973506819,0.3654734986248807,-0.1174858675031319,0,-1.0,0.0069825166767476,0,100,0.01,True,0.024300433815305222,0.728972486234846,3.864228900883482,False,False
252,0.015288278186630843,0.5470171769950064,0.7032829577578502,0.7177870927967115,23,2026-02-07,2026,2026,MOV_MKT_STATS,wang cong,eduarda moura,Catch Weight,favorite,wang cong,1.36232,0.7086258885352642,-0.0346247795306389,0.5173749482242325,-0.4874730068605615,3.631516181415251,0.6952080470144708,0.7000827770830764,0.7363979388972289,0.5173749482242325,-0.0231103415624281,1,0.36232,0.0,1,100,0.01,True,-0.022144287741184043,0.5470171769950064,0.32001806747737893,False,False
251,0.07488050242563503,0.7001278791677991,0.8660690152588365,0.9113868598719866,23,2026-02-07,2026,2026,MOV_MKT_STATS,javid basharat,gianni vazquez,Bantamweight,favorite,javid basharat,1.125,0.9086472386899348,0.0222281435261768,0.6823793026124406,0.657978878236043,-0.885408572992108,0.8637226459252175,0.8571428571428571,0.848288771412936,0.6823793026124406,0.0548000591354979,1,0.125,0.1778251482094148,1,100,0.01,True,0.025310217355984932,0.7001278791677991,0.892615811597941,False,False
250,0.02085861317878086,0.5564391667664503,0.7454237084104038,0.7665542304105003,23,2026-02-07,2026,2026,MOV_MKT_STATS,nikolay veretennikov,niko price,Welterweight,favorite,nikolay veretennikov,1.30769,0.7534613169412369,-0.0147061704491139,0.4887883939006044,-0.7200170327292921,-4.347636061379112,0.7342450348948539,0.7414452052221469,0.6979688446083557,0.4887883939006044,-0.0372255106003603,1,0.30769,0.0,1,100,0.01,True,0.0024153015655070664,0.5564391667664503,0.39785031882569877,False,False
249,0.17148230915435747,0.7756845595912364,0.8275182114187591,0.8653025854262616,23,2026-02-07,2026,2026,MOV_MKT_STATS,alex morono,daniil donchenko,Welterweight,favorite,daniil donchenko,1.2,0.8842151569728106,0.0610581883673726,0.8582489394573175,4.151197222567859,5.752419267975483,0.8431648647876621,0.8016528925619835,0.8591770852417383,0.8582489394573175,0.2853102004442082,1,0.1999999999999999,0.3052909418368633,0,100,0.01,True,0.03836310251151387,0.7756845595912364,2.5865318856775676,True,True
248,-0.15560436657711377,0.3068893865478279,0.5690208032696766,0.5718170927723351,23,2026-02-07,2026,2026,MOV_MKT_STATS,dustin jacoby,julius walker,Light Heavyweight,underdog,julius walker,2.45,0.4186182334658589,0.0256146719913543,0.66617874907932,2.8574184383860946,1.435456324105655,0.5781257641085517,0.6066999484924126,0.592345385251356,0.33382125092068,-0.1183773600877381,0,-1.0,0.0176652910285202,1,100,0.01,False,0.04904812270777925,0.6931106134521721,3.7679145222735966,False,False
247,-0.06608930663279997,0.4358538162641327,0.6778931816733974,0.6891745734926834,23,2026-02-07,2026,2026,MOV_MKT_STATS,jean matsumoto,farid basharat,Bantamweight,favorite,farid basharat,1.37879,0.7179777312018645,-0.0100594839961812,0.5708078603735667,1.1299218304027914,3.130765786270684,0.7034504466491837,0.6921512283451557,0.7234588862078626,0.5708078603735667,0.0535872950913617,1,0.3787899999999999,0.0,0,100,0.01,False,-0.03644117782731848,0.5641461837358672,1.425804667175834,False,False
245,-0.1056696243670274,0.3913943637470528,0.5812220190244224,0.5846418060852144,23,2026-02-07,2026,2026,MOV_MKT_STATS,jailton almeida,rizvan kuniev,Heavyweight,favorite,jailton almeida,1.58824,0.6340278031596404,0.0069883180902672,0.5965207310729351,2.0891273958994594,0.0582947872137085,0.6275912224514072,0.6066999484924126,0.6072828963645497,0.5965207310729351,0.0884353798731518,0,-1.0,0.0118800457130885,0,100,0.01,False,0.0176275750912247,0.6086056362529473,2.5477929467990212,False,False
244,-0.014278294075655317,0.49968738003411955,0.7351813817508264,0.7545537279538997,23,2026-02-07,2026,2026,MOV_MKT_STATS,amir albazi,kyoji horiguchi,Flyweight,favorite,kyoji horiguchi,1.28902,0.7732140714738004,-0.0033115975888418,0.6041100912472658,1.3122378379935462,1.2444391704501845,0.7510742468415396,0.7379518684616041,0.7503962601661059,0.6041100912472658,0.0689994303975475,1,0.28902,0.0,0,100,0.01,True,-0.027365153592864067,0.49968738003411955,-0.2770486710777731,False,False
233,0.0352496943713845,0.5786898771710294,0.5412318599248668,0.5427924460100337,22,2026-02-21,2026,2026,MOV_MKT_STATS,dan ige,melquizael costa,Featherweight,favorite,melquizael costa,1.8,0.5490864984412027,-0.011644302805835,0.6077454830083294,1.4807628511599336,14.859838109158186,0.5472751609791318,0.5324675324675324,0.6810659135591143,0.6077454830083294,0.0596140626690836,1,0.8,0.0,0,100,0.01,True,-0.022973597181939254,0.5786898771710294,0.8764327457334353,False,False
231,0.0697512444449796,0.6216764919026739,0.7002295454647944,0.7143160670440112,22,2026-02-21,2026,2026,MOV_MKT_STATS,sean strickland,anthony hernandez,Middleweight,favorite,anthony hernandez,1.38168,0.7369960396923417,0.0182926881221148,0.7066265770083798,3.466170812001901,1.2086682206134736,0.720048621556335,0.685386913436316,0.6974735956424507,0.7066265770083798,0.1660628712870182,0,-1.0,0.0479267661971149,1,100,0.01,True,-0.013043776486630576,0.6216764919026739,1.4842632028478464,False,False
232,0.010878862551521495,0.5176086958446834,0.6236656926761177,0.6297997698008962,22,2026-02-21,2026,2026,MOV_MKT_STATS,geoff neal,uros medic,Welterweight,favorite,geoff neal,1.55556,0.6245895360204442,-0.0284135013480377,0.4955873367793154,-0.2293045326543397,2.660744628814793,0.6188158898735266,0.62110893520007,0.647716381488218,0.4955873367793154,-0.0097324399423797,0,-1.0,0.0,0,100,0.01,True,-0.020308670088517777,0.5176086958446834,0.25567574760476663,False,False
234,-0.16913412105833417,0.3162977246349414,0.5876464355917045,0.5914190861037374,22,2026-02-21,2026,2026,MOV_MKT_STATS,serghei spivac,ante delija,Heavyweight,underdog,serghei spivac,2.6,0.4070424112259048,0.0583102691873524,0.6797388269566865,3.8835000002998665,10.003296427027708,0.5891024187877871,0.6279374187907858,0.5279044545205087,0.3202611730433135,-0.1631223756029424,1,1.6,0.0364439182420953,1,100,0.01,False,0.062310376130282785,0.6837022753650586,4.029098319908131,False,False
239,-0.022208557231158804,0.5032601694404387,0.6497513489411635,0.6580895878692822,22,2026-02-21,2026,2026,MOV_MKT_STATS,alden coria,luis gurule,Flyweight,favorite,alden coria,1.47619,0.7099097495386475,0.047961673171456,0.7263146153440376,4.155427369302367,11.485170621934117,0.6963427653175773,0.6547884916245537,0.7696401978438948,0.7263146153440376,0.1897874972227805,1,0.4761899999999999,0.1007196143796721,1,100,0.01,True,-0.028534731283244463,0.5032601694404387,-0.5037142683390172,False,False
237,-0.003671544651375168,0.5305627973200935,0.7214826349490562,0.738650909926182,22,2026-02-21,2026,2026,MOV_MKT_STATS,chidi njokuani,carlos leal,Welterweight,favorite,carlos leal,1.38462,0.7475652167230113,0.0350937503790158,0.5929026199997305,0.6959691187523376,-14.062834793284162,0.7291795060103629,0.7222198148228395,0.5815914668899979,0.5929026199997305,0.0349642749474328,1,0.3846199999999999,0.0912426560735683,0,100,0.01,True,0.022750822901990153,0.5305627973200935,-0.07371798737833002,False,False
238,0.014052595549653255,0.526819032886633,0.646076987212276,0.654076014984583,22,2026-02-21,2026,2026,MOV_MKT_STATS,ode osbourne,alibi idiris,Flyweight,favorite,alibi idiris,1.5,0.6432575288462932,-0.0351137067305602,0.4734437296988356,-0.6728717248442928,-8.721831326511087,0.6361284256086999,0.6428571428571428,0.5556388295920319,0.4734437296988356,-0.0291871826644641,1,0.5,0.0,0,100,0.01,True,-0.018885977523125486,0.526819032886633,0.3219844355133228,False,False
240,-0.032060903648385305,0.468951775189249,0.6005223952903674,0.605059828910028,22,2026-02-21,2026,2026,MOV_MKT_STATS,ramiz brahimaj,punahele soriano,Welterweight,underdog,ramiz brahimaj,2.46,0.3994416915612683,-0.0173734387592799,0.5573866984755185,1.19065956143114,6.580450140768157,0.596281695524929,0.6081882911392404,0.5423837897315589,0.4426133015244815,-0.0497073032465046,0,-1.0,0.0,0,100,0.01,False,-0.028447179118668786,0.531048224810751,0.7665895848873006,False,False
241,0.16744089780178434,0.7260942305986487,0.723596222135431,0.7410934359504703,22,2026-02-21,2026,2026,MOV_MKT_STATS,phil rowe,jean-paul lebosnoyani,Welterweight,favorite,jean-paul lebosnoyani,1.4,0.726260224592747,0.0167643144298457,0.6555812836046095,2.1816941368718035,-3.531888112182502,0.7107058302576069,0.6888888888888889,0.6535700077670639,0.6555812836046095,0.1038846696744341,1,0.3999999999999999,0.0419107860746143,0,100,0.01,True,0.037530810330658415,0.7260942305986487,3.470733324654207,False,False
235,0.05888231449550395,0.6211840166047509,0.8108494990188542,0.8450512659544923,22,2026-02-21,2026,2026,MOV_MKT_STATS,jacobe smith,josiah harrell,Welterweight,favorite,jacobe smith,1.2,0.8498947221709,0.01987366660508,0.6539377492741624,1.3181566692042734,-7.626904360857889,0.8148344592540262,0.8016528925619835,0.7253838489534046,0.6539377492741624,0.0850775871612652,1,0.1999999999999999,0.0993683330254003,1,100,0.01,True,0.014061519145390777,0.6211840166047509,0.9196606456870704,False,False
220,0.04725652968997751,0.5847769065350563,0.5912990131886854,0.5952805274481784,21,2026-02-28,2026,2026,MOV_MKT_STATS,marlon vera,david martinez,Bantamweight,favorite,david martinez,1.66667,0.6085504477407787,0.0142527747361236,0.6448136999316816,2.3973333169223787,14.657542141870328,0.6038047786890174,0.5798314455197936,0.7264068669384969,0.6448136999316816,0.099262359540967,1,0.6666700000000001,0.0213790552089093,0,100,0.01,True,-0.007863803317944451,0.5847769065350563,1.1467567668891787,False,False
221,0.19731107669460687,0.7954435738996286,0.8213463503994576,0.8578087887004201,21,2026-02-28,2026,2026,MOV_MKT_STATS,daniel zellhuber,king green,Lightweight,favorite,daniel zellhuber,1.19231,0.8651716055318266,0.031552756991652,0.8334393455434531,3.6870033239229993,-2.339642736719449,0.8274102532904921,0.7905402200512621,0.7671437926840676,0.8334393455434531,0.2391984793435831,0,-1.0,0.1640723674881808,0,100,0.01,True,0.022773996855397938,0.7954435738996286,3.080613034819546,True,True
222,0.06349988564842883,0.6091942369297922,0.6761473299039623,0.6872275312006466,21,2026-02-28,2026,2026,MOV_MKT_STATS,edgar chairez,felipe bunes,Flyweight,favorite,edgar chairez,1.45455,0.6997533089378349,0.0178261755155277,0.6699227532538374,2.5248501225979103,5.612566010309028,0.6873386151751724,0.6620901139491933,0.7182157740522835,0.6699227532538374,0.1150838732661144,1,0.45455,0.0392171939622215,1,100,0.01,True,-0.0003931944920995134,0.6091942369297922,1.4057215954769053,False,False
223,0.07968918995913647,0.6022352339963738,0.6900777543040798,0.7028354666296036,21,2026-02-28,2026,2026,MOV_MKT_STATS,imanol rodriguez,kevin borjas,Flyweight,favorite,imanol rodriguez,1.43478,0.7033854305473057,0.0092033480406632,0.602984480372946,1.7784142841841488,11.573107467532717,0.6905659015617772,0.6727817587199357,0.7885128333952629,0.602984480372946,0.08197262531267,1,0.4347799999999999,0.0211678275004904,1,100,0.01,True,0.008414270810822577,0.6022352339963738,1.7295995584144075,False,False
224,0.2348673082024716,0.8176706818025757,0.8018692054594149,0.8341444989238525,21,2026-02-28,2026,2026,MOV_MKT_STATS,santiago luna,angel pacheco,Bantamweight,favorite,santiago luna,1.25,0.8512684483185272,0.0640855603981589,0.8746406428584419,5.405986727500656,9.707841361245428,0.8159646291797684,0.7619047619047619,0.8589831755172161,0.8746406428584419,0.3260922257722203,1,0.25,0.2563422415926357,1,100,0.01,True,0.04268062365481562,0.8176706818025757,3.9964443554653006,True,True
226,0.06496273731696967,0.6640285432164029,0.811780307024321,0.8461825123065017,21,2026-02-28,2026,2026,MOV_MKT_STATS,cristian quinonez,kris moutinho,Bantamweight,favorite,cristian quinonez,1.2,0.8567627109518268,0.0281152531421919,0.72451970631458,1.88325009003294,2.6640911265980893,0.8204853934623129,0.8016528925619835,0.8282938038279644,0.72451970631458,0.1229823821335868,1,0.1999999999999999,0.1405762657109599,1,100,0.01,True,0.015419014767801942,0.6640285432164029,1.0127414462337558,False,False
227,0.13329563364264263,0.6981493334050917,0.6842668561196018,0.6963046112076885,21,2026-02-28,2026,2026,MOV_MKT_STATS,douglas silva de andrade,javier reyes,Featherweight,favorite,javier reyes,1.47619,0.7022757786016386,0.0366924816139528,0.7186661306931867,3.4792294519265354,2.179221576800483,0.689580786143819,0.6547884916245537,0.6765807073925585,0.7186661306931867,0.1580051969375611,1,0.4761899999999999,0.0770542884435895,0,100,0.01,True,0.027877904018677624,0.6981493334050917,2.947836449504815,False,False
229,0.17346588947113264,0.7844872288898869,0.8141000143949974,0.8490020010997272,21,2026-02-28,2026,2026,MOV_MKT_STATS,erik silva,francis marshall,Featherweight,favorite,francis marshall,1.22222,0.8527264942308459,0.0422193757788245,0.8023611925676098,3.0756128815848105,7.705750751224483,0.8171642012073325,0.7864080723914844,0.8634655799037292,0.8023611925676098,0.193843060145613,1,0.22222,0.1899890908956191,0,100,0.01,True,0.03766722578410864,0.7844872288898869,2.7691942003512993,True,True
230,0.05429533140865177,0.6543864711807933,0.8085459520947068,0.8422521026431764,21,2026-02-28,2026,2026,MOV_MKT_STATS,damian pinas,wes schultz,Middleweight,favorite,damian pinas,1.25,0.8392468411382475,0.0490585514228094,0.638201246459765,0.6072028714093181,-8.818529960280742,0.8060720287140932,0.8,0.7118147003971926,0.638201246459765,0.0383919349544245,1,0.25,0.1962342056912378,1,100,0.01,True,0.05281512830397039,0.6543864711807933,0.8545952094706766,False,False
207,-0.02239041696992854,0.48208348442843457,0.6352648915814451,0.6423217316951536,20,2026-03-07,2026,2026,MOV_MKT_STATS,max holloway,charles oliveira,Lightweight,favorite,max holloway,1.4878,0.648646572134123,-0.0349436299788518,0.5119169621347601,0.0655189851616722,-0.1242719287566695,0.6410921370216104,0.6404369471699937,0.639194227882427,0.5119169621347601,0.0028463584084022,0,-1.0,0.0,0,100,0.01,True,-0.04435372758395051,0.48208348442843457,-0.5172055588548607,False,False
208,-0.07559351131350797,0.4555705518250949,0.6739083019144906,0.6847342029448914,20,2026-03-07,2026,2026,MOV_MKT_STATS,caio borralho,reinier de ridder,Middleweight,favorite,caio borralho,1.37736,0.7144318906593841,-0.0159700910813908,0.6000828659849922,1.0034387465043038,-2.761595218918733,0.700331552524764,0.6902971650597209,0.6626812128705336,0.6000828659849922,0.0473682428419053,1,0.3773599999999999,0.0,1,100,0.01,False,-0.032134003040816705,0.544429448174905,1.638886314523036,False,False
210,-0.18321411967972887,0.2781405965800983,0.5265053726018063,0.5274855369773834,20,2026-03-07,2026,2026,MOV_MKT_STATS,drew dober,michael johnson,Lightweight,favorite,michael johnson,1.66225,0.5740908253431768,-0.0457175255733043,0.4892003006230765,-0.0645389671507734,-21.2394340643997,0.5711879543944335,0.5718333440659412,0.3594390034219442,0.4892003006230765,-0.0026354678187134,0,-1.0,0.0,1,100,0.01,False,0.04898210791020885,0.7218594034199017,4.5327971464134915,False,False
211,-0.04583739170417632,0.4632932434597391,0.6303173276618399,0.6369698083503891,20,2026-03-07,2026,2026,MOV_MKT_STATS,gregory rodrigues,brunno ferreira,Middleweight,favorite,gregory rodrigues,1.4902,0.6464016933784222,-0.0367321965274751,0.5098529760389703,-0.1906618622818601,-4.802266053867987,0.6390263484631049,0.6409329670859235,0.5929103065472436,0.5098529760389703,-0.008275064463849,1,0.4901999999999999,0.0,1,100,0.01,False,-0.03433969021203487,0.5367067565402609,1.0615639424083612,False,False
218,0.05922447107459675,0.5907884224332274,0.6761776979215597,0.6872613770014963,20,2026-03-07,2026,2026,MOV_MKT_STATS,luke fernandez,rodolfo bellato,Light Heavyweight,favorite,luke fernandez,1.4329,0.6822411131639702,-0.022416708947347,0.5664691800398216,0.858879200756435,0.3915069380518554,0.6716657512588987,0.6630769592513344,0.6669920286318529,0.5664691800398216,0.0386921600681102,0,-1.0,0.0,0,100,0.01,True,-0.015223172894555992,0.5907884224332274,1.310073867022532,False,False
214,0.0579669096009034,0.5915435595095849,0.637713009268209,0.6449760406718299,20,2026-03-07,2026,2026,MOV_MKT_STATS,ricky turcios,alberto montes,Featherweight,favorite,alberto montes,1.5291,0.641855516902705,-0.0185387291040738,0.5718699629122167,1.061784657850895,0.0490893875827125,0.6348345038245831,0.6242166572460741,0.6247075511219012,0.5718699629122167,0.045528922027042,1,0.5290999999999999,0.0,0,100,0.01,True,-0.013767136208704955,0.5915435595095849,1.3496352022134839,False,False
215,0.09973417314133096,0.6478251203218274,0.6173644017770712,0.623032960903438,20,2026-03-07,2026,2026,MOV_MKT_STATS,cody durden,nyamjargal tumendemberel,Flyweight,favorite,nyamjargal tumendemberel,1.60241,0.5977000703875935,-0.0422394302102162,0.5249821018483224,0.0039103887397362,4.663926294255772,0.5935846762657142,0.5935455723783168,0.6401848353208746,0.5249821018483224,0.0001620916306339,1,0.6024099999999999,0.0,0,100,0.01,True,-0.0016457531187220598,0.6478251203218274,2.381882939875435,False,False
217,0.14373579724365992,0.7042735454700378,0.7017521240343865,0.716045842598937,20,2026-03-07,2026,2026,MOV_MKT_STATS,rafael tobias,diyar nurgozhay,Light Heavyweight,favorite,rafael tobias,1.41322,0.7111837836386993,0.0050591467138825,0.6826963651428409,2.664264000646599,-5.8680814910763495,0.6974678015402332,0.6708251615337673,0.6121443466230038,0.6826963651428409,0.1233491315012859,0,-1.0,0.0122432280961292,0,100,0.01,True,0.011930305677669617,0.7042735454700378,3.0926962500619215,False,False
213,0.10572856161494158,0.7054404756986088,0.8078253222774353,0.8413765847260772,20,2026-03-07,2026,2026,MOV_MKT_STATS,donte johnson,cody brundage,Middleweight,favorite,donte johnson,1.20576,0.8656500535953444,0.0437662086231225,0.8184029594356157,3.6928833524631166,6.672107743020684,0.8278046244004221,0.790875790875791,0.8575968683059978,0.8184029594356157,0.2399348788619099,1,0.2057599999999999,0.2127051352212409,1,100,0.01,True,0.014498230799314893,0.7054404756986088,1.6949531401644347,False,True
199,0.07962924134751231,0.6253086762404344,0.6841211832977776,0.6961412645866394,19,2026-03-14,2026,2026,MOV_MKT_STATS,ion cutelaba,oumar sy,Light Heavyweight,favorite,oumar sy,1.5,0.6908972398459818,0.0363458597689727,0.5979519589637161,1.2769264528904145,9.91415290126435,0.6794359311955709,0.6666666666666667,0.7658081956793102,0.5979519589637161,0.0580336013774981,0,-1.0,0.0726917195379455,1,100,0.01,True,0.04421189687995897,0.6253086762404344,1.7454516631110861,False,False
196,0.22398622899558746,0.8357628113349415,0.8319917291280972,0.8707256494996019,19,2026-03-14,2026,2026,MOV_MKT_STATS,josh emmett,kevin vallejos,Featherweight,favorite,kevin vallejos,1.2,0.8808171701284472,0.0569806041541365,0.8731595948923889,4.202317058165528,0.5942437269869649,0.8403424983127478,0.7983193277310925,0.8042617650009621,0.8731595948923889,0.2849555771804213,1,0.1999999999999999,0.2849030207706827,0,100,0.01,True,0.04487077939952222,0.8357628113349415,3.367240139700467,True,True
197,-0.01830162069739636,0.5317078646861615,0.6835545823908165,0.6955060937884003,19,2026-03-14,2026,2026,MOV_MKT_STATS,andre fili,jose delgado,Featherweight,favorite,jose delgado,1.4545454545454546,0.7099062112342206,0.0325908527043208,0.6022725241288497,0.8839639434166435,8.978285077950998,0.6963396394341664,0.6875,0.77728285077951,0.6022725241288497,0.0414703267824734,1,0.4545454545454546,0.0716998759495058,0,100,0.01,True,0.011645227328582308,0.5317078646861615,-0.39454176091835436,False,False
198,0.056991188265322575,0.5916503318129867,0.6558327008116872,0.6647543984042122,19,2026-03-14,2026,2026,MOV_MKT_STATS,marwan rahiki,harry hardwick,Featherweight,favorite,marwan rahiki,1.5,0.6679780320666298,0.0019670480999445,0.6058884686890622,1.5907823905519924,7.476036701009781,0.6587649667626628,0.6428571428571429,0.7176175098672407,0.6058884686890622,0.0700086677464948,1,0.5,0.003934096199889,1,100,0.01,True,-0.0028684023936815795,0.5916503318129867,1.2975557954544303,False,False
200,-0.0343421378917603,0.43728346265910734,0.5917290918076208,0.5957356077228165,19,2026-03-14,2026,2026,MOV_MKT_STATS,charles johnson,bruno silva,Flyweight,underdog,bruno silva,2.4999925000375,0.4154992722590284,0.03874506441861,0.6095332165542615,1.8910693365277955,-4.91242347776123,0.581088106637122,0.5999988000023999,0.6491230347800122,0.3904667834457385,-0.0782183356707541,0,-1.0,0.0258301720959547,1,100,0.01,False,0.010657948725176336,0.5627165373408927,0.8269708194779124,False,False
202,-0.09428572263030571,0.37927705863938693,0.6620732002061798,0.6716229966159226,19,2026-03-14,2026,2026,MOV_MKT_STATS,vitor petrino,steven asplund,Heavyweight,underdog,steven asplund,3.05,0.3395449901588291,0.0356122199844286,0.6828619450455373,3.092271513457523,2.959942689234752,0.6519125961823566,0.6828353113169319,0.6532358844245844,0.3171380549544627,-0.1393756540417539,0,-1.0,0.0173718146265505,1,100,0.01,False,0.001549860321435892,0.620722941360613,2.07621111107521,False,False
206,0.013434213882896884,0.5290279798500536,0.6327569435436324,0.6396067694326464,19,2026-03-14,2026,2026,MOV_MKT_STATS,luan lacerda,hecher sosa,Bantamweight,favorite,hecher sosa,1.588235294117647,0.6325795553793714,0.0046851761907662,0.4937616235159543,-0.3382012315961358,0.0,0.6262476173136683,0.6296296296296297,0.6296296296296297,0.4937616235159543,-0.0144759031241486,1,0.588235294117647,0.0079647995243026,0,100,0.01,True,0.01584604556949709,0.5290279798500536,0.3127313914002783,False,False
203,0.11229781296165174,0.6613672521505521,0.73664216431996,0.7562595569450984,19,2026-03-14,2026,2026,MOV_MKT_STATS,elijah smith,suyoung you,Bantamweight,favorite,elijah smith,1.4,0.7315832174135423,0.024216504378959,0.5606668916384644,0.1061073818766078,1.6174475633935037,0.7153467881044804,0.7142857142857143,0.7304601899196493,0.5606668916384644,0.0052050725650211,1,0.3999999999999999,0.0605412609473976,1,100,0.01,True,0.05876337972313772,0.6613672521505521,2.235645003424569,False,False
204,0.07118116099439453,0.5958156748057438,0.6590284867562207,0.6682680619313093,19,2026-03-14,2026,2026,MOV_MKT_STATS,bolaji oki,manoel sousa,Lightweight,favorite,manoel sousa,1.5,0.6617444383337584,-0.0073833424993623,0.5619483837179987,1.023224226057673,6.661965574201789,0.6530893851177195,0.6428571428571428,0.7094767985991607,0.5619483837179987,0.0448601860363099,1,0.5,0.0,0,100,0.01,True,0.0024020928969639144,0.5958156748057438,1.6171343899077928,False,False
205,-0.08540445489095187,0.40815888637976827,0.6077761663808917,0.6127814643596053,19,2026-03-14,2026,2026,MOV_MKT_STATS,brad tavares,eryk anders,Middleweight,underdog,eryk anders,2.6,0.3906264777502668,0.0156288421506938,0.6078715044204663,2.3359445483648766,17.626953217138265,0.604577973307137,0.6279374187907858,0.4516678866194031,0.3921284955795337,-0.098801407428427,1,1.6,0.0097680263441836,0,100,0.01,False,0.0067681926650260404,0.5918411136202317,2.016125240989408,False,False
201,0.1186504268308281,0.6845860988022979,0.7137322441505294,0.7297291771174915,19,2026-03-14,2026,2026,MOV_MKT_STATS,chris curtis,myktybek orolbai,Welterweight,favorite,myktybek orolbai,1.4,0.7487678744795564,0.0482750242713789,0.7570247037271071,4.132548021052807,10.31357671830132,0.730214369099417,0.6888888888888889,0.7920246560719021,0.7570247037271071,0.2007805884465176,1,0.3999999999999999,0.1206875606784474,0,100,0.01,True,0.021620847964488155,0.6845860988022979,2.48433552616405,False,True
184,0.10265208662183428,0.6617637330918202,0.694589798772887,0.7079268600006112,18,2026-03-21,2026,2026,MOV_MKT_STATS,movsar evloev,lerone murphy,Featherweight,favorite,movsar evloev,1.40323,0.7083275978192088,-0.0060534649121516,0.6572478266221267,2.255450164332784,1.088432404703421,0.6949442635753278,0.672389761932,0.6832740859790342,0.6572478266221267,0.1043235717292921,1,0.40323,0.0,1,100,0.01,True,-0.006615792241342344,0.6617637330918202,2.2200036840887005,False,False
188,0.1100205036299014,0.6768905041837133,0.7119657436127983,0.727703357583312,18,2026-03-21,2026,2026,MOV_MKT_STATS,roman dolidze,christian leroy duncan,Middleweight,favorite,christian leroy duncan,1.4,0.7342884396867174,0.0280038155614044,0.7081115350265001,2.880997199391744,7.667858800335747,0.7176988608828063,0.6888888888888889,0.7655674768922464,0.7081115350265001,0.1381458220062324,1,0.3999999999999999,0.070009538903511,0,100,0.01,True,0.018784700616636618,0.6768905041837133,2.3076854723909412,False,False
189,0.06633045446383509,0.6165496684218208,0.5489387137271278,0.5508206083462228,18,2026-03-21,2026,2026,MOV_MKT_STATS,kurtis campbell,danny silva,Featherweight,favorite,kurtis campbell,1.8,0.5548587182821086,-0.0012543070922044,0.6338696970058068,2.0342327397175786,16.811153992198946,0.5528098598647083,0.5324675324675325,0.700579072389522,0.6338696970058068,0.0819771066705226,0,-1.0,0.0,0,100,0.01,True,-0.008522904976798862,0.6165496684218208,1.6471181259595236,False,False
186,-0.18434486139778247,0.27283888970292075,0.5429520801039708,0.5445831920207609,18,2026-03-21,2026,2026,MOV_MKT_STATS,michael page,sam patterson,Welterweight,underdog,sam patterson,2.35,0.4509794933725268,0.0598018094254382,0.7182672204260896,4.099989505063551,-4.985318690512308,0.5472118411501675,0.588211736200803,0.6380649231059261,0.2817327795739104,-0.1671660542249117,0,-1.0,0.0442976366114357,1,100,0.01,False,0.07022949875121198,0.7271611102970792,4.525965609683224,False,False
191,0.05951693885302233,0.6026424557478722,0.5942585688280702,0.5984139135255361,18,2026-03-21,2026,2026,MOV_MKT_STATS,nathaniel wood,losene keita,Featherweight,favorite,losene keita,1.66667,0.6009388679488902,0.0015667830443768,0.6134668474947479,1.6809089722471304,11.45619951329363,0.5966405352422649,0.5798314455197936,0.6943934406527299,0.6134668474947479,0.0694051778736397,0,-1.0,0.0023501628157511,1,100,0.01,True,-0.0026414827443946853,0.6026424557478722,1.4427123308276557,False,False
192,-0.049214951605086814,0.4575701303314677,0.7041368646105998,0.7187592862552172,18,2026-03-21,2026,2026,MOV_MKT_STATS,mario pinto,felipe franco,Heavyweight,favorite,mario pinto,1.4,0.7199577764895592,0.0079408870853827,0.4662630394392471,-0.9096972360434274,15.076151918257176,0.70518874192528,0.7142857142857143,0.865047233468286,0.4662630394392471,-0.0441605942911919,1,0.3999999999999999,0.0198522177134569,1,100,0.01,True,0.006263000757304127,0.4575701303314677,-1.0148849675114535,False,False
194,-0.09770962030734288,0.4000244614491002,0.6065684855830624,0.6114939251506872,18,2026-03-21,2026,2026,MOV_MKT_STATS,louie sutherland,brando pericic,Heavyweight,underdog,brando pericic,2.6999864001087985,0.4388119805982504,0.1847863798200821,0.8021616389561954,7.07583477619459,29.064471321842657,0.5588694163039383,0.6296277640658842,0.3389830508474576,0.1978383610438045,-0.2940453473166923,1,1.6999864001087983,0.1086987400653651,0,100,0.01,False,0.04896111845279538,0.5999755385508998,2.3059278482821743,False,True
190,-0.005018074265848358,0.5019268661838053,0.6609665247293304,0.6704027247836043,18,2026-03-21,2026,2026,MOV_MKT_STATS,mason jones,axel sola,Lightweight,favorite,mason jones,1.45455,0.6711923046363131,-0.0237172332912508,0.5093986778395952,-0.04074125482042,-8.524900814989822,0.6616827014009891,0.6620901139491933,0.576841105799295,0.5093986778395952,-0.0018204902103499,1,0.45455,0.0,1,100,0.01,True,-0.024865716666008342,0.5019268661838053,-0.1123589219862886,False,False
187,0.14225430115485302,0.7498059471538345,0.8093300402518399,0.8432048107288909,18,2026-03-21,2026,2026,MOV_MKT_STATS,iwo baraniewski,austen lane,Light Heavyweight,favorite,iwo baraniewski,1.22222,0.8509609726241224,0.0400615199606548,0.7784575618305265,2.9303593976291453,5.186229171188439,0.8157116663677758,0.7864080723914844,0.8382703641033687,0.7784575618305265,0.1841508612766006,1,0.22222,0.1802786426093729,1,100,0.01,True,0.030581783769064952,0.7498059471538345,2.2921967860355497,False,True
174,-0.021695871690341997,0.5118702877674028,0.5239009703282342,0.5247820889923557,17,2026-03-28,2026,2026,MOV_MKT_STATS,israel adesanya,joe pyfer,Middleweight,favorite,joe pyfer,1.7874,0.5483403791329072,-0.0198964063378415,0.6138649666710388,1.7249669221846895,-7.996889020925845,0.5465591967933431,0.5293095275714962,0.4493406373622377,0.6138649666710388,0.0694052216226805,1,0.7874000000000001,0.0,0,100,0.01,False,-0.04481199887463505,0.48812971223259716,0.5408557243261947,False,False
182,0.18879157023118653,0.7827006638491083,0.8164701521232943,0.8518829046264154,17,2026-03-28,2026,2026,MOV_MKT_STATS,navajo stirling,bruno lopes,Light Heavyweight,favorite,navajo stirling,1.23529,0.8401884286602004,0.0378763640396588,0.7279891018865727,2.0369815135650504,5.176805202036061,0.8068472432334641,0.7864774280978136,0.8382454801181742,0.7279891018865727,0.125831526362209,1,0.23529,0.160977364272425,1,100,0.01,True,0.05232243325596464,0.7827006638491083,2.99927240254807,True,False
179,0.13225790258744374,0.6907663404168468,0.6766445041850884,0.6877817394792065,17,2026-03-28,2026,2026,MOV_MKT_STATS,ignacio bahamondes,tofiq musayev,Lightweight,favorite,ignacio bahamondes,1.5,0.6928774317717799,0.0393161476576697,0.7088763134856091,3.414826481491895,8.499506057165284,0.6812070883443307,0.6470588235294118,0.7320538841010646,0.7088763134856091,0.1531888386232771,0,-1.0,0.0786322953153395,0,100,0.01,True,0.031672609218809766,0.6907663404168468,2.958568065567657,False,False
178,0.11694810473055271,0.6785601677586033,0.6413556254915056,0.6489331184770953,17,2026-03-28,2026,2026,MOV_MKT_STATS,terrance mckinney,kyle nelson,Lightweight,favorite,terrance mckinney,1.57143,0.6387698097425788,0.0037820421237806,0.6326745128324565,1.7948143244958303,0.28697962193035,0.6319830155134242,0.6140348722684659,0.6169046684877694,0.6326745128324565,0.0764287299574967,1,0.5714300000000001,0.0066185571702231,1,100,0.01,True,0.01975297036846202,0.6785601677586033,2.732075322303973,False,False
177,0.06879523069839957,0.6203139778345429,0.5171920276969177,0.5178216859326841,17,2026-03-28,2026,2026,MOV_MKT_STATS,mansur abdul-malik,yousri belgaroui,Middleweight,underdog,yousri belgaroui,1.90909,0.5116241058018597,-0.0232635358547277,0.514244929499464,1.1215016294713331,-8.254452395428169,0.4887849837052866,0.5,0.5825445239542817,0.485755070500536,-0.0448675905786934,1,0.90909,0.0,0,100,0.01,True,-0.011431797602772242,0.6203139778345429,1.7192027696917744,False,False
176,0.1277358331230185,0.7075891933753121,0.7728541251304772,0.7991293257460788,17,2026-03-28,2026,2026,MOV_MKT_STATS,julian erosa,lerryan douglas,Featherweight,favorite,lerryan douglas,1.28571,0.7998292856729415,0.0283485108825576,0.7058538773724462,2.378529357438741,-2.731498842601854,0.773438214007979,0.7496529204335916,0.722337932007573,0.7058538773724462,0.1310660414403042,1,0.2857099999999999,0.0992212764080978,0,100,0.01,True,0.027448565404990743,0.7075891933753121,2.320120469688569,False,False
175,0.007150165058760434,0.5723246598860845,0.7994680889550605,0.8312317492943334,17,2026-03-28,2026,2026,MOV_MKT_STATS,michael chiesa,niko price,Welterweight,favorite,michael chiesa,1.2,0.8502580301580153,0.0203096361896182,0.6851928461861281,1.6814025457430493,7.6341241084114,0.815133353188523,0.7983193277310925,0.8746605688152065,0.6851928461861281,0.1078939250367897,1,0.1999999999999999,0.1015481809480911,1,100,0.01,True,-0.0025219008467999293,0.5723246598860845,0.1148761223968009,False,False
165,0.03522085013937963,0.7260234505543753,0.8980082212366485,0.9469172097332067,16,2026-04-04,2026,2026,MOV_MKT_STATS,abdul rakhman yakhyaev,brendson ribeiro,Light Heavyweight,favorite,abdul rakhman yakhyaev,1.1176470588235294,0.9604589686739564,0.0734541414591278,0.851728291681664,1.678779971471478,0.5263157894736858,0.911524641819978,0.8947368421052632,0.9,0.851728291681664,0.1923283900191169,1,0.1176470588235294,0.6243602024025868,1,100,0.01,True,0.0583192344077017,0.7260234505543753,0.327137913138531,False,False
164,0.014989969023586062,0.5390192018137152,0.6175813070768956,0.6232654897461586,16,2026-04-04,2026,2026,MOV_MKT_STATS,renato moicano,chris duncan,Lightweight,favorite,chris duncan,1.57143,0.6417433765609046,0.0084547942291024,0.631125423421724,2.069609154369234,1.772925616432175,0.6347309638121582,0.6140348722684659,0.6317641284327876,0.631125423421724,0.0882623635242295,0,-1.0,0.014795852911297,1,100,0.01,True,-0.02058191144819399,0.5390192018137152,0.3546434808429755,False,False
166,0.09429343475857106,0.5831904902839825,0.6812832291206149,0.6929626184861574,16,2026-04-04,2026,2026,MOV_MKT_STATS,ethyn ewing,rafael estevam,Bantamweight,favorite,rafael estevam,1.46512,0.6735525503519254,-0.013164687428387,0.5118731544412249,0.3353039445229244,-22.649057887099566,0.6638213462362339,0.6604683067910047,0.433977727920009,0.5118731544412249,0.0149884862106778,0,-1.0,0.0,1,100,0.01,True,0.015273391596438923,0.5831904902839825,2.081492232961024,False,False
170,-0.04680478395629848,0.4955431226634497,0.7784409057643332,0.8058339814433099,16,2026-04-04,2026,2026,MOV_MKT_STATS,alessandro costa,stewart nicoll,Flyweight,favorite,alessandro costa,1.22222,0.8285754222521615,0.0127014525850368,0.6332948645400215,1.0868858307398366,-1.848203187033848,0.7972769306988827,0.7864080723914844,0.7679260405211459,0.6332948645400215,0.0659527082609357,1,0.22222,0.0571571082037478,1,100,0.01,True,-0.015093591200357803,0.4955431226634497,-0.7967166627151134,False,False
169,-0.004091781280305691,0.5241098807978641,0.49897705610715787,0.4989398535255867,16,2026-04-04,2026,2026,MOV_MKT_STATS,guilherme pat,thomas petersen,Heavyweight,underdog,thomas petersen,1.90909,0.5086784182214736,-0.0288871185575668,0.5153110655724915,0.8373389091592298,-1.1837879641888094,0.4916266109084077,0.5,0.5118378796418881,0.4846889344275085,-0.0334966880337828,1,0.90909,0.0,0,100,0.01,False,-0.0434310849671623,0.47589011920213586,0.1022943892842132,False,False
171,-0.07900572660566432,0.40802145000251816,0.5876976833180494,0.591473221969844,16,2026-04-04,2026,2026,MOV_MKT_STATS,lando vannata,darrius flowers,Lightweight,underdog,darrius flowers,2.45,0.393931477488658,-0.0348678801527878,0.5255737877129336,0.5228489235339917,-6.532909424724897,0.6014714592570727,0.6066999484924126,0.6720290427396616,0.4744262122870664,-0.0218615707422379,1,1.4500000000000002,0.0,0,100,0.01,False,0.0008906061738822579,0.5919785499974819,1.9002265174363209,False,False
167,0.09345953980319471,0.6849375552421884,0.8160957861583252,0.8514278686588987,16,2026-04-04,2026,2026,MOV_MKT_STATS,tommy mcmillen,manolo zecchini,Featherweight,favorite,tommy mcmillen,1.2,0.8622526712498778,0.0347032054998532,0.7406119645763872,2.335234719710788,8.838519089612484,0.8250052397590913,0.8016528925619835,0.8900380834581083,0.7406119645763872,0.1539765573874786,1,0.1999999999999999,0.1735160274992664,1,100,0.01,True,0.021713442390678406,0.6849375552421884,1.4442893596341766,False,False
163,-0.0961981954644665,0.3628605825130334,0.6679065092046947,0.6780711268310643,15,2026-04-11,2026,2026,MOV_MKT_STATS,charles radtke,francisco prado,Welterweight,underdog,francisco prado,3.1,0.3222508048657858,-0.0010225049160639,0.6328748371134648,2.1273031934345155,-5.222032136765931,0.6676158569545437,0.6888888888888889,0.7411092102565482,0.3671251628865352,-0.097508288592869,0,-1.0,0.0,1,100,0.01,False,-0.002020493176299265,0.6371394174869667,2.098237968419414,False,False
162,-0.0694080392824962,0.4220287411239298,0.6578150083401927,0.6669329549095626,15,2026-04-11,2026,2026,MOV_MKT_STATS,kelvin gastelum,vicente luque,Middleweight,underdog,vicente luque,2.93,0.3318076921923235,-0.0278034618764919,0.5682464546655877,1.4303297009331415,-0.4790195372283201,0.6589596615792521,0.6732629585885835,0.6780531539608667,0.4317535453344123,-0.0643187303423279,1,1.93,0.0,0,100,0.01,False,-0.024113557885018455,0.5779712588760701,1.5447950248390852,False,False
160,-0.13218201450485936,0.3292293234703123,0.5747552775349287,0.5778373950569144,15,2026-04-11,2026,2026,MOV_MKT_STATS,mateusz gamrot,esteban ribovics,Lightweight,underdog,esteban ribovics,2.45,0.3978824955536875,-0.0251878858934655,0.5757980177385398,0.8948429214193254,-15.346001560438005,0.5977515192782193,0.6066999484924126,0.7601599640967927,0.4242019822614602,-0.0373564005683052,0,-1.0,0.0,1,100,0.01,False,0.03429838211055958,0.6707706765296877,3.194467095748388,False,False
159,-0.13615498574333995,0.32442835261779657,0.527160128235996,0.5281653372815363,15,2026-04-11,2026,2026,MOV_MKT_STATS,kevin holland,randy brown,Welterweight,underdog,kevin holland,2.19,0.459886965807472,0.0071524551183637,0.618096698252063,2.226461088283105,32.960880601599115,0.5386568370628901,0.5609214479457212,0.23131264192973,0.3819033017479369,-0.0899659951063443,1,1.19,0.0060104664860199,1,100,0.01,False,0.03331791135343565,0.6755716473822034,3.376131970972518,False,False
158,0.03478284885599938,0.6149116518201557,0.7647697252379493,0.7894666184906801,15,2026-04-11,2026,2026,MOV_MKT_STATS,patricio freire,aaron pico,Unknown,favorite,aaron pico,1.31847,0.808008601270059,0.0653351005165348,0.7261383074136952,2.179438506626408,-0.2951030212595018,0.7802492607934327,0.7584548757271686,0.7555038455145736,0.7261383074136952,0.1228925334123439,1,0.31847,0.2051530772648437,0,100,0.01,True,0.04088805248140703,0.6149116518201557,0.6314849510780651,False,False
157,-0.006244737730267274,0.5194637556652867,0.5665510791618092,0.5692279562563869,15,2026-04-11,2026,2026,MOV_MKT_STATS,cub swanson,nate landwehr,Featherweight,underdog,cub swanson,2.21,0.4325054038422972,-0.0441630575085232,0.4896806103169677,0.3187430898492049,15.415106558532631,0.5648965324253903,0.5680839633238823,0.413932897738556,0.5103193896830323,-0.0129792941148631,1,1.21,0.0,1,100,0.01,True,-0.04354334194108089,0.5194637556652867,-0.15328841620730893,False,False
156,-0.14752705542206296,0.3432647572311831,0.4824154438505996,0.4817711999337603,15,2026-04-11,2026,2026,MOV_MKT_STATS,dominick reyes,johnny walker,Light Heavyweight,underdog,johnny walker,1.98039,0.5017155188387963,-0.0064076036468362,0.5842346613311868,2.093570327222538,-8.125165395741817,0.4983446843807748,0.5192803876530002,0.6005320416104184,0.4157653386688131,-0.0837810962879398,0,-1.0,0.0,1,100,0.01,False,0.026295133363180456,0.6567352427688169,3.686494380240063,False,False
155,-0.11908021641290839,0.3574304694425065,0.5433631937454723,0.5450112577826625,15,2026-04-11,2026,2026,MOV_MKT_STATS,curtis blaydes,josh hokit,Heavyweight,underdog,josh hokit,2.24,0.4630204428122487,0.0371657918994372,0.6797800873111954,3.707923024847149,19.058766803334557,0.5356438121381473,0.5727230423866188,0.3821353743532732,0.3202199126888046,-0.1501523310072807,1,1.2400000000000002,0.0299724128221268,0,100,0.01,False,0.019174782566836246,0.6425695305574934,2.935984864114649,False,False
154,0.0053600671940743656,0.5205602833924753,0.6227991722396388,0.6288677849321669,15,2026-04-11,2026,2026,MOV_MKT_STATS,azamat murzakanov,paulo costa,Light Heavyweight,favorite,azamat murzakanov,1.54054,0.6368316915064706,-0.0189353059666218,0.5627822395618993,0.8650290012316431,1.8301593779592065,0.6301894469792053,0.6215391569668889,0.639840750746481,0.5627822395618993,0.0369433295968521,0,-1.0,0.0,0,100,0.01,True,-0.031204022600599624,0.5205602833924753,0.12600152727498815,False,False
153,-0.13576345835979442,0.365603184145629,0.4876060988226987,0.4871537063572289,15,2026-04-11,2026,2026,MOV_MKT_STATS,jiri prochazka,carlos ulberg,Light Heavyweight,underdog,carlos ulberg,2.09,0.5026718114134334,0.0505840858540758,0.5880536178013416,2.410914073337844,8.29346092503987,0.4974219597450904,0.5215311004784688,0.4385964912280701,0.4119463821986583,-0.096489948645653,1,1.09,0.0464074182147484,0,100,0.01,False,0.07184875371339161,0.634396815854371,3.392500165577017,False,False
144,0.07952554011290512,0.642859918012596,0.7576913758497219,0.7810475827109717,14,2026-04-18,2026,2026,MOV_MKT_STATS,gilbert burns,mike malott,Welterweight,favorite,mike malott,1.29851,0.7958823068880875,0.0334611343172506,0.7140063648938528,2.73485443045951,-2.3854605382894856,0.7701419625606746,0.7427934182560795,0.7189388128731846,0.7140063648938528,0.1485745882839437,1,0.29851,0.1120938471650886,0,100,0.01,True,0.014198096626024004,0.642859918012596,1.489795759364243,False,False
145,-0.1457010820246298,0.3148435975718324,0.5439811420632608,0.5456547590450402,14,2026-04-18,2026,2026,MOV_MKT_STATS,kyler phillips,charles jourdain,Bantamweight,underdog,kyler phillips,2.3,0.4415233460937768,0.0155036960156866,0.6262215904536548,2.355658574545294,-1.3671313398889162,0.5562748597743407,0.5798314455197936,0.5935027589186828,0.3737784095463451,-0.0960242921538072,0,-1.0,0.0119259200120666,0,100,0.01,False,0.04499405419640734,0.6851564024281676,3.585030345653284,False,False
146,0.03280678059179034,0.5468779406283328,0.5791316309821879,0.5824404086172146,14,2026-04-18,2026,2026,MOV_MKT_STATS,mandel nallo,jai herbert,Lightweight,favorite,mandel nallo,1.68966,0.5848316912080965,-0.0118332846333276,0.5525120261526948,1.0286973885662465,2.065732425182043,0.5814022477925479,0.5711152739068854,0.5917725981587059,0.5525120261526948,0.0421295231249784,0,-1.0,0.0,0,100,0.01,True,-0.01587373917583723,0.5468779406283328,0.801635707530246,False,False
152,0.0437764170355121,0.5643238587389374,0.6718135240304777,0.6824052677524771,14,2026-04-18,2026,2026,MOV_MKT_STATS,jamie siraj,john yannis,Bantamweight,favorite,jamie siraj,1.45455,0.6753802571329401,-0.0176256469872818,0.5282516510896319,0.3385083904577923,0.235703315423974,0.6654751978537712,0.6620901139491933,0.664447147103433,0.5282516510896319,0.0151679251135512,0,-1.0,0.0,0,100,0.01,True,-0.007407417790634363,0.5643238587389374,0.9723410081284412,False,False
148,0.026345194367015875,0.5728792300807577,0.7452931184388996,0.766400641050602,14,2026-04-18,2026,2026,MOV_MKT_STATS,dennis buzukja,marcio barbosa,Featherweight,favorite,marcio barbosa,1.350877192982456,0.7692306375266715,0.0391361243781351,0.5826497510813152,0.7437573291179223,1.221550726501219,0.7476973135509195,0.7402597402597403,0.7524752475247525,0.5826497510813152,0.0390497373418137,1,0.3508771929824561,0.1115379544776852,0,100,0.01,True,0.03531314668239216,0.5728792300807577,0.5033378179159276,False,False
149,-0.015592799757363652,0.48218882303430965,0.6059488420889748,0.610833616926356,14,2026-04-18,2026,2026,MOV_MKT_STATS,julien leblanc,robert valentin,Middleweight,underdog,robert valentin,2.47,0.3920483524872822,-0.0316405693564129,0.5345275926721841,0.6423715697541965,35.212279318788816,0.603242078842617,0.609665794540159,0.2575430013522709,0.4654724073278159,-0.0269153706872435,1,1.4700000000000002,0.0,0,100,0.01,True,-0.034027718192660705,0.48218882303430965,-0.37169524511841967,False,False
150,-0.05332273410105501,0.4421674826419962,0.5871357904133409,0.5908797276029837,14,2026-04-18,2026,2026,MOV_MKT_STATS,tanner boser,gokhan saricam,Heavyweight,underdog,gokhan saricam,2.4999925000375,0.4212914812739146,0.053225543514475,0.6054687436243883,2.4414740240431,16.14023087743297,0.5755840597619689,0.5999988000023999,0.4385964912280702,0.3945312563756117,-0.1007887922487492,1,1.4999925000374996,0.035483873094795,0,100,0.01,False,0.022797612605839568,0.5578325173580039,1.286300958905906,False,False
147,-0.2304169824956681,0.23249491486697285,0.5079861412640115,0.5082770194497113,14,2026-04-18,2026,2026,MOV_MKT_STATS,thiago moises,gauge young,Lightweight,underdog,gauge young,2.3,0.4873398338084443,0.1208816177594218,0.7681610473683771,5.300301754799075,20.42072760944716,0.512214373756357,0.5652173913043478,0.3610101152098762,0.2318389526316229,-0.2134970471674349,1,1.2999999999999998,0.0929858598149399,0,100,0.01,False,0.1309628552656641,0.7675050851330272,5.723125004033625,True,True
134,-0.1579653646696621,0.31546302569634854,0.5494904997072654,0.5513959523332372,13,2026-04-25,2026,2026,MOV_MKT_STATS,aljamain sterling,youssef zalal,Featherweight,underdog,youssef zalal,2.35,0.4395399042504491,0.0329187749885553,0.6391297200620418,3.003869345196486,-19.999068102457464,0.5581730427488382,0.588211736200803,0.7882024172253776,0.3608702799379581,-0.1228269634614507,0,-1.0,0.0243842777693002,1,100,0.01,False,0.05421951201689246,0.6845369743036515,3.8721236493537647,False,False
135,-0.12040660295190973,0.3497521763334087,0.5707847201499263,0.5736676299927969,13,2026-04-25,2026,2026,MOV_MKT_STATS,rafa garcia,alexander hernandez,Lightweight,underdog,rafa garcia,2.4999925000375,0.4235296188860536,0.0588208707588746,0.6357688551742894,2.654460193909092,34.619169340341514,0.573454198063309,0.5999988000023999,0.2538071065989847,0.3642311448257106,-0.1095017900274094,1,1.4999925000374996,0.0392141099088189,1,100,0.01,False,0.06582772754122002,0.6502478236665913,2.9214079852473596,False,False
137,0.0713502573015781,0.6119461494923574,0.6789373450431729,0.6903402886665038,13,2026-04-25,2026,2026,MOV_MKT_STATS,montel jackson,raoni barcelos,Bantamweight,favorite,montel jackson,1.45249,0.6805002708598845,-0.0115801615787263,0.5638894559829938,0.6907700605074618,-8.160808713648581,0.6700976442339295,0.6631899436288549,0.581581856492369,0.5638894559829938,0.0310844205777806,0,-1.0,0.0,0,100,0.01,True,0.0027123658852101773,0.6119461494923574,1.5747401414318074,False,False
138,-0.09092877961247361,0.4187032328370905,0.4772834547215051,0.47644709389425477,13,2026-04-25,2026,2026,MOV_MKT_STATS,marcus buchecha,ryan spann,Heavyweight,underdog,ryan spann,1.90909,0.5306105703874573,0.0129833338209908,0.611429536111725,2.951478133992036,-5.173797462005314,0.4704852186600796,0.5,0.5517379746200531,0.3885704638882749,-0.1181965380138971,1,0.90909,0.0142816814847713,0,100,0.01,False,-0.0004903824825828185,0.5812967671629095,2.271654527849493,False,False
140,-0.0015200388450888936,0.5276980282126881,0.5794610782352086,0.5827872310044553,13,2026-04-25,2026,2026,MOV_MKT_STATS,jackson mcvey,sedriques dumas,Middleweight,underdog,sedriques dumas,2.3,0.4421525166967931,0.016950788402624,0.5765978899404609,2.4158924096669088,-4.351815053003505,0.5556725214231246,0.5798314455197937,0.6233495960498288,0.423402110059539,-0.0984642236172371,0,-1.0,0.0130390680020185,1,100,0.01,True,-0.028686005701804462,0.5276980282126881,-0.03703672845850603,False,False
141,0.028710919872232427,0.5889144701998725,0.7797452428674941,0.8074022898972628,13,2026-04-25,2026,2026,MOV_MKT_STATS,jafel filho,cody durden,Bantamweight,favorite,jafel filho,1.25,0.8111913510874654,0.0139891888593317,0.6151881063917749,0.8118114612297722,-10.900658070469394,0.7828928893870726,0.7747747747747749,0.6657681940700809,0.6151881063917749,0.04713359102882,0,-1.0,0.055956755437327,0,100,0.01,True,0.00925286237157863,0.5889144701998725,0.49704680927192824,False,False
142,0.06261906852559491,0.6114820684502392,0.7855134486436395,0.8143504465599327,13,2026-04-25,2026,2026,MOV_MKT_STATS,francis marshall,lucas brennan,Lightweight,favorite,francis marshall,1.25,0.8110001748926858,0.0137502186158573,0.5930263753617044,0.7959421139294487,12.558970295861704,0.7827341959140693,0.7747747747747749,0.9003644777333919,0.5930263753617044,0.0462001905732109,1,0.25,0.0550008744634293,1,100,0.01,True,0.017938058199916007,0.6114820684502392,1.0738673868864623,False,False
143,-0.10538795528145783,0.3516597697018062,0.47367736962785756,0.4727041845499239,13,2026-04-25,2026,2026,MOV_MKT_STATS,max griffin,victor valenzuela,Welterweight,underdog,victor valenzuela,1.90909,0.5311873712629658,0.0140844986044152,0.6595107878624549,3.007009789156273,16.49298994116684,0.4699299021084372,0.5,0.3350701005883316,0.3404892121375452,-0.1204257188424905,1,0.90909,0.0154929639578207,0,100,0.01,False,0.006655168317585725,0.6483402302981938,2.632263037214244,False,False
139,-0.012696182036332581,0.5082287620056086,0.7215950125362183,0.7387806743783247,13,2026-04-25,2026,2026,MOV_MKT_STATS,rodolfo vieira,eric mcconico,Middleweight,favorite,rodolfo vieira,1.33333,0.746261204507889,-0.0049875481934964,0.5503593395009869,0.39180530035271,-13.530594313065226,0.728056483443824,0.7241384304402969,0.5888324873096447,0.5503593395009869,0.0197008512765655,0,-1.0,0.0,0,100,0.01,True,-0.014961563431148406,0.5082287620056086,-0.25434179040786375,False,False
121,0.0492773891245165,0.5919103184072863,0.5249554176018137,0.5258765296786568,12,2026-05-02,2026,2026,MOV_MKT_STATS,jack della maddalena,carlos prates,Welterweight,favorite,jack della maddalena,1.84746,0.5178928605407593,-0.0432136558653687,0.545651392968222,0.4606532603289026,-2.9040959080125384,0.5172606533041326,0.5126541207008436,0.4836131616207182,0.545651392968222,0.0184427656488546,0,-1.0,0.0,0,100,0.01,True,-0.028464146479868613,0.5919103184072863,1.230129690097015,False,False
122,0.183689290340602,0.7641323829751172,0.7825265953116725,0.8107501036370571,12,2026-05-02,2026,2026,MOV_MKT_STATS,beneil dariush,quillan salkilld,Lightweight,favorite,quillan salkilld,1.28571,0.821313720793107,0.0559712639609055,0.8077047861571647,4.162574151987696,3.686669515494634,0.7912786619534685,0.7496529204335916,0.7865196155885379,0.8077047861571647,0.2358880915495546,1,0.2857099999999999,0.1959023623986055,0,100,0.01,True,0.042389515747200734,0.7641323829751172,3.2873674878080905,True,True
123,0.06596000630026023,0.6179205045563703,0.7028465424883809,0.7172904767753713,12,2026-05-02,2026,2026,MOV_MKT_STATS,tim elliott,steve erceg,Flyweight,favorite,steve erceg,1.4,0.7173696292578321,0.0043174809609649,0.6164254255530812,1.4027221144466195,-3.062627749740665,0.7029161100333551,0.6888888888888889,0.6582626113914822,0.6164254255530812,0.0662931217118106,1,0.3999999999999999,0.0107937024024123,0,100,0.01,True,0.004206667485519677,0.6179205045563703,1.395765359949197,False,False
124,0.09218124376640516,0.7351450311338262,0.8735514891488756,0.9200311976580562,12,2026-05-02,2026,2026,MOV_MKT_STATS,marwan rahiki,ollie schmid,Featherweight,favorite,marwan rahiki,1.11111,0.9215645384133604,0.0239595742764688,0.7459108632242782,1.1879258741690712,-2.7101171158958715,0.8748930755928985,0.8630138168512078,0.8359126456922491,0.7459108632242782,0.1043822792531914,1,0.11111,0.2156383248714686,1,100,0.01,True,0.02225586402984292,0.7351450311338262,1.0537672297667777,False,False
126,-0.061098953957771825,0.44696142377516357,0.5648778078219824,0.5674749849481543,12,2026-05-02,2026,2026,MOV_MKT_STATS,tai tuivasa,louie sutherland,Heavyweight,underdog,louie sutherland,2.3,0.4391004576541278,0.009931052604494,0.5897887602026587,2.1237986014492227,-6.9753369479883975,0.5585934595053015,0.5798314455197937,0.6495848149996777,0.4102112397973413,-0.086625865781802,1,1.2999999999999998,0.0076392712342261,0,100,0.01,False,-0.005192465380754907,0.5530385762248364,1.4953637697811328,False,False
125,-0.2622998283209224,0.2254406694168402,0.5438761303107716,0.5455453987758646,12,2026-05-02,2026,2026,MOV_MKT_STATS,shamil gaziev,brando pericic,Heavyweight,underdog,brando pericic,2.5500031000062,0.4413450384602588,0.1254312162460156,0.7377907047909493,5.13980693413324,13.836004591987406,0.556445544653659,0.6078436139949914,0.4694835680751174,0.2622092952090507,-0.2115081979388125,1,1.5500031000062,0.0809232034732794,0,100,0.01,False,0.1588606419336267,0.7745593305831597,6.396748368421978,True,False
128,0.027292826388936903,0.608978012903331,0.7795015991931057,0.8071092549744391,12,2026-05-02,2026,2026,MOV_MKT_STATS,junior tafa,kevin christian,Light Heavyweight,favorite,junior tafa,1.25,0.8148697938624245,0.0185872423280306,0.6504516690806648,1.116917474937773,-12.469428861934606,0.7859439495241526,0.7747747747747749,0.6500804861554288,0.6504516690806648,0.0651761086244446,1,0.25,0.0743489693121226,1,100,0.01,True,0.008886568718048826,0.608978012903331,0.4726824418330833,False,False
129,0.14263776008125287,0.7523771483635388,0.844648767982346,0.8859985261352498,12,2026-05-02,2026,2026,MOV_MKT_STATS,jacob malkoun,gerald meerschaert,Middleweight,favorite,jacob malkoun,1.16667,0.8883472435742107,0.0364080786607243,0.7744025137405922,2.1606562551547803,4.984825268363702,0.846606150051754,0.8249995875002062,0.8748478401838432,0.7744025137405922,0.1576322406732824,1,0.1666700000000001,0.2184441030822844,1,100,0.01,True,0.03366790048621193,0.7523771483635388,1.9649180482139816,False,True
130,-0.022526636685414443,0.5201866616666325,0.49436857896504915,0.49416362394543006,12,2026-05-02,2026,2026,MOV_MKT_STATS,colby thicknesse,vince morales,Bantamweight,favorite,colby thicknesse,1.90909,0.5062400842409539,-0.0335421175764373,0.5736808042383115,0.6020929272050002,5.22167373280451,0.50602092927205,0.5,0.5522167373280451,0.5736808042383115,0.0240848812868525,1,0.90909,0.0,1,100,0.01,False,-0.034312832837981255,0.4798133383333675,0.5631421034950845,False,False
132,0.12280379793776464,0.6803837486700433,0.6094224816180172,0.6145379401506,12,2026-05-02,2026,2026,MOV_MKT_STATS,jonathan micallef,themba gorimbo,Welterweight,favorite,jonathan micallef,1.66667,0.5944281592641826,-0.0092844197991647,0.6077726315931083,1.0661806492325177,9.627473294473477,0.5904932520121189,0.5798314455197937,0.6761061784645285,0.6077726315931083,0.043923327057568,1,0.6666700000000001,0.0,1,100,0.01,True,0.0242319487108007,0.6803837486700433,2.9591036098223444,False,False
133,-0.026060073475107633,0.45584615765383163,0.6429617506056232,0.6506808567222874,12,2026-05-02,2026,2026,MOV_MKT_STATS,dom mar fan,kody steele,Lightweight,underdog,dom mar fan,2.75,0.3857488346624702,0.0608092953217931,0.71171147207822,3.976782135627432,1.40883324538853,0.6091537889132052,0.6489216102694795,0.6348332778155942,0.2882885279217799,-0.1705457907072775,0,-1.0,0.0347481687553103,0,100,0.01,True,-0.03191702136858088,0.45584615765383163,-0.595985966385626,False,False
127,0.027626482170796846,0.5727791159719339,0.7198902368658721,0.7368133767029228,12,2026-05-02,2026,2026,MOV_MKT_STATS,cam rowston,robert bryczek,Middleweight,favorite,cam rowston,1.4,0.734423669562469,0.0281931373874564,0.5630423025102076,0.3530608111795064,-12.580834803057018,0.7178163223975094,0.7142857142857143,0.5884773662551441,0.5630423025102076,0.0173647881342492,1,0.3999999999999999,0.0704828434686411,1,100,0.01,True,0.031538727384091914,0.5727791159719339,0.5604522580157756,False,False
112,0.11566577369261195,0.6837773936759629,0.7419710544350164,0.7624985217434306,11,2026-05-09,2026,2026,MOV_MKT_STATS,king green,jeremy stephens,Lightweight,favorite,king green,1.30395,0.7700963158861484,0.0041670910997431,0.7203582379047039,2.9216570628421423,9.137809033826482,0.7484318937908155,0.7192153231623941,0.8105934135006589,0.7203582379047039,0.1496937687662223,1,0.3039499999999999,0.0137097914122162,1,100,0.01,True,-0.005740052572653753,0.6837773936759629,2.2755731272622315,False,False
108,-0.03148754447348152,0.5414627329861597,0.7936862029959931,0.8242264758414255,11,2026-05-09,2026,2026,MOV_MKT_STATS,khamzat chimaev,sean strickland,Middleweight,favorite,khamzat chimaev,1.19646,0.8553162924488642,0.0233517312633682,0.7133138352113383,2.050051819333276,-14.987296667209591,0.8192950951349082,0.7987945769415754,0.6489216102694795,0.7133138352113383,0.1328015684759559,0,-1.0,0.1188625229734714,0,100,0.01,True,-0.013845990714767997,0.5414627329861597,-0.5108373945582279,False,False
109,0.044896632371024044,0.5572231512917725,0.6471226666281955,0.6552172249313836,11,2026-05-09,2026,2026,MOV_MKT_STATS,joshua van,tatsuro taira,Flyweight,favorite,tatsuro taira,1.5,0.6483891290892475,-0.0274163063661287,0.5094720229264617,0.4051497542649662,-10.1405525552552,0.6408553716346593,0.6368038740920097,0.5353983485394577,0.5094720229264617,0.0175598922183796,0,-1.0,0.0,1,100,0.01,True,-0.017174162602924703,0.5572231512917725,1.031879253618584,False,False
110,-0.08227600144061895,0.41418822446960496,0.5879876298521786,0.5917795312813178,11,2026-05-09,2026,2026,MOV_MKT_STATS,alexander volkov,waldo cortes-acosta,Heavyweight,underdog,waldo cortes-acosta,2.42,0.4146485217819897,0.0034494227124151,0.6205347161666144,2.586979704331982,4.244673302407587,0.5818955352184713,0.6077653322617911,0.5653185992377152,0.3794652838333857,-0.1073689160995413,0,-1.0,0.0024291709242359,1,100,0.01,False,-0.012106465700788993,0.5858117755303951,1.9777702409612519,False,False
111,0.08542179392691805,0.6125984745629802,0.6444488341641593,0.6523006938233745,11,2026-05-09,2026,2026,MOV_MKT_STATS,sean brady,joaquin buckley,Welterweight,favorite,sean brady,1.52632,0.6274432220774413,-0.0423208612787598,0.4895379065345366,-0.3169578284668795,18.012690579589673,0.6214738339406358,0.6246434122253046,0.8047703180212014,0.4895379065345366,-0.0134958644165333,1,0.5263199999999999,0.0,1,100,0.01,True,-0.004380405003507115,0.6125984745629802,1.9805421938854706,False,False
113,0.1045002174853951,0.8258009277613436,0.9173660006347197,0.9659120997804627,11,2026-05-09,2026,2026,MOV_MKT_STATS,ateba gautier,ozzy diaz,Middleweight,favorite,ateba gautier,1.1,0.9655026532660728,0.0620529185926801,0.8098167502882619,0.782608028074161,2.2372046627342046,0.9169169893716508,0.9090909090909092,0.9314629557182512,0.8098167502882619,0.09859161497947,1,0.1,0.6205291859268008,1,100,0.01,True,0.06250330975850904,0.8258009277613436,0.8275091543810675,False,False
120,-0.017578295106062625,0.5011519891745734,0.6238214156685352,0.629967307218747,11,2026-05-09,2026,2026,MOV_MKT_STATS,clayton carpenter,jose ochoa,Flyweight,favorite,jose ochoa,1.54054,0.6371777662745355,-0.018402163943427,0.5288986521843657,0.2572435795905492,10.863257306444984,0.6305098545866913,0.6279374187907858,0.7365699918552356,0.5288986521843657,0.0110262743910617,1,0.54054,0.0,0,100,0.01,True,-0.02951016453723143,0.5011519891745734,-0.4116003122250578,False,False
115,0.03431067989816271,0.5536711016826157,0.5640103827921108,0.5665666166014273,11,2026-05-09,2026,2026,MOV_MKT_STATS,grant dawson,mateusz rebecki,Lightweight,underdog,mateusz rebecki,2.25,0.4594738624279759,0.0338161904629459,0.5797278080641259,1.650162344444961,-6.7086188837555465,0.539053932111106,0.5555555555555556,0.622641744393111,0.420272191935874,-0.066608972593334,0,-1.0,0.0270529523703567,1,100,0.01,True,0.019819909882569098,0.5536711016826157,0.8454827236555218,False,False
116,0.028960521579741508,0.5654148401664332,0.7260955939125774,0.7439870395396028,11,2026-05-09,2026,2026,MOV_MKT_STATS,jim miller,jared gordon,Lightweight,favorite,jared gordon,1.3125,0.7474353498303842,-0.0189911033476207,0.5878676722457962,0.8769359680480648,-1.2530978010007463,0.7290677081088237,0.7202983484283431,0.7077673704183356,0.5878676722457962,0.0439556675055818,0,-1.0,0.0,1,100,0.01,True,-0.02351701060427136,0.5654148401664332,0.5797245484234326,False,False
117,-0.03950990981364012,0.4745085418489306,0.6102603708698997,0.6154324762642092,11,2026-05-09,2026,2026,MOV_MKT_STATS,roman kopylov,marco tulio,Middleweight,favorite,marco tulio,1.53476,0.6347809421407624,-0.0257636012400435,0.5718955720083594,0.8673977201383409,-20.649497357326545,0.6282895181505352,0.6196155409491518,0.4131205673758864,0.5718955720083594,0.0369690848833986,0,-1.0,0.0,1,100,0.01,False,-0.0385811906605229,0.5254914581510695,0.9355170079252129,False,False
118,-0.07361065748386586,0.41555578225030804,0.6910923367227617,0.7039787645684101,11,2026-05-09,2026,2026,MOV_MKT_STATS,pat sabatini,william gomis,Featherweight,underdog,william gomis,3.3,0.2978208676449535,-0.0171911367716534,0.5955242129897429,1.708718284406907,-1.7465123759406675,0.6894949509055054,0.7065821337495745,0.7240472575089811,0.4044757870102571,-0.0810824801461744,0,-1.0,0.0,1,100,0.01,False,-0.023129923075753456,0.584444217749692,1.5489797026812746,False,False
119,0.23504451653799965,0.8190542661820467,0.8335318033504721,0.8725902790898337,11,2026-05-09,2026,2026,MOV_MKT_STATS,baisangur susurkaev,djorden santos,Middleweight,favorite,baisangur susurkaev,1.2,0.858673100859797,0.0304077210317563,0.7441760266835873,2.3738462953718957,6.859292427050756,0.8220577906848114,0.7983193277310925,0.8669122520016,0.7441760266835873,0.1545288054938468,1,0.1999999999999999,0.1520386051587819,1,100,0.01,True,0.04710833490780031,0.8190542661820467,3.521247561937957,True,False
114,-0.0884078864805896,0.3919092451523177,0.5972511783291257,0.601586619252132,11,2026-05-09,2026,2026,MOV_MKT_STATS,joel alvarez,yaroslav amosov,Welterweight,favorite,yaroslav amosov,1.61728,0.6229983852874309,0.0075628285576563,0.5168071178977777,-0.0989974045017216,5.272874456341247,0.617332147047187,0.6183221210922042,0.6710508656556167,0.5168071178977777,-0.0041927326159328,1,0.61728,0.0122518606753115,0,100,0.01,False,0.04384718833578294,0.6080907548476824,2.1070942763078526,False,False
98,-0.09410653815166278,0.398344771141724,0.5567481737909955,0.558971127107568,10,2026-05-16,2026,2026,MOV_MKT_STATS,arnold allen,melquizael costa,Featherweight,underdog,melquizael costa,2.3,0.4430508299172007,0.0190169088095615,0.6102871050710624,2.5019101298699,-12.633845690192336,0.5548123442210947,0.5798314455197937,0.7061699024217171,0.3897128949289375,-0.1019474527762142,0,-1.0,0.0146283913919704,1,100,0.01,False,0.01436640765259356,0.6016552288582759,2.3083271728798205,False,False
99,0.019790567923927353,0.561599984303978,0.5287437098936923,0.5298097460988341,10,2026-05-16,2026,2026,MOV_MKT_STATS,dooho choi,daniel santos,Featherweight,underdog,dooho choi,2.1000011000011,0.4881354233031787,0.0250849258861778,0.5047434055976726,1.2362799625820542,-5.4248298471135215,0.5114469736169286,0.5238097732427491,0.5780580717138843,0.4952565944023274,-0.0495152831743597,1,1.1000011000011,0.0228044552738654,1,100,0.01,True,0.011454488179823308,0.561599984303978,0.4933936650943216,False,False
100,-0.03325479066189113,0.47813333577554634,0.7437149442712531,0.7645456988967221,10,2026-05-16,2026,2026,MOV_MKT_STATS,malcolm wellmaker,juan diaz,Bantamweight,favorite,malcolm wellmaker,1.33333,0.7698457121295668,0.026458383353715,0.5088038702996772,-0.1782592995105747,-18.290270070108537,0.7482192820095819,0.7500018750046876,0.5670991743036022,0.5088038702996772,-0.00948473793107,0,-1.0,0.0793759438205835,0,100,0.01,True,0.019391716709966422,0.47813333577554634,-0.6286930733434559,False,False
103,0.0782567104592399,0.6203846135422075,0.5987689158975992,0.603197398720709,10,2026-05-16,2026,2026,MOV_MKT_STATS,nikolay veretennikov,khaos williams,Welterweight,favorite,khaos williams,1.66667,0.5875268419226076,-0.0207866383728474,0.5449490957351406,0.4127482425757778,-4.648423648671307,0.5839589279455514,0.5798314455197936,0.5333472090330805,0.5449490957351406,0.0169651660357611,1,0.6666700000000001,0.0,0,100,0.01,True,0.005331008525844005,0.6203846135422075,1.8937470377805576,False,False
104,-0.01954438157579279,0.504407875959243,0.7202171534822912,0.7371904304819745,10,2026-05-16,2026,2026,MOV_MKT_STATS,tuco tokkos,ivan erslan,Light Heavyweight,favorite,ivan erslan,1.33333,0.7248759858437682,-0.0335011017949286,0.4640883421606986,-1.464228060313677,-11.887789442355889,0.7094961498371601,0.7241384304402969,0.605260536016738,0.4640883421606986,-0.0721451558241783,1,0.3333299999999999,0.0,0,100,0.01,True,-0.017081883325469005,0.504407875959243,-0.3921276958005704,False,False
106,-0.07504562113367952,0.41603687972403713,0.5780845745608126,0.5813384246414982,10,2026-05-16,2026,2026,MOV_MKT_STATS,cody brundage,andre petroski,Middleweight,underdog,cody brundage,2.4,0.4160835763158605,-0.0013994168419346,0.573515628271982,1.5739886067078768,4.313543431173795,0.5805334058583871,0.5962732919254659,0.5531378576137279,0.426484371728018,-0.0649974655693499,1,1.4,0.0,1,100,0.01,False,0.004787780860404212,0.5839631202759629,1.8188717364653217,False,False
107,-0.05044562219346606,0.44773202327596434,0.5302000192347935,0.531322326021811,10,2026-05-16,2026,2026,MOV_MKT_STATS,daniel barez,luis gurule,Flyweight,underdog,luis gurule,2.1,0.4952887711947188,0.0401064195089095,0.6907449735164155,3.8197819011829504,34.29969718935232,0.5045458276568875,0.542743646668717,0.1997466747751937,0.3092550264835844,-0.1532091093921823,1,1.1,0.0364603813717359,0,100,0.01,False,-0.015776884645802958,0.5522679767240357,1.2543627433923454,False,False
101,-0.026151350658579146,0.48442032594600914,0.6832566047822551,0.6951721654127535,10,2026-05-16,2026,2026,MOV_MKT_STATS,modestas bukauskas,christian edwards,Catch Weight,favorite,modestas bukauskas,1.4,0.7044566358377187,-0.0137607098271939,0.5353408219476129,0.2627282266108421,4.49106070050862,0.6915161711549973,0.6888888888888889,0.7337994958939751,0.5353408219476129,0.0122872382629388,1,0.3999999999999999,0.0,1,100,0.01,True,-0.026758968422145202,0.48442032594600914,-0.5632284106633745,False,False
90,-0.0504733399064704,0.4506822342926896,0.7400615937175995,0.760260058211549,9,2026-05-30,2026,2026,MOV_MKT_STATS,kai asakura,cameron smotherman,Bantamweight,favorite,kai asakura,1.28571,0.753849869325373,-0.0307676845096747,0.4139891006123404,-1.5074765104102994,-2.4695537571169712,0.7345781553294884,0.7496529204335914,0.7249573828624217,0.4139891006123404,-0.0787860842283604,1,0.2857099999999999,0.0,1,100,0.01,True,-0.022526040556829496,0.4506822342926896,-0.9591326715991944,False,False
87,0.1665789246597213,0.7486283610400309,0.7561455440102531,0.7792143317389543,9,2026-05-30,2026,2026,MOV_MKT_STATS,song yadong,deiveson figueiredo,Bantamweight,favorite,song yadong,1.33333,0.7760129261794901,0.0346813148628994,0.7395691017375191,2.930361981306062,9.76573693720828,0.7534420502533575,0.7241384304402969,0.8217957998123797,0.7395691017375191,0.1519716555313483,1,0.3333299999999999,0.1040449850385488,1,100,0.01,True,0.03894984493749987,0.7486283610400309,3.2007113569956225,False,False
91,0.09771327071077023,0.6391985957342877,0.6649651185003049,0.6748163250271552,9,2026-05-30,2026,2026,MOV_MKT_STATS,jake matthews,carlston harris,Welterweight,favorite,jake matthews,1.5,0.6714064966296853,0.007109744944528,0.6167062649056874,1.9019775238208525,22.2232982325119,0.6618769180953514,0.6428571428571429,0.8650901251822619,0.6167062649056874,0.0838829725773096,1,0.5,0.0142194898890561,1,100,0.01,True,0.012224487540732687,0.6391985957342877,2.2107975643162026,False,False
88,0.12223242842345908,0.7073896449364765,0.7478759369499476,0.7694410964161649,9,2026-05-30,2026,2026,MOV_MKT_STATS,zhang mingyang,alonzo menifield,Light Heavyweight,favorite,zhang mingyang,1.33333,0.7691679103761188,0.0255546499417902,0.711349797853271,2.3505639984328863,-6.854453469605781,0.7476440704246258,0.7241384304402969,0.6555938957442391,0.711349797853271,0.1210031170649722,0,-1.0,0.0766647164725354,0,100,0.01,True,0.025918897084564962,0.7073896449364765,2.3737506509650674,False,False
94,-0.09766749241990842,0.38413465740095604,0.6939440139304888,0.7071970575768197,9,2026-05-30,2026,2026,MOV_MKT_STATS,ding meng,jose henrique,Unknown,underdog,jose henrique,3.5000000000000004,0.3062002938407533,0.0717010284426367,0.6700586028875053,3.225452190968936,18.157458754841016,0.6820311923760249,0.7142857142857143,0.5327111267373041,0.3299413971124947,-0.1531686271911738,1,2.5000000000000004,0.0286804113770546,0,100,0.01,False,0.024810298481131143,0.6158653425990439,2.0341700355225534,False,False
95,0.024454888153139863,0.5767804603418629,0.7545590549533704,0.7773349154328183,9,2026-05-30,2026,2026,MOV_MKT_STATS,aoriqileng,cody haddon,Bantamweight,favorite,cody haddon,1.33333,0.8014175116310802,0.068554010783068,0.7327635733066986,2.476091533895697,5.0395121905780105,0.7747627903436445,0.7500018750046875,0.8003969969104676,0.7327635733066986,0.1367805048116023,1,0.3333299999999999,0.2056640889900939,0,100,0.01,True,0.03644396279403961,0.5767804603418629,0.4557179948682877,False,False
97,0.019159880297659145,0.5588625372890316,0.6929803209396306,0.7061086707140428,9,2026-05-30,2026,2026,MOV_MKT_STATS,zhu kangjie,rodrigo vera,Featherweight,favorite,rodrigo vera,1.4,0.7019633099935491,-0.0172513660090314,0.5391039850008945,0.0414361296185883,-19.334185307568752,0.6893032501850748,0.6888888888888889,0.4955470358132013,0.5391039850008945,0.0019340747097165,1,0.3999999999999999,0.0,0,100,0.01,True,-0.01144786100034012,0.5588625372890316,0.40914320507416946,False,False
96,0.013785778654713489,0.557497559757444,0.6460159740794957,0.6540094523643828,9,2026-05-30,2026,2026,MOV_MKT_STATS,rei tsuruya,luis gurule,Bantamweight,favorite,rei tsuruya,1.5,0.6657170171893493,-0.0014244742159761,0.6058619827053175,1.3851800422704952,17.453506447268452,0.6567089432798479,0.6428571428571429,0.8173922073298274,0.6058619827053175,0.0608755975114775,1,0.5,0.0,1,100,0.01,True,-0.018985821453425755,0.557497559757444,0.31588312223528314,False,False
93,-0.10774308641624095,0.37898396076648583,0.6242069925928966,0.6303822026511601,9,2026-05-30,2026,2026,MOV_MKT_STATS,yi sak lee,luis felipe dias,Unknown,underdog,yi sak lee,2.85000185000185,0.3696165741313736,0.0534079200657606,0.6209999962777453,2.491490553640152,-1.7543631886654532,0.6242081292436107,0.6491230347800122,0.6666666666666667,0.3790000037222547,-0.1077382407893996,0,-1.0,0.0288691171123462,0,100,0.01,False,0.053411406237802606,0.6210160392335142,2.491604218711563,False,False
79,-0.11771239280117804,0.37364123538799726,0.6394388019316853,0.6468496656948445,8,2026-06-06,2026,2026,MOV_MKT_STATS,brendan allen,edmen shahbazyan,Middleweight,underdog,edmen shahbazyan,2.87,0.3348257958978111,-0.039049965773282,0.5464951117878875,0.9894738288448112,-7.457506112709467,0.6562149028943027,0.6661096411827508,0.7406847023098455,0.4535048882121125,-0.0441700245886552,0,-1.0,0.0,1,100,0.01,False,0.013541459455796323,0.6263587646120028,2.6670839251065503,False,False
80,-0.057718359945239175,0.4562454802840598,0.6963914868302409,0.7099649003629669,8,2026-06-06,2026,2026,MOV_MKT_STATS,fares ziam,tom nolan,Lightweight,favorite,fares ziam,1.411522633744856,0.7224258646440933,0.0197204591478352,0.492033278746416,-0.1102659499484737,-0.8755110795927168,0.7073521509961421,0.7084548104956269,0.6996996996996997,0.492033278746416,-0.0053326291767036,0,-1.0,0.0479207157292397,0,100,0.01,True,0.002131526026739161,0.4562454802840598,-1.2063323665385983,False,False
81,-0.168563798864671,0.26931329832837625,0.5236179170488656,0.5244883238903826,8,2026-06-06,2026,2026,MOV_MKT_STATS,bryce mitchell,santiago luna,Bantamweight,underdog,santiago luna,2.18,0.4978600818156378,0.0853349783580905,0.8043262765548967,6.333479948228282,-20.2446715003479,0.5020648187432961,0.5653996182255789,0.7678463332290579,0.1956737234451032,-0.2548465018336688,0,-1.0,0.0723177782695682,1,100,0.01,False,0.036615453918966034,0.7306867016716238,4.178170117671332,False,True
78,-0.23229984324782357,0.2227826291891587,0.4844158351245828,0.48384578107375753,8,2026-06-06,2026,2026,MOV_MKT_STATS,belal muhammad,gabriel bonfim,Welterweight,underdog,gabriel bonfim,2.09,0.5098467158173765,0.0655796360583167,0.7537269766999786,5.188425202640756,34.26352360305033,0.4904995377051514,0.542383789731559,0.1997485537010556,0.2462730233000214,-0.2079494095202088,1,1.09,0.0601648037232263,0,100,0.01,False,0.07876231755584673,0.7772173708108413,5.796795460697618,True,True
83,0.08381674387291076,0.729255093781922,0.8543861289477731,0.897633978536432,8,2026-06-06,2026,2026,MOV_MKT_STATS,matt schnell,alessandro costa,Catch Weight,favorite,alessandro costa,1.13423,0.8993706034351305,0.0200931195342282,0.741278999022515,1.220371563493816,-6.0582498468130686,0.8558494230359993,0.8436457074010612,0.7830632089329305,0.741278999022515,0.0956279364836349,1,0.13423,0.1496917196917842,0,100,0.01,True,0.01812338747537745,0.729255093781922,1.0740421546711953,False,False
84,-0.016790859209074804,0.5386292737564461,0.792935828700452,0.8233183512390984,8,2026-06-06,2026,2026,MOV_MKT_STATS,marcus mcghee,john yannis,Bantamweight,favorite,marcus mcghee,1.1992,0.8208439956180063,-0.0156438804548868,0.5396589237879637,-0.4788940382047468,5.339535768501968,0.7908901981717589,0.7956791385538063,0.849074496238826,0.5396589237879637,-0.0292047412914095,1,0.1992,0.0,1,100,0.01,True,-0.012676633194073195,0.5386292737564461,-0.2743309853354359,False,False
86,-0.12905996201832093,0.33902976440350296,0.585007120057399,0.5886326199025725,8,2026-06-06,2026,2026,MOV_MKT_STATS,jordan leavitt,joanderson brito,Featherweight,underdog,jordan leavitt,2.49,0.4095472958994985,0.0197727667897515,0.645509057751004,2.922557570357176,1.1737906462019665,0.5867314210979047,0.6159569968014764,0.6042190903394568,0.354490942248996,-0.1219531404626109,0,-1.0,0.0132703132817124,0,100,0.01,False,0.024304776442594545,0.660970235596497,3.0949876744077454,False,False
82,0.08312214917244479,0.6353008652027876,0.7347845100678204,0.7540906120150453,8,2026-06-06,2026,2026,MOV_MKT_STATS,iwo baraniewski,junior tafa,Light Heavyweight,favorite,iwo baraniewski,1.32573,0.7585040414562599,0.0055715628798076,0.6559278949212365,2.0288481310188344,6.249071810249696,0.7385617354067897,0.7182732540966014,0.7807639721990983,0.6559278949212365,0.10259406200775,1,0.3257300000000001,0.0171048502741769,1,100,0.01,True,-0.0002794529332939,0.6353008652027876,1.6511255971219052,False,False
77,-0.08592332272260286,0.42875631233486056,0.6006306020756236,0.6051748107551306,7,2026-06-14,2026,2026,MOV_MKT_STATS,diego lopes,steve garcia,Featherweight,underdog,steve garcia,2.52,0.3889489328744512,-0.0198486891563829,0.5435627708483032,1.4899268183678926,6.462421089261161,0.6061529223807639,0.6210521905644428,0.5564279796718312,0.4564372291516968,-0.0628470362424145,0,-1.0,0.0,1,100,0.01,False,-0.005040523102929018,0.5712436876651394,2.0421588488819253,False,False
76,0.0693397784103033,0.6311110895452788,0.746092401728609,0.7673409262844623,7,2026-06-14,2026,2026,MOV_MKT_STATS,bo nickal,kyle daukaus,Middleweight,favorite,bo nickal,1.30581,0.7645635550754181,-0.0016252641469683,0.6206224882493518,1.0995961781215755,1.7505991011865452,0.7437301450589119,0.7327341832776961,0.7502401742895616,0.6206224882493518,0.056907988105541,1,0.3058099999999999,0.0,1,100,0.01,True,0.0020014549515137148,0.6311110895452788,1.3358218450912895,False,False
75,0.1360018939959748,0.7435425596995596,0.833199406827449,0.8721879489419768,7,2026-06-14,2026,2026,MOV_MKT_STATS,mauricio ruffy,michael chandler,Lightweight,favorite,mauricio ruffy,1.2293577981651376,0.8800476342104303,0.0818934218733729,0.7934922076383982,2.627132826591738,-2.6652452025586304,0.8397041640868129,0.8134328358208955,0.7867803837953092,0.7934922076383982,0.1835565043914713,1,0.2293577981651375,0.3570553193679059,1,100,0.01,True,0.07223105649747597,0.7435425596995596,1.9766571006553435,False,True
74,0.13046246106355147,0.720136602706385,0.7539565541784091,0.7766217184350158,7,2026-06-14,2026,2026,MOV_MKT_STATS,josh hokit,derrick lewis,Heavyweight,favorite,josh hokit,1.3125,0.7929370208390123,0.0407298398512037,0.7978299821386606,3.871563829067237,8.250268286362594,0.7676779511456026,0.7289623128549302,0.8114649957185561,0.7978299821386606,0.2058816045927884,1,0.3125,0.1303354875238518,1,100,0.01,True,0.01931600544595824,0.720136602706385,2.499424132347894,False,True
73,0.11292335783389196,0.6976504269318762,0.7879171462664304,0.8172515251122792,7,2026-06-14,2026,2026,MOV_MKT_STATS,sean o'malley,aiemann zahabi,Bantamweight,favorite,sean o'malley,1.24155,0.8093627767443432,0.0048643554669391,0.6572988958544226,1.2939988973935113,1.8443438694773275,0.7813744901909341,0.768434501216999,0.7868779399117722,0.6572988958544226,0.0742017062322084,1,0.2415499999999999,0.0201380892856104,1,100,0.01,True,0.014658631003150235,0.6976504269318762,1.9482645049431424,False,False
72,-0.13113840283749276,0.3501358955907871,0.4747654250889054,0.47383370100622607,7,2026-06-14,2026,2026,MOV_MKT_STATS,alex pereira,ciryl gane,Heavyweight,underdog,ciryl gane,1.93458,0.5286820352827878,0.0227776918173756,0.6646212127827104,3.51857501206454,-0.8086030374955144,0.4723422486830598,0.5075279988037052,0.5156140291786604,0.3353787872172896,-0.1408583201216561,1,0.93458,0.0243721156213225,0,100,0.01,False,0.017910798707374997,0.6498641044092128,3.2762573714799847,False,False
71,0.18824452114756973,0.7869744079010722,0.8511751988918617,0.8938114613178416,7,2026-06-14,2026,2026,MOV_MKT_STATS,ilia topuria,justin gaethje,Lightweight,favorite,ilia topuria,1.15873,0.8935865634215797,0.035425558633487,0.7879544015326371,2.5265078425098952,-10.095096177366116,0.850986682400595,0.8257216039754961,0.724770642201835,0.7879544015326371,0.1867571195339323,0,-1.0,0.223181242572211,0,100,0.01,True,0.03568615457282265,0.7869744079010722,2.5453594916365563,True,True
61,0.08053509284222984,0.6133422347156755,0.7269768103039944,0.7450086081870969,6,2026-06-20,2026,2026,MOV_MKT_STATS,manel kape,kyoji horiguchi,Flyweight,favorite,manel kape,1.36364,0.7250942316239203,-0.0112325019883573,0.5108200615694787,-0.101645445663312,-14.78972091134696,0.7096869509795054,0.7107034054361385,0.5628061963226689,0.5108200615694787,-0.0049386123218713,1,0.3636399999999999,0.0,1,100,0.01,True,0.015923538468252785,0.6133422347156755,1.627340486785589,False,False
63,0.04842268230150478,0.5955457972354802,0.6181927075214267,0.6239210805544663,6,2026-06-20,2026,2026,MOV_MKT_STATS,hyder amil,christian rodriguez,Featherweight,favorite,christian rodriguez,1.58824,0.6397370001170821,0.0160558930659546,0.6754553909778482,2.61773848507636,7.844582673571243,0.6328773333431761,0.6066999484924125,0.6851457752281249,0.6754553909778482,0.1111190437475151,1,0.5882400000000001,0.0272947998537241,0,100,0.01,True,-0.009063583020174404,0.5955457972354802,1.1492759029014255,False,False
64,0.1682600465630204,0.7725698081891824,0.8270578065209507,0.8647439701862706,6,2026-06-20,2026,2026,MOV_MKT_STATS,melsik baghdasaryan,murtazali magomedov,Featherweight,favorite,murtazali magomedov,1.2,0.867890460007973,0.0414685520095674,0.7843736664648139,2.799912927892667,0.6363387938259302,0.8296520218409101,0.8016528925619835,0.8080162805002428,0.7843736664648139,0.1865059386405645,1,0.1999999999999999,0.2073427600478373,0,100,0.01,True,0.037692764223524744,0.7725698081891824,2.540491395896727,True,True
62,0.06820966843725264,0.6573639227937453,0.7893459766593626,0.8189774810399593,6,2026-06-20,2026,2026,MOV_MKT_STATS,ion cutelaba,navajo stirling,Light Heavyweight,favorite,navajo stirling,1.28571,0.8210710056345015,0.0556592026543349,0.6721172602172344,1.3297573153779108,1.645664583136508,0.7910779435327916,0.7777803703790125,0.7942370162103776,0.6721172602172344,0.0786572854299151,1,0.2857099999999999,0.1948101314421441,0,100,0.01,True,0.052967537147885935,0.6573639227937453,1.1565606280350083,False,False
66,-0.005502485434407565,0.5695711463634391,0.8173618330761099,0.85296670319697,6,2026-06-20,2026,2026,MOV_MKT_STATS,andre lima,kevin borjas,Flyweight,favorite,andre lima,1.2222222222222223,0.8688602352880733,0.061940287574312,0.6688557276675691,1.227024882366856,-0.0997174671763301,0.8304520670054867,0.8181818181818181,0.8171846435100548,0.6688557276675691,0.0847571374133229,0,-1.0,0.278731294084404,0,100,0.01,True,0.042514859462963406,0.5695711463634391,-0.0819985105708243,False,False
67,-0.09427437171567911,0.3636060924307674,0.6683330896298314,0.6785437386869999,6,2026-06-20,2026,2026,MOV_MKT_STATS,allan nascimento,mitch raposo,Flyweight,favorite,allan nascimento,1.4,0.689028723537699,-0.0353597870472215,0.4407456234475225,-1.1126406926940002,-20.32376747608536,0.6777624819619489,0.6888888888888889,0.4856512141280353,0.4407456234475225,-0.0514218771814349,0,-1.0,0.0,0,100,0.01,False,-0.0034855899296997173,0.6363939075692326,2.0555799259057483,False,False
69,0.04637269203245464,0.581259849645082,0.7032700824500092,0.7177724389695842,6,2026-06-20,2026,2026,MOV_MKT_STATS,leon shahbazyan,levan chokheli,Welterweight,favorite,levan chokheli,1.39216,0.7109367152445706,-0.0102623425051185,0.5461817163226943,0.3747054591886734,6.491975426103847,0.6972497053131295,0.6935026507212427,0.7584224049822812,0.5461817163226943,0.0176892930641581,1,0.39216,0.0,0,100,0.01,True,-0.0007459213641035634,0.581259849645082,0.9767431728766485,False,False
70,0.017748125949871428,0.5536487212366159,0.610926804261612,0.6161442472457513,6,2026-06-20,2026,2026,MOV_MKT_STATS,shane collins,otari tanzilovi,Featherweight,favorite,shane collins,1.58824,0.6107189642967021,-0.0300317121454057,0.5289370451692732,-0.0858718169686856,15.978063650427266,0.6058412303227257,0.6066999484924126,0.7664805849966853,0.5289370451692732,-0.0035973809266354,1,0.5882400000000001,0.0,1,100,0.01,True,-0.0214150607544078,0.5536487212366159,0.42268557691994557,False,False
65,0.06331632970754408,0.6383095594098018,0.6814200278386328,0.6931156820236222,6,2026-06-20,2026,2026,MOV_MKT_STATS,vinicius oliveira,andre fili,Featherweight,favorite,vinicius oliveira,1.44444,0.6915285213583785,-0.0011285426091037,0.6271825423629913,1.2480966577797736,3.873919395190617,0.6800008310482474,0.6675198644704496,0.7062590584223558,0.6271825423629913,0.0567865877396321,1,0.4444399999999999,0.0,1,100,0.01,True,0.001164015742200819,0.6383095594098018,1.3900163368183116,False,False
48,0.6116294048184009,0.9610408332308138,0.701710932382124,0.7159990181267429,5,2026-06-27,2026,2026,MOV_MKT_STATS,rafael fiziev,manuel torres,Lightweight,favorite,rafael fiziev,1.20492,0.6856604514576876,-0.1738340088296031,0.926712643386351,11.408346450755111,-6.618471707709444,0.6747405172504364,0.5606570527428852,0.4944723356657908,0.926712643386351,0.4858758305724922,1,0.20492,0.0,1,100,0.01,True,-0.13727846307872493,0.9610408332308138,14.105387963923876,False,False
49,-0.055219569180483985,0.4732696319372596,0.7028844023369099,0.7173335523715314,5,2026-06-27,2026,2026,MOV_MKT_STATS,shara magomedov,michel pereira,Middleweight,favorite,shara magomedov,1.4,0.7180766592693999,0.0053073229771598,0.4746948566464129,-1.0748361291225803,10.42260824474981,0.7035373529944885,0.7142857142857143,0.8185117967332124,0.4746948566464129,-0.0520909915445992,1,0.3999999999999999,0.0132683074428996,1,100,0.01,True,0.004266973320143919,0.4732696319372596,-1.140131194880445,False,False
50,-0.1099380048790393,0.36468921072910154,0.6172397386386568,0.6228993310780752,5,2026-06-27,2026,2026,MOV_MKT_STATS,nazim sadykhov,matheus camilo,Lightweight,underdog,matheus camilo,2.7,0.3864688325426593,0.0434658478651801,0.6677546737946294,3.4378119810988927,1.1916288708828215,0.608479023046154,0.6428571428571429,0.6309408541483147,0.3322453262053705,-0.1468633212637891,1,1.7000000000000002,0.0255681458030471,0,100,0.01,False,0.018171806089197107,0.6353107892708985,2.561740421848613,False,False
51,-0.011418212427222607,0.5071026926173055,0.7310944979665892,0.7497914727672692,5,2026-06-27,2026,2026,MOV_MKT_STATS,asu almabayev,charles johnson,Flyweight,favorite,asu almabayev,1.3636363636363638,0.7628582260070926,0.040261217282399,0.5666424614513433,0.8944300844934916,8.351648351648356,0.7422776341782682,0.7333333333333333,0.8168498168498168,0.5666424614513433,0.0462395275137477,1,0.3636363636363637,0.1107183475265973,1,100,0.01,True,0.022442917409912555,0.5071026926173055,-0.2238835366744074,False,False
52,0.03523531685990945,0.5805996182849369,0.731121236775964,0.749822581235471,5,2026-06-27,2026,2026,MOV_MKT_STATS,ikram aliskerov,brunno ferreira,Middleweight,favorite,ikram aliskerov,1.33333,0.7476660657791925,-0.0031144045146294,0.575369942705276,0.5127886289840289,8.965036180139553,0.7292663167301372,0.7241384304402969,0.8137887922416924,0.575369942705276,0.0258199679897651,1,0.3333299999999999,0.0,1,100,0.01,True,-0.00023905776130961343,0.5805996182849369,0.6982806335667058,False,False
54,-0.055224725220886936,0.44636917227459205,0.4861973264317834,0.485693067818571,5,2026-06-27,2026,2026,MOV_MKT_STATS,farman hasanov,eric nolan,Welterweight,underdog,eric nolan,1.90909,0.5135228127457665,-0.0196387334151846,0.5520544985247932,1.3046413896182496,-20.012355121492032,0.4869535861038175,0.5,0.7001235512149203,0.4479455014752068,-0.0521975037102085,0,-1.0,0.0,1,100,0.01,False,-0.01814177884175583,0.553630827725408,1.3802673568216572,False,False
56,-0.0414010087181433,0.4585522087597583,0.6582686042136304,0.6674318820062535,5,2026-06-27,2026,2026,MOV_MKT_STATS,nursulton ruziboev,andrey pulyaev,Middleweight,underdog,andrey pulyaev,2.9,0.3389479339765449,-0.0170509914680199,0.5776507990370504,1.5062250703978597,1.4701557876523386,0.652457613766471,0.6675198644704496,0.6528183065939263,0.4223492009629496,-0.0671294887921953,0,-1.0,0.0,1,100,0.01,False,-0.0355524578181351,0.5414477912402418,0.9251260256819216,False,False
57,0.055046864622179066,0.6214137168752742,0.6269961277133927,0.6333862184211972,5,2026-06-27,2026,2026,MOV_MKT_STATS,kaan ofli,javier reyes,Featherweight,favorite,javier reyes,1.57143,0.6336698248012116,-0.004232227212632,0.6088003067233361,1.3224337408064613,3.35229929880676,0.6272592096765305,0.6140348722684659,0.6475578652565335,0.6088003067233361,0.0561719227652292,0,-1.0,0.0,1,100,0.01,True,-0.004677894786377923,0.6214137168752742,1.2961255444926878,False,False
58,0.09945737712716879,0.7119842507335363,0.8579668459708626,0.9018770659971924,5,2026-06-27,2026,2026,MOV_MKT_STATS,daniil donchenko,theodor berggren,Welterweight,favorite,daniil donchenko,1.14286,0.8958999632349879,0.0238882319827382,0.668374605062344,0.7517618502069778,-3.5501888166987405,0.8529279197927746,0.8454103012907048,0.8099084131237174,0.668374605062344,0.0587046626464792,1,0.14286,0.167214279593576,1,100,0.01,True,0.030719223645551352,0.7119842507335363,1.2556544680157766,False,False
59,0.07231514283335579,0.6166374725695073,0.6310257570623202,0.6377351384700986,5,2026-06-27,2026,2026,MOV_MKT_STATS,bekzat almakhan,jean matsumoto,Bantamweight,favorite,jean matsumoto,1.57143,0.6392880729760991,0.0045964565168314,0.6185071435367084,1.8427419410618096,-3.700788158647384,0.632462291679084,0.6140348722684659,0.577026990681992,0.6185071435367084,0.0784899808201287,1,0.5714300000000001,0.0080437787950081,0,100,0.01,True,0.002156128646066957,0.6166374725695073,1.6990884793854355,False,False
60,0.04284307851914761,0.5715005771901008,0.652632240885918,0.6612434137749438,5,2026-06-27,2026,2026,MOV_MKT_STATS,tahir abdullayev,jefferson nascimento,Welterweight,favorite,jefferson nascimento,1.5,0.6504992650459002,-0.0242511024311498,0.5183640573114326,-0.0062191957669655,-30.62875635691169,0.6427949508994731,0.6428571428571428,0.3365695792880259,0.5183640573114326,-0.0002708700464778,0,-1.0,0.0,1,100,0.01,True,-0.008134879337584389,0.5715005771901008,0.9775098028775187,False,False
55,0.11396251773114396,0.6996541851297993,0.8118438271647095,0.8462597135156595,5,2026-06-27,2026,2026,MOV_MKT_STATS,abdul rakhman yakhyaev,julius walker,Light Heavyweight,favorite,abdul rakhman yakhyaev,1.2597402597402598,0.8460624110528406,0.0658188814561759,0.6969889183006798,1.7867055767643358,3.406852742339017,0.811681488757334,0.7938144329896907,0.8278829604130808,0.6969889183006798,0.1129001216699811,1,0.2597402597402598,0.2534026936062774,1,100,0.01,True,0.06606743131193471,0.6996541851297993,1.802939417501881,False,False
35,0.06578110859917166,0.5710040506821888,0.6847180273809498,0.6968106366220903,4,2026-07-11,2026,2026,MOV_MKT_STATS,conor mcgregor,max holloway,Welterweight,favorite,max holloway,1.43103,0.697345967867151,-0.0020769996030709,0.5761462496698302,1.4847337170514563,4.771254218133414,0.6851951578490171,0.6703478206785025,0.7180603628598367,0.5761462496698302,0.0679921850875087,1,0.43103,0.0,0,100,0.01,True,-0.002843074674690138,0.5710040506821888,1.4370206702447264,False,False
36,-0.02075357830844592,0.47432875565244403,0.550425484510938,0.5523710353024911,4,2026-07-11,2026,2026,MOV_MKT_STATS,benoit saint denis,paddy pimblett,Lightweight,favorite,benoit saint denis,1.8,0.5622697011401085,0.0120854620521955,0.5310375695452998,0.4348396606566385,-5.060506050605063,0.559903952162122,0.5555555555555556,0.504950495049505,0.5310375695452998,0.017628710077541,0,-1.0,0.0151068275652443,0,100,0.01,False,0.007165170569395141,0.525671244347556,0.5130071044617601,False,False
37,-0.11485601394439109,0.37566142639356775,0.5470283701892504,0.5488292990873037,4,2026-07-11,2026,2026,MOV_MKT_STATS,cory sandhagen,mario bautista,Bantamweight,underdog,mario bautista,2.24,0.4392576342975546,-0.0160628991734775,0.5728714215195048,1.6861443837514312,11.939056050408968,0.558443095161199,0.5753045389987134,0.4559139784946237,0.4271285784804952,-0.068681360813554,1,1.2400000000000002,0.0,0,100,0.01,False,0.010622370044439888,0.6243385736064322,2.827616880946293,False,False
40,-0.07224952971011993,0.4083277166308667,0.6305516323132752,0.637222895695175,4,2026-07-11,2026,2026,MOV_MKT_STATS,nikita krylov,robert whittaker,Light Heavyweight,underdog,nikita krylov,2.7,0.3661248804901622,-0.0114628226765619,0.6044106143543806,1.9768538866009155,2.116701622826722,0.6274496215961526,0.6472181604621617,0.6260511442338945,0.3955893856456193,-0.0855424670604302,0,-1.0,0.0,0,100,0.01,False,-0.020501818376972403,0.5916722833691332,1.6666528148886584,False,False
39,0.07571376317135761,0.6223761326237403,0.5993277741058372,0.603790810319209,4,2026-07-11,2026,2026,MOV_MKT_STATS,king green,terrance mckinney,Lightweight,favorite,terrance mckinney,1.63694,0.6032193627155567,-0.0125660963963966,0.6124552905397704,1.7772234539588203,1.7229963448129435,0.5987896036315118,0.5810173690919236,0.598247332540053,0.6124552905397704,0.073473135267233,0,-1.0,0.0,1,100,0.01,True,-0.011630670956073952,0.6223761326237403,1.8310405013913567,False,False
42,0.019831945886759995,0.5764774883932445,0.7567555793436529,0.779937557446964,4,2026-07-11,2026,2026,MOV_MKT_STATS,cody garbrandt,adrian yanez,Bantamweight,favorite,adrian yanez,1.3278688524590163,0.781536023485356,0.0377773426608825,0.5873188084659925,0.5016540341791775,-0.6250976715111767,0.7581029600948782,0.7530864197530864,0.7468354430379747,0.5873188084659925,0.0271654363710127,1,0.3278688524590163,0.1152208951156916,0,100,0.01,True,0.03565478939678823,0.5764774883932445,0.3669159590566462,False,False
44,0.15004738189372874,0.7311078348617152,0.692693703176464,0.7057851247914525,4,2026-07-11,2026,2026,MOV_MKT_STATS,damian pinas,cesar almeida,Middleweight,favorite,damian pinas,1.51546,0.7338672017101663,0.1121463895036887,0.8397912923254417,5.7467249531150895,4.25147157105954,0.7173329008845354,0.6598656513533845,0.7023803670639799,0.8397912923254417,0.2685745796408971,1,0.51546,0.2175656491360895,1,100,0.01,True,0.06958912521645466,0.7311078348617152,3.2828051823079463,False,True
45,0.003616376107376899,0.5573872189965569,0.8113031968025435,0.8456026521556419,4,2026-07-11,2026,2026,MOV_MKT_STATS,farid basharat,john garza,Bantamweight,favorite,farid basharat,1.19048,0.8449794197211193,0.005931099589598,0.5566779225219117,0.0041439189553904,4.030931695381068,0.8107903804468188,0.8107489412572649,0.8510582582110756,0.5566779225219117,0.0002700990134199,1,0.1904799999999999,0.0311376500923878,1,100,0.01,True,0.00667304533824864,0.5573872189965569,0.0554255545278548,False,False
46,0.040639514575832106,0.564784602108752,0.6423607681896293,0.6500266712735164,4,2026-07-11,2026,2026,MOV_MKT_STATS,ryan gandra,zachary reese,Unknown,favorite,ryan gandra,1.50761,0.6605363895729861,-0.0041687337158704,0.6180472193809197,1.9015410293750867,-6.686956598067062,0.6519868949283681,0.6329714846346173,0.5661019186539467,0.6180472193809197,0.0827984950248723,1,0.5076099999999999,0.0,1,100,0.01,True,-0.020013290121334015,0.564784602108752,0.9389283555012007,False,False
47,0.11756165514268968,0.6717094532429355,0.7140049957215786,0.7300422211659723,4,2026-07-11,2026,2026,MOV_MKT_STATS,alessandro costa,cody durden,Flyweight,favorite,alessandro costa,1.3876,0.7117040347914844,-0.0124394813233363,0.5794711328240635,0.8518740652583623,2.56634364876851,0.6979269240172536,0.68940818336467,0.7150716198523551,0.5794711328240635,0.0400914814677712,1,0.3875999999999999,0.0,1,100,0.01,True,0.013006586089903127,0.6717094532429355,2.459681235690858,False,False
41,0.046437164670310435,0.781467647555193,0.9208869330559614,0.9690630424356848,4,2026-07-11,2026,2026,MOV_MKT_STATS,gable steveson,elisha ellison,Heavyweight,favorite,gable steveson,1.04662,0.9693306736437854,0.0145208696490588,0.7836913241763378,0.375473447433805,-3.199009925975937,0.9211917168876312,0.9174369824132932,0.8854468831535338,0.7836913241763378,0.0506280270128026,1,0.0466200000000001,0.3114729654452771,1,100,0.01,True,0.014240761474036523,0.781467647555193,0.3449950642668176,False,False
26,0.16860111858851357,0.7541292717499913,0.7724319740730401,0.7986235783566039,3,2026-07-18,2026,2026,MOV_MKT_STATS,jared cannonier,christian leroy duncan,Middleweight,favorite,christian leroy duncan,1.30769,0.799917709737212,0.0460443898462548,0.7540027648369259,3.2066780973056157,13.81019624151264,0.773511986195203,0.7414452052221469,0.8795471676372733,0.7540027648369259,0.1747555235099615,1,0.30769,0.1496453893407481,0,100,0.01,True,0.04435206718114748,0.7541292717499913,3.0986768850893243,True,True
27,0.29681017817316935,0.8344537594911687,0.7527542688236332,0.7751994485962985,3,2026-07-18,2026,2026,MOV_MKT_STATS,chase hooper,mitch ramirez,Lightweight,favorite,chase hooper,1.39216,0.7663667738347054,0.0669051678617236,0.801133721544639,5.1761670278669625,5.979374720515884,0.7452643209999124,0.6935026507212427,0.7532963979264016,0.801133721544639,0.2569665391167458,1,0.39216,0.1706068131928896,1,100,0.01,True,0.07920166435782305,0.8344537594911687,5.925161810239043,True,True
28,-0.09460568367047262,0.39824364200558454,0.5478028512736973,0.5496364949109833,3,2026-07-18,2026,2026,MOV_MKT_STATS,tommy mcmillen,alberto montes,Featherweight,underdog,tommy mcmillen,2.25,0.4580420189095958,0.0305945425465905,0.6417081952914179,3.068522537295715,38.48526161315342,0.5404300485339283,0.5711152739068854,0.1862626577753512,0.3582918047085821,-0.1243288462537943,1,1.25,0.0244756340372724,1,100,0.01,False,0.013317886450287642,0.6017563579944154,2.3312422633188112,False,False
25,0.15263161930293365,0.7261672862655343,0.7570221585842829,0.7802536958793918,3,2026-07-18,2026,2026,MOV_MKT_STATS,dricus du plessis,kamaru usman,Middleweight,favorite,dricus du plessis,1.30488,0.770441045509112,0.0053331114639301,0.6793571214706029,2.0864590820315554,2.6637049164282223,0.7487243078518158,0.7278597170315002,0.7544967661957824,0.6793571214706029,0.1080294703121179,1,0.30488,0.0174924936497314,1,100,0.01,True,0.01813744267910078,0.7261672862655343,2.916244155278269,False,False
31,-0.01739037488258192,0.5064501481479374,0.5194703507947226,0.5201848707905138,3,2026-07-18,2026,2026,MOV_MKT_STATS,levi rodrigues,felipe franco,Unknown,underdog,levi rodrigues,2.1000011000011,0.4797964757757976,0.0075731269058261,0.4933676373564255,0.4321440806235865,5.432620516763176,0.5194883324365133,0.5238097732427491,0.4694835680751174,0.5066323626435745,-0.0173183389808321,0,-1.0,0.0068846539388174,0,100,0.01,False,0.00761229913709105,0.49354985185206257,0.4339422448026542,False,False
33,0.17366420711894276,0.7876786372476926,0.8729927797923624,0.9193910459095652,3,2026-07-18,2026,2026,MOV_MKT_STATS,alden coria,stewart nicoll,Flyweight,favorite,alden coria,1.125,0.9208847293768392,0.035995320548944,0.7987759551011934,2.18386771003356,5.913886111916944,0.8742976934937783,0.8524590163934427,0.911597877512612,0.7987759551011934,0.1854853220989685,1,0.125,0.2879625643915524,1,100,0.01,True,0.03431492664826097,0.7876786372476926,2.053376339891977,True,True
34,0.04254228996777333,0.5852110968115597,0.639494438610045,0.6469101026469057,3,2026-07-18,2026,2026,MOV_MKT_STATS,rj harris,alvin hines,Heavyweight,favorite,rj harris,1.588235294117647,0.6485161815268741,0.029996288307388,0.5925877263209063,1.13425942046409,-16.234075636693383,0.6409722238342705,0.6296296296296297,0.4672888732626958,0.5925877263209063,0.0489581159372951,1,0.588235294117647,0.0509936901225597,1,100,0.01,True,0.027445457145085506,0.5852110968115597,0.9864808980415307,False,False
29,-0.03716792818315909,0.4748227645461613,0.5828285149540706,0.586334860418981,3,2026-07-18,2026,2026,MOV_MKT_STATS,austin bashi,jose delgado,Featherweight,underdog,austin bashi,2.45,0.4368573584564997,0.0703005282184245,0.6358503068756649,3.109812222165365,5.912645432004582,0.5607386124722239,0.5918367346938775,0.5327102803738317,0.364149693124335,-0.1274033425779583,0,-1.0,0.0484831229092583,0,100,0.01,False,0.013479591973496685,0.5251772354538387,0.9008219739806922,False,False
24,0.17798641080223362,0.7575190311557689,0.7815545229716165,0.8095795128612303,2,2026-07-25,2026,2026,MOV_MKT_STATS,cody gibson,abdul hussein,Bantamweight,favorite,abdul hussein,1.28571,0.8023377183326704,0.0315736278374976,0.7203570260418677,2.587685927491845,12.59254307279144,0.77552977970851,0.7496529204335916,0.875578351161506,0.7203570260418677,0.1430412798293816,1,0.2857099999999999,0.1105093550715677,0,100,0.01,True,0.04088447548081242,0.7575190311557689,3.1901602538024987,True,False
23,0.0421497521384394,0.5894593196239486,0.6196486922025085,0.6254832062981244,2,2026-07-25,2026,2026,MOV_MKT_STATS,nurullo aliev,mike davis,Lightweight,favorite,nurullo aliev,1.5814,0.6397166699833704,0.0116479419117019,0.6491457287364252,2.3192745505695167,15.244597273893111,0.6328585400458542,0.609665794540159,0.7621117672790901,0.6491457287364252,0.0985920784892883,1,0.5813999999999999,0.0200342998137288,1,100,0.01,True,-0.010860857560146209,0.5894593196239486,0.9982897662349499,False,False
22,0.11283705587434686,0.7171756806959021,0.8312398714714163,0.8698148703283557,2,2026-07-25,2026,2026,MOV_MKT_STATS,magomed tuchalov,brendson ribeiro,Light Heavyweight,favorite,magomed tuchalov,1.18182,0.861951141902691,0.0186710985234384,0.6674367925712409,0.9942303078524616,8.833379965655041,0.8247568857524328,0.8148145826739082,0.9031483823304586,0.6674367925712409,0.0673114223904655,1,0.1818200000000001,0.1026900149787613,1,100,0.01,True,0.02796461005145745,0.7171756806959021,1.6425288797508153,False,False
21,0.0373065926254342,0.5494351222654936,0.6155655468781329,0.6211056137181502,2,2026-07-25,2026,2026,MOV_MKT_STATS,ismael bonfim,axel sola,Lightweight,favorite,axel sola,1.58824,0.6250594908157665,-0.0072555143067669,0.5744400460070928,1.2553936335467308,10.92067129700377,0.6192538848278798,0.6066999484924125,0.7159066614624502,0.5744400460070928,0.0529210135104589,1,0.5882400000000001,0.0,0,100,0.01,True,-0.013535220068285003,0.5494351222654936,0.886559838572043,False,False
20,0.10335587638086717,0.6873794053110486,0.8032551022817334,0.8358265055464037,2,2026-07-25,2026,2026,MOV_MKT_STATS,santiago ponzinibbio,sam patterson,Welterweight,favorite,sam patterson,1.22222,0.8446143323836095,0.0323045293258952,0.7406482115920316,2.408189171800179,5.269033084145569,0.8104899641094861,0.7864080723914844,0.83909840323294,0.7406482115920316,0.1497884562920514,1,0.22222,0.1453718356848853,0,100,0.01,True,0.0215638716089257,0.6873794053110486,1.6847029890249,False,False
19,-0.09683892724818294,0.37237080130384864,0.666324635152168,0.676319837589991,2,2026-07-25,2026,2026,MOV_MKT_STATS,dustin jacoby,muhammad said,Unknown,underdog,muhammad said,3.1999780002199976,0.3256878750308629,0.0421940350371612,0.6328027962921678,2.298894356245773,35.304969103409675,0.6645089080067561,0.6874978515692138,0.334448160535117,0.3671972037078321,-0.1049944813958659,1,2.1999780002199976,0.0191792986261416,0,100,0.01,False,0.035769398819664566,0.6276291986961513,2.1173216417045837,False,False
18,0.18784994026181637,0.7433271916111412,0.7276594440692337,0.7458004511405678,2,2026-07-25,2026,2026,MOV_MKT_STATS,valter walker,thomas petersen,Heavyweight,favorite,valter walker,1.4,0.7157271688066753,0.0020180363293453,0.6115849898392481,1.258287024576521,-5.664135792450553,0.7014717591346541,0.6888888888888889,0.6322475309643834,0.6115849898392481,0.0593862284140569,1,0.3999999999999999,0.0050450908233634,1,100,0.01,True,0.0441206315967948,0.7433271916111412,3.877055518034478,False,False
17,0.039132318862761625,0.5482316312828887,0.6577840491757044,0.6668989075549059,2,2026-07-25,2026,2026,MOV_MKT_STATS,abubakar vagaev,saygid izagakhmaev,Welterweight,favorite,abubakar vagaev,1.4878,0.66885937525188,-0.0048710215002529,0.5563004039123056,1.064398976750025,8.497393382778162,0.6595656000369797,0.6489216102694795,0.7338955440972611,0.5563004039123056,0.047056594594299,1,0.4878,0.0,1,100,0.01,True,-0.007787805339811049,0.5482316312828887,0.8862438906224956,False,False
15,-0.048492450167761283,0.44686571461280605,0.700632231076372,0.714773349395665,2,2026-07-25,2026,2026,MOV_MKT_STATS,magomed zaynukov,damian rzepecki,Lightweight,favorite,magomed zaynukov,1.36364,0.7180222665806402,-0.0208761163999758,0.463102808843546,-0.7213834601320968,15.470012173884353,0.7034895708348176,0.7107034054361385,0.865403527174982,0.463102808843546,-0.0348320911788258,1,0.3636399999999999,0.0,1,100,0.01,True,-0.025306469830095435,0.44686571461280605,-1.0071174359766566,False,False
14,-0.04509257638340201,0.4340228038660887,0.5688078641835019,0.5715937729338233,2,2026-07-25,2026,2026,MOV_MKT_STATS,steve erceg,ramazan temirov,Flyweight,underdog,ramazan temirov,2.3,0.4221743459970747,-0.0289990042067282,0.5283376518525725,0.5087340095265458,9.89336311724291,0.5747441054245283,0.5798314455197937,0.4808978143473646,0.4716623481474274,-0.0208476840905644,1,1.2999999999999998,0.0,0,100,0.01,False,-0.014665677747793704,0.5659771961339113,1.1023581336291777,False,False
13,0.026670515043597572,0.5686765628757149,0.7294342134011186,0.7478611327564115,2,2026-07-25,2026,2026,MOV_MKT_STATS,magomed ankalaev,bogdan guskov,Light Heavyweight,favorite,magomed ankalaev,1.33333,0.7506969497176053,0.0009267639669745,0.5838765479181794,0.773412914546856,15.261944795370264,0.7318725595857655,0.7241384304402969,0.8767578783939995,0.5838765479181794,0.03906061241218,1,0.3333299999999999,0.0027803197041207,1,100,0.01,True,-0.0028543158618938858,0.5686765628757149,0.5295782960821671,False,False
