name_key,as_of_fight_date,name,reach,win_ratio_dec_avg,sig_str_land_per_min_dec_avg,sig_str_def_dec_avg,td_land_per_min_dec_avg,td_def_dec_avg,sub_att_per_min_dec_avg,ko_sub_per_win_dec_avg,division_last,dob
aalon cruz,2021-03-06,aalon cruz,78.0,,,,,,,,Lightweight,1989-09-20
aaron brink,2000-11-17,aaron brink,78.0,,,,,,,,Heavyweight,
aaron phillips,2023-04-15,aaron phillips,71.0,0.493,2.3616511025240645,0.5772896777005645,0.0475665889382352,0.3968093328351929,0.0192080957205134,0.5723402460447293,Bantamweight,1989-08-05
aaron pico,2026-04-11,aaron pico,70.0,0.4996747730133614,3.847769500954389,0.4613725265812755,0.0566394732915159,0.4016055591855856,0.0128,0.3870348017420361,Featherweight,1996-09-23
aaron riley,2013-07-27,aaron riley,69.0,0.4987666945752145,3.39111599743127,0.4007797788705178,0.0964642389299565,0.3472252252999824,0.0155437048857965,0.6232839829740651,Lightweight,1980-12-09
aaron rosa,2012-03-02,aaron rosa,77.0,0.4977883530065622,2.885926794011991,0.542563893109301,0.113234230989385,0.3700936138432656,0.0708602936581576,0.7932851120352957,Light Heavyweight,1983-05-28
aaron simpson,2012-10-05,aaron simpson,73.0,0.502613382042377,3.5407896623704347,0.4642454459549465,0.1879146752342424,0.3023485811833766,0.0248780011245818,0.6155107899731409,Welterweight,1974-07-20
aaron wilkinson,2010-12-04,aaron wilkinson,72.0,,,,,,,,Lightweight,1987-01-31
abdul hussein,2026-07-25,abdul hussein,69.0,0.502502993905208,3.418228586887325,0.4946035610374765,0.068035600078773,0.3641183563284518,0.0510884504942745,0.5812001494187693,Bantamweight,1997-08-02
abdul kareem al selwady,2026-03-21,abdul-kareem al-selwady,69.0,0.507,3.4684,0.4264901440629246,0.0787,0.2210840199595454,0.0538,0.5127108909092892,Lightweight,1995-04-10
abdul kerim edilov,2017-09-02,abdul-kerim edilov,76.0,0.507,3.6809724186099984,0.4583039444613516,0.0474169803123751,0.3623117994927638,0.0103000318961737,0.8569096327298297,Light Heavyweight,1991-11-25
abdul rakhman yakhyaev,2026-06-27,abdul rakhman yakhyaev,78.0,0.507,3.672695804406374,0.4693166948851072,0.2287375911009482,0.3654336734693877,0.122820513576271,0.7919889459067234,Light Heavyweight,2001-01-03
abdul razak alhassan,2025-01-11,abdul razak alhassan,73.0,0.4975524779959757,2.7022823552621458,0.5610924471657395,0.2162508700471696,0.3229974207647461,0.0106492415328807,0.62820089586407,Middleweight,1985-08-11
abel trujillo,2017-12-16,abel trujillo,70.0,0.5006211542197738,4.147512984878117,0.5274890286345021,0.0633169814986886,0.3579855054781821,0.0181155915338086,0.652198206576257,Lightweight,1983-09-18
abner lloveras,2015-12-11,abner lloveras,72.0,,,,,,,,Lightweight,1982-09-04
abu azaitar,2023-10-21,abu azaitar,76.0,0.4969639557771416,5.179703466057408,0.4871583185505973,0.0442882629091391,0.3614527293833915,0.0092,0.6289423792121089,Middleweight,1986-03-10
abubakar nurmagomedov,2023-06-03,abubakar nurmagomedov,72.0,0.5044047175514942,3.2622090064352283,0.3667080678890014,0.0889121664461843,0.2984924251181881,0.0099240090550788,0.594989175085529,Welterweight,1989-11-13
abubakar vagaev,2026-07-25,abubakar vagaev,74.0,,,,,,,,Welterweight,1993-04-14
abus magomedov,2026-06-27,abus magomedov,78.0,0.5008872291380722,3.241930245549069,0.4518941790865593,0.1366795787864278,0.3182956627396077,0.0345505820820128,0.6250150633588534,Middleweight,1990-09-02
adam cella,2013-04-06,adam cella,75.0,,,,,,,,Middleweight,1985-06-26
adam fugitt,2026-01-24,adam fugitt,77.0,0.4982763484529193,3.8981317758959686,0.4669791444099038,0.0990105865373557,0.3650391667718487,0.0127807214351424,0.6023892605045821,Welterweight,1989-01-12
adam milstead,2018-12-15,adam milstead,76.0,0.4985680795375704,3.6162366274467344,0.5559062183772291,0.0352339098308687,0.350501419497812,0.0076041215143193,0.89190438185893,Light Heavyweight,1987-07-03
adam wieczorek,2018-11-03,adam wieczorek,81.0,0.507,2.9606886983666514,0.5214273210693084,0.032166513330479,0.3851088536137752,0.0418626398359848,0.9590134690550224,Heavyweight,1992-02-05
adam yandiev,2018-09-15,adam yandiev,74.0,,,,,,,,Middleweight,1988-08-07
adlan amagov,2013-10-19,adlan amagov,76.0,0.4975832530616718,2.9004579353351545,0.5103531679604671,0.096029162053043,0.412745185426818,0.0553270788530138,0.5520867228089305,Welterweight,1986-10-30
adrian serrano,2000-06-09,adrian serrano,74.0,0.493,2.2652,0.5167469911743474,0.045,0.5831377513165824,0.0687,0.5273270691018316,Welterweight,
adrian yanez,2026-07-11,adrian yanez,70.0,0.4996407972961554,3.492710262620865,0.4555097569146771,0.0777956434690999,0.2810052014463473,0.0327873564516425,0.578699652389689,Bantamweight,1993-11-29
adriano martins,2017-09-09,adriano martins,72.0,0.4965568909082623,2.395822711568201,0.4395987774889812,0.0689693627295395,0.3565651119126508,0.0107065018180871,0.6283363556656326,Lightweight,1982-12-16
adriano santos,1998-10-16,adriano santos,75.0,,,,,,,,Middleweight,
aiemann zahabi,2026-06-14,aiemann zahabi,68.0,0.4976641649570051,3.383462210710679,0.5473933387040798,0.1405949061281607,0.3543086496738182,0.0190814385509578,0.5895163195473937,Bantamweight,1987-11-19
aj cunningham,2025-03-15,aj cunningham,71.0,0.493,1.689,0.4731791097214701,0.0776,0.3747305865860759,0.0107,0.5918075411958911,Bantamweight,1994-09-07
aj dobson,2024-03-23,aj dobson,76.0,0.5009893594695174,3.8684020001345063,0.5097098810113677,0.1548754393584654,0.368409291217445,0.0922568723655948,0.6130967559084183,Middleweight,1992-01-18
aj fletcher,2023-09-23,aj fletcher,67.0,0.496175087110292,3.830047857296263,0.4578226446654177,0.1594837025285345,0.3340016532832515,0.0230653185111584,0.6114793844306572,Welterweight,1997-02-18
akbarh arreola,2015-11-14,akbarh arreola,71.0,0.4984216578374028,2.6392224225344343,0.4282639092279732,0.053004058008883,0.3863946231261884,0.0591010778970079,0.6851320616401713,Lightweight,1983-01-14
akihiro gono,2009-01-31,akihiro gono,68.0,0.4954561195001767,2.571831719931419,0.4854737346232731,0.110682893462682,0.4049958872321783,0.0928423444803985,0.4787443552621865,Welterweight,1974-10-07
akira corassani,2015-01-24,akira corassani,68.0,0.4999808224812158,3.675606043611928,0.5113599386542791,0.0784652465964887,0.3350118754862511,0.0229538287625682,0.3867948933856381,Featherweight,1982-08-27
al iaquinta,2021-11-06,al iaquinta,70.0,0.4994996432735706,3.6261816603129153,0.4018643991386798,0.0483613526447081,0.3564278311209031,0.0166065262540586,0.6161959561277038,Lightweight,1987-04-30
alan baudot,2022-06-25,alan baudot,79.0,0.5023539269714651,4.200693166937833,0.5258779624191549,0.1599608158946119,0.3365825363669933,0.0313005366874794,0.953827573114895,Heavyweight,1988-02-01
alan belcher,2013-04-27,alan belcher,75.0,0.498109609401346,3.0122519384703814,0.3935005694140028,0.0867621509885312,0.3582919795011696,0.0212390999224224,0.6422634045521702,Middleweight,1984-04-24
alan jouban,2020-11-21,alan jouban,73.0,0.5000120120012268,4.174213318947071,0.4096473479867296,0.0639529783502145,0.3574880039458835,0.0124568644429657,0.6002934241883264,Welterweight,1981-11-25
alan omer,2015-06-20,alan omer,71.0,0.493,3.8493,0.396221077433084,0.0794,0.3800108046392547,0.0128,0.3922670729633906,Featherweight,1988-09-14
alan patrick,2022-05-14,alan patrick,74.0,0.5031113743825724,3.730279148269885,0.4127232591439609,0.088007670599026,0.3681342139175271,0.0431046655007054,0.5724184293338536,Lightweight,1983-07-19
alatengheili,2025-04-26,alatengheili,66.0,0.498493970887302,3.914610601694164,0.4444076123632106,0.0974576728966946,0.355420151410784,0.0314763552525654,0.5838215575849951,Bantamweight,1991-12-14
albert cheng,2014-03-01,albert cheng,74.0,,,,,,,,Welterweight,1985-02-07
albert duraev,2023-07-15,albert duraev,75.0,0.5024947586181793,3.116442571977477,0.3821745972969813,0.1182763722869138,0.3606679736818462,0.0212798129411448,0.6200075381505024,Middleweight,1989-01-05
albert morales,2018-02-24,albert morales,72.0,0.4968417827319922,3.7906591135834224,0.4443967247260086,0.0577940363486612,0.3689207115549114,0.0117623004344325,0.5886020157253405,Bantamweight,1991-05-25
albert tumenov,2016-10-08,albert tumenov,73.0,0.4982569830554884,2.585270193467453,0.5214718818682486,0.1623304313506691,0.3524240996164173,0.0174699053822936,0.5874164273651841,Welterweight,1991-12-26
alberto crane,2008-01-23,alberto crane,72.0,0.5001280345266841,2.9411021774201607,0.4378926153236155,0.1059912051688094,0.4423713793235156,0.0770944754467693,0.5730345155031656,Lightweight,
alberto mina,2018-05-12,alberto mina,77.0,0.507,3.971615607928128,0.4671139779243089,0.1340542181825737,0.3560026652048682,0.0119993414238169,0.5918553377632993,Welterweight,1982-05-02
alberto montes,2026-07-18,alberto montes,69.0,0.493,4.2287,0.5387175457978156,0.0691,0.3654837731270852,0.0246,0.3922670729633906,Featherweight,1994-05-31
alberto uda,2016-08-20,alberto uda,75.0,0.493,3.0382,0.4883711292104973,0.123,0.2880592513485318,0.015,0.6339365954150863,Middleweight,1984-08-08
alden coria,2026-07-18,alden coria,67.0,0.5069999999999999,4.087241495354543,0.2992771969840022,0.1209250253180084,0.364073200304402,0.0163242113124921,0.4362422669302396,Flyweight,1998-04-24
alejandro perez,2022-02-26,alejandro perez,67.0,0.5029162084393927,3.443752266795417,0.4257081147076988,0.074024064137362,0.3516880119984964,0.047651796200443,0.5831637910318336,Featherweight,1989-09-02
aleksa camur,2023-08-05,aleksa camur,74.0,0.5022206127000713,3.405310342075232,0.4995321513165736,0.1008899134400327,0.3835919900807464,0.0161747076605289,0.9218810538794188,Light Heavyweight,1995-09-25
aleksandar rakic,2026-08-01,aleksandar rakic,78.0,0.4958862271193027,3.817645817536718,0.4859674398478019,0.0562716138586278,0.3666130965465259,0.0134511381890733,0.7939620832156465,Heavyweight,1992-02-06
aleksandre topuria,2025-11-22,aleksandre topuria,68.0,0.498578700856044,3.741863947090281,0.450834324053121,0.1523091265115474,0.3563661873027008,0.0205649504257769,0.5851683137359949,Bantamweight,1996-01-28
aleksei kunchenko,2020-03-14,aleksei kunchenko,70.0,0.4963603353861957,3.252941916066989,0.4124658411910726,0.0993114138689446,0.3228871863312326,0.0243009467415506,0.5842344344578133,Welterweight,1984-05-02
aleksei oleinik,2022-10-01,aleksei oleinik,80.0,0.4995457211120833,3.2401228471570844,0.4239796732154915,0.0397592507597142,0.3725840098983056,0.0093981507376741,0.8584845572627615,Heavyweight,1977-06-20
alen amedovski,2022-09-17,alen amedovski,74.0,0.507,3.3843,0.5327297390501194,0.1189,0.2727639533806935,0.0092,0.6162978953960615,Middleweight,1988-04-06
alessandro costa,2026-07-11,alessandro costa,67.0,0.5021233371402838,3.977736903529673,0.4424784000653492,0.105330405845759,0.370225580129213,0.0394885708993669,0.5199534089991009,Flyweight,1996-01-28
alessio di chirico,2022-09-03,alessio di chirico,74.0,0.4978139493106331,3.398360271430276,0.4012977208334158,0.0852583798423515,0.3190790615408301,0.0155303740324562,0.6278714662867255,Middleweight,1989-12-12
alessio sakara,2013-10-26,alessio sakara,72.0,0.4975073814235625,3.826497884278988,0.4452399654918432,0.0763596406216175,0.3634638477501699,0.0179007817965546,0.6618515926989237,Middleweight,1981-09-02
alex andrade,2000-06-09,alex andrade,75.0,,,,,,,,Middleweight,
alex caceres,2024-05-11,alex caceres,73.0,0.5019610032102395,4.1768076987425,0.4166673639769099,0.0652027931214492,0.3426386661252675,0.0315936477287715,0.3972660136699117,Featherweight,1988-06-20
alex da silva,2022-06-04,alex da silva,73.0,0.4975761335837374,2.6144610146109994,0.5460792549558761,0.0567789256625092,0.4008497277902447,0.0124569239087414,0.6270594328742451,Lightweight,1996-02-04
alex garcia,2018-10-27,alex garcia,72.0,0.4997729720339784,2.517092657695276,0.4027902287065452,0.1824060302544801,0.3404337359840135,0.0214709777323714,0.6427659028099881,Welterweight,1987-07-14
alex gorgees,2018-12-01,alex gorgees,74.0,,,,,,,,Lightweight,1995-08-11
alex karalexis,2006-01-16,alex karalexis,66.0,0.507,3.868,0.4627229801379287,0.1603,0.3520558002936857,0.0196,0.6162978953960615,Welterweight,
alex morono,2026-02-07,alex morono,72.0,0.4991484288968082,4.54110352973013,0.4632282955271347,0.0516869182800528,0.4028403221773325,0.0224610297489527,0.6216791476926103,Welterweight,1990-08-16
alex nicholson,2017-05-28,alex nicholson,77.0,0.5002556059009788,2.6496297764557077,0.4383620612548035,0.0745525975464687,0.3104518502429969,0.0877005759445675,0.6262536120929849,Middleweight,1990-05-02
alex oliveira,2022-03-05,alex oliveira,76.0,0.4981313882609789,2.8860602812277483,0.5363707068727034,0.1700009033188838,0.3733356381370663,0.0760532764764851,0.6220318938672492,Welterweight,1988-02-21
alex pereira,2026-06-14,alex pereira,79.0,0.5042935100359005,4.712656936341038,0.4674741895474811,0.048772840932621,0.3187209440619742,0.0200857823435436,0.7376021263269128,Heavyweight,1987-07-07
alex perez,2026-05-30,alex perez,65.0,0.499291030031708,4.015010299282581,0.4144172914573545,0.1214323714277909,0.3748785895935249,0.0288217543745557,0.450652758168685,Flyweight,1992-03-21
alex reyes,2024-08-17,alex reyes,73.0,0.4995820474813827,4.680063261317658,0.5118338347214113,0.0783200858469411,0.3649439297903462,0.0229678921168881,0.6245463933056552,Lightweight,1986-10-02
alex ricci,2017-02-19,alex ricci,72.0,0.4994838693500898,3.204824631662516,0.4289832778019787,0.1236670830066428,0.360121612507138,0.0112149866249334,0.624669392368077,Lightweight,1982-07-21
alex schoenauer,2005-04-09,alex schoenauer,75.0,,,,,,,,Middleweight,
alex soto,2012-05-15,alex soto,69.0,0.493,4.0128,0.4687329862729728,0.0879,0.3563661873027008,0.0275,0.5918075411958911,Bantamweight,1984-02-15
alex stiebling,2000-11-17,alex stiebling,75.0,,,,,,,,Middleweight,
alex torres,2015-02-28,alex torres,71.0,,,,,,,,Featherweight,1988-05-29
alex white,2019-10-26,alex white,71.0,0.4995451224229798,3.696080249267336,0.4470294191384844,0.0860282782599772,0.3237018037478218,0.0457244554471463,0.5236655947910897,Lightweight,1988-10-22
alexander gustafsson,2022-07-23,alexander gustafsson,79.0,0.5020922249056596,2.88399677757448,0.5508363035933734,0.1332921439260216,0.3811004810556604,0.0574220852006945,0.7921238785370013,Light Heavyweight,1987-01-15
alexander hernandez,2026-04-25,alexander hernandez,72.0,0.4974560407559202,4.294313569419116,0.4855209200817034,0.0843489042539205,0.3959821796807675,0.0116671135171513,0.6272098870031898,Lightweight,1992-10-01
alexander munoz,2023-07-15,alexander munoz,72.0,0.493,3.905732604309335,0.4691809170654435,0.1516582004717251,0.3649439297903462,0.0103,0.6327924829221978,Lightweight,1990-02-27
alexander poppeck,2026-08-01,alexander poppeck,78.0,,,,,,,,Heavyweight,
alexander volkanovski,2026-01-31,alexander volkanovski,71.0,0.5023805081520885,5.082090389212398,0.45183875854827,0.1007466378131213,0.3563211923679727,0.0149589003852678,0.4423135297677403,Featherweight,1988-09-29
alexander volkov,2026-05-09,alexander volkov,80.0,0.50305353863777,4.140396224392312,0.5226946243099753,0.0539946287341972,0.3986279047709273,0.0172788505242084,0.9591956311029182,Heavyweight,1988-10-24
alexander yakovlev,2020-10-24,alexander yakovlev,74.0,0.4967620099001391,3.677427458948767,0.4267469746510343,0.1391665740617518,0.3649439297903462,0.0172882841068482,0.6280793794596944,Lightweight,1984-07-18
alexandr romanov,2024-11-02,alexandr romanov,75.0,0.5004813918843066,3.60645891958625,0.514646942146404,0.1500208601485549,0.4005932475673023,0.0296841504165183,0.9669770009019548,Heavyweight,1990-12-11
alexandre barros,2009-01-17,alexandre barros,74.0,0.4969644058273207,3.684199913539453,0.4605028333489673,0.0707878864655368,0.3986093864751242,0.0427234422892242,0.6269089361266462,Welterweight,1976-11-19
alexandre dantas,2003-02-28,alexandre dantas,78.0,0.4978199138282366,3.102489583838737,0.3806263868129952,0.0599302919858532,0.3387209215761058,0.027332091886039,0.965886996349536,Heavyweight,
alexandre ferreira,2010-11-13,alexandre ferreira,76.0,0.4984077679604795,2.922173715313611,0.395211094650119,0.0948293861504034,0.4371110013882676,0.0135668393139393,0.8044640924326305,Light Heavyweight,1979-04-25
alexandre pantoja,2025-12-06,alexandre pantoja,67.0,0.5060003946339581,3.834460289799536,0.5208350509978712,0.2131145543852292,0.3592801932687425,0.0699374293997603,0.4771795093036875,Flyweight,1990-04-16
alexis dufresne,2014-07-06,alexis dufresne,71.0,,,,,,,,Women's Bantamweight,1990-08-31
alfonso alcarez,1999-09-24,alfonso alcarez,72.0,,,,,,,,Lightweight,
ali alqaisi,2020-10-10,ali alqaisi,68.0,0.493,3.2108,0.4799916714766854,0.1211,0.3747305865860759,0.0542,0.584501275255201,Bantamweight,1990-09-23
ali bagautinov,2016-11-19,ali bagautinov,65.0,0.4951172504881822,2.8321422247079657,0.4549070493068952,0.1213928598948389,0.3973639188447401,0.0563631561408929,0.4542213802057386,Flyweight,1985-06-10
aliaskhab khizriev,2024-02-03,aliaskhab khizriev,74.0,0.507,4.6663,0.3922710833388978,0.1827,0.3073786682767206,0.081,0.6334844162262785,Middleweight,1990-08-24
alibi idiris,2026-02-21,alibi idiris,68.0,0.5017938437719061,3.127183406962816,0.4189143572078795,0.1264455422820015,0.3777612113828075,0.0586404354307082,0.5100065681097523,Flyweight,1994-10-22
alistair overeem,2021-02-06,alistair overeem,80.0,0.5025032021417133,3.98998212146266,0.5052182930151119,0.0762745710483507,0.3928684943749738,0.0161071888792575,0.9586711961412412,Heavyweight,1980-05-17
aljamain sterling,2026-04-25,aljamain sterling,71.0,0.5031086414038317,3.967972455736623,0.4184356081148183,0.1827100305951754,0.4067314481820903,0.0310032923015116,0.5763751719012198,Featherweight,1989-07-31
allan nascimento,2026-06-20,allan nascimento,69.0,0.5057493703022207,3.2018082286896323,0.433908348353712,0.1041108198236265,0.4337320042634571,0.0722077924719696,0.5808292425925178,Flyweight,1991-09-11
allan zuniga,2018-07-06,allan zuniga,70.0,,,,,,,,Lightweight,1992-04-04
allen berube,2007-06-23,allen berube,72.0,0.507,4.9467,0.3465918637707714,0.2961,0.3186312483448708,0.0103,0.6152530690911471,Lightweight,
allen crowder,2019-06-22,allen crowder,76.0,0.5013542993126077,3.2988461838703502,0.475115710464634,0.0828255969633101,0.3885077186963979,0.0470798962759178,0.956000772181423,Heavyweight,1989-11-08
allen frye jr,2025-12-13,allen frye jr.,78.0,,,,,,,,Heavyweight,
alonzo menifield,2026-05-30,alonzo menifield,76.0,0.4972987810420214,4.107508888639511,0.5526023787311599,0.0616141546163866,0.3654336734693877,0.015484489066441,0.792069900916895,Light Heavyweight,1987-10-18
alptekin ozkilic,2015-05-09,alptekin ozkilic,65.0,0.4972997908579567,3.731095178577565,0.4139450439697532,0.2243581544934947,0.3608274117693713,0.0148376275588655,0.4448409858617966,Flyweight,1986-03-27
alvaro herrera mendoza,2018-07-28,alvaro herrera mendoza,74.0,0.5069999999999999,3.482224850599062,0.424655478283881,0.0753837527838836,0.3053135192183587,0.0571162472161163,0.5206591781780258,Lightweight,1990-05-14
alvin hines,2026-07-18,alvin hines,74.0,0.4981169610323284,3.0766896276535225,0.5479902463779343,0.1005797464853726,0.3885077186963979,0.0060287974146192,0.9693516558376468,Heavyweight,1991-10-20
alvin robinson,2008-11-15,alvin robinson,68.0,0.5022688764878532,3.359665137558664,0.3426763909650629,0.075736323024485,0.3255104048178255,0.0620077690499569,0.6268917979444157,Lightweight,1982-07-16
amar suloev,2002-05-10,amar suloev,75.0,0.5008329356334674,3.134544064150043,0.5996072952111342,0.1331167413944375,0.3913434744294197,0.0103453119537846,0.6240678238502961,Middleweight,
amaury bitetti,2000-06-09,amaury bitetti,75.0,,,,,,,,Middleweight,
amilcar alves,2011-01-22,amilcar alves,74.0,0.5004278792511666,3.0424270053147704,0.4485614172804779,0.0409765374749225,0.4504593822199855,0.0724857621038862,0.4926256971815396,Welterweight,1988-08-08
amir albazi,2026-02-07,amir albazi,68.0,0.5024769141076003,2.8275813285061537,0.4011038969909226,0.1061036950445448,0.3900482834086207,0.0386776226241645,0.4623127426504356,Flyweight,1993-10-27
amir sadollah,2014-09-20,amir sadollah,75.0,0.5053503382213387,4.729390750236543,0.3525209356867709,0.0671546180123514,0.4223530624050821,0.0410762870934427,0.6103222687494119,Welterweight,1980-08-27
anderson dos santos,2021-08-07,anderson dos santos,70.0,0.4974347072683172,2.7505354705326,0.4191993584248379,0.0536983069377119,0.2920041428404574,0.0130490707187813,0.5865297836978325,Bantamweight,1985-07-24
anderson silva,2020-10-31,anderson silva,77.0,0.4984850438906047,3.877997766482501,0.4851860699170139,0.0931013293029533,0.3510125274315517,0.0235929338517438,0.6257599251044654,Middleweight,1975-04-14
andre ewell,2021-12-18,andre ewell,75.0,0.5011638975522531,4.597395127207444,0.4672852205769483,0.1242388473160782,0.3816596290937034,0.0241046890858741,0.5193103573022837,Featherweight,1988-01-21
andre fialho,2023-09-23,andre fialho,74.0,0.5014649789359877,3.91610153201648,0.492097114224498,0.0814311963767726,0.3894532159267981,0.0410943474539739,0.6716792133970569,Welterweight,1994-04-07
andre fili,2026-06-20,andre fili,74.0,0.4968762697914126,3.018366592840759,0.4522168590956469,0.1558666487009557,0.3753004027535581,0.0271606149548631,0.5921748646801076,Featherweight,1990-06-25
andre gusmao,2009-05-23,andre gusmao,76.0,0.493,2.6744788954784746,0.4070501514542095,0.0822983764420204,0.4411605537801578,0.0134783711307181,0.7989794616141341,Light Heavyweight,1977-05-19
andre lima,2026-06-20,andre lima,67.0,0.507,3.891064554374923,0.4455918808339876,0.1134733156697984,0.3493890445690413,0.0800042840487032,0.4426996560944111,Flyweight,1999-02-04
andre muniz,2025-10-04,andre muniz,78.0,0.4980710024783428,3.310072544002117,0.4774700037372856,0.116125257262329,0.3494933355045129,0.0532040522051891,0.625748798290933,Middleweight,1990-02-17
andre pederneiras,1999-07-16,andre pederneiras,74.0,0.493,1.7337665402181195,0.4538707480334381,0.0748629097304241,0.3894282056893683,0.0575629097304241,0.4725080055876373,Welterweight,
andre petroski,2026-05-16,andre petroski,73.0,0.5021599004023501,3.595398240291448,0.4614241030456778,0.0752122575862535,0.3585682259661738,0.0406676597842836,0.6400395577825924,Middleweight,1991-06-12
andre roberts,1999-07-16,andre roberts,78.0,0.493,3.6089,0.5350659971540261,0.0661,0.3885077186963979,0.0127,0.979369042602738,Heavyweight,
andre soukhamthath,2019-08-31,andre soukhamthath,70.0,0.507,4.0914,0.534227173295002,0.1843,0.3563661873027008,0.0824,0.5931342106631258,Bantamweight,1988-10-23
andre winner,2011-07-02,andre winner,73.0,0.507,3.251,0.3886270187845307,0.1222,0.4455348016443632,0.0103,0.6152530690911471,Lightweight,1981-11-09
andreas gustafsson,2025-09-06,andreas gustafsson,73.0,0.507,5.5164,0.5106735779239847,0.3779,0.3531788793103448,0.0082,0.5918553377632993,Welterweight,1991-02-20
andreas michailidis,2022-06-04,andreas michailidis,76.0,0.493,3.9956,0.3996235301672662,0.0565,0.3654336734693877,0.0142,0.7989794616141341,Welterweight,1988-07-18
andreas stahl,2015-12-10,andreas stahl,74.0,0.4998234730732467,4.398011798972532,0.3525272698848646,0.1069034719945658,0.3181944706529672,0.0121819747054582,0.600521087396829,Welterweight,1988-05-20
andrei arlovski,2024-06-29,andrei arlovski,77.0,0.4992504119766784,3.984232796242975,0.446483910941793,0.0381306765720059,0.3891075509707666,0.006340289995082,0.96745454173687,Heavyweight,1979-02-04
andrei semenov,2002-05-10,andrei semenov,75.0,,,,,,,,Middleweight,
andrew craig,2015-07-15,andrew craig,76.0,0.4987367665490922,2.829242751383559,0.4529248102494046,0.0562729474350899,0.3394913404853862,0.010471767984061,0.6267088022551852,Welterweight,1986-01-15
andrew holbrook,2017-09-02,andrew holbrook,70.0,0.5070000000000001,4.169165469499202,0.3994669152694932,0.1222668336354981,0.3649439297903462,0.0739070337481636,0.7630160188586883,Lightweight,1986-02-06
andrew sanchez,2021-10-16,andrew sanchez,74.0,0.500054221306275,4.100272785008814,0.463321824721604,0.0836194627267444,0.3101951035718159,0.0110469072154473,0.6323686805719777,Middleweight,1988-04-08
andrey pulyaev,2026-06-27,andrey pulyaev,78.0,0.4955746965815899,2.9631583887782424,0.4672621400048476,0.1039734944308521,0.3721910052649916,0.0368881976212049,0.6221541824783254,Middleweight,1997-09-10
andy enz,2015-01-31,andy enz,78.0,0.5021825871863941,3.201022634174728,0.4079097920476319,0.0801760353834142,0.3096058054841331,0.0663420423336927,0.6242230792066478,Middleweight,1991-08-15
andy ogle,2015-01-24,andy ogle,69.0,0.495288036264206,2.7868093518570087,0.4727425915576506,0.0976165639909818,0.3793429852110669,0.0131231936295588,0.3904735099051929,Featherweight,1989-02-16
andy wang,2007-06-23,andy wang,72.0,,,,,,,,Lightweight,
ange loosa,2025-06-14,ange loosa,74.0,0.5012623213045002,3.860766466381462,0.4407692123422042,0.1005355801010175,0.3519673168496681,0.013151556931707,0.5896846974919384,Welterweight,1993-03-18
angel pacheco,2026-02-28,angel pacheco,70.0,0.493,3.8748,0.3920374386273692,0.0727,0.3111420518581956,0.0228,0.5918075411958911,Bantamweight,1992-01-13
angela hill,2022-08-13,angela hill,64.0,,,,,,,,Women's Strawweight,
anistavio medeiros,2012-06-23,anistavio medeiros,71.0,,,,,,,,Featherweight,1988-05-01
ansar chalangov,2006-04-06,ansar chalangov,74.0,0.4980145973069816,2.237737456232267,0.496092685273963,0.0527796349271126,0.5029122546339541,0.0870767980157556,0.6182086804751528,Welterweight,
anshul jubli,2025-02-08,anshul jubli,69.0,0.507,5.702146353292056,0.430158512652495,0.1869136805755884,0.3854456740632977,0.0208400093707957,0.615253069091147,Lightweight,1995-01-13
ante delija,2026-02-21,ante delija,78.0,0.5003408491138642,4.308992310198739,0.4765773746268071,0.0572563629249849,0.4273573492977007,0.0097907416953149,0.964458644316138,Heavyweight,1990-08-07
anthony birchak,2021-04-17,anthony birchak,69.0,0.4990298992465005,3.9780054279871866,0.5048386273844566,0.1841138631185429,0.4565634807882828,0.0730233157834741,0.5862231131816281,Bantamweight,1986-05-16
anthony christodoulou,2015-08-08,anthony christodoulou,72.0,0.493,2.7707,0.5834626750637179,0.0594,0.5079745762339619,0.0174,0.6327924829221979,Lightweight,1987-07-30
anthony hamilton,2017-11-18,anthony hamilton,76.0,0.4968270393812985,3.810811979295065,0.5391344803466713,0.097139513560744,0.3831857308618623,0.0102044821207844,0.9718769133085152,Heavyweight,1980-04-14
anthony hernandez,2026-02-21,anthony hernandez,75.0,0.498556985886381,4.6854006808023,0.4545775234915252,0.0596363795405164,0.380010022934955,0.0084942845161191,0.6436176682045894,Middleweight,1993-10-18
anthony ivy,2020-09-12,anthony ivy,74.0,0.5013529000847438,4.811212909328227,0.4863091954675759,0.1052957331744219,0.3479882790043617,0.0424757546609842,0.541882063890688,Welterweight,1990-01-23
anthony johnson,2017-04-08,anthony johnson,78.0,0.494774472741634,2.865692328848878,0.5048924296512207,0.0566689397066467,0.4060132894464943,0.0080906667788676,0.8238329981797442,Light Heavyweight,1984-03-06
anthony lapsley,2014-05-10,anthony lapsley,74.0,0.493,1.6034,0.4344349679235626,0.0301,0.5412349065366306,0.0082,0.6087605199088783,Welterweight,1980-02-13
anthony njokuani,2014-10-04,anthony njokuani,75.0,0.4986820863906117,3.124800729669909,0.3980555649575889,0.0723690959843071,0.3807374590842675,0.0513349036716491,0.5970371690554113,Lightweight,1980-03-01
anthony perosh,2015-11-14,anthony perosh,75.0,0.4999822273201845,3.316117918075422,0.5088161449651075,0.1071644133659823,0.3929561212619292,0.0492427260972632,0.8018914988071101,Light Heavyweight,1972-10-05
anthony pettis,2020-12-19,anthony pettis,72.0,0.4996302596298884,3.6800852020267967,0.472404557356262,0.0486742718016155,0.3872153636128926,0.0448520827630001,0.5846914813663321,Welterweight,1987-01-27
anthony rocco martin,2020-06-06,anthony rocco martin,73.0,0.4971663660287599,2.912376372412929,0.4564761525497141,0.0957294671891219,0.3884217489482927,0.0239933532384551,0.6261950507009246,Welterweight,1989-12-11
anthony smith,2025-04-26,anthony smith,76.0,0.4988031428467863,3.550336678679208,0.5237843073596132,0.0578147989911336,0.3782133465963002,0.0322509763484071,0.783455373960396,Light Heavyweight,1988-07-26
anthony torres,2007-09-08,anthony torres,74.0,0.493,3.3025,0.393921439214857,0.181,0.3531788793103448,0.0203,0.6087605199088783,Welterweight,
anton kuivanen,2013-02-23,anton kuivanen,72.0,0.493,3.4102,0.5143316297059389,0.0751,0.3553455705422653,0.022,0.6327924829221979,Lightweight,1984-05-01
anton turkalj,2024-03-30,anton turkalj,78.0,0.4991517891350856,3.08835544483889,0.5649889768882376,0.0803629200505667,0.3826430908173496,0.0187711272204308,0.7899525332061189,Light Heavyweight,1996-06-10
anton zafir,2016-07-08,anton zafir,74.0,0.5004411122010918,3.571664567057732,0.4157050329375308,0.0878537355362348,0.3645818012187657,0.0440566474115838,0.6389342048420897,Welterweight,1987-05-10
antoni hardonk,2009-10-24,antoni hardonk,78.0,0.5004874019870676,2.916875159447574,0.4288686944262035,0.1121669210714799,0.3885077186963979,0.0660741819181244,0.9717630703767705,Heavyweight,1976-02-05
antonio arroyo,2021-09-18,antonio arroyo,73.0,0.4999978820131178,4.169878136878411,0.3713732006982843,0.0545486337309943,0.3216922653224073,0.0157379012827471,0.6251199138723781,Middleweight,1989-07-01
antonio banuelos,2011-02-05,antonio banuelos,63.0,,,,,,,,Bantamweight,
antonio braga neto,2017-12-09,antonio braga neto,77.0,0.4987354342938482,2.53017912072194,0.4428166685364493,0.167889629966969,0.4005962046844831,0.055738952555797,0.6337513494131969,Middleweight,1987-10-29
antonio carlos junior,2021-01-23,antonio carlos junior,79.0,0.4993781849321993,3.3018983930296826,0.3868911299973569,0.0720200226952813,0.3205182418369134,0.0219342862275198,0.623935228401891,Middleweight,1990-03-16
antonio carvalho,2013-03-16,antonio carvalho,70.0,0.5030405689988353,3.617360023247304,0.3814305885948924,0.0542057094949734,0.3654837731270852,0.0192966658466449,0.3843963962956648,Featherweight,1979-05-30
antonio dos santos,2015-06-20,antonio dos santos,75.0,0.507,2.2104,0.724701162045742,0.1624,0.3073786682767206,0.0092,0.6162978953960615,Middleweight,1988-07-21
antonio mckee,2011-01-01,antonio mckee,72.0,0.4994297689744664,2.6450869135140644,0.4148037453537754,0.0920099460826614,0.4775807197440259,0.0554243712220108,0.6174027503922341,Lightweight,1970-03-12
antonio mendes,2009-01-17,antonio mendes,77.0,0.4994724616358724,3.424052175490197,0.5691955356937329,0.057042110854735,0.3381284316313826,0.0143358980445587,0.7885760784000445,Light Heavyweight,1981-04-19
antonio rodrigo nogueira,2015-08-01,antonio rodrigo nogueira,77.0,0.4994232582886544,3.907704894515037,0.4756432918459952,0.0884948725998638,0.3947627165300266,0.0237309521267682,0.964528029325076,Heavyweight,1976-06-02
antonio silva,2016-09-24,antonio silva,82.0,0.5016340887732528,3.904445987021927,0.3878813853869693,0.0491460698208126,0.3877345049330846,0.0061590296855297,0.9624662352412272,Heavyweight,1979-09-14
antonio trocoli,2026-03-21,antonio trocoli,79.0,0.4955800837713215,3.1365173021104016,0.4670625661810342,0.0701099981484609,0.3501716769158521,0.0144170844019903,0.6339365954150864,Middleweight,1990-12-06
anying wang,2014-08-23,anying wang,74.0,0.507,3.2214,0.4344349679235626,0.0532,0.3083592245755295,0.0146,0.5918553377632993,Welterweight,1991-04-04
aoriqileng,2026-05-30,aoriqileng,69.0,0.5008690681837112,4.01164118000486,0.4755970056717598,0.0846356855595558,0.3704013400289918,0.0186013124025866,0.5678326080055341,Bantamweight,1993-06-25
arjan bhullar,2019-05-04,arjan bhullar,75.0,0.5023616377993211,2.803573285219668,0.4389387352506443,0.1027576179678714,0.376582616952797,0.0056614101229832,0.9610419250034422,Heavyweight,1986-05-13
arman tsarukyan,2025-11-22,arman tsarukyan,72.0,0.5052367136807058,3.910219252523605,0.4594464195746612,0.167675412951098,0.3447182176137809,0.0140098361443589,0.6174621411237707,Lightweight,1996-10-11
armen petrosyan,2025-03-08,armen petrosyan,71.0,0.4989944824265006,3.2898087809070717,0.4839086236901666,0.1403890668499143,0.3332712332611829,0.0640404391445967,0.6273410100404241,Middleweight,1990-11-03
arnold allen,2026-05-16,arnold allen,70.0,0.4999814551387359,4.006846402932416,0.4251329989784724,0.0492912832366608,0.3818813417416102,0.0219032324595173,0.3866088220390334,Featherweight,1994-01-22
artem lobov,2018-10-27,artem lobov,65.0,0.5004609237407683,4.205045221571216,0.4072842264551921,0.0880669955071432,0.35798184051549,0.0437781565624391,0.5732923163010142,Featherweight,1986-08-11
artur minev,2026-05-16,artur minev,72.0,,,,,,,,Lightweight,
ashkan mokhtarian,2017-11-18,ashkan mokhtarian,67.0,0.5012238749246242,3.191806190409,0.3582759831988157,0.1996105063307742,0.3707920062647721,0.0865577229066845,0.4552474387291697,Flyweight,1985-09-15
askar askarov,2022-03-26,askar askarov,67.0,0.505629267414208,3.3266161815149657,0.4366023791826332,0.1710461514923574,0.3870138617498804,0.0147999999999999,0.4386724298397104,Flyweight,1992-10-09
askar mozharov,2022-06-04,askar mozharov,74.0,0.49965195653278,3.512208067944364,0.5355387530096217,0.0614343569805094,0.3549690682966084,0.0117427831807316,0.788287570827106,Light Heavyweight,1994-10-26
assuerio silva,2007-04-21,assuerio silva,78.0,0.4978852431747396,2.5168543797505625,0.6167483099459204,0.2151867177271624,0.3840970317399841,0.0386771345626503,0.9657778632287256,Heavyweight,
asu almabayev,2026-06-27,asu almabayev,65.0,0.5048101217139062,2.685821006290087,0.4395674305347563,0.218051921890848,0.4035665157219746,0.0754733048815966,0.4444009222849055,Flyweight,1994-01-25
ateba gautier,2026-05-09,ateba gautier,81.0,0.507,3.9409460659330415,0.4605299020712827,0.0882722945530451,0.3316065453957349,0.0177906616987902,0.6162978953960616,Middleweight,2002-04-10
augusto mendes,2017-04-15,augusto mendes,65.0,0.4996350830761108,2.2207014781836576,0.4461763618905279,0.0810110985878573,0.3726261955792321,0.0157644800664448,0.5832122196974048,Bantamweight,1983-03-03
augusto montano,2016-09-17,augusto montano,73.0,0.4993048813925377,3.258128539497592,0.4233834124761709,0.0408182983673139,0.3043376281647197,0.0111723012279105,0.6011472935983697,Welterweight,1984-10-25
augusto sakai,2023-02-25,augusto sakai,77.0,0.4975152254105804,3.615808066183055,0.5966026803016914,0.0388245022715047,0.4291018292183102,0.0069192989394586,0.9705296633337566,Heavyweight,1991-05-09
austen lane,2026-03-21,austen lane,80.0,0.493,6.2154,0.6126410950546458,0.0774,0.319058841810836,0.0195,0.7989794616141341,Light Heavyweight,1987-11-09
austin arnett,2019-02-09,austin arnett,72.0,0.4992818710710252,4.745693175365463,0.3864099120034924,0.1435856850014377,0.4055226962793908,0.0139180285256888,0.5850225261696959,Featherweight,1991-10-22
austin bashi,2026-07-18,austin bashi,70.0,0.5006720931039672,2.582377893046796,0.4254879719046077,0.1611391361572796,0.3878368760592657,0.0666690537228552,0.3973359162906644,Featherweight,2001-09-29
austin hubbard,2025-08-23,austin hubbard,71.0,0.5004584603097598,4.965849733962214,0.5051307313599235,0.055219933595719,0.395899879490622,0.0288589093227079,0.6277458219130572,Lightweight,1991-12-22
austin lingo,2023-07-15,austin lingo,70.0,0.4991381413556382,4.341691642457712,0.4322491581781734,0.0557557984533452,0.3090478351784507,0.014603782617943,0.3874554605979332,Featherweight,1994-07-10
austin springer,2020-08-29,austin springer,71.0,0.4984757583609192,3.6185416458632047,0.4821037410677113,0.1147225916494271,0.3909624507480892,0.0462468009224339,0.4238403102413028,Featherweight,1987-05-12
austin vanderford,2025-10-04,austin vanderford,74.0,0.4976748072770001,3.5814063134707537,0.4736156630720052,0.1129382764177451,0.3733825177602727,0.0181283096629057,0.5946939174393844,Welterweight,1990-03-21
axel sola,2026-07-25,axel sola,74.0,0.502738464352769,3.953579123799356,0.5325409095012711,0.080993079629571,0.3625539261914955,0.0366850457079646,0.6358312804920572,Lightweight,1997-09-17
azamat bekoev,2026-04-04,azamat bekoev,72.0,0.5016655259871209,3.8808426542618553,0.5767039216511973,0.1636772128938711,0.3413359358182301,0.0163466615673491,0.6230188373155228,Middleweight,1995-12-30
azamat gashimov,2013-05-18,azamat gashimov,67.0,0.4993740014742052,4.356241417023855,0.3950275973393984,0.1003464987925925,0.3852861035422343,0.0421171491751654,0.4937212477159733,Flyweight,1990-04-07
azamat murzakanov,2026-04-11,azamat murzakanov,71.0,0.507,4.089349397146684,0.4287697795561399,0.0622757439634304,0.3314932452178403,0.0133104212873892,0.7764768384714904,Light Heavyweight,1989-04-12
azat maksum,2025-10-25,azat maksum,70.0,0.4963586682997192,3.3180795714284,0.5109128174566129,0.1512114695525328,0.3079340127309908,0.0274235816368487,0.4363587648615348,Flyweight,1995-02-02
azunna anyanwu,2017-09-16,azunna anyanwu,78.0,0.493,3.5889102642512283,0.4368324215734955,0.0413239909795565,0.413197291993624,0.0079493230185639,0.979369042602738,Heavyweight,1981-08-05
baergeng jieleyisi,2024-11-23,baergeng jieleyisi,71.0,,,,,,,,Road to 3 Bantamweight Tournament TitleBout,1995-11-24
baisangur susurkaev,2026-05-09,baisangur susurkaev,79.0,0.507,4.181413490184089,0.4505596712135439,0.1597766620319808,0.3306810682172936,0.0442420251410153,0.6245203855490042,Middleweight,2001-01-08
bart palaszewski,2013-04-13,bart palaszewski,70.0,0.5005966633604937,4.381029768786989,0.3789075718086059,0.080464365251128,0.3378284468311941,0.0264423890907434,0.5336355284862551,Featherweight,1983-05-30
bartosz fabinski,2021-04-17,bartosz fabinski,75.0,0.4978834077331915,3.000477875541474,0.4823574717560573,0.199090933397759,0.3628395418868793,0.0160914588657395,0.6151324483511919,Middleweight,1986-04-26
bas rutten,1999-05-07,bas rutten,78.0,0.507,2.7172,0.4900290834916047,0.0259,0.3648615535407988,0.005,0.9519614829544948,Heavyweight,
bassil hafez,2024-11-16,bassil hafez,72.0,0.5010611308089387,4.224060242768851,0.5741156961222222,0.1605,0.3862466992854923,0.0082,0.5990265995785606,Welterweight,1992-01-31
batgerel danaa,2023-04-22,batgerel danaa,70.0,0.4985341838727558,3.568572483295833,0.5016007267431588,0.0947954998903484,0.4084091195549547,0.0370045001096515,0.5808031860913015,Bantamweight,1989-07-04
bekzat almakhan,2026-06-27,bekzat almakhan,68.0,0.4978834137919279,3.043675153540552,0.5208476166037971,0.0524128017197295,0.4039923619384473,0.0164205704419726,0.5859957768116659,Bantamweight,1997-10-08
belal muhammad,2026-06-06,belal muhammad,72.0,0.5013249491080636,4.126194033516425,0.4945700323643276,0.1142129800613287,0.3009663511777905,0.0115832205887567,0.5980075085837768,Welterweight,1988-07-09
ben alloway,2013-08-28,ben alloway,76.0,0.507,3.4655,0.4018298163096076,0.0534,0.4990689972109533,0.0146,0.5918553377632993,Welterweight,1981-02-19
ben askren,2019-10-26,ben askren,73.0,0.4975982051945721,2.7129538660487857,0.4424072046843998,0.0439330131431181,0.2988666946555002,0.0118913961329084,0.6033574491361137,Welterweight,1984-07-18
ben earwood,2000-11-17,ben earwood,74.0,,,,,,,,Welterweight,
ben nguyen,2018-12-01,ben nguyen,65.0,0.5008142931981868,3.3949671249755613,0.3175891517853897,0.1017553387649195,0.3989423505245207,0.0320429224303662,0.461364851844415,Flyweight,1988-08-03
ben rothwell,2021-11-13,ben rothwell,78.0,0.5010572350796362,4.647212609653606,0.5144705921813718,0.0520279230402464,0.3748263769762181,0.0378106156336422,0.9645453425038456,Heavyweight,1981-10-17
ben saunders,2019-12-14,ben saunders,77.0,0.4999844625894225,3.5014439806666786,0.5048472578223073,0.1054777892460825,0.3600812874832739,0.032890726388835,0.612459380206757,Welterweight,1983-04-13
ben sosoli,2020-02-22,ben sosoli,72.0,0.5,2.4112,0.5120659480855101,0.025,0.3885077186963979,0.0048,0.979369042602738,Heavyweight,1989-12-10
ben wall,2014-05-10,ben wall,72.0,0.5003596988445574,3.5208379069991973,0.4087276485673453,0.0899770401072068,0.3208414273026913,0.0480699560067257,0.6989157556731512,Lightweight,1989-03-25
benardo sopaj,2026-05-16,benardo sopaj,66.0,0.4984491579688242,3.333709762115873,0.5123754715307633,0.0901374577888051,0.3542075776704297,0.0129230068221719,0.4971952653350808,Bantamweight,2000-09-25
beneil dariush,2026-05-02,beneil dariush,72.0,0.5005144613535154,3.6819494820686702,0.4818428849848308,0.1343984327706352,0.3240550116220576,0.0316902858298109,0.6231114497202699,Lightweight,1989-05-06
benito lopez,2022-11-05,benito lopez,73.0,0.4966304261236372,3.511604460687263,0.4453863873777492,0.0918800812827922,0.4304997178860689,0.0316633354435261,0.5883894480826503,Bantamweight,1994-04-06
benjamin donovan johnston,2026-05-02,benjamin donovan johnston,75.0,,,,,,,,,
benji radach,2002-09-27,benji radach,74.0,0.493,1.5317619715295865,0.5958605682706519,0.0336910029906638,0.4881903006857167,0.0092201713041658,0.6087605199088784,Welterweight,
benoit saint denis,2026-07-11,benoit saint denis,73.0,0.5041865699742235,4.571175153527427,0.5145540680336511,0.1776539434050219,0.3524293382548109,0.0761095312118972,0.6372240735845635,Lightweight,1995-12-18
benson henderson,2015-11-28,benson henderson,70.0,0.5025159644938025,3.399503615984041,0.3821144891298682,0.1040121960472302,0.3683361728526644,0.0364640351651025,0.6274688984900907,Welterweight,1983-11-16
bentley syler,2015-03-21,bentley syler,67.0,,,,,,,,Flyweight,1982-12-22
bernardo magalhaes,2012-06-08,bernardo magalhaes,72.0,0.507,4.473,0.4013647384569492,0.117,0.3083592245755295,0.0082,0.5918553377632993,Lightweight,1981-04-08
besam yousef,2013-04-06,besam yousef,74.0,0.5069999999999999,4.296324280930158,0.4655239810792797,0.0573632228579428,0.3499361947277726,0.0986336223920256,0.8272946466534169,Welterweight,1985-03-25
bevon lewis,2020-11-07,bevon lewis,79.0,0.4994643621664694,2.4799356995271364,0.5221207348218103,0.0734229592637318,0.4044864657205865,0.082084415114597,0.6443603377614686,Middleweight,1991-05-05
bharat kandare,2017-11-25,bharat kandare,72.0,,,,,,,,Featherweight,
bibulatov magomed,2019-02-02,bibulatov magomed,65.0,0.4993970695583462,3.2114162109045115,0.434394462089804,0.1165716587449049,0.3691910296665889,0.0258785557864099,0.4429818599603121,Flyweight,
bill algeo,2024-07-20,bill algeo,73.0,0.5014460113396849,3.4664793311709863,0.5506410197742427,0.1776959801875914,0.3610766204229866,0.0163883319044385,0.3885742873264451,Featherweight,1989-06-09
bill mahood,2005-06-04,bill mahood,76.0,0.493,3.7366,0.4788203694992792,0.0319,0.2842684932915231,0.008,0.7989794616141341,Light Heavyweight,
billy elekana,2026-01-31,billy elekana,77.0,0.5025877254387006,3.299590769100321,0.5216076493997654,0.1722028720777653,0.3828850804220458,0.0364735028310031,0.9239690376120436,Light Heavyweight,1995-05-28
billy miles,2007-12-08,billy miles,74.0,,,,,,,,Welterweight,1978-04-28
billy quarantillo,2024-12-14,billy quarantillo,70.0,0.5007042893219117,4.515913857532376,0.5321597839385448,0.0813230665447887,0.366814173976115,0.0281313913909804,0.4107924430984107,Featherweight,1988-12-08
billy ray goff,2025-05-31,billy ray goff,72.0,0.4991441554209407,6.0926880383296975,0.3953124064755597,0.0670169763347063,0.3280291477615015,0.0116231723059527,0.6013413723001819,Welterweight,1998-06-18
bj penn,2019-05-11,bj penn,70.0,0.4942365401355315,3.035591660073621,0.4406839064800948,0.0602583293623787,0.3577624318203098,0.02073822821473,0.5240858097270347,Lightweight,1978-12-13
blagoy ivanov,2023-07-01,blagoy ivanov,73.0,0.4985991844074557,3.079498779789456,0.5246045883029528,0.0650569629394655,0.4137329736181622,0.0079260545706609,0.9684076154149626,Heavyweight,1986-10-09
blake bilder,2024-02-03,blake bilder,68.0,0.493,2.371,0.4393551964708933,0.2533,0.3654837731270852,0.0128,0.3922670729633906,Featherweight,1990-07-12
blood diamond,2023-09-09,blood diamond,76.0,0.4929999999999999,3.2446602784503167,0.5394868212019035,0.0414677248096442,0.3298405383561369,0.0113295760609546,0.6087605199088781,Welterweight,1988-07-10
bo nickal,2026-06-14,bo nickal,76.0,0.5040558472544784,3.474718902380474,0.4408961548563423,0.1222406052224468,0.2880369229114001,0.0620087957506359,0.6204002263147883,Middleweight,1996-01-14
bob cook,2000-03-10,bob cook,72.0,,,,,,,,Lightweight,
bobby hoffman,2001-11-02,bobby hoffman,78.0,0.4976079896075299,2.735386934457884,0.5252229434593486,0.0721810428119489,0.42006344320694,0.0073344587283929,0.970348060457962,Heavyweight,
bobby moffett,2019-08-10,bobby moffett,73.0,0.4978284308650126,3.1012380744144417,0.4448933951892764,0.040193133888777,0.3969492483915505,0.0126084720967869,0.4069090572735251,Featherweight,1990-06-01
bobby nash,2017-11-25,bobby nash,74.0,0.4983788669931247,3.978019397076455,0.4140684912357619,0.1523529386155104,0.3032917412696093,0.010985959936403,0.602265468033477,Welterweight,1990-03-26
bobby southworth,2005-04-09,bobby southworth,76.0,,,,,,,,Light Heavyweight,
bobby voelker,2014-06-07,bobby voelker,74.0,0.493,3.853989216703688,0.5718362275019812,0.0876172401697649,0.358517205556835,0.0101415682844521,0.6087605199088783,Welterweight,1979-04-26
bogdan grad,2026-08-01,bogdan grad,70.0,0.504610332344122,4.214784414428795,0.421607689886548,0.1057339260261964,0.3499729878696376,0.022431309704308,0.4290781459552525,Featherweight,1995-09-28
bogdan guskov,2026-07-25,bogdan guskov,76.0,0.496675137318814,3.695803989702552,0.5212316042192611,0.0482014787299229,0.323735011922633,0.0120083064774977,0.7949926943784682,Light Heavyweight,1992-09-12
bojan mihajlovic,2017-09-02,bojan mihajlovic,73.0,0.493,2.928990544297642,0.4377217214258943,0.0474169803123751,0.3508905000306532,0.0103000318961737,0.8816604169578344,Light Heavyweight,1980-03-30
bojan velickovic,2017-11-18,bojan velickovic,76.0,0.5000702679460978,2.9760419853059785,0.425893086185047,0.0877097933535285,0.3881200309921105,0.0543222302005727,0.5948577802752114,Welterweight,1988-12-18
bolaji oki,2026-03-14,bolaji oki,73.0,0.4994969200520737,5.106049843526564,0.4011930131297408,0.0942431180852175,0.3823731910806545,0.013930492601811,0.6246530422492999,Lightweight,1995-11-15
borislav nikolic,2026-08-01,borislav nikolic,69.0,,,,,,,,Bantamweight,
boston salmon,2019-10-18,boston salmon,69.0,0.507,4.5668,0.4512479027681771,0.0553,0.3563661873027008,0.0877,0.5931342106631258,Bantamweight,1990-11-20
brad blackburn,2010-04-10,brad blackburn,73.0,0.4994201508434809,3.692241725240761,0.4279759539092825,0.1717211644721245,0.3531788793103448,0.3445459190850066,0.4497611452515238,Welterweight,1977-05-25
brad gumm,2000-09-22,brad gumm,74.0,0.493,2.2652,0.5167469911743474,0.045,0.5831377513165824,0.0687,0.5273270691018316,Welterweight,
brad imes,2007-04-07,brad imes,78.0,0.507,1.846,0.2316673414521188,0.2859,0.4355455864889827,0.0483,0.940208872053822,Heavyweight,
brad katona,2025-05-10,brad katona,64.0,0.4994579645171249,5.007032390844057,0.4824728389896939,0.1401714606783111,0.3180873049640836,0.010761120167649,0.5784798254897119,Bantamweight,1991-12-19
brad kohler,1999-09-24,brad kohler,78.0,,,,,,,,Heavyweight,
brad morris,2008-09-17,brad morris,76.0,,,,,,,,Light Heavyweight,1979-11-01
brad pickett,2017-03-18,brad pickett,68.0,0.4972723771519788,3.0719035234109247,0.4786448955617601,0.1089831435259752,0.3875975395496751,0.0201349427045753,0.5547736420262137,Catch Weight,1978-09-24
brad riddell,2022-11-12,brad riddell,71.0,0.5004432674022657,4.161061961153787,0.4808678359440704,0.1154913785831602,0.3641286971523573,0.0149199817253933,0.6234674438348043,Lightweight,1991-09-30
brad scott,2018-05-27,brad scott,76.0,0.4990424149117159,3.3439941161581435,0.4928581818108978,0.0523222362370897,0.3745679215314305,0.0538439470425488,0.6256760251460227,Welterweight,1989-06-24
brad tavares,2026-03-14,brad tavares,74.0,0.4984362960940459,3.710601495390066,0.4718462532196898,0.0486586140360741,0.2922949501656349,0.0107657504980195,0.6270873671281239,Middleweight,1987-12-21
brady hiestand,2024-06-15,brady hiestand,71.0,0.5037443021842589,3.103403124305184,0.4291795801344447,0.1969007139128162,0.4137828184587581,0.0262981534681597,0.576494768852517,Bantamweight,1999-04-30
branden lee hinkle,2006-06-28,branden lee hinkle,76.0,0.493,3.01608777608528,0.5808370958333887,0.0930175897830745,0.3383132759831351,0.0151322598773737,0.7989794616141341,Light Heavyweight,
brando pericic,2026-05-02,brando pericic,79.0,0.499281888562021,3.906937782635087,0.4735353862241691,0.0626177641834705,0.3843491372482366,0.0082747797131168,0.9670710972122232,Heavyweight,1994-08-03
brandon davis,2022-10-15,brandon davis,72.0,0.5005567551686226,3.6979175503832633,0.4903651464196511,0.1749255302495475,0.3997295901331469,0.0107,0.5828142257775034,Bantamweight,1990-05-08
brandon jenkins,2022-04-16,brandon jenkins,71.0,0.4978212801502139,3.746841664070822,0.5195446194385394,0.0997623987797061,0.3353578269198746,0.0608483656270411,0.548330349294583,Lightweight,1991-09-30
brandon melendez,2007-06-23,brandon melendez,72.0,0.493,3.2697,0.5836719235658565,0.092,0.4455348016443632,0.027,0.6327924829221979,Lightweight,
brandon moreno,2026-02-28,brandon moreno,70.0,0.5007213825288133,3.619795240577109,0.432454875124609,0.088318759034519,0.3795441976155721,0.0369299291479514,0.4386575856341507,Flyweight,1993-12-07
brandon royval,2026-07-11,brandon royval,68.0,0.499602103382311,5.018330256326725,0.540357943777752,0.0784420906092,0.4169917306354305,0.049115019396294,0.4400393632265698,Flyweight,1992-08-16
brandon thatch,2016-12-30,brandon thatch,74.0,0.4966087696009698,3.2977855464210277,0.4822786484076475,0.0899622971918894,0.427666373657635,0.0131075887738934,0.6044028836641766,Welterweight,1985-07-11
brandon vera,2013-08-31,brandon vera,78.0,0.5017435176584406,3.791584478611347,0.4505075709218847,0.1641068764658988,0.3773403642305108,0.0506732105135788,0.9609997789772138,Heavyweight,1977-10-10
brandon wolff,2009-05-23,brandon wolff,74.0,0.5006622205057134,3.376398215098711,0.4145678095140799,0.0720269853530618,0.3903381399627955,0.0197222860453267,0.5995082889596871,Welterweight,1975-10-18
braxton smith,2023-05-06,braxton smith,72.0,,,,,,,,Heavyweight,1990-01-01
brendan allen,2026-06-06,brendan allen,75.0,0.5034396701383014,3.474179603536262,0.5201261800393856,0.098899807267612,0.3662374465083793,0.0509817233654034,0.633469661799478,Middleweight,1995-12-28
brendan loughnane,2012-12-14,brendan loughnane,70.0,,,,,,,,Lightweight,1989-12-05
brendan o reilly,2016-12-03,brendan o'reilly,69.0,0.507,6.09137287365263,0.4356875971330413,0.1380035224816304,0.3606670190801231,0.0112260141067036,0.6046004138070927,Lightweight,1987-06-24
brendan schaub,2014-12-06,brendan schaub,78.0,0.497173127923414,3.883113010088055,0.4967577930048669,0.0552453955610262,0.3991683323433791,0.0220251255571716,0.9695397950900252,Heavyweight,1983-03-18
brendon marotte,2024-09-07,brendon marotte,70.0,0.5007181289289748,3.022870209229231,0.5368185311100302,0.0487778356956016,0.4293783289801468,0.0173767917803183,0.3862169280675358,Featherweight,1996-01-12
brendson ribeiro,2026-07-25,brendson ribeiro,81.0,0.493,3.3851,0.5246782101994735,0.0859,0.4459623951103284,0.0216,0.7989794616141341,Light Heavyweight,1996-09-08
brett johns,2020-07-18,brett johns,71.0,0.5022481130717943,3.444137300712178,0.4721202377851859,0.199070962494655,0.3781703861966117,0.0782465774852125,0.5835582035155168,Bantamweight,1992-02-21
brian bowles,2013-05-25,brian bowles,70.0,0.5017293796452789,3.208114291200148,0.3838560321672487,0.0917007679819946,0.3871162731818631,0.0417550485585947,0.5867051346080296,Bantamweight,1980-06-22
brian camozzi,2018-02-18,brian camozzi,78.0,0.4982714708679312,3.671711452552535,0.4382753767289445,0.0691421000816962,0.3696868589892048,0.0155666678998505,0.6236367948105463,Welterweight,1991-06-24
brian cobb,2009-02-21,brian cobb,72.0,0.4998986022760205,2.956649835643063,0.4245499949851555,0.1830277831338026,0.3287998460232046,0.0118527045176731,0.624149808623987,Lightweight,
brian ebersole,2015-06-06,brian ebersole,73.0,0.5023834584673893,3.059499613177062,0.4732248017298586,0.0832871855873752,0.4144436997773859,0.0122632569498263,0.589670562614074,Welterweight,1980-11-27
brian foster,2010-11-20,brian foster,71.0,0.4999214773181094,2.785626612437119,0.5537721087365263,0.1760342408052378,0.3655903592273338,0.1058596716083744,0.5879323521982733,Welterweight,1984-04-03
brian gassaway,2005-08-20,brian gassaway,74.0,0.493,2.7586,0.5669253834062729,0.0679,0.385376565993306,0.0196,0.6339365954150863,Welterweight,
brian geraghty,2007-06-23,brian geraghty,72.0,0.507,3.7898,0.4862634980674001,0.055,0.3226851320733071,0.0161,0.6152530690911471,Lightweight,
brian houston,2014-01-15,brian houston,75.0,0.507,4.3843,0.7538480299970541,0.1189,0.2880592513485318,0.0527,0.6086892794035176,Middleweight,1981-04-26
brian kelleher,2024-07-20,brian kelleher,66.0,0.4986403785340854,3.36875081480434,0.4488963025139856,0.1062289425742341,0.3804791299876828,0.0407550523736889,0.5015856851550723,Bantamweight,1986-08-19
brian melancon,2013-08-28,brian melancon,74.0,0.493,3.1234,0.4261349947094728,0.1189,0.4209739057469377,0.0092,0.6339365954150863,Welterweight,1982-05-28
brian ortega,2025-08-23,brian ortega,69.0,0.4990982661901044,3.8810670938509615,0.4920878561830076,0.1064458525201447,0.3821125315203911,0.0446905482017069,0.3918306893486533,Catch Weight,1991-02-21
brian stann,2013-03-02,brian stann,74.0,0.5018467898065441,3.8638885575704935,0.3692235161682595,0.0895179189364811,0.4088877933243715,0.0133688616832728,0.7205560971819577,Light Heavyweight,1980-09-24
bristol marunde,2013-08-03,bristol marunde,75.0,,,,,,,,Welterweight,1982-04-20
brock jardine,2013-02-23,brock jardine,74.0,0.507,3.4214093742667084,0.4784895922091677,0.2564298182795082,0.2509506763851907,0.0384915064363564,0.5545049424023641,Welterweight,1985-07-10
brock larson,2009-11-21,brock larson,71.0,0.507,3.3129,0.2181227419859245,0.2609,0.2736340866728797,0.0841,0.827294646653417,Welterweight,1977-08-23
brock lesnar,2016-07-09,brock lesnar,81.0,0.4995082712612519,3.523076069332728,0.534827736432772,0.1168035156494003,0.3904073113410714,0.0232017200309903,0.9678064189013426,Heavyweight,1977-07-12
brodie farber,2008-12-10,brodie farber,71.0,0.5011856448351978,2.910295457711772,0.4243046531037036,0.0845067375374629,0.4097358729875602,0.0559179540598601,0.5774587872615683,Catch Weight,
brok weaver,2020-09-12,brok weaver,73.0,0.4996515796233507,2.699627994802777,0.5507279594121293,0.057852030944308,0.3743578723140388,0.0563999741931574,0.5757401778812995,Catch Weight,1991-12-05
brunno ferreira,2026-06-27,brunno ferreira,72.0,0.4955927266277978,4.118942752807485,0.5781575593195263,0.0570638443022806,0.4059130913885811,0.0164787056380198,0.6306700006137247,Middleweight,1992-11-04
bruno korea,2015-11-07,bruno korea,65.0,,,,,,,,Bantamweight,1991-06-28
bruno lopes,2026-03-28,bruno lopes,74.0,0.4929999999999999,2.888803949233043,0.5002050026052656,0.1025768273045631,0.3821193240576337,0.008,0.7989794616141341,Light Heavyweight,1993-04-24
bruno santos,2014-10-04,bruno santos,75.0,0.493,2.3095,0.6697618966033274,0.1546,0.5487999904879107,0.012,0.6339365954150863,Middleweight,1987-07-17
bruno silva,2026-06-06,bruno silva,74.0,0.4978911534893326,3.7905242513616737,0.4998989398652047,0.0943210286420448,0.3399971438398503,0.0236129750577636,0.5457781430708337,Flyweight,1989-07-13
bruno souza,2022-03-26,bruno souza,70.0,0.5004411122010917,3.6866455877798985,0.4479174264132433,0.1173707563021538,0.2837255431031258,0.0535119535517951,0.3819517858286,Featherweight,1996-03-07
bryan barberena,2024-03-16,bryan barberena,72.0,0.5007091730998232,3.5789966748408317,0.4660146056326681,0.1087246130774409,0.3494207051486587,0.0262814163297615,0.6231285445244603,Middleweight,1989-05-03
bryan battle,2024-12-07,bryan battle,77.0,0.495616426157856,3.4776637098710435,0.4398896671223302,0.0860272920513792,0.3592735475390978,0.0358586581508153,0.6057674102041841,Welterweight,1994-09-21
bryan caraway,2018-11-30,bryan caraway,68.0,0.4971145353316267,4.50731028609517,0.4315805340233566,0.0712875151566365,0.3160440518589233,0.0152636234852947,0.5873168115126,Bantamweight,1984-08-04
bryce mitchell,2026-06-06,bryce mitchell,70.0,0.5019557031675369,2.957836488238728,0.4200139758899964,0.1549721972683003,0.3690526079001027,0.0338553207158132,0.421313741531947,Bantamweight,1994-10-04
bubba bush,2015-10-24,bubba bush,75.0,0.5,3.3093,0.6405762192453461,0.0814,0.3520558002936857,0.0235,0.6339365954150863,Middleweight,1985-07-24
buddy roberts,2012-08-11,buddy roberts,75.0,0.4991156410688632,3.051734458440434,0.4009255773177533,0.0747871553915244,0.3616932680567221,0.0314060143234606,0.6229347782632397,Middleweight,1982-10-17
byron bloodworth,2012-12-29,byron bloodworth,69.0,0.493,3.3953125475756827,0.5773785255949657,0.0798702329572058,0.3563661873027008,0.1035757728428229,0.584833392704121,Bantamweight,1983-08-16
cain carrizosa,2015-03-21,cain carrizosa,72.0,0.507,4.021262784871379,0.4722979135966419,0.1935762393935098,0.352809828806948,0.0563162585971073,0.7579598482006192,Lightweight,1986-07-22
cain velasquez,2019-02-17,cain velasquez,77.0,0.4970671526140975,2.982796594284489,0.452381770179328,0.0916314694452249,0.3845119960878674,0.0088504244927736,0.9714068477549244,Heavyweight,1982-07-28
caio borralho,2026-03-07,caio borralho,75.0,0.5037511090497525,3.4841363193964785,0.4287912074202881,0.0720510362239196,0.3384592765806747,0.0281085455418443,0.6196315914182428,Middleweight,1993-01-16
caio machado,2024-11-02,caio machado,78.0,0.4929999999999999,4.5851,0.3897867119344653,0.025,0.3699258363162434,0.0048,0.979369042602738,Light Heavyweight,1994-07-20
caio magalhaes,2016-09-10,caio magalhaes,73.0,0.4989369677191044,3.044943617702514,0.4147255750936865,0.0955539265567381,0.3400016627982627,0.0223318272358776,0.6249209328844654,Middleweight,1987-12-14
cale yarbrough,2008-07-19,cale yarbrough,75.0,,,,,,,,Middleweight,
callan potter,2020-02-22,callan potter,72.0,0.5007870638879396,3.446433545531752,0.4342767724745635,0.1297015881302151,0.3141556739365277,0.0164099512909368,0.6100224711548977,Welterweight,1984-06-09
calvin kattar,2025-07-12,calvin kattar,72.0,0.4967941191921004,3.676052042712755,0.4681055641153896,0.0463985903835942,0.3189648876278707,0.0161824033843592,0.3889118872792967,Featherweight,1988-03-26
cam rowston,2026-05-02,cam rowston,78.0,0.507,4.37689919637582,0.4673615238282059,0.055029773215691,0.3283834542958397,0.0159260968650264,0.6162978953960614,Middleweight,1995-01-19
cameron dollar,2009-06-20,cameron dollar,72.0,0.5069999999999999,3.51909235616683,0.3970243844560471,0.2726918763919418,0.3649439297903461,0.0337081236080581,0.5600732993918264,Lightweight,
cameron else,2022-04-23,cameron else,71.0,0.507,6.227370590451843,0.4522404070005689,0.1632941989473085,0.4206370263347608,0.0148,0.4362422669302396,Bantamweight,1987-04-27
cameron saaiman,2025-04-26,cameron saaiman,67.0,0.493,1.8373,0.5023138903902296,0.1469,0.3563661873027008,0.013,0.5918075411958911,Bantamweight,2000-12-20
cameron smotherman,2026-05-30,cameron smotherman,69.0,0.507,3.321324884866058,0.3851096578446501,0.2123800881521824,0.3852861035422343,0.1132499490844661,0.5272253863188907,Bantamweight,1997-09-17
cameron vancamp,2022-09-17,cameron vancamp,74.0,0.507,5.1296,0.3874394868798594,0.0541,0.3649439297903462,0.0159,0.6152530690911471,Lightweight,1993-04-27
caol uno,2010-03-31,caol uno,70.0,0.4974437536988048,2.541600835477233,0.5009645735677674,0.1420880709516898,0.506904663246006,0.0137060713362799,0.6238239818763601,Lightweight,1975-05-08
caolan loughran,2025-03-22,caolan loughran,68.0,0.493,2.5667,0.575278192835596,0.0581,0.5057863632852754,0.0909,0.3874242695934722,Bantamweight,1996-05-18
carl deaton,2023-07-15,carl deaton,69.0,0.507,5.432191098105124,0.3860169766308448,0.0351999999999999,0.3333270717434466,0.0103,0.6152530690911471,Lightweight,1989-11-24
carlo pedersoli jr,2019-02-23,carlo pedersoli jr.,75.0,0.507,1.8643,0.3245750508056459,0.0736,0.4352627778750219,0.0082,0.5918553377632993,Welterweight,1993-06-08
carlo prater,2012-10-05,carlo prater,72.0,0.507,2.6863,0.4688566260238433,0.073,0.5079745762339619,0.2019,0.7252824539339026,Lightweight,1981-06-25
carlos candelario,2022-11-05,carlos candelario,68.0,0.493,1.4842,0.6273735202211735,0.1308,0.3307901907356948,0.0582,0.4166223836616267,Flyweight,1991-06-04
carlos condit,2021-07-10,carlos condit,75.0,0.5007255115863215,3.6230487462233687,0.4884289124779423,0.0674853109238787,0.4085652014549627,0.0290213469159921,0.5695933951272617,Welterweight,1984-04-26
carlos eduardo rocha,2012-06-08,carlos eduardo rocha,73.0,0.498880574851159,2.9071034491071406,0.452217750598178,0.0704850759862378,0.3772926723372704,0.0124858322778119,0.5936095934474143,Welterweight,1981-07-12
carlos felipe,2021-10-16,carlos felipe,75.0,0.4996780096565156,3.803167549617291,0.4584185080971487,0.0533259191912932,0.3854540063747959,0.0152914002237374,0.968748825746196,Heavyweight,1995-01-12
carlos hernandez,2025-05-17,carlos hernandez,67.0,0.493,3.34261048354809,0.4109154064756471,0.0543560559861423,0.3638758275748934,0.0182901884698787,0.4486525215215587,Flyweight,1993-10-25
carlos huachin,2019-09-21,carlos huachin,67.0,0.4983973067078887,3.131585071168198,0.4874060060897232,0.1027777838103071,0.366210574966917,0.072030331171107,0.5856711037848374,Bantamweight,1996-06-04
carlos leal,2026-02-21,carlos leal,74.0,0.4992096334986469,3.372714080269118,0.5548913310749817,0.1255036419281736,0.3353222215467608,0.0412314750144148,0.6402072286586507,Welterweight,1994-05-04
carlos mota,2022-10-29,carlos mota,69.0,0.4994323466560764,3.4564406001986043,0.504124406970597,0.0982701156259254,0.3993385434986023,0.0739463093269658,0.5058004197427447,Flyweight,1995-04-15
carlos newton,2004-01-31,carlos newton,74.0,0.4967843156736203,1.7320024342404845,0.5473868712757923,0.0868810421516915,0.4892204888396437,0.0601312710463701,0.5937975130589934,Welterweight,
carlos prates,2026-05-02,carlos prates,78.0,0.4960301071245765,3.58622488183414,0.4802453970352907,0.1367879968958208,0.3218540350289837,0.0162034810473522,0.5984138857373559,Welterweight,1993-08-17
carlos ulberg,2026-04-11,carlos ulberg,77.0,0.4968402035923314,4.814051319612477,0.519191563275497,0.0550057255605214,0.3797240830013895,0.0225513423472174,0.790397049500563,Light Heavyweight,1990-11-07
carlos vera,2025-03-15,carlos vera,69.0,0.493,1.8195,0.5187869236976176,0.0341,0.5518015555306256,0.0107,0.5918075411958911,Bantamweight,1987-11-05
carls john de tomas,2017-12-09,carls john de tomas,71.0,0.493,2.3972,0.5242967070460639,0.1308,0.3302452316076295,0.0148,0.4486525215215587,Bantamweight,1996-08-28
carlston harris,2026-05-30,carlston harris,76.0,0.4981967666136649,3.3805034153588447,0.4282743993607055,0.0848793690213029,0.3655863875774841,0.0228669023643209,0.6501544686533094,Welterweight,1987-07-09
carlton minus,2020-12-19,carlton minus,75.0,0.5003865009099985,3.3181550197835903,0.411971339880766,0.1076295647299153,0.3948765446454639,0.0384312274819705,0.6498139217319645,Catch Weight,1993-04-26
carmelo marrero,2009-04-01,carmelo marrero,73.0,0.493,3.1983,0.4939906366636307,0.0713,0.3654336734693877,0.0179,0.7989794616141341,Light Heavyweight,1981-01-26
caros fodor,2013-02-23,caros fodor,74.0,0.4999550942003258,4.091748900495377,0.2989625608293618,0.1011689185559654,0.3502682209945629,0.0316541619027671,0.592238043135425,Lightweight,1984-01-07
casey kenney,2021-08-07,casey kenney,68.0,0.497486287368205,3.716767795037936,0.4105382545758373,0.1255276075323554,0.3739083604562665,0.0142616385335152,0.535755145476455,Bantamweight,1991-03-20
cathal pendred,2015-10-24,cathal pendred,75.0,0.5037448933068784,2.9048731136725743,0.4448203835998514,0.143901002178091,0.3283652043797647,0.0290845668511854,0.5790936069906785,Welterweight,1987-09-02
cb dollaway,2018-09-15,cb dollaway,76.0,0.5004594588691917,3.3694081412321446,0.4791177103072746,0.1613458471616435,0.3586429637481963,0.0344612649054689,0.6576698817738935,Middleweight,1983-08-10
cesar almeida,2026-07-11,cesar almeida,74.0,0.493,2.937,0.5637132219756862,0.0699,0.3520558002936857,0.0202,0.6339365954150863,Middleweight,1988-03-28
cesar arzamendia,2016-07-30,cesar arzamendia,72.0,0.493,3.8268,0.3687848997825441,0.3256,0.3649439297903462,0.0203,0.6327924829221979,Lightweight,1991-01-31
cesar marscucci,1998-10-16,cesar marscucci,72.0,,,,,,,,Lightweight,
cezar ferreira,2019-07-13,cezar ferreira,78.0,0.5005757186821069,3.201075356260461,0.4157250665402306,0.0762843201783399,0.3725203697921083,0.01033916844907,0.6264560253109401,Middleweight,1985-02-15
cezary oleksiejczuk,2025-12-13,cezary oleksiejczuk,75.0,0.4962466994460286,2.975634582185559,0.5715779060588401,0.1714050492538272,0.3313321801460441,0.0125568658541668,0.6298460555879125,Middleweight,2000-01-06
chad anheliger,2024-11-02,chad anheliger,64.0,0.5000073028892758,3.748524191741733,0.4424928432179109,0.0872360457610794,0.4755462775045124,0.0260790256332261,0.5811652984456909,Bantamweight,1986-12-01
chad griggs,2012-11-17,chad griggs,73.0,0.4985700051598945,2.5363427156989444,0.6441327967958046,0.1249772310646383,0.4119442551690226,0.0975806861954111,0.7859064082902607,Light Heavyweight,1978-05-15
chad laprise,2018-12-08,chad laprise,71.0,0.5016744776930789,4.207118190738097,0.3870366180057932,0.0843681075394481,0.3465575950262711,0.0146687521050159,0.6081619640051338,Welterweight,1986-07-23
chad mendes,2018-12-29,chad mendes,66.0,0.5023700535833964,3.916352070399242,0.3674759013254462,0.1261189800806397,0.341171127651633,0.0285233000666093,0.384390523038381,Featherweight,1985-05-01
chad reiner,2007-06-12,chad reiner,74.0,0.4966037463952429,2.9634051558725987,0.4982008597959936,0.1102250786864999,0.4008656977102007,0.0416233475563006,0.6364871816633954,Welterweight,
chael sonnen,2013-11-16,chael sonnen,73.0,0.4975558858533737,2.847152993816606,0.394208847584284,0.0565549589306966,0.3414458333634759,0.0207085327177836,0.7918113153877402,Light Heavyweight,1977-04-03
chan sung jung,2023-08-26,chan sung jung,72.0,0.4976702663039824,4.860663982435958,0.4873693696777416,0.049548501608081,0.3660510057027548,0.0111905854552142,0.4036784310208146,Featherweight,1987-03-17
chance rencountre,2019-11-02,chance rencountre,75.0,0.5009478238109161,3.706471891128263,0.4723463591329632,0.1341577936940338,0.3704298211337542,0.0830565714479164,0.6410864713429797,Welterweight,1986-12-31
changho lee,2025-11-01,changho lee,69.0,0.5011659486000192,4.023636796454316,0.4627961564809585,0.0530126142420164,0.3268035588685103,0.0140313329419343,0.4500243545034852,Bantamweight,1994-05-09
charalampos grigoriou,2024-08-10,charalampos grigoriou,67.0,0.507,5.503170406305238,0.4429647987500464,0.076610614457094,0.3123817187040501,0.0239775414775063,0.5751461021194715,Bantamweight,1992-03-31
charles byrd,2020-06-06,charles byrd,73.0,0.4969165976715442,3.6334352255392,0.4602474872740222,0.0895756847323735,0.3520558002936857,0.0425232503330982,0.6338100951323716,Middleweight,1983-10-11
charles johnson,2026-06-27,charles johnson,70.0,0.4951898782860939,2.611213369713699,0.4954732155795205,0.0946576706328757,0.38661149353095,0.0433253390409821,0.4276241706563813,Flyweight,1991-01-10
charles jourdain,2026-04-18,charles jourdain,69.0,0.5000380496158998,4.101377983287549,0.3911475789872566,0.0784155808819146,0.3683234935504309,0.0128407189825319,0.5831507033789838,Bantamweight,1995-11-27
charles mccarthy,2008-04-19,charles mccarthy,71.0,0.4964083345141292,2.676969306294138,0.4602027237086733,0.208387374137545,0.4353919721055382,0.0666780693584347,0.7861188125585873,Middleweight,1980-08-06
charles oliveira,2026-03-07,charles oliveira,74.0,0.4971419557059478,4.577501213215874,0.4989108246586909,0.0551161475311911,0.3655779072551763,0.0165932075679547,0.449610922745774,Lightweight,1989-10-17
charles radtke,2026-04-11,charles radtke,72.0,0.5021206785240069,3.313148032279332,0.429045827591945,0.0861080528259552,0.3352008899156591,0.0347124152262054,0.6256843023628853,Welterweight,1990-07-09
charles rosa,2022-07-23,charles rosa,69.0,0.4988951818615565,4.364946814803948,0.4585156672846456,0.0714101972008064,0.3882404047677447,0.012437246093795,0.642913515196138,Featherweight,1986-08-24
charlie brenneman,2014-11-08,charlie brenneman,70.0,0.507,2.766831097841323,0.5719929254086348,0.0843336254208278,0.3399540226654175,0.009476531417528,0.6060781659246695,Lightweight,1981-02-09
charlie campbell,2025-09-27,charlie campbell,72.0,0.4959129030057044,4.401526843642266,0.4682326574063475,0.0765231912277901,0.3260095597245671,0.0290350268327798,0.5973124388235919,Lightweight,1995-07-03
charlie ontiveros,2022-08-13,charlie ontiveros,74.0,0.5024244652943883,4.639176437369811,0.4224352773855399,0.1076592247942846,0.3646513584806036,0.0358326283723737,0.4458262991053834,Lightweight,1991-07-04
charlie valencia,2011-04-30,charlie valencia,64.0,0.507,1.8597,0.4706531863916632,0.2961,0.2827493510087366,0.0103,0.6152530690911471,Bantamweight,1974-10-31
charlie ward,2017-07-16,charlie ward,74.0,0.493,3.476,0.4997324924075649,0.0779,0.3531788793103448,0.0213,0.6087605199088783,Welterweight,1980-12-17
chas skelly,2022-02-19,chas skelly,72.0,0.5027948267500453,3.0100916204461154,0.466466941550101,0.1098715858192883,0.4288380373052273,0.0963570061556175,0.3857808724170005,Featherweight,1985-05-11
chase gormley,2010-03-21,chase gormley,78.0,0.507,3.1879,0.2985285987667446,0.1341,0.3885077186963979,0.0094,0.9519614829544948,Heavyweight,
chase hooper,2026-07-18,chase hooper,74.0,0.5009719701228114,3.842544863868396,0.491787193676826,0.1542985598145211,0.3753114067876998,0.0696997494597916,0.6075517980166031,Lightweight,1999-09-13
chase sherman,2023-05-13,chase sherman,78.0,0.493,2.4112,0.6273102275143525,0.025,0.506483704974271,0.0048,0.979369042602738,Heavyweight,1989-11-16
che mills,2013-02-16,che mills,76.0,0.5023607069550886,3.4141672589977987,0.4400328132361552,0.1368188559496935,0.3887904530001976,0.0172848293896626,0.5974573444740812,Welterweight,1982-09-29
cheick kongo,2013-04-27,cheick kongo,82.0,0.4979396938393305,4.088009347793167,0.4367705015470509,0.0768752524274688,0.3793326548125516,0.008193302128093,0.9696986887780586,Heavyweight,1975-05-17
chelsea chandler,2022-10-01,chelsea chandler,68.0,,,,,,,,Women's Bantamweight,1990-11-23
chepe mariscal,2025-11-15,chepe mariscal,69.0,0.496117945423761,2.745011830213904,0.538550439907531,0.0772426185891731,0.4250093563477251,0.0366276601694697,0.3884743226835335,Featherweight,1992-10-27
chico camus,2015-09-26,chico camus,66.0,0.4964806628170031,2.5444970109259404,0.471561817351712,0.1713591073462307,0.3857806790151709,0.0676680899556102,0.4692171623002146,Flyweight,1985-01-26
chidi njokuani,2026-02-21,chidi njokuani,80.0,0.500790366501353,4.399512315335444,0.436755907991889,0.0509093728971202,0.3414430821151868,0.0192144553124626,0.6082413927201453,Welterweight,1988-12-31
chris avila,2016-11-05,chris avila,71.0,0.5009244579127942,2.492000386085193,0.4190696121812712,0.0602186456961072,0.3305280679693407,0.0117150817701418,0.4904353501567937,Featherweight,1993-01-16
chris barnett,2025-10-25,chris barnett,75.0,0.5003883216260652,4.453928827210047,0.4837644560234331,0.025,0.4083301169233523,0.0048,0.967146614860402,Heavyweight,1986-06-14
chris beal,2016-06-18,chris beal,69.0,0.4989592990615082,3.103619533665817,0.4074163877267481,0.122900971455444,0.3417517786461932,0.0240691861916951,0.5008905660570078,Bantamweight,1985-08-06
chris brennan,2002-01-11,chris brennan,74.0,0.507,2.9648,0.4005021744842419,0.0526,0.3640704755031128,0.1276,0.5869503765676777,Welterweight,
chris camozzi,2017-05-28,chris camozzi,75.0,0.49982878331539,3.198905503521551,0.5324949176918207,0.0647227806120525,0.3501885732855418,0.0297470194653073,0.6221944762618412,Middleweight,1986-11-20
chris cariaso,2015-10-03,chris cariaso,64.0,0.5002307632349774,3.206350659903592,0.4346533079736768,0.0782523769415096,0.4080358557497585,0.0414562622414125,0.4526921003050753,Flyweight,1981-05-27
chris clements,2015-04-25,chris clements,70.0,0.493,2.3251593917261,0.577646166969486,0.0778944475160219,0.4913023394996538,0.0086595247060396,0.6203295486051016,Welterweight,1976-02-09
chris condo,1999-05-07,chris condo,78.0,,,,,,,,Heavyweight,
chris cope,2012-02-04,chris cope,72.0,0.5009962130607798,2.8792404898783,0.530388670607288,0.1861788486812515,0.4072790098713942,0.0922222299753391,0.6487764816725566,Welterweight,1983-03-05
chris curtis,2026-03-14,chris curtis,75.0,0.5007620432135599,5.043424585950592,0.4589810579173384,0.03489947658679,0.3146505919211164,0.009981466959931,0.6206232942033665,Welterweight,1987-07-15
chris daukaus,2023-08-12,chris daukaus,76.0,0.4972512611554488,4.295616680847411,0.4137699441409995,0.0881930143929141,0.3654336734693877,0.0141730085486752,0.7929907561528486,Light Heavyweight,1989-09-25
chris de la rocha,2018-12-15,chris de la rocha,80.0,0.5005194504891027,3.9611782428041655,0.5410443757947505,0.1356298604376822,0.372456265095454,0.0713485195339156,0.9521775643126772,Heavyweight,1979-05-15
chris dempsey,2016-02-27,chris dempsey,72.0,0.5021875321973032,2.9318328939008915,0.5259517176826254,0.1129606929543562,0.3073786682767206,0.0127406013119841,0.6223611579619891,Middleweight,1987-09-08
chris duncan,2026-04-04,chris duncan,71.0,0.499102304884617,3.3547126460515977,0.4892246290611856,0.110582468568053,0.3547988308639859,0.0271312921407486,0.6451940678684565,Lightweight,1993-05-10
chris fishgold,2020-07-15,chris fishgold,68.0,0.5008080633903057,4.0451814629497305,0.5071434928507812,0.0831248215418452,0.3667917563794744,0.0485300121997718,0.5305657057293828,Featherweight,1992-06-06
chris gruetzemacher,2021-12-04,chris gruetzemacher,68.0,0.4943591171826621,2.731429471884097,0.5127257788848788,0.0872181318418495,0.4971971673279168,0.0110583514381971,0.6310897601570834,Lightweight,1986-06-16
chris gutierrez,2025-10-04,chris gutierrez,67.0,0.5036552659811186,4.240943128611129,0.3801074046141614,0.0432957016817896,0.3719181584204185,0.013887480158926,0.5480965079322644,Bantamweight,1991-04-22
chris haseman,2002-07-13,chris haseman,76.0,0.4954821532722434,2.964782587306709,0.5610349380956627,0.1235857240510423,0.3888651479395657,0.0171089613566044,0.7388201882590073,Light Heavyweight,
chris heatherly,2014-11-15,chris heatherly,74.0,0.5004509393320259,2.9420625781303222,0.5801676018852702,0.0980124486988849,0.3425124833467205,0.0335874637356081,0.5677834654523167,Welterweight,1987-11-24
chris holdsworth,2014-05-24,chris holdsworth,69.0,0.507,2.957,0.4148848974671733,0.1177,0.2481578308342693,0.0821,0.5931342106631258,Bantamweight,1987-10-24
chris indich,2014-06-28,chris indich,74.0,0.493,1.7773,0.5639021857269899,0.0301,0.4678759880135498,0.0952,0.4348289427920558,Welterweight,1987-04-22
chris kelades,2016-04-23,chris kelades,68.0,0.4975130729505772,3.1509035762013444,0.384268072689198,0.1049718053222612,0.3906427672886196,0.0299609930883793,0.5211966446110771,Flyweight,1981-02-21
chris leben,2013-12-28,chris leben,73.0,0.498361773983895,3.12421480680775,0.4743865064193588,0.072426111101338,0.3955036079441093,0.0407702818734427,0.6246109749307988,Middleweight,1980-07-21
chris liguori,2003-11-21,chris liguori,75.0,0.507,2.0262,0.5054039051177831,0.0516,0.4979891786059187,0.0852,0.6334844162262785,Middleweight,
chris lytle,2011-08-14,chris lytle,68.0,0.5007356309405476,3.0044805952741687,0.3579281750679422,0.1485879755371619,0.3479613070387201,0.0778702790817346,0.4736685956663729,Welterweight,1974-08-18
chris padilla,2026-04-11,chris padilla,74.0,0.507,4.356835269653204,0.4534458594816135,0.0929973752075392,0.3496405245762128,0.0291162113739981,0.6596403728686087,Lightweight,1995-09-14
chris price,2007-01-25,chris price,75.0,0.507,2.7004329035822257,0.5268536578048846,0.0511368504186564,0.4111479879261459,0.2366194707194422,0.6008724659956304,Middleweight,
chris sanford,2005-04-09,chris sanford,75.0,,,,,,,,Middleweight,
chris saunders,2012-06-01,chris saunders,72.0,,,,,,,,Lightweight,1986-03-11
chris spang,2013-04-06,chris spang,74.0,,,,,,,,Welterweight,1987-11-26
chris tickle,2012-06-01,chris tickle,72.0,,,,,,,,Lightweight,1982-02-01
chris tuchscherer,2011-02-26,chris tuchscherer,76.0,0.507,3.2549,0.3955857963002339,0.0636,0.4355455864889827,0.2332,0.9533772495858964,Heavyweight,1975-09-08
chris wade,2017-07-22,chris wade,70.0,0.5028602557683769,2.8453781522095416,0.4683601923746008,0.2223602837624857,0.3503233702586935,0.0155344871196898,0.6204394038935145,Lightweight,1987-09-30
chris weidman,2024-12-07,chris weidman,78.0,0.4996282635076921,3.6993734406803513,0.4706285453108425,0.1117933953433369,0.3608020970699938,0.0198156084271713,0.6360943920244763,Catch Weight,1984-06-17
chris wilson,2009-09-16,chris wilson,75.0,0.507,2.962,0.4112977708961475,0.1524,0.3531788793103448,0.1072,0.827294646653417,Welterweight,1977-06-07
christian aguilera,2021-05-08,christian aguilera,72.0,0.4997443940990211,3.6581594010960834,0.4789231913248459,0.0613486215564598,0.4286788654775527,0.0167984622158482,0.6006165762870553,Welterweight,1991-11-25
christian colombo,2017-10-28,christian colombo,78.0,0.4992818710710252,2.950461912850009,0.4822791504089714,0.0349768921836043,0.305433558311679,0.0067243525382508,0.9670711314540452,Heavyweight,1980-07-01
christian edwards,2026-05-16,christian edwards,71.0,0.4984698657725025,3.756249912542514,0.4678091012662174,0.0649643257763877,0.380146485532145,0.0102414880136275,0.7901875810341723,Catch Weight,1998-11-05
christian leroy duncan,2026-07-18,christian leroy duncan,79.0,0.5004590165282466,4.280037396803626,0.4724798761846732,0.0636231720748065,0.3645286811790434,0.0156515368418992,0.6354968365443169,Middleweight,1995-07-24
christian morecraft,2012-01-20,christian morecraft,81.0,0.5019585659510889,3.4929508190091467,0.497571390470543,0.0496855994410181,0.382675091217972,0.0426005907689025,0.9660918865220384,Heavyweight,1986-09-08
christian rodriguez,2026-06-20,christian rodriguez,71.0,0.4998385401721115,4.306689033550544,0.5004863693272835,0.1408714014634802,0.3225116147024495,0.0333265997836451,0.3856842933582391,Featherweight,1997-12-17
christian wellisch,2009-01-31,christian wellisch,77.0,0.5003990348748721,3.038559194468782,0.4513324670200512,0.0882803087709533,0.4292613789373096,0.0147409208431912,0.9628450291836724,Light Heavyweight,
christos giagos,2024-04-06,christos giagos,71.0,0.4988636718854314,4.018009869277611,0.4474708942365277,0.085485336674264,0.3622129314998091,0.0106828231412352,0.6804091381259615,Lightweight,1990-01-23
chuck liddell,2010-06-12,chuck liddell,76.0,0.5001833105958308,3.3466415073698133,0.4487582899495278,0.0743293797124814,0.3344061384466322,0.0126466333466961,0.784311191671429,Light Heavyweight,1969-12-17
chuck o neil,2011-06-04,chuck o'neil,74.0,,,,,,,,Welterweight,
ciryl gane,2026-06-14,ciryl gane,81.0,0.4957064899640994,3.4790575914953004,0.6039157527180232,0.0729950418212628,0.3607526990479274,0.0185583722483968,0.7508355838603562,Heavyweight,1990-04-12
cj fernandes,2000-09-22,cj fernandes,74.0,0.507,2.8207,0.3785642998360157,0.3228,0.2827493510087366,0.0132,0.6152530690911471,Welterweight,
cj keith,2013-01-19,cj keith,72.0,0.5003716061001159,2.665119964753356,0.5552710267450826,0.1611755098523128,0.3588419584377332,0.0593761177585202,0.5315396593864817,Lightweight,1986-08-09
cj vergara,2025-03-29,cj vergara,68.0,0.5018351293101149,4.094511698019965,0.5087529310227,0.1700868024716889,0.3863427729565778,0.0307272434638388,0.5200387110123197,Flyweight,1991-06-18
claude patrick,2011-12-10,claude patrick,75.0,0.507,2.5219330263642576,0.3595420852277365,0.1641864202496022,0.3010757725003347,0.0652392869900905,0.5870802057046121,Welterweight,1980-06-14
claudio puelles,2025-09-13,claudio puelles,72.0,0.5000229874109549,2.1949611646971285,0.5337241482390838,0.1745527516687219,0.3673118593277222,0.0652532671463977,0.6502983676452483,Lightweight,1996-04-21
claudio ribeiro,2024-03-02,claudio ribeiro,77.0,0.497553412075506,3.86619696886453,0.5775456335685301,0.0626045833486794,0.2874405177303929,0.0139988146252682,0.6281997190105967,Middleweight,1992-07-17
claudio silva,2022-07-23,claudio silva,71.0,0.4994415454837227,3.413274361746539,0.5053961003012747,0.1239701194562548,0.3767081929195153,0.06257482420394,0.6553240223463213,Welterweight,1982-09-06
clay collard,2015-09-05,clay collard,73.0,0.4975138083312618,3.761439516143217,0.5024130427724944,0.1954258823335018,0.3938508679166836,0.0403217239276574,0.5179954851638154,Featherweight,1993-03-10
clay guida,2024-12-07,clay guida,70.0,0.4981541972094784,3.547275897635777,0.4654345864297032,0.1178601686196332,0.3742126643010992,0.0235632891959874,0.6267597956663449,Lightweight,1981-12-08
clay harvison,2011-11-12,clay harvison,74.0,0.5000621068289749,4.0373274414237175,0.4190369837012386,0.1637821633529127,0.3677803396866447,0.1123990037070496,0.5347823664025285,Welterweight,1980-09-25
clayton carpenter,2026-05-09,clayton carpenter,66.0,0.4983763599494111,2.965764270204485,0.4329756899720033,0.1120641454600471,0.4185306659666891,0.0761282018444049,0.4771824556212786,Flyweight,1996-06-09
clifford starks,2013-04-20,clifford starks,78.0,0.4996747730133614,2.674673381441004,0.3916064150112096,0.1035365688573687,0.3805149611184057,0.0119207985950371,0.6255270012095316,Middleweight,1981-04-25
clint hester,2016-04-23,clint hester,77.0,0.4987261835253637,4.0251901347348165,0.5778813870686119,0.0709255031574135,0.3715972619132301,0.0557627036446891,0.8443063007745965,Light Heavyweight,1986-11-21
cm punk,2018-06-09,cm punk,73.0,0.493,2.822,0.5589919176280969,0.0676,0.4352627778750219,0.0185,0.6087605199088783,Welterweight,1978-10-26
cody brundage,2026-05-16,cody brundage,72.0,0.4978400995976496,3.060650447130271,0.4845225216049403,0.1036006203382256,0.3536836846465797,0.0230928885890216,0.6456442389328946,Middleweight,1994-05-16
cody donovan,2014-07-19,cody donovan,74.0,0.4968464478337846,4.487351004748501,0.4916668995047334,0.0823805877345223,0.3958955139163291,0.015195713886773,0.7927969497540274,Light Heavyweight,1981-02-20
cody durden,2026-07-11,cody durden,67.0,0.4978766628597162,3.703180755521484,0.4950872257046287,0.0938954446114195,0.3989346033369482,0.0243099643521032,0.5342240747144383,Flyweight,1991-03-29
cody east,2016-10-01,cody east,78.0,0.493,4.5087,0.5273102275143525,0.0468,0.3885077186963979,0.009,0.979369042602738,Heavyweight,1988-06-29
cody garbrandt,2026-07-11,cody garbrandt,65.0,0.5003592027038447,2.905434750364412,0.4827290555895475,0.0578499668023821,0.3259259566682608,0.0140804843060277,0.576815183156771,Bantamweight,1991-07-07
cody gibson,2026-07-25,cody gibson,71.0,0.497497006094792,3.868331867320987,0.4231205965084915,0.1343610257440631,0.3314819426889253,0.0444765591751367,0.5868004547588545,Bantamweight,1987-09-11
cody haddon,2026-05-30,cody haddon,69.0,0.4991309318162886,4.1843882815962345,0.4972834142228277,0.1233324037575519,0.3667613515034404,0.0336674883810492,0.567895809689932,Bantamweight,1998-09-08
cody mckenzie,2013-12-14,cody mckenzie,72.0,0.5000743305759066,4.192422338786681,0.31656609700892,0.1066204415864954,0.3747283360609212,0.0321733886995867,0.6360101929302195,Lightweight,1987-12-16
cody pfister,2016-07-13,cody pfister,73.0,0.5004874019870676,2.851600622056011,0.5180616889218891,0.1533293988600168,0.3683696910636696,0.0108582226868227,0.6234121513528684,Lightweight,1990-07-12
cody stamann,2024-11-09,cody stamann,64.0,0.4985388800106263,4.2734758427774056,0.4327073692522202,0.0955300305626704,0.3591747395006956,0.0142991649958699,0.5972159955289269,Bantamweight,1989-11-09
colby covington,2024-12-14,colby covington,72.0,0.500075628046446,3.5822832426780704,0.4647770324110464,0.1463384290217035,0.3944488913436051,0.0127284574012977,0.5931541589987109,Welterweight,1988-02-22
colby thicknesse,2026-05-02,colby thicknesse,69.0,0.5007641020592035,3.5286028927699187,0.4861582919723294,0.0823483485107646,0.3887161451174079,0.0348241742553823,0.5786296371177139,Bantamweight,1999-06-23
cole escovedo,2011-11-12,cole escovedo,72.0,0.507,2.703577331792826,0.4457459039165162,0.3498013527694763,0.3654837731270852,0.1289550790501338,0.3989048688236758,Bantamweight,1981-08-30
cole miller,2016-12-17,cole miller,73.0,0.4987807731214144,3.436188726049093,0.4169478500575399,0.0789615560763272,0.4304502776170177,0.0529640529120756,0.4450506294626455,Featherweight,1984-04-26
cole smith,2020-09-05,cole smith,67.0,0.4995588877989083,2.325962741938461,0.3960329272627607,0.0979794013751793,0.3523733041324634,0.051411953551795,0.5774298066313005,Bantamweight,1989-04-05
cole williams,2020-10-31,cole williams,73.0,0.493,2.9176,0.724342023822807,0.0654,0.4352627778750219,0.0179,0.6087605199088783,Welterweight,1983-12-15
colin fletcher,2013-03-16,colin fletcher,72.0,0.507,1.9077,0.5145268923734977,0.3344,0.3531788793103448,0.0517,0.4932127814694161,Lightweight,1983-01-08
colin robinson,2008-01-19,colin robinson,78.0,0.5029352244747117,2.9543641133554748,0.5917029787149608,0.1564441289362182,0.3885077186963979,0.0497262408742046,0.9649124821282016,Heavyweight,
collin anglin,2021-11-13,collin anglin,71.0,0.4974146667099623,4.26174441086784,0.4186935892916044,0.1347514420171216,0.3995352372737375,0.0276522001456591,0.5323822386821778,Featherweight,1993-02-20
collin hart,2013-04-13,collin hart,75.0,,,,,,,,Middleweight,1989-10-12
colton smith,2014-06-28,colton smith,71.0,0.4969687412495667,2.496726935391189,0.4567373364365574,0.1809053415030784,0.3965819331939683,0.0682549134574545,0.5110420757356886,Lightweight,1987-08-14
connor matthews,2025-05-17,connor matthews,71.0,0.493,4.9292,0.4153776470021055,0.0994,0.3654837731270852,0.016,0.3922670729633906,Featherweight,1992-05-31
conor mcgregor,2026-07-11,conor mcgregor,74.0,0.4987425874283945,4.369035105024844,0.4804867935924305,0.0624079671066206,0.3811976333102637,0.0363750482098694,0.55484222184597,Welterweight,1988-07-14
constantinos philippou,2015-05-16,constantinos philippou,73.0,0.4986883234601793,2.5885167777474005,0.4312502868213742,0.0996107088500715,0.3342366401717337,0.0237325791753044,0.6530856578527464,Middleweight,1979-11-29
corey anderson,2020-02-15,corey anderson,79.0,0.5036298467116751,4.073894904731829,0.4373863039318668,0.2287813176807585,0.3346475699466259,0.0110499705364324,0.7818937877129275,Light Heavyweight,1989-09-22
corey hill,2008-12-10,corey hill,80.0,0.507,2.7509,0.3776873113984175,0.1567,0.3649439297903462,0.1937,0.7252824539339026,Lightweight,
cortavious romious,2025-04-05,cortavious romious,68.0,0.493,2.0369,0.6512313069741407,0.2081,0.5013287577300204,0.0107,0.5918075411958911,Bantamweight,1994-01-06
cory hendricks,2016-07-08,cory hendricks,76.0,,,,,,,,Light Heavyweight,1988-05-10
cory sandhagen,2026-07-11,cory sandhagen,70.0,0.5008525498549551,4.08137936323994,0.4331281399771002,0.0892759510558662,0.4054836563077898,0.0183086652177819,0.6009630397267074,Bantamweight,1992-04-20
cory walmsley,2006-08-26,cory walmsley,76.0,,,,,,,,Light Heavyweight,
court mcgee,2025-06-14,court mcgee,75.0,0.4979000691193855,2.627902399928528,0.3873982893240411,0.07128962596391,0.3824862144389838,0.0434242377890399,0.65213912226214,Welterweight,1984-12-12
crafton wallace,2006-10-10,crafton wallace,75.0,0.493,2.282074533315221,0.4539518246157115,0.0797196656320875,0.5676687026473521,0.0092,0.6339365954150863,Middleweight,
craig white,2018-09-08,craig white,76.0,0.5018386434009202,3.897377732534414,0.4182781579762382,0.0778607682450724,0.3175962871105731,0.0233056586713639,0.5776540499091701,Welterweight,1990-07-01
cristian quinonez,2026-02-28,cristian quinonez,70.0,0.4965169667724057,3.6761385673000246,0.4853328324075709,0.1005542307107652,0.3327949604999978,0.0184388782846656,0.5876219892235889,Bantamweight,1996-04-26
cristiane justino,2016-09-24,cristiane justino,68.0,0.507,6.5503,0.397845239725879,0.1109,0.473469387755102,0.0258,0.8218486919391967,Women's Featherweight,1985-07-09
cristiano marcello,2014-02-15,cristiano marcello,72.0,0.4976316636458973,3.707386770953256,0.437327025275017,0.0562388435111401,0.465820098238357,0.0116401304340859,0.6269898639642246,Lightweight,1977-12-03
cub swanson,2026-04-11,cub swanson,70.0,0.5008792968794862,5.078801926809894,0.4515217805899922,0.0647143246795449,0.3143196115685744,0.0170468125626305,0.4053897488874255,Featherweight,1983-11-02
cung le,2014-08-23,cung le,70.0,0.498948668360456,2.8565851911209146,0.3829987281635533,0.0945028771652372,0.3565792657729374,0.0175070837161536,0.6371513392575366,Middleweight,1972-05-25
curt warburton,2011-06-26,curt warburton,73.0,0.4990263921841144,3.368002522881702,0.4349695440531755,0.1130830817726087,0.4106007159809886,0.042844109255197,0.6473941311655819,Lightweight,
curtis blaydes,2026-04-11,curtis blaydes,80.0,0.5026627745617157,3.698708749536568,0.4603480668614348,0.119313187473223,0.4094652439446012,0.008068423752546,0.9605981965443812,Heavyweight,1991-02-18
curtis millender,2019-04-13,curtis millender,76.0,0.5029099565380776,3.76240337882621,0.4160486545537136,0.0524940923805334,0.4118680383585343,0.0116020355163223,0.5967941184566659,Welterweight,1987-12-01
curtis stout,2004-06-19,curtis stout,75.0,,,,,,,,Middleweight,
cyril asker,2018-02-10,cyril asker,74.0,0.493,3.1357,0.5814940817917641,0.0458,0.333006616025484,0.0088,0.979369042602738,Heavyweight,1985-12-24
cyrille diabate,2014-03-08,cyrille diabate,81.0,0.5007151908026656,3.6723447225620935,0.4475983886607568,0.1081881187456772,0.4083897349178418,0.031923435904727,0.7896414116473162,Light Heavyweight,1973-10-06
da mon blackshear,2025-07-26,da'mon blackshear,72.0,0.4979413741651154,4.166785948408905,0.4396665074251962,0.083196342274825,0.340454272717959,0.0282232435430094,0.5850529082883299,Bantamweight,1994-08-12
da woon jung,2024-09-28,da woon jung,78.0,0.493,2.7263,0.4374709379012533,0.0627,0.4569011815252417,0.0158,0.7989794616141341,Light Heavyweight,1993-12-07
daichi abe,2018-06-23,daichi abe,71.0,0.4975279685381444,3.438128766916856,0.4414264524855458,0.1050998176865482,0.3458114217361977,0.0430158125124685,0.5728670249279606,Welterweight,1991-11-27
daiju takase,2000-12-16,daiju takase,74.0,0.5012861160572024,3.2402549331388157,0.4086787465806183,0.0646517447462443,0.3329890620114454,0.0331056995995896,0.5778546805251783,Welterweight,
dakota bush,2022-01-15,dakota bush,73.0,0.493,3.0336,0.5634588611670455,0.0787,0.4455348016443632,0.0103,0.6327924829221979,Lightweight,1994-06-09
dakota hope,2026-04-04,dakota hope,72.0,0.5020269952671966,4.611872317074155,0.5492016094577321,0.1407217843388271,0.4082975250140205,0.0386183293245254,0.3844435103835282,Lightweight,
dalcha lungiambula,2022-12-10,dalcha lungiambula,76.0,0.5013326735346364,3.8458084305713744,0.4967130310195722,0.1135610403442491,0.3473950602972706,0.0677886404141692,0.6164448991225,Middleweight,1987-07-31
dale hartt,2009-06-13,dale hartt,69.0,0.5008738484959813,3.3076898940181025,0.3889431319408765,0.0867916992541522,0.3548220746580465,0.0797665867691649,0.5795684521700077,Lightweight,
damacio page,2012-07-11,damacio page,66.0,0.4929999999999999,3.489899294311192,0.4429586326318497,0.0898604831115433,0.5006038530283784,0.0520730629901791,0.5874559770129437,Bantamweight,1982-09-30
damarques johnson,2012-09-29,damarques johnson,75.0,0.4985579942366243,3.023865462319035,0.4703114039009329,0.0978319239665315,0.4505679540612972,0.0420103290239824,0.6194824699008562,Catch Weight,1982-06-28
damian grabowski,2017-07-22,damian grabowski,75.0,0.493,3.3610956252094906,0.5057466936623463,0.0635798491565191,0.4100784477381198,0.0122076862719249,0.979369042602738,Heavyweight,1980-05-12
damian pinas,2026-07-11,damian pinas,79.0,0.507,4.0799,0.3628017038120253,0.0699,0.1880546510885526,0.0202,0.6162978953960615,Middleweight,2002-03-12
damian rzepecki,2026-07-25,damian rzepecki,72.0,,,,,,,,Lightweight,2001-11-23
damian stasiak,2018-07-22,damian stasiak,70.0,0.4980416501802516,2.832043978365719,0.4665836295899107,0.151185900720102,0.4171266797803161,0.0439538051518177,0.5684865115092795,Bantamweight,1990-02-20
damien anderson,2026-07-18,damien anderson,69.0,,,,,,,,Featherweight,
damien brown,2018-02-10,damien brown,68.0,0.4980121981544864,4.127767200472241,0.5097002469703675,0.0797641115020054,0.3639962668423819,0.0409398550272576,0.5634350367361961,Lightweight,1984-12-25
damir hadzovic,2025-02-01,damir hadzovic,70.0,0.4998751202007569,3.506307951916201,0.4730379316008883,0.0873056241460022,0.3619090436732737,0.0326492928686974,0.6539750247846234,Lightweight,1986-08-08
damir ismagulov,2023-07-01,damir ismagulov,74.0,0.5026967790901105,3.6972026038219945,0.4094248435392688,0.0671652518195626,0.3095349041562029,0.0103,0.6206442099729316,Lightweight,1991-02-03
damon jackson,2024-11-16,damon jackson,71.0,0.4991174283027648,4.635435662289212,0.4689863838969875,0.0811195373868063,0.3965773010484857,0.0197804219507781,0.6363802846175346,Lightweight,1988-08-08
dan argueta,2024-10-12,dan argueta,68.0,0.4983752623165719,2.841793447886312,0.4627133061140605,0.253242323138562,0.3778078115287371,0.0878399928217032,0.5196246023904655,Bantamweight,1993-08-13
dan barrera,2007-12-08,dan barrera,74.0,,,,,,,,Welterweight,1980-12-23
dan christison,2006-07-08,dan christison,78.0,0.498011825150391,3.835747355895255,0.5309524365294388,0.1017751775651065,0.4060004336172005,0.0101503997325346,0.9695574785487449,Heavyweight,
dan cramer,2009-08-08,dan cramer,74.0,0.493,2.424343240627824,0.6225766203457487,0.0550259325620561,0.5135825525290926,0.0086454212814854,0.6199744797236283,Welterweight,
dan evensen,2008-12-27,dan evensen,78.0,0.498195399919307,2.5741278693687804,0.6242882029244573,0.185064225779239,0.4211958585547311,0.018586828847206,0.967559074833655,Heavyweight,1974-06-01
dan hardy,2012-09-29,dan hardy,74.0,0.4998735008396999,3.048646623066284,0.4802118814868136,0.0552141370184746,0.416389497647765,0.0291735932717144,0.5691336653932233,Welterweight,1982-05-17
dan henderson,2016-10-08,dan henderson,74.0,0.4964787324647735,3.1353953919770574,0.3784003997133128,0.071614826887857,0.3421995455550302,0.0191783962410612,0.6351908067074742,Middleweight,1970-08-24
dan hooker,2026-01-31,dan hooker,75.0,0.5005283571243916,3.99399954927138,0.5158615231781428,0.0627726552325771,0.3445338017747232,0.0541921827915663,0.5415810403619254,Lightweight,1990-02-13
dan ige,2026-02-21,dan ige,71.0,0.4993058768907201,3.648410522482772,0.4582384442990952,0.0613593563893976,0.3884235301343718,0.0168626490792769,0.4295556918334419,Featherweight,1991-08-06
dan lauzon,2010-05-29,dan lauzon,72.0,0.4984147045137487,2.5875698003889926,0.4163278924435222,0.1073132707206705,0.4479833594689861,0.0569503858357611,0.6672019281907662,Lightweight,1988-03-30
dan miller,2015-07-12,dan miller,74.0,0.4990192236825941,2.89477467161116,0.5110274836581572,0.0962835808176522,0.3977843223317723,0.0913267373888113,0.6021255569251267,Middleweight,1981-06-30
dan moret,2019-06-29,dan moret,73.0,0.501100962143385,4.539000079065482,0.5201363732825074,0.0663687397004765,0.3742225875638345,0.0570310609289537,0.4933868378190896,Lightweight,1986-11-21
dan severn,2000-09-22,dan severn,78.0,0.497892781131246,2.4253046642846314,0.3954925098339185,0.0815772499122696,0.3885077186963979,0.0268613550690334,0.96167600079056,Heavyweight,
dan stittgen,2012-07-11,dan stittgen,74.0,,,,,,,,Welterweight,1980-11-17
daniel barez,2026-05-16,daniel barez,66.0,0.4979378020506562,3.43499097449539,0.5080795134724566,0.0754356856922121,0.403256182427276,0.0188190846943984,0.4442754229094028,Flyweight,1988-12-10
daniel cormier,2020-08-15,daniel cormier,72.0,0.4957982804776268,4.321602565544858,0.5451033744658819,0.0474540271989683,0.3985734615324161,0.0166807641633347,0.9715444066751078,Heavyweight,1979-03-20
daniel frunza,2025-11-01,daniel frunza,73.0,0.4994055015656001,3.789344153128597,0.4672426531081264,0.0552156929805346,0.3249425501116036,0.0151046594720437,0.6010257934302882,Welterweight,1994-04-13
daniel jolly,2017-02-04,daniel jolly,75.0,0.493,2.7406,0.6931513380830482,0.0576,0.5068183523409363,0.0145,0.7989794616141341,Light Heavyweight,1984-09-03
daniel kelly,2018-05-27,daniel kelly,70.0,0.5012752625121086,3.4952364796207096,0.443776147215808,0.1077447359209868,0.3317787333968026,0.0259575053865663,0.6231843086701713,Middleweight,1977-10-31
daniel lacerda,2024-02-24,daniel lacerda,70.0,0.5033838065343007,3.3001823981032525,0.5663136795553106,0.1518374041546934,0.4279139854473194,0.0409817035234824,0.6241511773749281,Flyweight,1996-06-05
daniel marcos,2025-11-08,daniel marcos,69.0,0.4999893266606873,3.512462403058094,0.4115891900012799,0.0651664375243325,0.3343982451782591,0.0477646699617085,0.5495336545387686,Bantamweight,1993-03-07
daniel omielanczuk,2017-07-08,daniel omielanczuk,74.0,0.4994658350889053,3.521021525749328,0.4743906449221576,0.0492808004712337,0.4017573722986084,0.0090244091157496,0.966019657393492,Heavyweight,1982-08-31
daniel pineda,2024-10-19,daniel pineda,69.0,0.4988357981311996,3.986765608759634,0.3990823728613697,0.0982719637379908,0.3846922266577452,0.0402205424607672,0.3865626080442391,Featherweight,1985-08-06
daniel roberts,2012-01-20,daniel roberts,74.0,0.4989017083520412,2.811994614260557,0.483453289970728,0.0621128869863665,0.4043059231329727,0.0710902811846771,0.5051914002175648,Welterweight,1980-08-05
daniel rodriguez,2026-08-01,daniel rodriguez,74.0,0.4964571212040947,3.644606472303159,0.5011394323997583,0.1054223824963306,0.3564105924690912,0.0269652554548176,0.6362381338726915,Welterweight,1986-12-31
daniel santos,2026-05-16,daniel santos,67.0,0.4959189220213731,2.978564434119064,0.5802198644640401,0.1268183077735564,0.455705612370652,0.0158859720628893,0.39099085477206,Featherweight,1995-03-12
daniel sarafian,2016-02-21,daniel sarafian,73.0,0.4991430525633695,3.069394761905154,0.4366228188332861,0.0669858477756328,0.3771874430264602,0.0515574891132011,0.5997381988330082,Middleweight,1982-08-21
daniel spitz,2019-10-18,daniel spitz,82.0,0.497504986438307,3.316479726480828,0.4501672575356005,0.0918216043231594,0.3885077186963979,0.0080784478199106,0.970549707993993,Heavyweight,1990-07-31
daniel spohn,2014-07-06,daniel spohn,79.0,,,,,,,,Light Heavyweight,
daniel teymur,2019-12-14,daniel teymur,69.0,0.4930000000000001,3.5319227905883186,0.4348445372136892,0.0765078730923227,0.3816089593763693,0.0160253284365847,0.4509292388218044,Featherweight,1988-02-03
daniel zellhuber,2026-02-28,daniel zellhuber,77.0,0.4990224214711062,4.802590036821198,0.4375848276806327,0.0372023874915816,0.30029638689683,0.0195308643228942,0.6580397625140636,Lightweight,1999-07-07
daniil donchenko,2026-06-27,daniil donchenko,71.0,0.507,5.533017422903095,0.3128662966426171,0.0793166335548745,0.3355328035652518,0.0114562990064661,0.5918553377632992,Welterweight,2001-08-04
danillo villefort,2009-08-08,danillo villefort,74.0,,,,,,,,Welterweight,
danilo belluardo,2019-09-28,danilo belluardo,74.0,0.507,4.0336,0.3179621471284339,0.0352,0.3649439297903462,0.0103,0.6152530690911471,Lightweight,1994-07-21
danilo marques,2022-02-05,danilo marques,77.0,0.4964289399130577,6.795216353329864,0.5091917673530714,0.0973945040400195,0.3432179673238495,0.0315750541302732,0.7949017374941656,Light Heavyweight,1985-12-26
danny abbadi,2006-09-23,danny abbadi,72.0,0.507,3.1206,0.1929618407811162,0.0352,0.2113479997439042,0.0103,0.6152530690911471,Lightweight,
danny barlow,2025-10-18,danny barlow,79.0,0.5014519279116701,4.41248384973828,0.4908852922087675,0.0443474100861876,0.314770624891134,0.0121303200237759,0.5985547069925864,Middleweight,1995-08-02
danny castillo,2015-12-19,danny castillo,71.0,0.4990810661241834,3.3728890880186566,0.5068005219039218,0.1403139983700518,0.3351812599179054,0.0649881243866185,0.442080163588301,Lightweight,1979-08-25
danny chavez,2022-06-18,danny chavez,67.0,0.4991557873762567,4.071855678712888,0.3906210482019093,0.0838851098563971,0.41625954651316,0.0202707518924241,0.4556434239049854,Featherweight,1987-03-14
danny downes,2011-10-29,danny downes,72.0,0.507,4.1914,0.2685888788980529,0.2262,0.3531788793103448,0.0159,0.5918553377632993,Lightweight,1986-04-08
danny henry,2020-07-11,danny henry,73.0,0.4985072204001443,3.633602502600292,0.4403057796779174,0.0602174604054113,0.3577166126693447,0.0353595788387734,0.3858428127217618,Featherweight,1988-07-17
danny martinez,2015-11-14,danny martinez,67.0,0.5022661847463279,3.970616145004904,0.4762562326174284,0.1374553272602507,0.3966587923969037,0.0195336311350036,0.4404385421078354,Flyweight,1985-06-14
danny mitchell,2014-08-23,danny mitchell,74.0,0.507,1.6903,0.4026223043535954,0.204,0.3531788793103448,0.0952,0.4227538126880709,Welterweight,1986-08-08
danny roberts,2023-07-22,danny roberts,74.0,0.498600236684649,3.0734160357028752,0.5117366769525076,0.0559690383680975,0.3550510522653236,0.016322864019396,0.6018247192191554,Welterweight,1987-07-14
danny silva,2026-03-21,danny silva,70.0,0.507,4.2207994726396505,0.3654382814105988,0.1338718522830793,0.2823475155290128,0.0309712083919781,0.3793262654368196,Featherweight,1997-01-30
dante rivera,2008-06-21,dante rivera,75.0,,,,,,,,Middleweight,
darian weeks,2022-09-10,darian weeks,72.0,0.493,4.589106973115229,0.5002076878193784,0.1349070708265933,0.3531788793103447,0.0082,0.6087605199088783,Welterweight,1993-11-23
darko stosic,2020-01-25,darko stosic,76.0,0.4989648417523179,2.812261158402055,0.4079041206282789,0.0711820047608609,0.2808414946258002,0.0116215110639073,0.7893919911814258,Light Heavyweight,1992-02-09
daron cruickshank,2016-01-17,daron cruickshank,72.0,0.5008876482644167,3.5204026059299447,0.4104208433522188,0.1063392663017561,0.3689912738652904,0.0115296724053626,0.6229107167033854,Lightweight,1985-06-11
darrel gholar,1999-01-08,darrel gholar,75.0,,,,,,,,Middleweight,
darrell horcher,2018-11-30,darrell horcher,70.0,0.4985528173097341,3.801934379980476,0.4899370604725212,0.1947147857084235,0.4499922664775768,0.0431630740757298,0.5550968309922449,Lightweight,1987-07-28
darrell montague,2015-07-12,darrell montague,67.0,0.493,2.518316059360045,0.4585310001909461,0.0851304319213601,0.4200140996616926,0.068297691455941,0.4158863055041299,Flyweight,1987-11-03
darren elkins,2025-04-12,darren elkins,71.0,0.5023716093125,3.3919158068533237,0.4874134562325136,0.1764917883364612,0.3909663815487646,0.0423815466598385,0.388303262851022,Featherweight,1984-05-16
darren stewart,2021-08-28,darren stewart,74.0,0.4958261450545927,4.038545722952006,0.5034669355501574,0.1813999330249224,0.3616641714800981,0.0123008207754834,0.794163117355904,Light Heavyweight,1990-12-30
darren till,2022-12-10,darren till,74.0,0.4987654809642785,2.685853463920249,0.4550402253609877,0.0526227317417681,0.3193796772622043,0.0095313549690709,0.6149195204361446,Middleweight,1992-12-24
darren uyenoyama,2013-12-14,darren uyenoyama,65.0,0.5012555976685151,1.97515562166314,0.3518642590989665,0.0740020466883509,0.4235118347377475,0.069163834913338,0.4996921931470465,Flyweight,1979-10-15
darrick minner,2022-11-05,darrick minner,69.0,0.4981617146200976,3.1773825019184536,0.5672631217922027,0.1342775161494826,0.3466893372250217,0.12361404303686,0.384357068073992,Featherweight,1990-04-28
darrill schoonover,2009-12-05,darrill schoonover,78.0,,,,,,,,Heavyweight,
darrius flowers,2026-04-04,darrius flowers,71.0,0.5025839803744173,4.062500788147392,0.4747998038116899,0.0942801174737258,0.359169039805338,0.0363508012543465,0.5534580099473595,Lightweight,1994-08-25
dashon johnson,2014-09-13,dashon johnson,71.0,0.500946613325145,3.742473176918608,0.4042835789885829,0.1261811898758123,0.3256029545158546,0.0231471803781322,0.3860378220023231,Featherweight,1988-01-25
dave galera,2014-01-04,dave galera,69.0,,,,,,,,Bantamweight,
dave herman,2013-07-06,dave herman,77.0,0.4994984481111184,3.401444715126512,0.511809709379177,0.0531557935355025,0.3952964186431963,0.0093621890393128,0.966647142300846,Heavyweight,1984-10-03
dave menne,2006-12-13,dave menne,74.0,0.4997377611196238,2.9804470095614657,0.441298785807205,0.1934326337559638,0.323398860648217,0.0134017239236461,0.6254476420444509,Welterweight,
dave strasser,2003-09-26,dave strasser,74.0,,,,,,,,Welterweight,
davey grant,2026-04-25,davey grant,69.0,0.5011574238733475,4.787240939534583,0.4733223556320811,0.0565588232909883,0.3531532444216622,0.0188236153714338,0.5833314009953853,Bantamweight,1985-12-18
davi ramos,2020-07-18,davi ramos,70.0,0.502318058197918,3.0615672276847854,0.4229536733289929,0.1400705786971328,0.3528828024645352,0.0508750288068679,0.7235823030080435,Lightweight,1986-11-05
david abbott,2003-11-21,david abbott,78.0,0.4993048813925377,6.444205192964755,0.4707473168140748,0.0390450348670895,0.3750489544850454,0.0075,0.9670260845426614,Heavyweight,
david baron,2008-10-18,david baron,72.0,,,,,,,,Lightweight,1973-02-15
david bielkheden,2009-04-18,david bielkheden,71.0,0.4993542046842832,2.802582414383261,0.3820251123217629,0.0639012824288665,0.3632530293558966,0.0460308626744894,0.6287473151852624,Lightweight,1979-06-06
david branch,2019-03-30,david branch,78.0,0.4994836947901116,2.8984723705807194,0.4756709167903253,0.1504118506041084,0.3649394387111546,0.0145707940642128,0.6257677420281081,Middleweight,1981-09-26
david dodd,2000-06-09,david dodd,75.0,0.507,3.0731,0.3503445860589611,0.0398,0.3586225095659058,0.1459,0.9533772495858964,Middleweight,
david dvorak,2023-06-10,david dvorak,68.0,0.4992282381921867,3.129469597567019,0.4248183049038582,0.0807828040562712,0.3512339010553094,0.0356753657496023,0.4633183279265613,Flyweight,1992-06-05
david heath,2008-02-02,david heath,72.0,0.5001470078597974,3.108887971374029,0.4627489191793362,0.1035807679961503,0.4173540460143592,0.0141769663447425,0.7921590597752526,Light Heavyweight,1976-02-10
david kaplan,2009-05-23,david kaplan,72.0,0.507,1.6858,0.3163650153469188,0.1656,0.4455348016443632,0.0973,0.4394664779222479,Lightweight,
david lee,2007-04-21,david lee,72.0,0.507,3.355,0.3776873113984175,0.1798,0.3649439297903462,0.1229,0.8461628629228862,Lightweight,
david loiseau,2010-06-12,david loiseau,76.0,0.4975550872810382,2.2418142947674635,0.5797478889864655,0.0505401934457041,0.4473730016622066,0.0170006417585163,0.6275651098751263,Middleweight,1979-12-17
david martinez,2026-02-28,david martinez,67.0,0.5009054303432607,5.0901533962099945,0.4573197203676813,0.0742335187154097,0.3573817941595411,0.0109445566887437,0.5778057467302347,Bantamweight,1998-08-03
david michaud,2015-04-25,david michaud,72.0,0.4994333458845557,3.738194573822983,0.5006905380304574,0.0736082611638045,0.3334060826980456,0.0116049943519499,0.6139808533269506,Lightweight,1988-11-10
david mitchell,2013-10-09,david mitchell,75.0,0.4965067230931976,2.949504317751638,0.456221495814674,0.0671845942518372,0.3664739271719931,0.021658917089934,0.5858977065479141,Welterweight,1979-10-24
david onama,2025-11-01,david onama,74.0,0.4945005181188072,3.1032400074022357,0.4836657945457261,0.0880695901849203,0.3667036867391737,0.0228059895936196,0.4565645786609036,Featherweight,1994-06-07
david roberts,1999-05-07,david roberts,72.0,,,,,,,,Lightweight,
david terrell,2006-04-15,david terrell,75.0,0.4994432448313773,3.164951662245397,0.516582929101596,0.1575158926002921,0.3520558002936857,0.0635775208920767,0.6215942751989526,Middleweight,
david teymur,2019-02-02,david teymur,73.0,0.4975574716962781,3.3656645733498336,0.4742090491055364,0.083336360737965,0.4143401605243376,0.0333148572919601,0.5314699760683873,Lightweight,1989-05-01
david velasquez,2000-03-10,david velasquez,72.0,0.5,3.4874,0.5650400920256744,0.1005,0.3186312483448708,0.0132,0.6327924829221979,Lightweight,
david zawada,2021-09-04,david zawada,75.0,0.498004969850196,3.961167600326344,0.4220736922741745,0.0780843462824722,0.3449523495216898,0.0118945300064363,0.6030169042873955,Welterweight,1990-08-01
dean barry,2022-04-23,dean barry,72.0,,,,,,,,Welterweight,1992-07-03
dean lister,2008-12-27,dean lister,75.0,0.4950761943343642,2.462527406178095,0.4329227336205933,0.0536682435301984,0.426642194584569,0.016186990863084,0.6304008861194644,Middleweight,1976-02-13
deiveson figueiredo,2026-05-30,deiveson figueiredo,68.0,0.4989437759885994,3.912903991820064,0.4310458936559644,0.0684815432955198,0.3603262805153791,0.011649434968134,0.5768593120320603,Bantamweight,1987-12-18
delson heleno,2012-06-23,delson heleno,75.0,,,,,,,,Middleweight,
demetrious johnson,2018-08-04,demetrious johnson,66.0,0.5065630950576927,3.556519122196475,0.347615735890559,0.1871625353892931,0.3618281409312349,0.0545343569964095,0.4748083933706667,Flyweight,1986-08-13
demian maia,2021-06-12,demian maia,72.0,0.5016617146206053,2.714656954357282,0.4246942916193181,0.1436039012702562,0.3681562742703971,0.0511838830715517,0.6519703332276474,Welterweight,1977-11-06
denis kang,2009-11-14,denis kang,77.0,0.4970304305658369,2.914745844905392,0.4241350495576012,0.1319592276748598,0.3969808416503233,0.0456564898021745,0.6947075037573648,Middleweight,1977-09-17
denis stojnic,2009-06-13,denis stojnic,78.0,0.507,4.6581,0.4547473789234368,0.0647,0.3885077186963979,0.0124,0.9519614829544948,Heavyweight,1980-02-02
denis tiuliulin,2024-08-03,denis tiuliulin,77.0,0.5001454572824954,2.941054667406706,0.4348093849109287,0.113532977466017,0.351331242436447,0.0491348417579999,0.6251043534869801,Middleweight,1988-05-17
dennis bermudez,2019-01-19,dennis bermudez,66.0,0.4980270898687579,4.199548192194445,0.409567093010973,0.1705574092362913,0.3227465268050979,0.0352117259283665,0.3880654886172,Lightweight,1986-12-13
dennis buzukja,2026-08-01,dennis buzukja,70.0,0.495389667655878,4.1843581312439655,0.4704526766027878,0.0642291897351028,0.3704911347483127,0.022431309704308,0.4375944197198428,Featherweight,1997-10-01
dennis hallman,2011-12-10,dennis hallman,72.0,0.4929999999999999,2.4437019059437093,0.5303095889282591,0.058919705191228,0.3649439297903462,0.0113130070117699,0.6327924829221979,Lightweight,1975-12-02
dennis siver,2017-06-25,dennis siver,70.0,0.5043467610780543,5.248802226633609,0.3634786791218067,0.08924313178108,0.3627370976540175,0.0150794847103531,0.4905100727450546,Featherweight,1979-01-13
denys bondar,2024-02-24,denys bondar,69.0,0.5010611308089387,3.511839938567949,0.4512125605628798,0.1907703718833056,0.3556407445336741,0.0747402655150368,0.5056504526823317,Flyweight,1992-06-27
denzel freeman,2026-01-24,denzel freeman,78.0,0.493,3.6333,0.514197100896713,0.0645,0.3885077186963979,0.0124,0.979369042602738,Heavyweight,
dequan townsend,2020-10-03,dequan townsend,79.0,0.493,2.048052045700639,0.5851926283142719,0.0340352925199015,0.414360827385396,0.0089708661661141,0.7408547497212857,Middleweight,1986-05-11
derek brunson,2023-03-04,derek brunson,77.0,0.5024210314268854,3.76619617431961,0.4818346537338133,0.161460085646846,0.3555479495967144,0.0348718396399948,0.6223059984805573,Middleweight,1984-01-04
derek downey,2009-02-07,derek downey,75.0,,,,,,,,Middleweight,
deron winn,2022-06-18,deron winn,70.0,0.4972141871380092,3.369431291517193,0.5518477918807034,0.0519598226880251,0.359699670451156,0.0149966447441217,0.6286271109328451,Middleweight,1989-06-13
derrick krantz,2019-08-31,derrick krantz,72.0,0.4984432449131591,4.426333207302167,0.4970854009038802,0.0857594671528149,0.3531788793103448,0.013113587433408,0.6021877308574531,Welterweight,1988-01-13
derrick lewis,2026-06-14,derrick lewis,79.0,0.493,5.045257263274084,0.5806478131547299,0.0748151061019269,0.3831096680567604,0.0083817981065183,0.979369042602738,Heavyweight,1985-02-07
derrick noble,2006-04-15,derrick noble,74.0,0.4998439372800281,2.6707439759530804,0.4676024838987705,0.0806256124892012,0.49114806023362,0.1954366495816536,0.5255805494591623,Welterweight,
desmond green,2019-05-18,desmond green,73.0,0.5002803927458412,3.691557495164664,0.3649652688002444,0.0965365513122629,0.3229427078822433,0.0129515912871331,0.6236714956920628,Lightweight,1989-10-11
devin clark,2024-02-10,devin clark,75.0,0.499393174878853,3.171166980940976,0.5395903575533927,0.113306915793623,0.3625698545845244,0.0108844704518594,0.8049635195900554,Light Heavyweight,1990-04-12
devin powell,2018-11-17,devin powell,73.0,0.4991570101141578,3.3293088427573374,0.4594410263552157,0.055825983882429,0.4019534931638502,0.0425961494988901,0.5705754067328128,Lightweight,1988-03-01
devonte smith,2022-03-05,devonte smith,76.0,0.5001980746502686,3.953881584637352,0.4473914474167433,0.0793653266978156,0.3754352755297619,0.0334343689750842,0.6752832763414037,Lightweight,1993-07-30
dhiego lima,2021-06-19,dhiego lima,75.0,0.5017044287492377,3.4495766909712926,0.5517571447223655,0.0885574165782585,0.3515181696880117,0.054538860650223,0.562853399700559,Welterweight,1989-01-31
diego brandao,2016-01-02,diego brandao,64.0,0.5026593568344052,3.651507081402756,0.4372433487473566,0.1488292695702838,0.3465982043674488,0.0462165176572715,0.3868867948360531,Featherweight,1987-05-27
diego ferreira,2025-09-13,diego ferreira,74.0,0.4983353138901019,4.2795883486710204,0.4298434716555731,0.0801611126627636,0.3677069340426656,0.0274740414315914,0.5541616126405986,Lightweight,1985-01-18
diego lopes,2026-06-14,diego lopes,72.0,0.5016749916676244,4.242875235593428,0.50142975556975,0.0940459227975471,0.3379035097150846,0.0561685643416661,0.4289842115156104,Featherweight,1994-12-30
diego nunes,2013-01-19,diego nunes,67.0,0.501531217082211,3.5030781864170457,0.3826727307712224,0.0848528914637953,0.2876196701594448,0.0128,0.3855795584167497,Featherweight,1982-11-30
diego rivas,2018-05-19,diego rivas,69.0,0.4999381192154419,2.430778038991416,0.4782945013353235,0.1041360825102752,0.3624310663395518,0.0583390899911292,0.4801996164252869,Bantamweight,1991-11-11
diego sanchez,2020-09-26,diego sanchez,72.0,0.5009402946393163,3.0973341503948038,0.4971015993737275,0.0995921780684341,0.4155916577731814,0.0175499897560158,0.5862466402926138,Welterweight,1981-12-31
diego saraiva,2007-09-22,diego saraiva,72.0,0.507,2.4644,0.2854023844270348,0.115,0.3649439297903462,0.1422,0.7252824539339026,Lightweight,1982-04-23
dileno lopes,2016-07-07,dileno lopes,69.0,0.5023400806810345,3.668717058375582,0.3837420957306313,0.0759933396975832,0.3216158130821416,0.1170778895318166,0.5817338038425903,Bantamweight,1984-09-26
din thomas,2008-04-02,din thomas,72.0,0.5015583939884272,3.458058075346385,0.423416398268665,0.1976106238657709,0.3416595431752323,0.0664830373693811,0.6444315488685193,Lightweight,1976-09-28
ding meng,2026-05-30,ding meng,73.0,,,,,,,,Welterweight,1994-09-27
diyar nurgozhay,2026-03-07,diyar nurgozhay,74.0,0.507,3.8025,0.2739327838300959,0.025,0.333006616025484,0.0048,0.9519614829544948,Light Heavyweight,1997-04-22
djorden santos,2026-05-09,djorden santos,75.0,0.4929999999999999,3.7353762936323207,0.5645158159174987,0.0429019068543873,0.3185982641225185,0.0123788080538676,0.6339365954150863,Middleweight,1997-08-01
dmitrii smoliakov,2019-04-27,dmitrii smoliakov,74.0,0.507,2.6804,0.4593646832369036,0.1019,0.3885077186963979,0.0718,0.940208872053822,Heavyweight,1982-08-05
dmitry sosnovskiy,2018-03-17,dmitry sosnovskiy,77.0,0.497001531867671,3.618557696712112,0.439823958980641,0.115783201801975,0.3799658175029926,0.0359876470980578,0.9753041426148118,Heavyweight,1989-07-06
dokonjonosuke mishima,2007-04-05,dokonjonosuke mishima,72.0,0.4987499203112053,2.9779233098144213,0.5038996988081491,0.1295211467141328,0.3617186919617161,0.0229308256134785,0.5907035478378664,Lightweight,
dom mar fan,2026-05-02,dom mar fan,75.0,0.507,5.5554,0.4998856748031634,0.0787,0.207986625412179,0.0103,0.6152530690911471,Lightweight,2000-03-19
domingo pilarte,2021-08-21,domingo pilarte,73.0,0.4996300070789105,4.357526387299172,0.3941339719366878,0.1331485831441835,0.33972074394342,0.0461108469733044,0.4765001517383364,Bantamweight,1990-01-05
dominic waters,2016-05-08,dominic waters,79.0,0.5000607485044293,2.996761369316442,0.4937467429133746,0.14803285279495,0.3195042004200478,0.0206505766660016,0.5800928852759404,Welterweight,1989-04-11
dominick cruz,2022-08-13,dominick cruz,68.0,0.4964206121454842,4.893102250870979,0.5265285816366766,0.0873796084087868,0.3773759889914428,0.0129792148410832,0.5758557512396307,Bantamweight,1985-03-09
dominick reyes,2026-04-11,dominick reyes,77.0,0.5012930117631459,4.503532389776002,0.4640066365310499,0.0629582547601529,0.3337195798902968,0.0187276578310974,0.7854125835158544,Light Heavyweight,1989-12-26
dominique steele,2017-06-10,dominique steele,74.0,0.499735330196178,3.841160907453124,0.4085388097391621,0.0607303966767062,0.2844996265134176,0.0246559403201246,0.5738249306323112,Welterweight,1988-01-27
don madge,2019-09-07,don madge,72.0,0.507,3.7612,0.39553151090582,0.0612,0.4455348016443632,0.0935,0.5127108909092892,Lightweight,1990-11-12
don shainis,2023-02-11,don shainis,67.0,0.4960902422090998,3.563464621943849,0.4714995898224815,0.0954497247105049,0.3401668619957564,0.0157468241118838,0.3898446706816469,Featherweight,1990-09-16
don tale mayes,2025-05-03,don'tale mayes,81.0,0.5024204106470518,3.989059906213322,0.5738853670695995,0.0354009162371908,0.3875203528766215,0.0068092679094573,0.9609268664084512,Heavyweight,1992-01-16
donald cerrone,2022-07-02,donald cerrone,73.0,0.4991891616023495,3.4408999424173814,0.4639693439038741,0.1020709958369807,0.392464495361377,0.0253476734828784,0.6511653830598144,Welterweight,1983-03-29
dong hyun kim,2017-06-17,dong hyun kim,76.0,0.5046228318649012,2.916766700648977,0.4438077935128044,0.1315758150376523,0.3305221422362666,0.0265777385884563,0.6038442973641465,Welterweight,1981-11-17
dong hyun ma,2019-12-21,dong hyun ma,70.0,0.4983489984789414,3.2340644422641383,0.4689417884664364,0.0916061961152393,0.3802409167689876,0.0151706588374023,0.6244052278354192,Lightweight,1988-09-09
donghun choi,2024-11-23,donghun choi,66.0,,,,,,,,Road to 3 Flyweight Tournament TitleBout,1999-01-02
dongi yang,2015-11-28,dongi yang,73.0,0.4960391701903128,3.435928448200728,0.339621022490312,0.0968762689023065,0.3840302185556959,0.0342080289945746,0.6268443974097175,Middleweight,1984-12-07
donny walker,2011-09-17,donny walker,69.0,0.507,3.7321,0.4285616700884745,0.1486,0.3563661873027008,0.0205,0.5751461021194715,Bantamweight,
donte johnson,2026-03-07,donte johnson,74.0,0.507,2.6247,0.3890951819938518,0.259,0.2880592513485318,0.0841,0.6334844162262785,Middleweight,1999-01-25
dooho choi,2026-05-16,dooho choi,70.0,0.5040810779786268,4.070208922766368,0.3900046375942193,0.1476326771902332,0.4104247933030048,0.0709676466521587,0.380382343022362,Featherweight,1991-04-10
dorian price,2007-12-08,dorian price,74.0,,,,,,,,Welterweight,
doug evans,2007-12-29,doug evans,72.0,0.507,4.6276,0.2526477143497258,0.0627,0.2113479997439042,0.0184,0.6152530690911471,Lightweight,1980-10-10
douglas silva de andrade,2026-02-28,douglas silva de andrade,68.0,0.4997564843077914,3.5116759909765447,0.4602045512061589,0.0560812555490493,0.3129085399992165,0.0263947730153306,0.6004020273062318,Featherweight,1985-06-22
drakkar klose,2025-08-16,drakkar klose,70.0,0.500135031410299,5.115672866211095,0.4520859005490947,0.0975562122522894,0.3844067479753863,0.0227143541592959,0.444801799518321,Lightweight,1988-03-09
drako rodriguez,2021-08-07,drako rodriguez,69.0,0.5038018817613465,4.111626478201055,0.3691333360788622,0.0655025987701105,0.3593874235171707,0.0127544544236279,0.5147162098169605,Bantamweight,1996-06-16
drew dober,2026-03-07,drew dober,70.0,0.5001214615990025,4.263040604721219,0.4865780741010596,0.0631156742160546,0.3560646863740445,0.0166309652082313,0.6244421081695073,Lightweight,1988-10-19
drew fickett,2007-04-05,drew fickett,70.0,0.4998263975867871,2.754605593706005,0.4677940681627672,0.0974532237458746,0.442218700700177,0.0870666887178777,0.6403845135631978,Welterweight,
drew mcfedries,2009-09-19,drew mcfedries,72.0,0.4961409746317224,3.1760963958597475,0.4721040365308662,0.0596704880530394,0.4772917797899268,0.0278860304005883,0.7917801779322493,Middleweight,1978-07-27
dricus du plessis,2026-07-18,dricus du plessis,76.0,0.5043044355262774,4.399549139535916,0.5037711813573617,0.1217553942984536,0.4081643543788477,0.0406796354533673,0.6189967689378857,Middleweight,1994-01-14
duane ludwig,2012-09-29,duane ludwig,70.0,0.5005567551686226,4.257746084544253,0.4466290584185974,0.1315558192597995,0.3531788793103447,0.0167722018498631,0.5996356397263702,Welterweight,1978-08-04
dusko todorovic,2026-08-01,dusko todorovic,74.0,0.4984855849492546,3.5087062405783183,0.482478487193294,0.1402370311272176,0.3821371684968211,0.0414561507775299,0.6292064219550317,Middleweight,1994-05-19
dustin hazelett,2010-12-11,dustin hazelett,76.0,0.4987773764458854,2.6277983378636875,0.4035531783118078,0.0680462347252958,0.412673831834649,0.0572744078849499,0.5771478874989571,Lightweight,1986-04-29
dustin jacoby,2026-07-25,dustin jacoby,76.0,0.5028001011278024,4.642636189673217,0.4463537961282507,0.0570886730584513,0.3604618979541693,0.0128969209256641,0.7831794609885764,Light Heavyweight,1988-04-04
dustin kimura,2014-12-13,dustin kimura,71.0,0.5007227772577333,3.276706239763292,0.4040387846659377,0.1156413846879217,0.3761395875487516,0.033230969849142,0.5200566497950854,Bantamweight,1989-05-21
dustin neace,2011-12-03,dustin neace,69.0,,,,,,,,Featherweight,
dustin ortiz,2019-01-19,dustin ortiz,65.0,0.4963454742751418,3.273927953439366,0.3830221783388945,0.1126272315386965,0.3651367233573662,0.0193749664100788,0.4501440648303456,Flyweight,1988-12-25
dustin pague,2013-10-19,dustin pague,74.0,0.4956237367693764,2.708821367639421,0.5448837256449871,0.085560896685926,0.386471228855575,0.1216441573963641,0.5778998798993253,Bantamweight,1987-08-05
dustin poirier,2025-07-19,dustin poirier,72.0,0.4980828154216368,4.668953485981176,0.4931918434045428,0.0620707124533389,0.3657219174522086,0.0118441565929946,0.4319574284652899,Lightweight,1989-01-19
dustin stoltzfus,2025-09-13,dustin stoltzfus,75.0,0.501343329222806,3.94528813054452,0.4272615397317105,0.0969261871067419,0.3567341148517496,0.0420079592518472,0.6225325996962321,Middleweight,1991-11-15
dwight grant,2022-07-16,dwight grant,76.0,0.4977454735179015,3.6230999947175433,0.4377339973622031,0.0732349937831348,0.3694390466292346,0.0107684504621255,0.6030302988955105,Middleweight,1984-09-14
dylan andrews,2015-05-09,dylan andrews,74.0,0.4988559304833335,2.96871662811332,0.5135026576126086,0.1707109032204358,0.3880949854822325,0.0159468076812107,0.6265586667631018,Middleweight,1979-11-15
dylan budka,2025-02-15,dylan budka,75.0,0.5007975788152425,3.5628713246440813,0.5045845601629753,0.125363914250452,0.3608039408194337,0.0735917020635828,0.6213463839783003,Middleweight,2000-01-14
ebenezer fontes braga,1998-10-16,ebenezer fontes braga,75.0,,,,,,,,Middleweight,
ed herman,2023-04-15,ed herman,77.0,0.4973774149823339,3.1015105746264964,0.3564226273382906,0.0716608590569739,0.3269794598947081,0.0135841378132515,0.6209769686900602,Light Heavyweight,1980-10-02
eddie alvarez,2018-07-28,eddie alvarez,69.0,0.5024357169527137,4.798332479826059,0.446571184272228,0.1213821531196664,0.3373538134853933,0.0131593486710004,0.6226107276041488,Lightweight,1984-01-11
eddie gordon,2015-06-27,eddie gordon,76.0,0.5006720931039672,3.158401305828788,0.3792176922663337,0.1240796023712332,0.4594912332491494,0.0065536212809067,0.8681827654481634,Middleweight,1983-07-22
eddie mendez,2013-06-08,eddie mendez,75.0,0.507,3.906,0.3984737289768307,0.1189,0.1880546510885526,0.0092,0.6162978953960615,Middleweight,1984-01-16
eddie ruiz,2003-06-06,eddie ruiz,72.0,0.4990689686436479,2.471190994601124,0.5184750982691992,0.1327324891786241,0.3819812557012855,0.0495326815878645,0.5530623979677813,Lightweight,
eddie sanchez,2008-12-10,eddie sanchez,74.0,0.5014943691014283,3.1103472511125605,0.4321132460171758,0.1059392027236097,0.4129698707710729,0.086706683151458,0.9659852676696672,Heavyweight,1982-11-04
eddie wineland,2022-06-18,eddie wineland,69.0,0.497131053668252,3.78928625165192,0.4764331554611653,0.075615948339594,0.3215704867450861,0.017227762536157,0.5868911626948197,Bantamweight,1984-06-26
eddie yagin,2012-04-21,eddie yagin,71.0,0.5019408146852027,4.142956968557584,0.4251781624542074,0.116779659467347,0.3740789934314944,0.033380864772415,0.4082592851231499,Featherweight,
edgar chairez,2026-06-06,edgar chairez,71.0,0.5021088465106673,4.454150987132043,0.5008301222475626,0.0849258479406206,0.3270553904977965,0.0345307318574698,0.5213698881828673,Flyweight,1996-01-27
edgar garcia,2016-01-02,edgar garcia,71.0,0.507,3.865407702267677,0.4122442547567275,0.1815619361372657,0.3463741395674577,0.0097786066532861,0.6020093335797229,Welterweight,1984-02-22
edilberto de oliveira,2007-09-19,edilberto de oliveira,74.0,0.4992497734345955,2.164454899523917,0.4631894455001623,0.1829303044210931,0.3883668062027955,0.0366659990251178,0.5444047292898165,Welterweight,
edimilson souza,2015-11-07,edimilson souza,74.0,0.507,4.471459326748908,0.4203313332463986,0.0609534512390207,0.3635948548939061,0.0217210425421346,0.3812926477728517,Featherweight,1984-10-17
edmen shahbazyan,2026-06-06,edmen shahbazyan,75.0,0.4965603298616985,3.4726188808586778,0.5281624367500841,0.0874733187135922,0.3884727649789639,0.0199165242122957,0.638686110568902,Middleweight,1997-11-20
ednaldo oliveira,2013-08-03,ednaldo oliveira,76.0,0.493,2.5915,0.4164061013686673,0.0507,0.4758637588826268,0.0097,0.979369042602738,Light Heavyweight,1984-02-19
edson barboza,2025-12-06,edson barboza,75.0,0.4983793496425024,4.228607706347862,0.4976334839958213,0.0526068940510151,0.3701473698266214,0.0149274740064867,0.4840342133877442,Lightweight,1986-01-21
eduarda moura,2026-02-07,eduarda moura,67.0,,,,,,,,Catch Weight,1994-02-28
eduardo garagorri,2020-11-07,eduardo garagorri,70.0,0.5009932211173558,4.205121327234469,0.4026407571051361,0.0849243692494743,0.3339418138706965,0.0436465566133327,0.3862317274775052,Featherweight,1989-05-28
edward faaloloto,2011-11-05,edward faaloloto,70.0,0.4982113629310639,2.897310291197233,0.4193802849355362,0.1539945878167364,0.3622977257216818,0.0252722508445455,0.6708111664445188,Lightweight,1984-07-15
edwin dewees,2006-11-11,edwin dewees,75.0,0.5015939404490664,2.8815808336540965,0.5071952427101358,0.1158887498892077,0.3485777049844096,0.0749451070713399,0.623663594390313,Middleweight,
edwin figueroa,2013-11-16,edwin figueroa,69.0,0.4974566066333765,3.2175497314882806,0.5146974149901435,0.0895866566977863,0.3755936166339371,0.0669142867118907,0.5812539130110187,Bantamweight,1984-07-31
efrain escudero,2016-04-23,efrain escudero,71.0,0.4991814761262768,3.27553388538556,0.3880286409805464,0.0897032369130582,0.3663669549917779,0.0510316131962662,0.6408695243510886,Lightweight,1986-01-15
eiji mitsuoka,2012-08-11,eiji mitsuoka,71.0,0.4988377477400383,3.460691728904261,0.4775332072432014,0.175543377169394,0.3514965993994758,0.0645191332515513,0.5390015438765834,Featherweight,1976-01-01
elias garcia,2018-12-01,elias garcia,67.0,0.493,2.9424,0.5376781875338603,0.0672,0.4415622161671208,0.0226,0.4486525215215587,Flyweight,1992-09-13
elias silverio,2015-08-23,elias silverio,73.0,0.507,6.3839,0.4494301279663681,0.0805,0.3297033793274395,0.0187,0.8218486919391967,Lightweight,1986-09-22
elias theodorou,2019-05-04,elias theodorou,75.0,0.4996537272221269,3.2071452590828518,0.4313389704659959,0.0620473636561831,0.2994048797831131,0.0179196341755509,0.6255535169522638,Middleweight,1988-05-31
elijah smith,2026-03-14,elijah smith,71.0,0.5070000000000001,4.367434235867555,0.4423212114425288,0.1104582203105776,0.4248050212499425,0.0357917949055963,0.5718899074698709,Bantamweight,2002-09-05
eliot marshall,2011-10-29,eliot marshall,77.0,0.5003128519632917,3.2316039109219736,0.5199683984917262,0.1201457868145509,0.3946123211188824,0.0168980157558701,0.8326487991556707,Light Heavyweight,1980-07-07
elisha ellison,2026-07-11,elisha ellison,78.0,,,,,,,,Heavyweight,1997-03-05
elizeu zaleski dos santos,2025-08-02,elizeu zaleski dos santos,73.0,0.5002857456507447,3.4569458457790923,0.4584680949656402,0.1026979749913784,0.3149130738544323,0.0211940521222438,0.6318499620114852,Welterweight,
elves brener,2025-08-02,elves brener,72.0,0.5002448157002154,3.859282425380887,0.5038002749996013,0.0924897528920282,0.3408269110339563,0.0125347681283476,0.6638439023894123,Lightweight,1997-09-27
elvis mutapcic,2016-12-03,elvis mutapcic,72.0,0.4967304778314576,3.487438457824241,0.6251345226909395,0.0319,0.2802099952410027,0.0086395104853927,0.7110239253861672,Middleweight,1986-07-19
elvis sinosic,2007-04-21,elvis sinosic,77.0,0.4929999999999999,2.379179940192933,0.5816044916097425,0.1834630870550368,0.423443640900417,0.1008501968585019,0.7883644508189953,Light Heavyweight,
emil meek,2020-02-22,emil meek,74.0,0.4973999260983429,2.701096502820247,0.4495201827431235,0.0591038464879401,0.3601192398501839,0.0369895080520519,0.6248631353128554,Welterweight,1988-08-20
emily ducote,2023-05-20,emily ducote,63.0,,,,,,,,Women's Strawweight,1994-01-01
enrique barzola,2020-03-14,enrique barzola,70.0,0.4973846081850219,2.781819870335227,0.4310163979479782,0.1040096263635643,0.3310124006403298,0.029491549935153,0.5618426452420019,Bantamweight,1989-04-28
enrique marin,2016-07-09,enrique marin,72.0,0.4979192081787889,3.068043180280961,0.5279475065422491,0.134061996068608,0.4113339977332692,0.040108597180523,0.7011350996806804,Lightweight,1986-09-02
eric mcconico,2026-04-25,eric mcconico,77.0,0.4999024539969918,3.898297412494529,0.5009192396324732,0.0610228150397059,0.2624268428519539,0.0339235528244524,0.6232832308716835,Middleweight,1990-05-09
eric nolan,2026-06-27,eric nolan,74.0,,,,,,,,Welterweight,1997-09-13
eric schafer,2012-01-20,eric schafer,76.0,0.5005920830044845,3.343508287022848,0.4298859325637649,0.1231725475558511,0.370188543358717,0.0453280478151721,0.6228482745343581,Middleweight,1977-09-20
eric shelton,2019-03-23,eric shelton,68.0,0.4995248501771875,2.8258973237258616,0.3407128707321651,0.2018975080793042,0.4320590835051759,0.0223681724927135,0.4372831143998168,Flyweight,1991-02-02
eric spicely,2019-06-22,eric spicely,73.0,0.4981004413631238,2.913503220117392,0.4496603073041794,0.1224689102103598,0.3699441453724665,0.068145995397844,0.6317502019175669,Middleweight,1986-09-29
eric wisely,2012-04-14,eric wisely,71.0,0.507,3.46623806053134,0.3299536609082235,0.2300355723973255,0.4143937802603786,0.0825398013652586,0.3739220161155658,Featherweight,1984-07-25
erick gonzalez,2023-02-25,erick gonzalez,75.0,0.4929999999999999,3.4832581737352304,0.5295914271756605,0.1036810111640739,0.4239250046308082,0.020860323137014,0.6327924829221978,Lightweight,1992-01-20
erick montano,2016-11-05,erick montano,73.0,0.4990071090705025,3.008963916439988,0.3729352259295019,0.1341847154984197,0.3471529038112522,0.0094560257174924,0.6015068575513638,Welterweight,1985-11-19
erick silva,2017-12-16,erick silva,74.0,0.5032096765136858,3.3656799074605046,0.5144686355496251,0.1072928965626633,0.3755552095500011,0.0358017436221011,0.5494969014686478,Welterweight,1984-06-21
erik koch,2019-07-27,erik koch,71.0,0.4970777179235324,3.0098713800500487,0.5018341839444025,0.0787214615359455,0.3016684158917936,0.0375455864507664,0.6226896472447991,Welterweight,1988-10-04
erik perez,2016-11-05,erik perez,68.0,0.5039071739818574,3.48513228094911,0.3432035590205547,0.1374079053680239,0.3486166818956471,0.0191022665499719,0.5799470791302164,Bantamweight,1989-11-19
erik silva,2026-02-28,erik silva,71.0,0.4929999999999999,3.0518445854542837,0.4956159151252638,0.1271050986524599,0.3980811860885369,0.0257225582061728,0.3922670729633906,Featherweight,1987-03-16
ernest chavez,2014-10-04,ernest chavez,70.0,0.493,2.5014,0.3804522540419855,0.0359,0.4281466117324803,0.0128,0.3922670729633906,Featherweight,1983-06-27
ernesta kareckaite,2026-02-28,ernesta kareckaite,71.0,,,,,,,,Catch Weight,
eryk anders,2026-03-14,eryk anders,75.0,0.501563703905954,4.202185400107296,0.4423012692507354,0.0779345891410521,0.3446790220841943,0.011900989406515,0.6229192124063735,Middleweight,1987-04-21
esteban ribovics,2026-04-11,esteban ribovics,69.0,0.4985290758129395,3.0526589602609344,0.4976824168240644,0.0558426925814556,0.3958680285350047,0.0238591133549935,0.6671987740304847,Lightweight,1996-04-27
estevan payan,2014-04-19,estevan payan,71.0,0.4929999999999999,2.977592634861064,0.5095246531791459,0.0714033930732842,0.5066080432439539,0.034193073567722,0.3900940825068082,Featherweight,1982-03-14
ethyn ewing,2026-04-04,ethyn ewing,69.0,0.507,5.0232,0.5176778266651637,0.1664,0.254506918938699,0.0128,0.3812926477728517,Bantamweight,1998-02-16
eugene jackson,2002-07-13,eugene jackson,75.0,0.4953522574540492,2.585227905042729,0.4833968102400893,0.1176376212857217,0.4127126641037716,0.1053219080454704,0.6224144454774622,Middleweight,
evan dunham,2020-06-06,evan dunham,70.0,0.499111523796758,4.338774040727338,0.4502296861196568,0.109622936932874,0.3263215756992643,0.0319529858631575,0.5963144910346992,Catch Weight,1981-12-18
evan elder,2025-04-26,evan elder,72.0,0.5015810611321581,4.748606748614943,0.4315708968466967,0.0632824008352989,0.4126980554708579,0.0467619259782085,0.6680943418203443,Lightweight,1997-04-11
evan tanner,2008-06-21,evan tanner,74.0,0.4997920693325379,3.65424743282809,0.4863900064384424,0.1283146731394573,0.3719322052999746,0.0471531840343405,0.6213350536197734,Middleweight,1971-02-11
ezra elliott,2026-07-18,ezra elliott,72.0,,,,,,,,Featherweight,
fabiano iha,2001-09-28,fabiano iha,72.0,0.507,3.2498,0.3936436828136443,0.0757,0.4455348016443632,0.0222,0.6152530690911471,Lightweight,
fabiano scherner,2006-05-27,fabiano scherner,78.0,0.493,2.0952,0.4251722930294805,0.0254,0.3172425059217512,0.0049,0.979369042602738,Heavyweight,
fabio cherant,2022-02-12,fabio cherant,74.0,0.507,6.7994,0.6311007623495702,0.045,0.3654336734693877,0.0113,0.7764768384714905,Light Heavyweight,1994-11-25
fabio maldonado,2015-11-07,fabio maldonado,75.0,0.5000807264928759,4.633645202014169,0.4984918095430187,0.0571904451434188,0.4091904675560346,0.0222925129178003,0.8168583823815329,Light Heavyweight,1980-03-17
fabricio camoes,2014-10-25,fabricio camoes,71.0,0.4963693848836571,2.745129725980146,0.3825678639223888,0.1076606706202029,0.4486954056319288,0.0524192883729421,0.6389532937623588,Lightweight,1978-12-23
fabricio werdum,2020-07-25,fabricio werdum,77.0,0.4994353440485601,4.033430387521035,0.4838866204155209,0.1041001918497396,0.4102024614513306,0.0353038051231597,0.965144366797274,Heavyweight,1977-07-30
falaniko vitale,2003-11-21,falaniko vitale,75.0,0.4972754464201616,2.6360542582230027,0.4748727314600649,0.0669447300245519,0.3798227867616494,0.0352904731887796,0.6425828025052736,Middleweight,
fares ziam,2026-06-06,fares ziam,75.0,0.5057957849460917,3.2751103714816026,0.3976786610043261,0.1379649076154157,0.3114632118211485,0.0490302479713905,0.5499492761427514,Lightweight,1997-03-21
farid basharat,2026-07-11,farid basharat,71.0,0.5069999999999999,3.709582576052065,0.3980459031353959,0.1688783892233392,0.4066202167550152,0.0269073116718508,0.5436489613860348,Bantamweight,1997-08-02
farman hasanov,2026-06-27,farman hasanov,74.0,,,,,,,,Welterweight,1995-08-01
felipe arantes,2018-06-23,felipe arantes,73.0,0.4988969636234761,2.936438558135424,0.396706767706792,0.0668962874853679,0.4216284010683964,0.0565015076827219,0.4718676444758537,Bantamweight,1988-02-09
felipe bunes,2026-02-28,felipe bunes,69.0,0.4994164959316799,3.7853878574641313,0.4615034538130383,0.149805400007733,0.3860535077035411,0.0311577885437117,0.5004966064656482,Flyweight,1989-10-29
felipe colares,2022-05-21,felipe colares,69.0,0.5005933833855578,3.892821995306944,0.4504091690274978,0.0660761990879924,0.3012095851437903,0.0579032245429224,0.3824346933097892,Featherweight,1994-03-31
felipe dos santos,2025-03-22,felipe dos santos,70.0,0.493,3.2668,0.4065940471151897,0.0438,0.3302452316076295,0.0582,0.4166223836616267,Flyweight,2000-09-11
felipe franco,2026-07-18,felipe franco,76.0,0.493,2.9938761899087805,0.6705410855300041,0.037444738374465,0.4251178097347248,0.0071600064228593,0.979369042602738,Light Heavyweight,2001-01-22
felipe lima,2025-06-28,felipe lima,68.0,0.4973167004091212,3.608602220265009,0.5796340918253954,0.1856226884282751,0.3710710041988682,0.0445581658937597,0.5823449044531902,Bantamweight,1998-05-07
felipe olivieri,2016-01-30,felipe olivieri,72.0,0.5033811083867854,2.8647403595170657,0.4032539553355614,0.0999964178080141,0.3166468689119602,0.0576803012591819,0.7240405493603488,Lightweight,
felipe silva,2018-05-19,felipe silva,77.0,0.507,5.6831,0.4305705085058147,0.0543,0.2725787451054023,0.0159,0.6152530690911471,Lightweight,1984-05-08
fernando bruno,2016-07-08,fernando bruno,71.0,0.5026861673125863,3.5721129326145147,0.367310878592426,0.0726027839405872,0.3428798570318243,0.0190249728145874,0.6087156064606213,Featherweight,1982-02-24
fernando padilla,2024-12-14,fernando padilla,76.0,0.4946813444182598,4.161860517832363,0.4709536054148269,0.0624542973549278,0.401229059262862,0.0253238479157469,0.417296780440026,Featherweight,1996-12-15
fernie garcia,2024-02-10,fernie garcia,67.0,0.493,2.286488352735338,0.5119957812591883,0.0479773108044145,0.4829816724302047,0.0426777804964814,0.5864365488165736,Featherweight,1992-04-12
filip pejic,2016-04-10,filip pejic,69.0,,,,,,,,Bantamweight,1992-07-21
flavio luiz moura,1999-07-16,flavio luiz moura,75.0,,,,,,,,Middleweight,
floyd sword,2007-06-23,floyd sword,75.0,0.4995125980129323,3.322909205235962,0.4695743332019763,0.0319,0.2792002042016509,0.0557288552053489,0.6174620964696772,Middleweight,
forrest griffin,2012-07-07,forrest griffin,77.0,0.5006791685048616,3.749024637603078,0.4279502679300286,0.0908970428654891,0.3754534173040189,0.0277515920147966,0.7847011228613745,Light Heavyweight,1979-03-16
forrest petz,2010-09-15,forrest petz,71.0,0.5023828255634711,2.876381812559585,0.3322367030577082,0.1407608145863784,0.3757818904441145,0.0941885713733623,0.7217611393727542,Welterweight,1975-09-22
francimar barroso,2018-01-20,francimar barroso,75.0,0.5012860466254621,4.831807950246584,0.4493935852660157,0.0775069660662252,0.352611278282503,0.0153729686025308,0.7845378830648346,Light Heavyweight,1980-02-28
francis carmont,2014-08-23,francis carmont,78.0,0.5020303035878121,2.490210035506366,0.4311971049041333,0.1083435305180627,0.3593883885551768,0.0423441763127979,0.6227165381198844,Middleweight,1981-10-11
francis marshall,2026-04-25,francis marshall,72.0,0.5008597796640607,3.09540111337799,0.4817605608023905,0.1327990554978139,0.3574333332934712,0.0562296972103696,0.4315261435734508,Lightweight,1999-03-03
francis ngannou,2022-01-22,francis ngannou,83.0,0.505075673567976,3.863514520209543,0.5401684815096773,0.0659749508159902,0.3674710288391047,0.0162688606823452,0.9555307443908584,Heavyweight,1986-09-05
francisco figueiredo,2022-08-20,francisco figueiredo,68.0,0.4929999999999999,3.170215715731545,0.4151390500357076,0.0756902116005546,0.4399611530415257,0.016894314770096,0.5138289719818501,Flyweight,1989-10-23
francisco prado,2026-04-11,francisco prado,69.0,0.4978793214759931,3.256105906102112,0.5212496145183841,0.0493983898202385,0.3564209204368705,0.0135072017727466,0.6028686757446997,Welterweight,2002-06-16
francisco rivera,2016-07-30,francisco rivera,70.0,0.4981782319513028,4.079973096722551,0.3516950508573188,0.092834382694929,0.3499015871110725,0.0273698453095047,0.584578298807109,Bantamweight,1981-10-08
francisco trevino,2015-10-03,francisco trevino,70.0,0.4985119715411565,2.951826165361546,0.3285478575568573,0.0694529660057581,0.4706120900915757,0.0103,0.6258870007875323,Lightweight,1981-12-17
francisco trinaldo,2022-10-01,francisco trinaldo,70.0,0.4960504618828649,3.808374506939656,0.4869892384951085,0.0710024264006037,0.3361091682500494,0.0299092787675706,0.5857651442819262,Welterweight,1978-08-24
frank camacho,2022-05-14,frank camacho,73.0,0.4966492549991037,4.750252443292861,0.5056712830475405,0.0810989735960329,0.3630097401281806,0.0173048299734984,0.620673492529858,Lightweight,1989-05-18
frank caracci,1999-01-08,frank caracci,72.0,,,,,,,,Lightweight,
frank lester,2009-06-20,frank lester,74.0,,,,,,,,Welterweight,
frank mir,2016-03-19,frank mir,79.0,0.4991793654064499,3.5110465629247174,0.4508159371441597,0.0820488717009043,0.3988104779437692,0.017177382709654,0.9677328747927888,Heavyweight,1979-05-24
frank shamrock,1999-09-24,frank shamrock,76.0,0.507,3.3155,0.4395862583895822,0.0469,0.5068183523409363,0.2671,0.7637036264100547,Light Heavyweight,
frank trigg,2010-02-06,frank trigg,71.0,0.5016037557313026,2.972767024140242,0.3984521310955916,0.1487898810929168,0.3573079954192974,0.0228304124950149,0.5769717251491916,Welterweight,1972-05-07
frankie edgar,2022-11-12,frankie edgar,68.0,0.4981553417149489,4.3554901030343744,0.4461182453101883,0.1076497071409226,0.3574002008398299,0.0207937821196357,0.4884307688350663,Bantamweight,1981-10-16
frankie perez,2017-07-22,frankie perez,73.0,0.4971397442316231,2.879337855144158,0.3653795149279406,0.0852732384222413,0.4382973447095425,0.0276402022150027,0.6022237574216469,Lightweight,1989-05-11
frankie saenz,2020-08-01,frankie saenz,66.0,0.4998876110835784,3.810173903712781,0.4707257107726376,0.1013424050298462,0.3638397940692826,0.0173113477732578,0.5831407064650476,Bantamweight,1980-08-12
fredson paixao,2010-12-04,fredson paixao,66.0,,,,,,,,Featherweight,1979-05-13
fredy serrano,2016-12-17,fredy serrano,65.0,0.507,2.968,0.4043991400758472,0.4083,0.3852861035422343,0.1364,0.5476424839925786,Flyweight,1979-09-22
gabe green,2025-05-17,gabe green,73.0,0.4979751474660146,4.796925900351997,0.4899066459858794,0.0710712431490769,0.3800225562205115,0.0194973670108143,0.5888403156522604,Lightweight,1993-05-02
gabe ruediger,2011-02-05,gabe ruediger,72.0,0.5025764914804318,4.405495044055837,0.4594201656627151,0.1522391981199559,0.336656080175224,0.0202691341621491,0.6108204446105278,Lightweight,1977-08-29
gable steveson,2026-07-11,gable steveson,78.0,,,,,,,,Heavyweight,2000-05-31
gabriel benitez,2024-04-27,gabriel benitez,71.0,0.4978742110693906,4.972481771627728,0.4617430664118059,0.070775079352194,0.394632929854483,0.0268885305030953,0.5215931010850827,Lightweight,1988-06-15
gabriel bonfim,2026-06-06,gabriel bonfim,72.0,0.4986750508919362,3.997378776525232,0.4413009407294034,0.0389643755486106,0.3506962820518674,0.0081441969733317,0.6011551238719148,Welterweight,1997-08-20
gabriel gonzaga,2016-04-10,gabriel gonzaga,76.0,0.4968340572240486,2.955932843349166,0.5277568542960709,0.1416121751684952,0.3831209314516512,0.0174507090827179,0.9701595491232076,Heavyweight,1979-05-18
gabriel miranda,2025-03-29,gabriel miranda,71.0,0.5009573321215196,3.9350437818154633,0.4821845468187496,0.0670345615227326,0.3580022080365656,0.0404752956664701,0.3874983944952816,Featherweight,1990-03-25
gabriel santos,2025-02-08,gabriel santos,70.0,0.4963869217411623,3.5376840730081707,0.561696048226716,0.1110128138652614,0.408619969853285,0.032220924026359,0.3877156776926137,Featherweight,1996-11-28
gabriel silva,2020-02-29,gabriel silva,71.0,0.493,1.6456,0.5519759185089452,0.0776,0.532229179385553,0.0107,0.5918075411958911,Bantamweight,1994-08-26
gadzhi omargadzhiev,2022-10-22,gadzhi omargadzhiev,71.0,0.4983573861925334,3.019942162449414,0.4746046227553277,0.0430342609505451,0.3447912027442164,0.0823997987665889,0.6471611839434905,Welterweight,1993-02-24
gadzhimurad antigulov,2020-10-17,gadzhimurad antigulov,70.0,0.4960950979507726,3.6514214423950473,0.5472610897711881,0.1760404081996247,0.3654336734693877,0.0411541557720208,0.7974340094112161,Light Heavyweight,1987-02-09
gaetano pirrello,2021-10-02,gaetano pirrello,65.0,0.5010517313258531,4.233465662253421,0.3917025299080504,0.1077502790272817,0.3801173186605018,0.0363627699705667,0.4758984209365697,Bantamweight,1992-04-29
galore bofando,2017-12-16,galore bofando,72.0,0.4969785230338536,3.7279987256498544,0.4354093662258443,0.0609151390043106,0.3857708409394527,0.0141277344893466,0.6199880508650444,Welterweight,1982-05-22
gan mcgee,2003-09-26,gan mcgee,78.0,0.4929999999999999,3.500817800144826,0.5548713678532564,0.0458594779746794,0.3885077186963979,0.0569085651958714,0.972882639043502,Heavyweight,
garett whiteley,2014-12-13,garett whiteley,72.0,0.507,3.9077,0.3531475654486695,0.117,0.3649106646273637,0.0082,0.5918553377632993,Lightweight,1980-12-13
garreth mclellan,2017-03-11,garreth mclellan,72.0,0.496199802477453,3.504951971147656,0.5135998937824007,0.0843607018742208,0.4301704923204172,0.0373833440667825,0.6252319485768603,Middleweight,1982-09-01
garrett armfield,2024-11-02,garrett armfield,70.0,0.507,3.9934,0.3555844056249959,0.0341,0.2253492066767078,0.0107,0.5751461021194715,Bantamweight,1996-10-09
gary goodridge,1999-03-05,gary goodridge,78.0,,,,,,,,Heavyweight,
gasan umalatov,2015-11-07,gasan umalatov,71.0,0.5006490529118612,3.1195576281442645,0.4528711154914759,0.0966316054101836,0.3712458439296167,0.0134168493938282,0.5995241890005794,Welterweight,1982-09-11
gaston bolanos,2026-06-20,gaston bolanos,69.0,0.4992981623971142,3.2294354733586,0.4788706427237704,0.0680116788176992,0.449419111383908,0.0135483895080197,0.5843120805478257,Featherweight,1992-09-14
gauge young,2026-04-18,gauge young,70.0,0.4999681941530578,3.8662323447028224,0.4717545004683321,0.1112811197075326,0.3643752596626241,0.0172672566646126,0.6309778586989442,Lightweight,2000-07-14
gavin tucker,2023-08-05,gavin tucker,66.0,0.507,5.1536,0.5160945331008612,0.2098,0.3654837731270852,0.0128,0.3812926477728517,Featherweight,1986-06-17
geane herrera,2016-11-26,geane herrera,66.0,0.4986929759535667,4.096953662657558,0.479267037009523,0.1647471084176056,0.3772796249134044,0.1861820050794925,0.3815404241997105,Flyweight,1990-05-27
gegard mousasi,2017-04-08,gegard mousasi,76.0,0.498581326012835,3.369370715267752,0.4626919980018417,0.0815169935858373,0.3737155930102189,0.0189975298340799,0.6256277352158124,Middleweight,1985-08-01
genaro valdez,2023-07-15,genaro valdez,72.0,0.507,4.780450861063757,0.4709552272812391,0.1429685685454795,0.2730315702412931,0.1040509657935696,0.4782371756596969,Lightweight,1992-01-16
genki sudo,2004-04-02,genki sudo,72.0,0.499055970833677,2.4185608882213274,0.5351543691743533,0.1770198307149339,0.3649439297903462,0.1015288749158924,0.633583939597508,Lightweight,
geoff neal,2026-02-21,geoff neal,75.0,0.4991446038050666,4.469063644955573,0.4609909986672498,0.0736863541953357,0.3252542170871298,0.0140420830774647,0.6053622404197729,Welterweight,1990-08-28
george roop,2015-09-26,george roop,72.0,0.4988743029176706,3.7052200640023383,0.3833799655104211,0.1505089254408232,0.3685484902690963,0.0311293368305626,0.586395901301493,Bantamweight,1981-11-10
george sotiropoulos,2013-10-19,george sotiropoulos,71.0,0.500287858077452,3.1373456761076595,0.3620545384709661,0.1304838863346225,0.3742499841905215,0.0657257482927479,0.6384993006247691,Lightweight,1977-07-09
george sullivan,2018-08-25,george sullivan,73.0,0.4977386531624272,3.055353591914385,0.4786516822363493,0.0666706064869764,0.3812337255081959,0.0142090666696347,0.6030385345634814,Welterweight,1981-03-13
georges st pierre,2017-11-04,georges st-pierre,76.0,0.4960203179025743,3.156836006456578,0.3760385310016788,0.0691091229766322,0.3434983665326982,0.0174945062099164,0.6350255313589596,Middleweight,1981-05-19
gerald harris,2010-11-20,gerald harris,77.0,0.5070000000000001,2.524162962769618,0.3694129412819223,0.1446643254734315,0.3118383109157516,0.0122294102633362,0.6162978953960615,Middleweight,1979-11-19
gerald meerschaert,2026-05-02,gerald meerschaert,77.0,0.4969043765512758,2.755694893266131,0.5648425707737617,0.0736208366907035,0.3477988918543857,0.0122059867873416,0.6290174435044243,Middleweight,1987-12-18
gerald strebendt,2003-09-26,gerald strebendt,72.0,,,,,,,,Lightweight,
geraldo de freitas,2020-11-14,geraldo de freitas,72.0,0.4993740014742052,3.228620858627703,0.4825539635981853,0.2010937185012762,0.3804681321277692,0.0116561002211307,0.4959630954087039,Bantamweight,1991-09-30
gian villante,2021-11-06,gian villante,76.0,0.4970789452878972,4.390926272267001,0.4676753584892378,0.0428448908745445,0.348743881911313,0.0088674466167798,0.853050157608749,Heavyweight,1985-08-18
gianni vazquez,2026-02-07,gianni vazquez,69.0,0.500855217865448,3.628314665567231,0.5228420870942921,0.0923073707061748,0.3436770311132766,0.0147868756116017,0.5839077625533107,Bantamweight,1994-07-17
gideon ray,2006-11-11,gideon ray,75.0,0.507,3.1542,0.4316181982575924,0.0484,0.3463708406903398,0.014,0.6162978953960615,Middleweight,
giga chikadze,2025-12-13,giga chikadze,74.0,0.4998532523230791,3.701592453277729,0.4446857740243384,0.0440533948532068,0.3894361779261937,0.0214231783586163,0.3862570225748307,Featherweight,1988-08-25
gil castillo,2002-11-22,gil castillo,74.0,0.4949671464336609,1.8986232377758177,0.5754438457534411,0.0425851373849522,0.5298139180172986,0.0548577952773789,0.5880839628273414,Welterweight,
gilbert aldana,2006-07-08,gilbert aldana,78.0,0.4982209980633116,3.6643782961148967,0.4610725029938762,0.0566623754171434,0.388507718696398,0.0108846406580381,0.9691479843281968,Heavyweight,
gilbert burns,2026-04-18,gilbert burns,71.0,0.4984098326028434,3.2008092133116266,0.4944498305658891,0.1353247048685243,0.3613353454085087,0.0214756099352252,0.6245829836241968,Welterweight,1986-07-20
gilbert melendez,2019-07-06,gilbert melendez,73.0,0.4942126390410388,3.0748766397694167,0.412658771314113,0.0517038955230361,0.356812047817124,0.0116385707359206,0.5510425000291966,Featherweight,1982-04-12
gilbert smith,2013-04-13,gilbert smith,75.0,,,,,,,,Middleweight,1981-10-19
gilbert urbina,2026-08-01,gilbert urbina,75.0,0.4998987769866008,3.772572096858104,0.5077008082055758,0.1350160343118822,0.3596278485684802,0.0332217380560197,0.6635928268108563,Middleweight,1996-04-05
gilbert yvel,2010-10-23,gilbert yvel,77.0,0.493,2.047941431971668,0.442916471715358,0.025,0.4283663806603209,0.0206601445169385,0.9749606604398048,Heavyweight,1976-06-30
glaico franca moreira,2016-09-24,glaico franca moreira,77.0,0.4991212650716832,2.652616936627564,0.5463456355363367,0.2100619130826931,0.3156846868506429,0.029581984975802,0.726085101095768,Lightweight,
gleison tibau,2018-06-01,gleison tibau,71.0,0.5029773024533197,2.849959865825205,0.4707489578117697,0.1281314457080644,0.4077859630744926,0.0601928400310711,0.5320837920108704,Lightweight,1983-10-07
glover teixeira,2023-01-21,glover teixeira,76.0,0.5026623751361731,3.730008325625044,0.529452434635654,0.1348617524103457,0.3688965373999223,0.0687077999778398,0.7829233771663433,Light Heavyweight,1979-10-28
godofredo pepey,2018-01-27,godofredo pepey,73.0,0.4972899737406008,2.5436235126552385,0.5029123051451431,0.0492323568369944,0.4446525859518669,0.0319065652571306,0.387461768630795,Featherweight,1987-07-02
gokhan saki,2018-07-07,gokhan saki,73.0,0.507,5.4073,0.4561414211782457,0.0576,0.319058841810836,0.0145,0.7764768384714905,Light Heavyweight,1983-10-19
gokhan saricam,2026-04-18,gokhan saricam,78.0,0.5004544405693321,3.5603840598066414,0.509628627314204,0.0876751666131801,0.3801138358860828,0.0146088745302798,0.8983397368169687,Heavyweight,1991-02-26
goran reljic,2010-11-13,goran reljic,81.0,0.4983737602318489,3.695392476593836,0.3873403141136936,0.1095953423671344,0.3476078295093679,0.0118276441717476,0.7903420543744041,Light Heavyweight,1984-03-20
grant dawson,2026-05-09,grant dawson,72.0,0.5029156159269901,3.5291885833040952,0.5131091659254956,0.1727913109499876,0.3622267963395302,0.0364594154580953,0.6172570709364286,Lightweight,1994-02-20
gray maynard,2018-10-06,gray maynard,70.0,0.5000446928302759,2.454263722918045,0.4178293748042321,0.2026998643457632,0.3282651457885633,0.0428746260080696,0.484931581623536,Lightweight,1979-05-09
greg hardy,2022-03-05,greg hardy,80.0,0.4987171763479611,3.584700945584895,0.463850466382456,0.0553951619352193,0.4111186977475777,0.0151944221244514,0.965922827535906,Heavyweight,1988-07-28
greg soto,2011-01-01,greg soto,73.0,0.4972027079840937,2.9183083672996912,0.3320981906206094,0.1027611513202111,0.4669329422289919,0.0159812025414373,0.6036856953391796,Welterweight,
gregor gillespie,2021-05-08,gregor gillespie,71.0,0.4970801297020166,3.54429909144021,0.420250437537595,0.1224827003312883,0.3448681593197901,0.0139129443142574,0.6276808341130529,Lightweight,1986-11-13
gregory rodrigues,2026-03-07,gregory rodrigues,75.0,0.5036981522593333,4.562240459289822,0.4883930936958932,0.0979073345354601,0.3594813279712074,0.0241233423575942,0.6184920015932787,Middleweight,1992-02-17
grigory popov,2019-11-09,grigory popov,68.0,0.493,4.7712,0.4323342464505075,0.0442,0.2761035325047952,0.0138,0.5918075411958911,Bantamweight,1984-04-18
guangyou ning,2016-11-26,guangyou ning,64.0,0.5023167185352793,3.4454253052614767,0.428945587312469,0.0908135441326053,0.3417539048313167,0.0125064085649637,0.5807196884624838,Featherweight,
guido cannetti,2023-03-11,guido cannetti,68.0,0.4957658212923736,3.540182021416124,0.4838731357661336,0.0845020140703384,0.4322968101196044,0.0286713118762276,0.5892034847050114,Bantamweight,1979-12-19
guilherme pat,2026-04-04,guilherme pat,78.0,0.507,4.0634,0.3970583257755579,0.025,0.3885077186963979,0.0048,0.9519614829544948,Heavyweight,
guilherme vasconcelos,2014-07-05,guilherme vasconcelos,75.0,0.507,5.0197,0.3872574978000284,0.0841,0.3520558002936857,0.0243,0.6162978953960615,Middleweight,1986-03-23
gunnar nelson,2025-03-22,gunnar nelson,72.0,0.5033910292236932,2.798164176111491,0.4896355230917258,0.125998812349339,0.354661428903692,0.0597977616805232,0.6947519344891196,Welterweight,1988-07-28
guram kutateladze,2025-03-22,guram kutateladze,72.0,0.5003028365201118,3.785367063860598,0.4324786583594837,0.0756721536574381,0.2530303886128487,0.0105534622622478,0.6236433777888585,Lightweight,1992-01-08
gustavo lopez,2021-09-18,gustavo lopez,67.0,0.4976599630304689,3.436166903368771,0.4558020666641729,0.1156530816354774,0.4423734260993721,0.0467733596141004,0.6656913613662445,Bantamweight,1989-06-27
guto inocente,2014-11-07,guto inocente,76.0,0.4996107529041149,3.5774384573166342,0.454712184732254,0.0908464182525505,0.3370021330893445,0.0182783640826729,0.8051862321355548,Light Heavyweight,1986-05-29
guy mezger,1999-03-05,guy mezger,75.0,0.493,1.6361,0.4805105097678974,0.0326,0.6067827021628645,0.0094,0.6339365954150863,Middleweight,
hacran dias,2017-10-28,hacran dias,69.0,0.4979019306392601,2.7288676926466446,0.4450987552930371,0.1544564071535752,0.3281207915299601,0.0339019876715105,0.3860969300908352,Lightweight,1984-06-16
hakeem dawodu,2023-08-12,hakeem dawodu,73.0,0.5004826633306231,4.366164003391154,0.5403615624780532,0.0784219522481385,0.3890957654935502,0.0376533638588406,0.4262227188498083,Featherweight,1991-07-02
hamdy abdelwahab,2025-10-25,hamdy abdelwahab,72.0,0.4996116783739347,3.506664979022572,0.4988899396538141,0.0633319476324847,0.3335244000825713,0.0048,0.9686670360217,Heavyweight,1993-01-22
hans stringer,2015-07-18,hans stringer,76.0,0.4996793259523086,3.567083706058429,0.4294673084189017,0.0642103652024403,0.4058066159533079,0.0161056136715443,0.7882435791318714,Light Heavyweight,1987-07-06
harry hardwick,2026-03-14,harry hardwick,71.0,,,,,,,,Featherweight,1994-09-29
harry hunsucker,2022-08-20,harry hunsucker,75.0,0.4976561760073109,2.8884218550374845,0.6057560785797113,0.1076328865900906,0.3488018470809635,0.024144390199686,0.7932582357655555,Light Heavyweight,1989-01-03
hatsu hioki,2015-05-09,hatsu hioki,73.0,0.49828819692822,2.7089186987294096,0.3983279263536923,0.1512710395743111,0.3960014275461846,0.0447734098994227,0.3847682204085759,Featherweight,1983-07-18
hayato sakurai,2002-03-22,hayato sakurai,74.0,0.4966418636115508,2.453249410680673,0.5215307055530337,0.0564630612881299,0.4994466289852729,0.0785730129989329,0.6159829725932964,Welterweight,
hayder hassan,2015-12-19,hayder hassan,74.0,0.493,2.2266,0.5221428355991866,0.0483,0.56652356785317,0.0132,0.6087605199088783,Welterweight,1982-10-20
heath herring,2008-08-09,heath herring,78.0,0.507,3.3113,0.6086587757223522,0.0606,0.4355455864889827,0.3274,0.9418907766993192,Heavyweight,1978-03-02
hecher sosa,2026-03-14,hecher sosa,70.0,0.4993545580353417,4.237974862413952,0.5018091176432596,0.09034112147918,0.4176475518008979,0.0136919409896493,0.5842449639413613,Bantamweight,1995-08-25
hector aldana,2019-10-12,hector aldana,72.0,0.493,3.6216,0.6833217161376084,0.0839,0.3531788793103448,0.023,0.6087605199088783,Welterweight,1988-08-17
hector lombard,2018-09-22,hector lombard,71.0,0.5008770408629314,3.2235884708404683,0.4569028837322246,0.067003808457087,0.2916090835022987,0.0195085034057587,0.6226532475324225,Middleweight,1978-02-02
hector ramirez,2007-06-16,hector ramirez,76.0,0.4986033872763685,3.88190924323549,0.4072607883227612,0.0704884170435974,0.3554826819664649,0.0119229230089365,0.789972967885391,Light Heavyweight,
hector sandoval,2017-08-05,hector sandoval,64.0,0.5009321796843198,2.5363859511926807,0.4155502989314129,0.1646199280647487,0.3630818673437009,0.077110193716048,0.4272171078307099,Flyweight,1986-07-19
hector urbina,2016-09-24,hector urbina,73.0,0.4969188560049744,3.034908421423275,0.4634086316464454,0.1318271697054988,0.4273239277101996,0.0127712440121217,0.6040284502969935,Welterweight,1987-09-17
henrique da silva,2017-09-22,henrique da silva,76.0,0.5022810677667294,3.3811408463330554,0.3053251159402941,0.0495044442533057,0.4243879952013937,0.0242314806633599,0.7887945117021408,Light Heavyweight,1989-09-01
henry briones,2018-05-19,henry briones,69.0,0.4950577540702755,3.634163292579889,0.4591163644394097,0.0548383498164,0.4094539054882498,0.0271497896987605,0.5920025383027562,Bantamweight,1980-10-22
henry cejudo,2025-12-06,henry cejudo,64.0,0.4967125430202739,3.748671963455096,0.4660364569674138,0.0848257501498073,0.336626314604022,0.014712380787941,0.5608038112104801,Bantamweight,1987-02-09
henry martinez,2012-12-08,henry martinez,69.0,0.493,1.9467,0.5201879180644948,0.0787,0.5480483364442409,0.0973,0.4519946306587128,Lightweight,1983-08-07
herbert burns,2024-08-17,herbert burns,73.0,0.4980929876087594,3.8585467525188095,0.5617467427447287,0.0912230069489058,0.4303486068035044,0.0405932435944998,0.3854230412767659,Featherweight,1988-02-02
hermes franca,2009-09-19,hermes franca,71.0,0.4965105195001572,2.9017507923107986,0.4204563615399618,0.1605480106775128,0.3861499969457582,0.070283742818255,0.5190477566561773,Lightweight,1974-08-26
hernani perpetuo,2014-07-26,hernani perpetuo,74.0,0.493,2.1686,0.5291138644805266,0.0301,0.5909807619168357,0.0517,0.5073004332573985,Welterweight,1985-05-24
homer moore,2001-11-02,homer moore,76.0,0.4977952243839233,3.077232230079004,0.5818891331143959,0.1171474787816522,0.4107004903848158,0.0181742441523073,0.6827589132146875,Light Heavyweight,
horacio gutierrez,2016-08-06,horacio gutierrez,71.0,0.4962331755113469,3.70398853047586,0.5103773238412046,0.1291959780738915,0.3440611265522269,0.0175892482784302,0.3922670729633906,Featherweight,1990-09-15
houston alexander,2009-12-05,houston alexander,72.0,0.5031289846425387,3.5630557712062094,0.5613578834982345,0.0570659007692732,0.3466779436264525,0.0143561781224035,0.7826988384549431,Catch Weight,1972-03-22
hu yaozong,2021-10-30,hu yaozong,72.0,0.493,4.077236856912821,0.5852869933612601,0.0340139570570412,0.4383639963299995,0.0342793877287083,0.8687394663308976,Middleweight,1995-04-07
hugo viana,2015-08-01,hugo viana,67.0,0.5005208305698771,3.569983117572817,0.4282052536130353,0.0452500688343286,0.4099567899113553,0.0143902292395913,0.5562647644562051,Bantamweight,1982-09-26
humberto bandenay,2019-08-10,humberto bandenay,71.0,0.4990527104103556,3.9566457799002746,0.4443530120794632,0.0965808411447063,0.4111933833907505,0.1000110082808722,0.3847733459344699,Featherweight,1994-09-04
humberto brown morrison,2014-11-15,humberto brown morrison,71.0,,,,,,,,Featherweight,
hunter azure,2021-04-10,hunter azure,69.0,0.5021892131017944,3.9463156481354975,0.3594173193521823,0.1227440099915977,0.3018995715741247,0.0131053934491027,0.5123038137322846,Bantamweight,1992-03-02
hyder amil,2026-06-20,hyder amil,70.0,0.5001614598278885,5.420482506529436,0.488289317996273,0.0800676403103504,0.4033049008520185,0.0406869106704485,0.3853340657406695,Featherweight,1990-05-28
hyun gyu lim,2017-09-22,hyun gyu lim,77.0,0.5003934044758542,4.145117828369701,0.4888026868603478,0.0632927880869838,0.3260707139845,0.0191374296071755,0.5814358321184748,Welterweight,1985-01-16
hyunsung park,2025-10-18,hyunsung park,66.0,0.5025224835166427,4.608144824811124,0.4860622258230302,0.0888428596703323,0.3245671321389779,0.0393267793344568,0.5416135523600754,Flyweight,1995-11-04
ian entwistle,2016-04-10,ian entwistle,69.0,0.5005567551686226,3.031654839280256,0.4882047006671633,0.0796044770402189,0.4046503445015131,0.3243110341673701,0.4864488762587149,Bantamweight,1986-11-19
ian freeman,2003-06-06,ian freeman,78.0,0.5033434535449611,3.0422758203057585,0.4435481736142074,0.0719446535255197,0.3911391648257655,0.0240769887924806,0.9553233268634445,Heavyweight,
ian heinisch,2021-07-24,ian heinisch,72.0,0.5004642621919894,2.537892528953681,0.5901971930585731,0.1246167996562115,0.2950674293832579,0.0091999999999999,0.6245323181530971,Middleweight,1988-08-05
ian loveland,2011-08-27,ian loveland,69.0,0.507,4.5166,0.4355309451581192,0.066,0.3654837731270852,0.1034,0.4015166748152161,Bantamweight,1983-09-07
ian machado garry,2025-11-22,ian machado garry,74.0,0.4966889285121146,3.904663578005967,0.4492536313285363,0.0410791914389787,0.3925980071245958,0.0081308837820209,0.6033738177135366,Welterweight,1997-11-17
ian mccall,2015-01-31,ian mccall,64.0,0.5013665442726254,3.780408411794471,0.348277178543803,0.1317886596087905,0.2848844074186037,0.0148,0.4420755220057621,Flyweight,1984-05-07
ibo aslan,2025-12-06,ibo aslan,77.0,0.4989161676785706,4.565594013187432,0.4219283180276152,0.0549802394910731,0.3109753130060627,0.0137883661173473,0.789470226491308,Light Heavyweight,1996-04-23
icho larenas,2006-03-04,icho larenas,78.0,,,,,,,,Heavyweight,
ignacio bahamondes,2026-03-28,ignacio bahamondes,75.0,0.5022128729664791,4.736365928833128,0.4464018644334137,0.0531377426193081,0.4043634139391717,0.0384194165010494,0.6875184573499857,Lightweight,1997-08-27
igor araujo,2015-07-15,igor araujo,77.0,0.5015328849292047,2.122145772129792,0.5527665550038544,0.0984135191529027,0.4070639447770789,0.0362749253359701,0.5383351230564667,Welterweight,1980-12-06
igor pokrajac,2016-04-10,igor pokrajac,74.0,0.4971210253800321,3.225734005176024,0.6049182122698835,0.0779128104101308,0.3592061388300901,0.0230015922648682,0.7929775630998308,Light Heavyweight,1979-01-02
igor severino,2024-03-23,igor severino,69.0,,,,,,,,Flyweight,2003-04-21
ihor potieria,2025-01-11,ihor potieria,75.0,0.5001859341417128,2.458679892912302,0.5979483811302075,0.2474017959394771,0.3520558002936857,0.011487579252425,0.6248829856520763,Middleweight,1996-05-29
ike villanueva,2022-04-23,ike villanueva,73.0,0.5011543432320379,3.142376381815871,0.57161706658668,0.1458234398527911,0.3363064195309782,0.0315404429025677,0.7889599006688294,Light Heavyweight,1984-04-04
ikram aliskerov,2026-06-27,ikram aliskerov,76.0,0.5044072733722021,4.894240942274035,0.5404475671010143,0.1211569267376521,0.3409733201670741,0.0164787056380198,0.6195644901974231,Middleweight,1992-12-07
ikuhisa minowa,2000-04-14,ikuhisa minowa,75.0,,,,,,,,Middleweight,
ildemar alcantara,2015-07-15,ildemar alcantara,78.0,0.5027670919363779,3.652300810456444,0.6059518028625619,0.0681970184749968,0.3343949814730236,0.0197051310586817,0.626964037616396,Middleweight,1982-11-18
ilia topuria,2026-06-14,ilia topuria,69.0,0.507,4.578046420284193,0.4184412833940635,0.0987508884017203,0.3221101270374611,0.0337164768977022,0.4540550278698281,Lightweight,1997-01-21
iliarde santos,2013-10-09,iliarde santos,67.0,0.4929999999999999,3.039960532138743,0.4451148576191522,0.081230045310881,0.3431112336159161,0.0189429849465415,0.5176163693741885,Flyweight,1980-09-25
ilir latifi,2023-05-20,ilir latifi,73.0,0.5022569884556425,2.657386211661596,0.4292546234593085,0.1217381334982207,0.362127399170567,0.0154390021857635,0.8838065622779211,Heavyweight,1982-07-28
imanol rodriguez,2026-02-28,imanol rodriguez,67.0,,,,,,,,Flyweight,1999-11-15
impa kasanganay,2021-09-18,impa kasanganay,75.0,0.5025547558805804,3.851386166332684,0.4207770210378852,0.1008529120514399,0.3630595408984644,0.0407190239802861,0.7015223622467651,Welterweight,1994-01-17
ion cutelaba,2026-06-20,ion cutelaba,75.0,0.5006768623876225,3.71294890899166,0.5010876576204324,0.164000076625363,0.3517584843913708,0.0373569587882133,0.7914554601209913,Light Heavyweight,1993-12-14
irene aldana,2022-09-10,irene aldana,68.0,,,,,,,,Women's Bantamweight,1988-03-26
irwin rivera,2020-09-19,irwin rivera,67.0,0.4985120323713002,3.95745164051034,0.4019222435558123,0.088008678191629,0.3589274043170206,0.0530940378852126,0.5829355171648462,Bantamweight,1989-02-14
isaac dulgarian,2025-11-01,isaac dulgarian,71.0,0.502324832720762,3.7829595983604,0.4796150997159356,0.2167690089813237,0.3654837731270852,0.0917848800890258,0.3878055178290315,Featherweight,1996-07-04
isaac thomson,2025-12-13,isaac thomson,71.0,0.4992584808348588,3.082789989224203,0.4694463791820172,0.1020472677879473,0.4236301103734234,0.0483115823694762,0.3853154400192701,Featherweight,2002-05-03
isaac vallie flagg,2014-11-22,isaac vallie-flagg,70.0,0.4984418171947195,3.6671947595901897,0.4549145769501067,0.1008668273976425,0.3654392129722539,0.0400975241182132,0.5810069454494754,Lightweight,1978-04-08
islam dulatov,2025-07-19,islam dulatov,75.0,0.4990191381998481,3.8332932502476944,0.455122463660591,0.0763255505803132,0.326906809832488,0.0288113365685894,0.6596125427033895,Welterweight,
islam makhachev,2025-11-15,islam makhachev,70.0,0.4929999999999999,4.083980739171923,0.5216317422156171,0.1352930917631604,0.3255815756498619,0.0191047557558538,0.6002254898403994,Welterweight,1991-10-27
ismael bonfim,2026-07-25,ismael bonfim,71.0,0.4972615356472309,4.372727230872194,0.4342689200495195,0.0850357596536288,0.3552814433104668,0.015037176582934,0.627453565974158,Lightweight,1995-12-28
ismail naurdiev,2025-11-22,ismail naurdiev,74.0,0.4992834074452288,4.085974213945705,0.3924964771665442,0.1071740730691539,0.2888952228041945,0.0110542009044667,0.6156042689465708,Middleweight,1996-08-18
israel adesanya,2026-03-28,israel adesanya,80.0,0.4995481716037362,3.9660884524343554,0.4747532976760499,0.0356294515638713,0.3293124803224611,0.011369542161749,0.6323266941519444,Middleweight,1989-07-22
issei tamura,2013-03-16,issei tamura,63.0,0.4972346639174494,3.040390935969569,0.4220794901330983,0.0628056647834366,0.403330656209014,0.0337800874020492,0.5843971325289404,Bantamweight,1984-03-12
iuri alcantara,2018-08-25,iuri alcantara,71.0,0.493,3.7222,0.5326613612419419,0.1087,0.446006136943445,0.0175,0.3922670729633906,Bantamweight,1980-08-04
ivan erslan,2026-05-16,ivan erslan,72.0,0.5013789668094101,3.415875005761692,0.4652857740317467,0.0903462957093829,0.4027114113129452,0.0341373923285031,0.7896927138440333,Light Heavyweight,1991-11-15
ivan jorge,2015-07-18,ivan jorge,73.0,0.493,3.5543,0.3974355884131407,0.0828,0.3649439297903462,0.0243,0.6327924829221979,Lightweight,1980-11-07
ivan menjivar,2014-03-01,ivan menjivar,64.0,0.5026351348620769,2.8610889878836137,0.4577213059029978,0.1024018206322091,0.4179889157516741,0.0519942490175373,0.3805723956836183,Featherweight,1982-05-30
ivan salaverry,2008-05-24,ivan salaverry,75.0,0.5010682817545099,3.394095212196498,0.5758922173640301,0.0671305258535425,0.3588145603585611,0.0182943763167385,0.7160833698676159,Middleweight,1971-01-11
ivan serati,2009-01-17,ivan serati,76.0,0.507,4.4262,0.3572631584157267,0.0422,0.3957414046699761,0.0681,0.7668907046632005,Light Heavyweight,
iwo baraniewski,2026-06-06,iwo baraniewski,73.0,0.507,4.966482127510817,0.4681846675517355,0.0822814506787741,0.3434003959482204,0.0207072404904495,0.7764768384714906,Light Heavyweight,1998-11-20
jacare souza,2021-05-15,jacare souza,72.0,0.4981574451407227,3.1891419524807767,0.4595653324708956,0.1140600281730146,0.3559373196049487,0.028931600672665,0.6514331725380761,Middleweight,1979-12-07
jack della maddalena,2026-05-02,jack della maddalena,73.0,0.5039698928754233,4.474040445097657,0.397989708780339,0.0406106635400133,0.3996895593148291,0.0180817802416846,0.6150947692952635,Welterweight,1996-09-10
jack hermansson,2025-11-22,jack hermansson,77.0,0.4996894864548845,4.495699282063424,0.4007437121919501,0.0862195913491912,0.3236694517915484,0.0241151792762056,0.6267799944208189,Welterweight,1988-06-10
jack jenkins,2025-09-27,jack jenkins,68.0,0.500605255135451,4.3141789009797735,0.4522908067125788,0.073577113978379,0.3730769183672458,0.0148837369012444,0.3863054084248928,Featherweight,1993-11-03
jack marshman,2020-10-31,jack marshman,73.0,0.497801894661047,3.9062601373639754,0.371017985523165,0.0652481868727621,0.3936096777127488,0.0106806261736536,0.6050693611665846,Middleweight,1989-12-19
jack may,2014-08-16,jack may,78.0,0.5007697177036301,3.606393783204976,0.4715608604197638,0.055027887565963,0.3746926026954266,0.015505871865547,0.9627891511808108,Heavyweight,1981-04-14
jack shore,2024-11-02,jack shore,71.0,0.5014922471456359,3.604813029499518,0.4575115827611561,0.124749616327227,0.3548932083181459,0.0358316674576692,0.5019664492139254,Featherweight,1995-02-06
jackson mcvey,2026-04-25,jackson mcvey,77.0,0.493,4.584651153563152,0.6209494261731342,0.0672964203672041,0.5390985002740313,0.0173522220728422,0.7453218162182714,Middleweight,1999-03-25
jacob kilburn,2021-01-16,jacob kilburn,72.0,0.493,2.0573,0.7857648582874989,0.0507,0.446006136943445,0.018,0.3922670729633906,Featherweight,1995-06-28
jacob malkoun,2026-05-02,jacob malkoun,73.0,0.5030956234487243,4.605437922617598,0.4245379141325302,0.1890787744607639,0.3679772085801738,0.0584967478706692,0.6133045641054821,Middleweight,1995-08-26
jacob volkmann,2013-02-02,jacob volkmann,71.0,0.5028397161356251,2.5273262076242085,0.4287448720452864,0.1484454860375543,0.3683732135302048,0.1119682177260663,0.5325444644199578,Lightweight,1980-09-05
jacobe smith,2026-02-21,jacobe smith,72.0,0.507,4.411720082154637,0.5026233619532224,0.11979280914014,0.3102431276746172,0.0471565967354455,0.7189379959313248,Welterweight,1996-01-17
jacqueline cavalcanti,2023-09-02,jacqueline cavalcanti,70.0,,,,,,,,Women's Bantamweight,1997-08-29
jafel filho,2026-04-25,jafel filho,68.0,0.5015758401045177,2.552290915899292,0.4261851276613712,0.1628743704537659,0.3716753323717048,0.1087306436248269,0.4871145952935811,Bantamweight,1993-05-05
jai herbert,2026-04-18,jai herbert,77.0,0.5002486889727586,3.618565016387674,0.4799857942779868,0.0693545272993993,0.3554368688777834,0.012403161626267,0.6249986640370415,Lightweight,1988-05-13
jailton almeida,2026-02-07,jailton almeida,79.0,0.5027655104205683,3.078033359666394,0.5647547871748738,0.2655953423357122,0.3943843219283168,0.065353397384779,0.9403423128056112,Heavyweight,1991-06-26
jairzinho rozenstruik,2025-02-01,jairzinho rozenstruik,78.0,0.499017544750812,4.117888292702347,0.4437116894317501,0.0536233070344129,0.3801636187075258,0.0098044236347162,0.9675885985531768,Heavyweight,1988-03-17
jake collier,2023-09-23,jake collier,78.0,0.493,3.2386217863156004,0.3278823898425276,0.0325924206273053,0.313151019933159,0.0062482652063646,0.979369042602738,Heavyweight,1988-10-25
jake ellenberger,2018-08-25,jake ellenberger,71.0,0.4971021170827023,3.267869097565556,0.449181874823572,0.0834561981592054,0.3309309701331045,0.0188464137977378,0.6153247633037036,Welterweight,1985-03-28
jake hadley,2024-10-19,jake hadley,70.0,0.5001078216362068,3.855331956800867,0.3953480157449781,0.0540900755585151,0.3742873359038497,0.0526830476931326,0.4716202666696548,Bantamweight,1996-08-03
jake hecht,2012-06-08,jake hecht,73.0,0.4997244965873697,3.897642640136493,0.5379084497021795,0.0638147819958919,0.4117193169320547,0.0175054626399842,0.600640602791249,Welterweight,1984-02-09
jake lindsey,2015-03-14,jake lindsey,72.0,0.4929999999999999,3.4686514646122526,0.5635580441627419,0.0768190363796846,0.4194120711144008,0.0130374163795673,0.6327924829221978,Lightweight,1986-06-21
jake matthews,2026-05-30,jake matthews,73.0,0.501803233386335,3.599528190701067,0.4343239381824193,0.0753509494539879,0.3572019158345668,0.0608848301889601,0.6117007224684179,Welterweight,1994-08-19
jake o brien,2009-07-11,jake o'brien,76.0,0.493,2.8072550224946964,0.5566840391675387,0.0319,0.4794157044744035,0.008,0.7989794616141341,Light Heavyweight,
jake rosholt,2009-11-21,jake rosholt,75.0,0.4991134615167494,3.290935965742825,0.4745692422082634,0.1582046120686503,0.3613936289343755,0.0293750835119271,0.6243342744563295,Middleweight,1982-02-09
jake shields,2014-03-15,jake shields,72.0,0.5030250599583401,3.3707764381763283,0.4509236973616369,0.0847403383574367,0.3903215618682885,0.0089955256028246,0.6017537451836174,Welterweight,1979-01-09
jakub wiklacz,2026-02-07,jakub wiklacz,72.0,0.4986140853395618,2.7387575219074507,0.4641352151701038,0.1046586646471494,0.2988433692409075,0.0516400742904846,0.5865665800862396,Bantamweight,1996-09-10
jalin turner,2025-12-06,jalin turner,77.0,0.5016206503574978,4.778020784842403,0.4780333622389959,0.0840619669127663,0.3801948814411451,0.0200278160469506,0.4816884410728592,Lightweight,1995-05-18
jamahal hill,2025-06-21,jamahal hill,79.0,0.4999928959572456,4.772272876737547,0.5643268600802109,0.0496401189564713,0.3403673128816076,0.0124714145058925,0.7882635782521858,Light Heavyweight,1991-05-19
jamal pogues,2025-02-01,jamal pogues,77.0,0.5,3.3242,0.5238665239836449,0.025,0.4788807890222984,0.0048,0.979369042602738,Heavyweight,1995-12-01
jamall emmers,2025-11-08,jamall emmers,74.0,0.4973272636645818,4.589076071993646,0.5411468393080355,0.0709386829297543,0.3237070441004199,0.0252706221411066,0.388874985008627,Featherweight,1989-07-24
james bochnovic,2018-05-12,james bochnovic,81.0,0.507,4.6452,0.4892580394016377,0.1189,0.372234335523616,0.0092,0.6162978953960615,Middleweight,1989-02-13
james giboo,2008-07-19,james giboo,74.0,,,,,,,,Welterweight,
james hammortree,2010-06-19,james hammortree,75.0,,,,,,,,Middleweight,1983-11-29
james head,2013-08-28,james head,73.0,0.5001519992085606,3.519384240604848,0.48979290284491,0.0607437565070592,0.348592460670889,0.0445603290708954,0.63567944812953,Welterweight,1984-02-09
james irvin,2010-08-01,james irvin,75.0,0.4984375285495379,3.247796908585543,0.5289250505789155,0.0712246215815323,0.3941176223464324,0.0292180999453159,0.7541547775181268,Light Heavyweight,1978-09-12
james krause,2020-10-17,james krause,73.0,0.493,2.798623725378336,0.5564719892473388,0.0676340734882934,0.4053846926369879,0.0135026467679222,0.6101008148395473,Welterweight,1986-06-04
james lee,2008-01-19,james lee,76.0,0.5015169382696517,3.576662583447344,0.4596783196143941,0.0798279531071395,0.4056010759520573,0.0448992195211408,0.7874755007175159,Light Heavyweight,1973-09-22
james llontop,2024-11-16,james llontop,73.0,0.493,3.368,0.5678804495005789,0.0637,0.3186312483448708,0.0187,0.6327924829221979,Catch Weight,1999-08-02
james mcsweeney,2010-10-16,james mcsweeney,77.0,0.4993509470881387,3.405393812156363,0.4087166307005405,0.058656530268505,0.3532592620567649,0.04967288090295,0.9564030505905934,Light Heavyweight,1980-10-24
james moontasri,2016-12-17,james moontasri,71.0,0.4984486929248495,2.886231916925233,0.5335264699084336,0.0490040851976826,0.3097262007121272,0.025386651023773,0.6532685089889873,Welterweight,1988-04-10
james mulheron,2017-07-16,james mulheron,73.0,,,,,,,,Heavyweight,1988-02-20
james te huna,2016-03-19,james te huna,75.0,0.4991048403112834,3.670834267031953,0.4916382086197965,0.0991849055971083,0.3844387954097734,0.0175317424466716,0.7557808526892028,Light Heavyweight,1981-09-29
james toney,2010-08-28,james toney,78.0,0.4984962562217882,2.6256353619759256,0.5415917338787929,0.0643521846016118,0.3803237989483489,0.0359196490010918,0.8643824925232263,Heavyweight,
james vick,2019-10-12,james vick,76.0,0.4990313420782188,4.076804516315947,0.4079695335869972,0.1009264580435383,0.329560728362055,0.0312469489346263,0.6119870299373695,Welterweight,1987-02-23
james wilks,2010-10-16,james wilks,75.0,0.5024697089439906,2.906970005525378,0.4572460584148962,0.1145703298826321,0.3043609730221959,0.2495716979007227,0.4253812158278987,Welterweight,1978-05-04
james zikic,2002-07-13,james zikic,76.0,,,,,,,,Light Heavyweight,
jamey simmons,2021-08-07,jamey simmons,70.0,0.507,2.2406,0.5921796598422726,0.0794,0.1973133024088438,0.0128,0.3812926477728517,Bantamweight,1992-09-11
jamie mullarkey,2026-01-31,jamie mullarkey,74.0,0.493,3.406987509679623,0.5193708473186072,0.0692401959980383,0.3101194781257622,0.0202839274671176,0.6327924829221978,Lightweight,1994-08-17
jamie pickett,2024-03-02,jamie pickett,80.0,0.5012260212216566,4.213800025162983,0.4827180877373132,0.0716059633185645,0.3002721724122185,0.0297354559380997,0.656037394072918,Middleweight,1988-08-29
jamie siraj,2026-04-18,jamie siraj,69.0,,,,,,,,Bantamweight,1994-06-28
jamie varner,2014-12-13,jamie varner,71.0,0.4967470193665712,3.5307532596028657,0.4216688514093316,0.1560999587352651,0.3471709981677164,0.0507319273026861,0.5639269492987043,Lightweight,1984-10-12
jamie yager,2010-06-19,jamie yager,75.0,,,,,,,,Middleweight,
jan blachowicz,2026-08-01,jan blachowicz,78.0,0.4994246367471241,3.8306502065610015,0.5013923690975841,0.0587464179934631,0.340365676726062,0.0329805404608576,0.7877208997076726,Light Heavyweight,1983-02-24
jared cannonier,2026-07-18,jared cannonier,77.0,0.4995409834717534,4.108444943937614,0.4843100698383129,0.0693458575020403,0.3355364477874572,0.0087039984558764,0.6381114495187322,Middleweight,1984-03-16
jared gooden,2024-10-12,jared gooden,77.0,0.5001784942307,3.8246191548374986,0.5663288336352419,0.1105146241734265,0.3172326465819015,0.0142063857483561,0.618759726360184,Welterweight,1993-12-05
jared gordon,2026-05-09,jared gordon,68.0,0.4994684307075347,4.241493571019433,0.4544174112572278,0.121803132310014,0.399515475572854,0.0247184277040967,0.6190068256472523,Lightweight,1988-09-06
jared hamman,2013-08-31,jared hamman,75.0,0.497179656557158,4.619334385675645,0.4981815170225971,0.0605714725376591,0.4540925089165686,0.0140268930984717,0.6857546203485427,Middleweight,1982-03-07
jared papazian,2012-12-15,jared papazian,67.0,0.4929999999999999,3.7169797544937895,0.5241640108130907,0.0528139716384877,0.396649549297914,0.0165647774365631,0.5918075411958911,Flyweight,1988-02-01
jared rollins,2007-12-08,jared rollins,74.0,,,,,,,,Welterweight,
jared rosholt,2016-02-06,jared rosholt,75.0,0.5020627365081521,4.297069406715023,0.4066002237615037,0.0583041655086753,0.3639171564265647,0.0066744810196428,0.9616270789296316,Heavyweight,1986-08-04
jared vanderaa,2022-10-29,jared vanderaa,80.0,0.4954545019292452,3.900073084417347,0.5409836056123656,0.0335626415345369,0.432207758702338,0.0064400211553541,0.974563906314701,Heavyweight,1992-05-12
jarjis danho,2021-04-10,jarjis danho,74.0,0.5031550847046468,4.009364210145484,0.4247616490937156,0.033705986775907,0.3769142090279752,0.0064752845215467,0.9594886076187688,Heavyweight,1983-10-15
jarno errens,2024-08-10,jarno errens,73.0,0.4983937790671892,2.577059203372537,0.4915204539327763,0.0869586449610714,0.3986720680271907,0.0509607268130265,0.4183693051028323,Featherweight,1994-11-17
jarred brooks,2018-09-08,jarred brooks,62.0,0.4993476547515549,2.8636907159057943,0.4381797661414794,0.0943387296051435,0.473925660102385,0.0697294838711302,0.4935349576383744,Flyweight,1993-05-02
jason black,2007-10-20,jason black,72.0,0.507,2.6385,0.6055681307958173,0.0633,0.4455348016443632,0.2529,0.6346221471921647,Lightweight,1972-07-15
jason brilz,2011-11-19,jason brilz,71.0,0.4985818931228831,2.6904068222806936,0.3772637248156186,0.0682600096615902,0.3756977645223875,0.0705015912626762,0.7914803639482254,Light Heavyweight,1975-07-07
jason day,2009-03-07,jason day,72.0,0.4982235095552138,3.3609659062530723,0.5099846401039958,0.1361863349398254,0.3673419504182539,0.0383882797050439,0.6242452523566595,Middleweight,1981-05-19
jason dent,2009-11-21,jason dent,71.0,0.493,2.376203008904197,0.4761127715734114,0.0560369426643093,0.445557984210699,0.0157981426382376,0.6197466498917719,Lightweight,1980-06-12
jason gilliam,2007-07-07,jason gilliam,74.0,0.5044096825736512,2.426544520502959,0.4697844631750763,0.1305329164221007,0.3750960624330383,0.060546578828786,0.5083812407607909,Welterweight,
jason godsey,1999-09-24,jason godsey,78.0,0.4970724248873563,2.424893114555392,0.536877869027565,0.0780841424758961,0.3648754463419594,0.0406206617680018,0.6338050621449401,Heavyweight,
jason gonzalez,2019-04-27,jason gonzalez,74.0,0.501153617146325,3.640953359611116,0.4443240016669545,0.1101032549590953,0.3767382656872777,0.0407869265063578,0.6531937329173603,Lightweight,1990-02-28
jason high,2014-06-07,jason high,73.0,0.4975339895721432,2.991402635413773,0.3949998512197714,0.1170800180056565,0.3546132684646175,0.0213994330675063,0.6228868791877109,Lightweight,1981-10-12
jason knight,2018-11-03,jason knight,71.0,0.4992640284243021,3.4282822169925224,0.4850972435429491,0.0991752214480598,0.4007796601583122,0.0923499812476618,0.3830490973537916,Featherweight,1992-07-14
jason lambert,2008-09-06,jason lambert,75.0,0.4995709929303715,2.8723321466129312,0.5125186522407097,0.1208382959622902,0.2764803478316283,0.0947520691858353,0.6197631954619879,Middleweight,
jason macdonald,2012-05-15,jason macdonald,80.0,0.4985565410850817,2.733577221404283,0.4843331052821255,0.0896988961351606,0.3810630374367681,0.0676086007277148,0.6290213492015946,Middleweight,1975-06-03
jason miller,2012-05-26,jason miller,75.0,0.4929999999999999,2.4888012066986454,0.5351888222771779,0.0797793242149269,0.3770064365790852,0.0096539586388063,0.6316386277048107,Middleweight,1980-12-24
jason novelli,2016-11-05,jason novelli,72.0,0.493,4.809921843543083,0.4137872196409879,0.2249603181167968,0.3649439297903462,0.0157652043451108,0.6327924829221979,Lightweight,1979-06-08
jason reinhardt,2011-08-14,jason reinhardt,69.0,0.507,3.5151,0.4542799050678645,0.2515,0.3563661873027008,0.1411,0.554357688789852,Bantamweight,1969-10-31
jason saggo,2017-09-16,jason saggo,71.0,0.5011313938504309,2.9484852991963844,0.4601787061087726,0.1089603808032777,0.4677548611127676,0.0131660602459284,0.6226053485103431,Lightweight,1985-11-23
jason tan,2008-05-24,jason tan,74.0,0.4955547445265642,2.5274534951918515,0.4553023380923599,0.0767757756795917,0.4124358650791697,0.0230498224006527,0.5876751661706573,Welterweight,1981-12-17
jason thacker,2005-04-09,jason thacker,75.0,,,,,,,,Middleweight,
jason von flue,2006-08-17,jason von flue,74.0,0.5003996002917349,2.770999866376427,0.4581419005373199,0.0940947602267046,0.3746921914880632,0.0877280312815098,0.6188123934750315,Welterweight,
jason witt,2022-08-13,jason witt,70.0,0.4984773813598131,3.1015809542356347,0.4786982330885244,0.2230916470271558,0.3432819425248968,0.035749430101925,0.6204892264792987,Catch Weight,1986-11-07
jason young,2012-09-29,jason young,73.0,0.4983744651669679,3.2306539679594017,0.4831557511472099,0.1313254109893255,0.3852902566808374,0.0127999999999999,0.388054096826673,Featherweight,1986-06-28
javid basharat,2026-02-07,javid basharat,69.0,0.499144782134552,4.576336770989317,0.4413282901626899,0.0880755520843905,0.305705200534883,0.0147868756116017,0.5859433568907718,Bantamweight,1995-09-07
javier reyes,2026-06-27,javier reyes,73.0,0.498729280953937,3.5328761595264004,0.4547705296333693,0.1105492856699218,0.2931769855493982,0.0941564549836298,0.3838102550829922,Featherweight,1993-10-10
javier vazquez,2011-06-26,javier vazquez,69.0,0.5014178760571569,3.1291627942093525,0.4133925476960155,0.1314777068144064,0.3851344653075489,0.0636496358939294,0.5753995387769312,Featherweight,
jay cucciniello,2018-07-06,jay cucciniello,71.0,,,,,,,,Ultimate Fighter 27 Featherweight Tournament,1986-07-23
jay hieron,2013-02-02,jay hieron,75.0,0.4966345293395293,2.6907328541094904,0.4510330597500837,0.050015738603751,0.4070256398661994,0.0371631986203239,0.5583946429324527,Welterweight,1976-07-29
jay perrin,2022-12-10,jay perrin,67.0,0.5015567550868408,5.096703415552939,0.4880501939907464,0.128070883762904,0.4274055376292771,0.0179104256646623,0.4967265446310048,Bantamweight,1993-06-15
jay silva,2010-01-11,jay silva,75.0,0.5001950450906796,3.158147122307856,0.4206824834475956,0.1174097795743172,0.3887688324505753,0.0346105027910352,0.6283840480111738,Middleweight,
jc cottrell,2017-01-28,jc cottrell,72.0,0.507,5.0024,0.3763621527059577,0.083,0.3649439297903462,0.0244,0.6152530690911471,Lightweight,1989-11-04
jean matsumoto,2026-06-27,jean matsumoto,68.0,0.5021165862080722,3.5735403802313823,0.4048606074220642,0.1391978108288549,0.3373670039686091,0.0164205704419726,0.5809578665036967,Bantamweight,1999-09-09
jean paul lebosnoyani,2026-07-18,jean-paul lebosnoyani,72.0,0.507,4.1251,0.4806363882641757,0.1605,0.3531788793103448,0.0952,0.4227538126880709,Welterweight,1999-01-27
jean silva,2026-01-24,jean silva,69.0,0.4974791156559823,3.5628574165500297,0.4365159006489656,0.092460298300905,0.3588701622349408,0.0201072557207039,0.3881814592177142,Featherweight,1996-12-27
jeff cox,2008-04-02,jeff cox,72.0,0.4993740014742052,2.812187445391113,0.4600954756827027,0.0739910260020993,0.3404757360458846,0.0899603436188524,0.6749018551777556,Lightweight,
jeff curran,2012-05-15,jeff curran,69.0,0.4929999999999999,2.988325082873577,0.4192314801242643,0.0341703563343804,0.6193848404252039,0.0541744158784071,0.5808443956496898,Bantamweight,1977-09-02
jeff hougland,2012-11-10,jeff hougland,68.0,0.5004617080679907,3.216077372916061,0.3808610641593108,0.0471553057685608,0.4428414125211353,0.011545295133775,0.5829273415972586,Bantamweight,1978-08-02
jeff hughes,2020-09-26,jeff hughes,77.0,0.493,2.8842,0.7974775978858479,0.0497,0.4758637588826268,0.0095,0.979369042602738,Heavyweight,1988-05-17
jeff joslin,2006-12-13,jeff joslin,74.0,0.4951130473257889,2.2822327697586786,0.5227438801527259,0.0590258066627165,0.4806562567386965,0.1024228630349139,0.5352466732348535,Welterweight,
jeff molina,2022-06-04,jeff molina,69.0,0.507,7.09975658738116,0.5735110451991997,0.0597661539274731,0.3970577549970318,0.0201220513091577,0.4362422669302396,Flyweight,1997-07-17
jeff monson,2006-11-18,jeff monson,74.0,0.4957696178968885,3.381067585544601,0.4374208610234935,0.0434178698571152,0.392652583900944,0.0483203976181409,0.9745866659073672,Heavyweight,
jeff newton,2005-11-19,jeff newton,76.0,0.500394783649659,2.676675002804557,0.3284616745340484,0.1213532983943094,0.3860891504553157,0.0309766491971547,0.7820302176685165,Light Heavyweight,
jefferson nascimento,2026-06-27,jefferson nascimento,70.0,,,,,,,,Welterweight,1998-11-19
jeka saragih,2025-06-07,jeka saragih,69.0,0.4976946647058499,3.309403440169276,0.5275133139379148,0.1111723489417734,0.3495654101296995,0.0262666052262293,0.4500152653696358,Featherweight,1995-01-01
jenel lausa,2018-06-23,jenel lausa,68.0,0.4969573797707787,2.006710737138358,0.4949070774811713,0.0733499230827842,0.4009994107128999,0.0615357710201303,0.4126253278996732,Flyweight,1988-08-01
jens pulver,2007-06-23,jens pulver,70.0,0.5012341141162456,2.89673188657208,0.5203720970199913,0.1260719607860823,0.3991141071086335,0.0168942146923539,0.5934649363884189,Lightweight,
jeongyeong lee,2025-05-10,jeongyeong lee,73.0,0.4968144451392046,4.401196900493002,0.4417179630348535,0.1151252410099864,0.4340405804093806,0.0293522633742944,0.6659020144364595,Featherweight,1995-11-13
jeremiah wells,2025-11-01,jeremiah wells,74.0,0.5006710552862805,2.980302046199537,0.46249741083781,0.1423281491774465,0.3393042529314535,0.0420369503998106,0.5927560636621289,Welterweight,1986-10-30
jeremy horn,2009-01-17,jeremy horn,74.0,0.5003484203766493,2.886459368210417,0.4441423401188363,0.0496692198509512,0.307780896285697,0.0143312185665848,0.6246782680838431,Middleweight,1975-08-25
jeremy jackson,2006-11-11,jeremy jackson,74.0,0.501922485465219,2.9180075101263427,0.4637299368168527,0.170849453135683,0.3702167826974,0.0823964558660233,0.7480367748754824,Welterweight,
jeremy kennedy,2018-02-10,jeremy kennedy,71.0,0.493,2.612942126844675,0.5981973055218834,0.0796155969700313,0.4651246688757228,0.0127092666326048,0.635217462495227,Featherweight,1992-09-16
jeremy kimball,2018-07-22,jeremy kimball,72.0,0.4976159958297025,3.635934573868996,0.4841967308171917,0.1031680021780363,0.381047776395139,0.0176302643597966,0.7915600320010049,Light Heavyweight,1991-01-03
jeremy larsen,2013-10-19,jeremy larsen,70.0,0.493,4.329750711365156,0.3764234368795342,0.1236808850652497,0.3649439297903462,0.0175089800450793,0.632792482922198,Featherweight,1984-05-18
jeremy stephens,2026-05-09,jeremy stephens,71.0,0.4987955359045597,3.5202101571312867,0.5226137882500973,0.0772588185497303,0.4204377648024078,0.0379594186431874,0.6484740736167208,Lightweight,1986-05-25
jermaine andre,2000-03-10,jermaine andre,75.0,,,,,,,,Middleweight,
jerome rivera,2021-07-10,jerome rivera,72.0,0.507,3.7338032936272776,0.4894906522403056,0.091333400237995,0.3354651541603613,0.0148,0.4362422669302396,Flyweight,1995-04-22
jerrod sanders,2016-07-07,jerrod sanders,72.0,0.4986025734242228,3.012765184306956,0.4892948386824368,0.1713755706799122,0.3921645685900642,0.0237137894315781,0.4351500179154829,Bantamweight,1979-10-01
jerry bohlander,1999-01-08,jerry bohlander,75.0,,,,,,,,Middleweight,
jess liaudin,2008-10-18,jess liaudin,72.0,0.507,4.1582,0.4740274766759362,0.1331,0.3531788793103448,0.0149,0.5918553377632993,Lightweight,
jesse bongfeldt,2011-06-11,jesse bongfeldt,75.0,0.5,3.5147,0.5157170616685107,0.1189,0.4987999936841772,0.0092,0.6339365954150863,Middleweight,1980-08-28
jesse butler,2024-06-08,jesse butler,73.0,0.5006367740479389,5.991985513540291,0.4664543765703969,0.0619129617407618,0.334290561317534,0.013661926908691,0.5709821216323132,Bantamweight,1992-05-24
jesse forbes,2010-05-29,jesse forbes,75.0,0.4930000000000001,2.684551867876876,0.4001110706121805,0.03766459108011,0.316335696412321,0.0103755244555518,0.671246581074962,Middleweight,1984-10-24
jesse lennox,2010-06-12,jesse lennox,72.0,0.5023390588785085,2.88126475819448,0.4203310988517352,0.1475685058481015,0.3335692762122825,0.056750019152763,0.6339187361135185,Welterweight,1982-03-10
jesse ronson,2022-10-01,jesse ronson,70.0,0.5021232298002575,4.370309838530584,0.4171943972481681,0.1125357152948318,0.3739957462168065,0.0190913759475117,0.6213627612834488,Lightweight,1985-12-24
jesse sanders,2009-04-01,jesse sanders,74.0,0.4985723338453991,2.0889560531351887,0.4792711276151253,0.1173468270651066,0.2915840984407878,0.0694120611514473,0.5447010648244534,Welterweight,
jesse strader,2022-02-19,jesse strader,70.0,0.4988903822643785,2.2846966157792985,0.5632149757374694,0.2000956809398961,0.490325323217144,0.0560509460839212,0.577760747657945,Bantamweight,1991-05-29
jesse taylor,2017-07-07,jesse taylor,73.0,0.5036640484012491,4.290748894283251,0.4324224215292302,0.062891157551877,0.3919002553447011,0.017448836660976,0.6010563631492465,Ultimate Fighter 25 Welterweight Tournament,1983-01-02
jessin ayari,2020-10-03,jessin ayari,73.0,0.507,3.0613,0.345503797763265,0.0483,0.2045345698362939,0.0132,0.5918553377632993,Lightweight,1992-05-31
jesus aguilar,2026-03-07,jesus aguilar,62.0,0.4988724529506848,2.6510146896304905,0.4920799944542124,0.1459224965054276,0.3411105103017061,0.0390760849562439,0.4785862317821989,Flyweight,1996-03-13
jesus pinedo,2019-03-23,jesus pinedo,72.0,0.4978559751553526,3.99019653771301,0.5091870779947117,0.0601713380011295,0.3605102266259883,0.0152798648889807,0.6451572388657597,Lightweight,1996-06-22
jhonata diniz,2025-10-11,jhonata diniz,79.0,0.5034760566987735,4.0940271822571095,0.4502946764299192,0.0294401333996943,0.3384898991136659,0.0056462469013256,0.9588602462563086,Heavyweight,1991-06-23
jianping yang,2014-08-23,jianping yang,71.0,,,,,,,,Ultimate Fighter China Featherweight Tournament,
jim alers,2016-07-23,jim alers,71.0,0.499423433235698,3.4994965350291998,0.4862070610491231,0.0872566475196026,0.3132671586120771,0.035200277494758,0.3880443782202331,Featherweight,1986-10-14
jim miller,2026-05-09,jim miller,71.0,0.5005315692924652,3.5259260048030416,0.4642835385642012,0.087756337888304,0.387960632972784,0.0634015626665698,0.6616168665047519,Lightweight,1983-08-30
jim wallhead,2017-06-03,jim wallhead,74.0,0.5037205561005459,3.1896322557665666,0.4094678479085726,0.0308441112201091,0.3120193180377619,0.0772655354908936,0.6145636743793209,Welterweight,1984-03-14
jimi manuwa,2019-06-01,jimi manuwa,79.0,0.4982003479656077,3.489898000956112,0.4956634008634799,0.0595854501956118,0.3452141907794648,0.0212132252545282,0.7894038191596732,Light Heavyweight,1980-02-18
jimmie rivera,2021-02-27,jimmie rivera,68.0,0.4992436403226945,5.076272999149782,0.4556967522469546,0.0683296276103645,0.3317577193812093,0.0144858806625074,0.5845748960621376,Bantamweight,1989-06-29
jimmy crute,2025-09-27,jimmy crute,74.0,0.5007241381898249,3.791467416214159,0.556059850677931,0.1879941230943761,0.3725192157429101,0.0741798171948982,0.788830187071297,Light Heavyweight,1996-03-04
jimmy flick,2025-04-26,jimmy flick,68.0,0.5027574277176098,4.2492688748916505,0.4062755962641496,0.0864895004056636,0.3724363478171482,0.0478895485759537,0.49957935228904,Flyweight,1990-09-07
jimmy quinlan,2013-04-13,jimmy quinlan,75.0,,,,,,,,Middleweight,1986-05-25
jimy hettes,2015-04-18,jimy hettes,71.0,0.4999801503878705,3.980626074265,0.4388907740631252,0.096831296695686,0.4172826535379166,0.0293534572440581,0.3857406834188464,Featherweight,1987-06-09
jin soo son,2019-07-20,jin soo son,69.0,0.507,4.0678,0.3493083321197401,0.155,0.438045605157688,0.195,0.5859008666306486,Bantamweight,1993-04-01
jiri prochazka,2026-04-11,jiri prochazka,80.0,0.5031597964076686,4.731203764573523,0.5318893176351164,0.0593238358598512,0.363949772510139,0.0125200967091999,0.7838086425111701,Light Heavyweight,1992-10-14
joachim christensen,2017-06-25,joachim christensen,76.0,0.4976314858703989,3.5556169545650285,0.4891692517992324,0.0507274872696742,0.3952304614069289,0.0127411221778273,0.7915351343904155,Light Heavyweight,1978-11-07
joanderson brito,2026-06-06,joanderson brito,72.0,0.4965259968511447,2.658813750095168,0.4789498904429148,0.0806090336350598,0.3802861131754503,0.0590820412152837,0.5688780919931804,Featherweight,1995-02-11
joao pierini,2002-06-22,joao pierini,72.0,0.507,1.884773668756412,0.5199384287530702,0.1633199807314219,0.4042459227249779,0.0917556148828002,0.4488697680585887,Lightweight,
joao roque,2000-06-09,joao roque,72.0,0.4962216224156886,3.283637494560352,0.5277109877267114,0.0741053337324535,0.4477132960620376,0.0142255596300273,0.632792482922198,Lightweight,
joao zeferino,2013-09-04,joao zeferino,74.0,0.493,1.8191,0.4376086139807032,0.0319,0.385376565993306,0.0962,0.6184747272342306,Welterweight,1986-01-15
joaquim silva,2025-09-13,joaquim silva,69.0,0.4999770125890453,2.8882934111026817,0.4633642973312329,0.0622754367258503,0.3755132790811689,0.0364455263823135,0.5753135311591413,Lightweight,1989-02-05
joaquin buckley,2026-05-09,joaquin buckley,76.0,0.4975007002419387,3.307945519058197,0.5083933091711456,0.0450113480912173,0.4273653010877042,0.0103008791674704,0.6033258658108336,Welterweight,1994-04-27
joby sanchez,2018-11-10,joby sanchez,68.0,0.4993509470881387,2.9004837492182847,0.4938885496936588,0.0918779658281962,0.4029139682073014,0.0817545357352351,0.5109137342160184,Bantamweight,1991-06-24
joe brammer,2010-05-29,joe brammer,72.0,0.500948404518097,3.927174104521782,0.3836757711673327,0.064687730601738,0.3624635239644734,0.0149696932287667,0.620715013966653,Lightweight,1983-08-23
joe doerksen,2010-12-11,joe doerksen,75.0,0.4973228650829259,2.9923680167579487,0.5007901383083083,0.090796691729895,0.3787488186366317,0.0894682047239131,0.6268407886880514,Middleweight,1977-10-09
joe duffy,2020-07-18,joe duffy,73.0,0.498906281781897,2.9550466872465653,0.4563652364321507,0.0841813485893647,0.3914659918689754,0.0404740157288252,0.6612241228883678,Lightweight,1988-02-18
joe ellenberger,2014-12-13,joe ellenberger,72.0,0.507,2.2075,0.5056326131924707,0.1656,0.3649439297903462,0.0973,0.4394664779222479,Lightweight,1985-03-28
joe giannetti,2018-07-06,joe giannetti,74.0,,,,,,,,Ultimate Fighter 27 Lightweight Tournament,
joe jordan,2006-07-08,joe jordan,71.0,0.5007695010747527,2.8618850611995077,0.4260301493481723,0.1135089338817308,0.4064577181478918,0.0238714081937348,0.5937683875917007,Catch Weight,
joe lauzon,2019-10-18,joe lauzon,71.0,0.4981459357464147,3.506819404160922,0.4829895898793791,0.1121015909403683,0.3829402160535956,0.0428583024132743,0.5977393180507761,Lightweight,1984-05-22
joe merritt,2015-06-27,joe merritt,74.0,0.4997676130686013,2.703463975120883,0.3752680099928294,0.0940608984353175,0.4125309139050654,0.0576706175714838,0.6650873315864826,Welterweight,1984-03-07
joe proctor,2017-04-22,joe proctor,72.0,0.4990629993792956,4.0183734345299085,0.4683512423182419,0.2109490224212567,0.361779123153481,0.0194602912070546,0.5855541517276374,Welterweight,1985-08-10
joe pyfer,2026-03-28,joe pyfer,75.0,0.5004518283962637,3.626971952111182,0.4762036911666096,0.0791213463937507,0.3338589102989048,0.0201873900603743,0.6327904404729541,Middleweight,1996-09-17
joe riggs,2016-02-21,joe riggs,70.0,0.5010575349371565,3.3678322151911817,0.4734596297696244,0.1166671476916884,0.3475424344620073,0.0378025112336254,0.6272390907806643,Middleweight,1982-09-23
joe slick,2000-04-14,joe slick,75.0,,,,,,,,Middleweight,
joe solecki,2025-01-11,joe solecki,70.0,0.493,1.5119,0.4290489394094387,0.0352,0.5065086614850719,0.0973,0.4519946306587128,Lightweight,1993-08-27
joe soto,2018-02-03,joe soto,65.0,0.4998979147287041,3.535982898058673,0.4467722382833885,0.1101808377993322,0.3733592322505227,0.0293437070866877,0.5742248553808905,Bantamweight,1987-03-22
joe stevenson,2011-06-26,joe stevenson,70.0,0.4985821239428431,2.6769738279594155,0.4000005381702345,0.1469787424964813,0.4077839787099496,0.0903177471482185,0.5414604213463389,Featherweight,1982-06-15
joe vedepo,2009-04-01,joe vedepo,75.0,0.5002920812805848,2.849258056735282,0.4894199731999638,0.1098980098531931,0.3681828626151474,0.1304147420798957,0.6296771871400373,Middleweight,
joe veres,2008-01-23,joe veres,72.0,0.5,2.3277,0.5179723060581483,0.1326,0.5079745762339619,0.0907,0.5273270691018316,Lightweight,1977-11-09
joel alvarez,2026-05-09,joel alvarez,77.0,0.5056417036862962,4.651897334065746,0.4431206243342994,0.0618954609584055,0.3634354610844834,0.0522806328112519,0.6104741693802386,Welterweight,1993-03-02
joey beltran,2013-10-09,joey beltran,75.0,0.5012617224202957,4.102205971617752,0.5721120705783255,0.1407662196208835,0.38035998559849,0.0219093169078318,0.7834287362972332,Light Heavyweight,1981-12-08
joey gambino,2012-10-13,joey gambino,71.0,0.5005798491565192,3.5480681100178435,0.4742641161579309,0.1081531041347321,0.4024098961252764,0.040983354416267,0.3837766988504851,Featherweight,1988-10-26
joey gilbert,2001-05-04,joey gilbert,72.0,,,,,,,,Lightweight,
joey gomez,2016-09-17,joey gomez,71.0,0.4993279068960328,3.0368686553999718,0.4132544443142503,0.0757915780540648,0.4395058946019808,0.0372665945062438,0.5810672714962277,Bantamweight,1989-08-29
joey roberts,1999-03-05,joey roberts,78.0,,,,,,,,Heavyweight,
john albert,2013-07-27,john albert,68.0,0.4959901333233249,3.927700966764328,0.5360918036275925,0.0682092763662441,0.3613456765895792,0.1444902266571242,0.5774685408504427,Bantamweight,1986-10-13
john alessio,2012-07-07,john alessio,72.0,0.493,2.509963451336848,0.583412785378296,0.0441467029948533,0.3864370149440078,0.0159550033308232,0.61500148161563,Lightweight,1979-07-05
john allan,2021-11-06,john allan,75.0,0.4950312617959485,4.095713143219672,0.5244063708814601,0.1998787733963416,0.349680970820217,0.0135381365713096,0.795517765240135,Light Heavyweight,1993-02-22
john castaneda,2026-04-18,john castaneda,71.0,0.4988597615762999,4.241905677164606,0.4777420269287331,0.1135238233326298,0.3480678456758166,0.0163089733496974,0.599602991348504,Catch Weight,1991-12-18
john cholish,2013-05-18,john cholish,74.0,0.4988219364395855,2.983311753327008,0.3748296701333943,0.0488652847168911,0.4380396938461467,0.0322501643518892,0.5938662611895082,Lightweight,1983-12-17
john cofer,2012-12-15,john cofer,72.0,,,,,,,,Lightweight,1984-04-29
john dodson,2020-08-15,john dodson,66.0,0.5005521928013642,3.4890548361469427,0.411358650967317,0.0681292469327367,0.3618932521228089,0.0130105591417561,0.5587096445478915,Bantamweight,1984-09-26
john garza,2026-07-11,john garza,68.0,0.493,3.419843645640143,0.4671511434952685,0.1393113229862853,0.40429880493937,0.0235691690194358,0.5567222074079818,Bantamweight,2002-10-30
john gunderson,2010-09-15,john gunderson,69.0,0.5000506742537316,2.709667426380371,0.4530540270027234,0.1449950390703958,0.3692163021303522,0.0555719202396992,0.6128041488514823,Lightweight,1979-01-05
john gunther,2018-11-10,john gunther,72.0,0.4966888331942817,3.093382795947219,0.4171133572490771,0.0487281364862389,0.4187580803522732,0.0141274274441111,0.6220060329263924,Lightweight,1985-11-24
john halverson,2008-03-01,john halverson,72.0,0.5000871492038076,3.327829262672352,0.3167778483093235,0.0621406829939762,0.3108426687372415,0.0237703414969881,0.5921600732805359,Lightweight,
john hathaway,2014-03-01,john hathaway,75.0,0.495985298821725,2.5375250522577777,0.4738260422581061,0.0630722720568857,0.4012778752139531,0.0256721283670876,0.5817345544549941,Welterweight,1987-07-23
john howard,2015-12-10,john howard,72.0,0.498565095523925,3.2870068045508414,0.4540494291478454,0.1158643256632971,0.375780400906339,0.0237947927051848,0.6433032877287579,Welterweight,1983-03-01
john kolosci,2007-12-08,john kolosci,74.0,,,,,,,,Welterweight,
john lewis,2000-11-17,john lewis,72.0,0.4950281586947305,2.6111750470274724,0.3766624209841823,0.0758074473859726,0.4170510324240294,0.0127713193751543,0.6327924829221979,Lightweight,
john lineker,2019-04-27,john lineker,67.0,0.5047681239918125,4.664986646303338,0.4363195959059385,0.0621809123470379,0.3390640575092877,0.0387275665284613,0.5332582959054433,Bantamweight,1990-06-12
john lober,1998-10-16,john lober,76.0,,,,,,,,Light Heavyweight,
john maguire,2013-06-15,john maguire,69.0,0.507,3.5168520223209256,0.2611565408499899,0.1375244686143716,0.3183930613114026,0.0357833771522161,0.558553663869408,Lightweight,1983-05-19
john makdessi,2023-09-09,john makdessi,68.0,0.4995403094165963,3.8524063609771377,0.487579984741587,0.0639252530024727,0.3797147137713998,0.0220557403992216,0.6056103681819792,Lightweight,1985-05-03
john marsh,2005-04-16,john marsh,78.0,,,,,,,,Heavyweight,
john moraga,2018-08-25,john moraga,66.0,0.5020709844533433,2.974202229279458,0.4132490740982041,0.0783874909317918,0.4216525596176937,0.0655675785668099,0.4319381283477689,Flyweight,1984-03-20
john phillips,2020-10-17,john phillips,75.0,0.4996283938998841,4.134339444056931,0.4730784590441464,0.1974204648142486,0.3982045124226562,0.0373706740745074,0.6337225081453185,Middleweight,1985-06-09
john polakowski,2008-12-13,john polakowski,72.0,,,,,,,,Lightweight,
john salter,2010-08-28,john salter,74.0,0.5013353995838142,3.097047898768214,0.3744937330659694,0.1177516004904098,0.3770510207854143,0.0416050381609628,0.6185189916338516,Middleweight,1985-03-21
john teixeira,2012-06-23,john teixeira,71.0,,,,,,,,Featherweight,1986-11-18
john yannis,2026-06-06,john yannis,70.0,0.4971881764032863,3.7954845788186167,0.4492090888416586,0.0606545948651062,0.3320471205657414,0.0141578415816465,0.6217103307497408,Bantamweight,1994-07-07
johnny bedford,2014-09-13,johnny bedford,71.0,0.4983715222114261,2.4962137016147743,0.4170274083858832,0.1134030479464894,0.3556017408988645,0.0177697108776777,0.4323186894076435,Bantamweight,1983-01-06
johnny case,2017-06-25,johnny case,72.0,0.4982970440320448,3.080528093698101,0.430938564895093,0.0689376322319437,0.3279292328756852,0.0346806460799508,0.6793525425760498,Lightweight,1989-06-28
johnny eduardo,2021-10-02,johnny eduardo,71.0,0.4986197638636464,3.343112578080925,0.359801324079885,0.0784439601385984,0.3263598136297353,0.0412840642704248,0.583883130817796,Bantamweight,1978-08-03
johnny munoz,2023-10-07,johnny munoz,71.0,0.5012618791350053,4.743966159118081,0.5148546999857753,0.1241122261865338,0.368272221794292,0.0189790273485894,0.5397503987228235,Bantamweight,1993-02-16
johnny rees,2008-12-10,johnny rees,74.0,0.507,3.299,0.3633520716175529,0.117,0.1725287067230972,0.0952,0.4227538126880709,Welterweight,
johnny walker,2026-04-11,johnny walker,82.0,0.4987069882368541,3.4064124875201744,0.532773905015973,0.0694013354997174,0.3661475113968667,0.0148476363469215,0.7898064469303179,Light Heavyweight,1992-03-30
johny hendricks,2017-11-04,johny hendricks,69.0,0.4989780589594645,3.336271236425212,0.4738339434692399,0.1463139628433037,0.3505609163302512,0.0151276235747437,0.597973567598662,Middleweight,1983-09-12
jon delos reyes,2015-10-24,jon delos reyes,67.0,0.5001377846800044,2.6658842968945597,0.4203076294272379,0.2023482508608881,0.3962793405480973,0.0913818220501426,0.3982686953928251,Flyweight,1987-08-19
jon fitch,2013-02-02,jon fitch,74.0,0.5037569180421142,3.4434091093763235,0.4596289084573958,0.2025645785932339,0.3863764175884646,0.0431320285841198,0.5626483061231277,Welterweight,1978-02-24
jon jones,2024-11-16,jon jones,84.0,0.5065748051016908,3.8635214032826215,0.4674713086637874,0.1485819472449693,0.3575416298950286,0.0489009511426778,0.8476168023333749,Heavyweight,1987-07-19
jon madsen,2011-03-26,jon madsen,72.0,0.507,3.2992071960831453,0.3002188182792109,0.1084517808791231,0.3619988901625188,0.00667525240258,0.9519614829544948,Heavyweight,1980-02-12
jon manley,2013-02-23,jon manley,74.0,,,,,,,,Welterweight,1986-07-07
jon olav einemo,2012-01-28,jon olav einemo,78.0,0.493,3.042783385079868,0.457421711505327,0.028969232891666,0.3910832942505131,0.0055509576031889,0.9793690426027378,Heavyweight,1975-12-10
jon tuck,2018-08-25,jon tuck,73.0,0.4977466976841824,4.036330755033299,0.4196607158330207,0.1026937970018966,0.3005504528641757,0.0374915430800585,0.6617563130192319,Lightweight,1984-08-28
jonathan brookins,2012-12-15,jonathan brookins,74.0,0.4964189746670719,3.4772024263962718,0.4536394305389326,0.1016663836466007,0.366072899004217,0.0747363098375969,0.3897170358509327,Featherweight,1985-08-13
jonathan goulet,2010-05-08,jonathan goulet,73.0,0.4986866466136925,3.236466363091083,0.4568713362274656,0.0742907089299282,0.3644470360287312,0.0258731047181715,0.5788988858854527,Welterweight,1979-07-13
jonathan martinez,2024-11-16,jonathan martinez,70.0,0.5030677039186454,4.241827083462826,0.4498295704054653,0.050678791625588,0.3492056578272032,0.0171549612274426,0.5548573415263754,Bantamweight,1994-04-20
jonathan meunier,2016-11-26,jonathan meunier,74.0,0.5016865782791002,2.934789449005286,0.4835680954494357,0.1343482732958584,0.3674976430566798,0.0340059992822905,0.5473503161979839,Welterweight,1987-08-04
jonathan micallef,2026-05-02,jonathan micallef,77.0,0.507,3.75283290105129,0.4481880649507613,0.0723149392194463,0.3067338089588364,0.0454519104038821,0.7293249935677915,Welterweight,1999-03-05
jonathan pearce,2024-10-12,jonathan pearce,71.0,0.500437163986912,4.063429356225864,0.4613901254093968,0.2272923176663086,0.3925215824017598,0.0442401219790111,0.3972609307828586,Featherweight,1992-05-01
jonathan wiezorek,2004-04-02,jonathan wiezorek,78.0,,,,,,,,Heavyweight,
jonathan wilson,2017-10-21,jonathan wilson,75.0,0.4990071090705025,4.75471663002033,0.5035161445874067,0.0932623898960754,0.3455351969051656,0.0150766080370803,0.7893240536434004,Middleweight,1987-07-17
jonavin webb,2016-02-21,jonavin webb,74.0,0.493,2.2556,0.3906240237033442,0.117,0.3531788793103448,0.0952,0.4348289427920558,Welterweight,1989-04-28
jonny parsons,2023-07-22,jonny parsons,69.0,0.501399763315351,3.977226850783882,0.383676239195829,0.087727262518674,0.3238684192268092,0.0496754137439001,0.5475320837061276,Welterweight,1991-09-06
joosang yoo,2025-10-04,joosang yoo,71.0,0.4951264282189901,4.349377686394123,0.4607648159861882,0.0800654767579249,0.3934086513502938,0.0220273446445723,0.5448095896376112,Catch Weight,1994-01-21
jordan espinosa,2021-03-06,jordan espinosa,69.0,0.5021792443836,3.0340143500647616,0.4773390374399103,0.1034750893909024,0.3777540206319115,0.0876719809924281,0.4703925998919646,Flyweight,1989-11-08
jordan griffin,2021-04-10,jordan griffin,73.0,0.4985761055049639,3.073582579465059,0.5059643385213461,0.0561692015387855,0.4979619153870284,0.12747694790354,0.3875791319706686,Featherweight,1990-02-28
jordan johnson,2018-09-15,jordan johnson,79.0,0.507,3.024193592851207,0.5068933179115356,0.1590580596262842,0.3057494106148313,0.0482042714325284,0.7677250342732905,Middleweight,1988-11-18
jordan leavitt,2026-06-06,jordan leavitt,71.0,0.5034740031488552,2.911841584355892,0.4032108133793308,0.1993000327690289,0.3856146971878796,0.0520801158899159,0.6062812189540264,Featherweight,1995-06-02
jordan mein,2018-07-28,jordan mein,73.0,0.4993944080264872,3.4390314097923,0.3664017677710142,0.1165111199265117,0.3211073100738097,0.030955817693374,0.5536671425700292,Welterweight,1989-10-10
jordan radev,2007-12-29,jordan radev,75.0,0.4982782258610602,2.950103907626941,0.458308091949253,0.07643609584697,0.2471722850163412,0.0118046051747894,0.6766970385720108,Middleweight,
jordan rinaldi,2019-03-16,jordan rinaldi,72.0,0.493,2.46660249075272,0.3630767331702897,0.2164018489451613,0.4191591487094435,0.0484306422122398,0.3884875396858066,Featherweight,1987-09-25
jordan vucenic,2025-03-22,jordan vucenic,73.0,0.493,2.7293,0.4421085262743621,0.0352,0.3226851320733071,0.0103,0.6327924829221979,Lightweight,1996-03-02
jordan williams,2021-11-06,jordan williams,75.0,0.4999833593290534,3.780263224333656,0.451045102493826,0.0949077226158612,0.3125265855295169,0.0119986955859569,0.6003280226627586,Welterweight,1990-10-13
jordan wright,2023-02-18,jordan wright,77.0,0.4966243395113482,4.387635018481096,0.6067560505994044,0.1538442803602699,0.3374513695787735,0.033964922196615,0.688311680072095,Light Heavyweight,1991-10-07
jorge de oliveira,2015-03-21,jorge de oliveira,72.0,0.493,2.2556,0.5031420342147855,0.0301,0.56652356785317,0.0082,0.6087605199088783,Lightweight,1980-01-22
jorge gurgel,2008-11-15,jorge gurgel,69.0,0.507,4.121340439578144,0.4179661207236928,0.1050094399653564,0.3720325011890003,0.0132056332389475,0.5918553377632993,Lightweight,1977-01-25
jorge lopez,2012-05-15,jorge lopez,74.0,0.4987319744111175,3.8115970094182368,0.4444193001970762,0.1106877174642553,0.3525274678177946,0.0107835750531438,0.6034469924755881,Welterweight,1988-11-21
jorge masvidal,2023-04-08,jorge masvidal,74.0,0.4970446527300685,3.5071921984643084,0.5200520925150178,0.072600845850468,0.354277067202828,0.0151786616850393,0.6063462190511371,Welterweight,1984-11-12
jorge patino,1999-01-08,jorge patino,74.0,0.493,1.8234,0.5187795797648693,0.0928,0.2159868192478068,0.0755,0.4348289427920558,Welterweight,
jorge rivera,2012-01-20,jorge rivera,73.0,0.4994079169955155,3.3318398842164854,0.4198697425666627,0.0810144099104337,0.3641630079475332,0.0204047561146697,0.6253412504579894,Middleweight,1972-02-28
jorge santiago,2013-02-16,jorge santiago,75.0,0.493,3.1336,0.628126187067146,0.0896,0.5402879933699368,0.0209,0.8454770752055182,Welterweight,1980-10-09
jose aldo,2025-05-10,jose aldo,70.0,0.5000195750535399,3.9221819829045046,0.4309468768549244,0.0448733984218297,0.251995181274097,0.0142365916351319,0.5476539791964345,Featherweight,1986-09-09
jose daniel medina,2026-02-28,jose daniel medina,74.0,0.4929999999999999,3.3107204011110376,0.5466373036336325,0.068949849395071,0.4038065785856171,0.0142719132961834,0.6339365954150862,Middleweight,1991-05-17
jose delano,2026-04-04,jose delano,70.0,,,,,,,,Featherweight,
jose delgado,2026-07-18,jose delgado,74.0,0.4993279068960328,2.901000278819396,0.4243977602035856,0.0944036541852647,0.3445964089009269,0.0589283052189172,0.3831032486605684,Featherweight,1998-04-21
jose henrique,2026-05-30,jose henrique,79.0,,,,,,,,,2002-05-23
jose johnson,2025-01-11,jose johnson,71.0,0.4974704078664377,2.744570903442317,0.515198331523227,0.0784323732635268,0.4375136825177775,0.0461976275714349,0.5239572497259914,Flyweight,1995-05-20
jose maria,2013-11-09,jose maria,67.0,0.493,3.1413,0.3872854071699454,0.1429,0.4731023744647723,0.0953,0.4166223836616267,Flyweight,
jose ochoa,2026-05-09,jose ochoa,67.0,0.5016236400505889,2.611985777799415,0.4832830198089813,0.1428315563500448,0.3899878263074985,0.0502302665138743,0.4796249942794602,Flyweight,2000-12-31
jose quinonez,2020-12-05,jose quinonez,69.0,0.501110506629695,3.96789730156808,0.4605892653604621,0.1499517117676057,0.3590460769831872,0.1064978932378422,0.5112298813720699,Bantamweight,1990-07-28
jose torres,2018-08-04,jose torres,65.0,0.4929999999999999,2.713923587084881,0.4508217576129071,0.0480875076772348,0.4346119215777979,0.0156189621405954,0.5176163693741885,Flyweight,1992-08-02
joseph benavidez,2021-03-06,joseph benavidez,65.0,0.5009919845893607,3.8200794964565774,0.4915968228710446,0.1176640671943421,0.3797237609073514,0.023608957459809,0.4447865046681776,Flyweight,1984-07-31
joseph gigliotti,2016-12-09,joseph gigliotti,75.0,0.493,1.8626,0.5759088623215107,0.0754,0.4986136572997328,0.0527,0.6261102176939124,Middleweight,1993-08-13
joseph holmes,2023-05-06,joseph holmes,80.0,0.4975866038702181,3.717010313480993,0.4331270959955655,0.0893890652585793,0.3886276846670862,0.0515147677859791,0.6337884549281279,Middleweight,1995-07-04
joseph morales,2025-11-08,joseph morales,69.0,0.5007366812263842,3.7036334842374017,0.4359271334802872,0.1226717442565061,0.3750975101179164,0.0500248253252236,0.4823991068259845,Flyweight,1994-08-22
joseph sandoval,2012-01-20,joseph sandoval,69.0,0.493,3.2152,0.3642776199757392,0.0846,0.3563661873027008,0.0265,0.5918075411958911,Bantamweight,
josh barnett,2016-09-03,josh barnett,78.0,0.4987203081049453,3.370175467727882,0.4826886095858234,0.0710873630949203,0.3856660753211612,0.0097725497324706,0.967962061048919,Heavyweight,1977-11-10
josh bryant,2010-06-19,josh bryant,75.0,,,,,,,,Middleweight,1980-04-23
josh clopton,2013-08-03,josh clopton,71.0,0.4958186974347663,2.349288058780292,0.4197715942008426,0.1127058853091048,0.3448822321129409,0.0165824391832445,0.390057531239633,Featherweight,1981-07-11
josh copeland,2015-03-14,josh copeland,78.0,0.497129516419988,2.39715702623704,0.5671270094443492,0.0325806122852637,0.397792500353908,0.0062453307469958,0.9712847592027936,Heavyweight,1982-10-20
josh culibao,2024-08-17,josh culibao,73.0,0.499223303736762,3.547075190722933,0.4481783288208097,0.0401163172902948,0.3837805807499207,0.0297834220163872,0.4057643611489579,Featherweight,1994-05-24
josh emmett,2026-03-14,josh emmett,70.0,0.4983000725541479,3.3263329998966458,0.4359203344666399,0.0845473588625435,0.4007787847962302,0.0186057683680822,0.3942610926057042,Featherweight,1985-03-04
josh ferguson,2012-07-11,josh ferguson,67.0,0.4962198313502918,2.86842934707742,0.4847022510445988,0.1166528281883995,0.3324055151006236,0.0339847173173716,0.5841079549915991,Flyweight,1988-05-13
josh fremd,2024-07-13,josh fremd,76.0,0.4990865581504932,3.299330197487204,0.478073746008657,0.0723411192909454,0.4251404539723064,0.0636572702230964,0.6235222466191006,Middleweight,1994-01-15
josh grispi,2013-02-16,josh grispi,74.0,0.507,3.2841,0.4871513521222002,0.0359,0.1965619887647845,0.0128,0.3812926477728517,Featherweight,1988-10-14
josh haynes,2007-04-07,josh haynes,74.0,0.5022504228120496,2.048964071968838,0.4790083751068351,0.2191940127477834,0.4267801507046189,0.0485086706665087,0.5135061431126441,Welterweight,
josh hendricks,2008-11-15,josh hendricks,78.0,0.4977205962309393,3.3108532955513508,0.4843466678089531,0.065877409720775,0.4256368643002712,0.0080355186901133,0.9701276124045424,Heavyweight,1976-08-28
josh hokit,2026-06-14,josh hokit,73.0,0.5070000000000001,6.247904605169728,0.4537024756566329,0.0692934593549263,0.3650072067439553,0.0083817981065183,0.9519614829544948,Heavyweight,1997-11-12
josh koscheck,2015-03-21,josh koscheck,73.0,0.4989996106381137,3.893724608258366,0.5195325512741157,0.1346283349105568,0.3606352636227733,0.0540641741625271,0.5471129836263305,Welterweight,1977-11-30
josh neer,2013-02-23,josh neer,72.0,0.5001858767781282,3.613403023492985,0.3609184095367878,0.0510288076506979,0.2968340701204106,0.0099338290746605,0.6248830579248663,Welterweight,1983-03-24
josh parisian,2024-03-09,josh parisian,79.0,0.4984535555423215,3.783144693930379,0.5729094194994684,0.0900203833485888,0.4288990217294835,0.0053567373950592,0.9686927105440818,Heavyweight,1989-06-28
josh quinlan,2024-06-15,josh quinlan,72.0,0.4965277106938687,3.552081453321738,0.4615152358287964,0.0647271351699664,0.3956489872858434,0.0128122262090019,0.6624543358523278,Welterweight,1993-02-06
josh rafferty,2005-04-09,josh rafferty,74.0,,,,,,,,Welterweight,
josh samman,2016-07-13,josh samman,79.0,0.5019560156245619,3.623360740710631,0.4749190798988912,0.0928013752484137,0.3376129544845399,0.0530010597702905,0.6636297874976184,Middleweight,1988-03-14
josh sampo,2015-05-23,josh sampo,64.0,0.5006368003416644,2.0953279294149905,0.605460733989341,0.0827536584116645,0.4805930350248393,0.0915475307257028,0.4463226277280506,Flyweight,1984-07-24
josh shockley,2015-02-22,josh shockley,72.0,0.5005435530929516,3.688309433717495,0.532785821645454,0.0562869057369606,0.2062221125123297,0.0327704300741853,0.5570065573433992,Lightweight,1989-11-15
josh shockman,2006-11-18,josh shockman,78.0,0.493,2.2686,0.4829955613438231,0.0415,0.5108061749571183,0.008,0.979369042602738,Heavyweight,
josh stansbury,2017-06-25,josh stansbury,74.0,0.4995092931895943,3.3290001212206426,0.4371059875595081,0.0319,0.2776239546952382,0.0545493923218069,0.7780901864767223,Light Heavyweight,1984-11-19
josh thomson,2015-07-15,josh thomson,71.0,0.4967880698715556,2.801435992445084,0.4224003165797875,0.0941769219956623,0.4300340907528043,0.010478933892699,0.6280467311294727,Lightweight,1978-09-21
joshua burkman,2018-02-18,joshua burkman,72.0,0.4953137361423874,3.269828530447633,0.5104648674280422,0.0953603614640339,0.3297435551012981,0.0150658824382277,0.6194470002454152,Welterweight,1980-04-10
joshua van,2026-05-09,joshua van,65.0,0.5057474108368236,6.259917737353103,0.4368619114997737,0.0848160755193871,0.3366048604193057,0.0192412317457127,0.437352620531193,Flyweight,2001-10-10
joshua weems,2022-10-29,joshua weems,69.0,0.507,2.1101,0.4353121611408732,0.2968,0.5083928332335975,0.0997,0.3719928270954651,Bantamweight,1994-05-05
josiah harrell,2026-02-21,josiah harrell,68.0,0.4929999999999999,3.782155467247576,0.5408911499601899,0.0564779961916083,0.4318125480192554,0.0154722018498631,0.6087605199088781,Welterweight,1998-11-13
josias musasa,2025-09-27,josias musasa,74.0,0.507,3.0803,0.3157879901439401,0.0776,0.16477146294641,0.0107,0.5751461021194715,Bantamweight,1998-10-10
journey newson,2023-04-29,journey newson,67.0,0.4977343393412409,3.245848654512368,0.3678176195191261,0.0740322276899443,0.3997293478694732,0.0201475888870036,0.5864795324252404,Catch Weight,1989-03-07
jovan leka,2026-08-01,jovan leka,78.0,,,,,,,,Heavyweight,
jp buys,2023-08-12,jp buys,67.0,0.493,2.6893472301784143,0.6019107902911054,0.0873751282217845,0.4398311302566254,0.0827735419106411,0.4787933124890031,Bantamweight,1996-04-30
juan adams,2020-02-08,juan adams,80.0,0.4971534348196583,4.785256922564824,0.6784865707743742,0.0727432356452548,0.4228311332941588,0.0079398056102281,0.9712379345623896,Heavyweight,1992-01-16
juan adrian luna,2026-04-25,juan adrian luna,69.0,0.4988425761266525,4.058042007811456,0.4385753632555422,0.0796956341261936,0.3465891114744777,0.0499049750009454,0.586570728162785,,
juan diaz,2026-05-16,juan diaz,69.0,0.4982066972417085,4.1468647239197765,0.5164434902073414,0.1098059132980093,0.3184840179003225,0.0197616137428397,0.5135155901298694,Bantamweight,1998-06-03
juan espino,2021-04-17,juan espino,80.0,0.493,2.924809848579756,0.5082509247801373,0.0392567159194435,0.4646488773461297,0.0075292182222691,0.979369042602738,Heavyweight,1980-10-09
juan manuel puig,2014-11-22,juan manuel puig,71.0,0.493,4.0361,0.4058482768267861,0.0782,0.3649439297903462,0.0229,0.6327924829221979,Featherweight,1989-04-23
juancamilo ronderos,2023-02-18,juancamilo ronderos,64.0,0.4929999999999999,3.167820862821983,0.4784691792906324,0.1032147994559848,0.3556487109620624,0.0147999999999999,0.4486525215215587,Flyweight,1995-02-17
jules bruchez,2008-12-13,jules bruchez,76.0,,,,,,,,Light Heavyweight,
julian erosa,2026-03-28,julian erosa,74.0,0.501378609905401,5.083724788735699,0.482998558153299,0.112044460149443,0.3791985436777768,0.0454049037206738,0.42718013356494,Featherweight,1989-07-31
julian marquez,2025-03-01,julian marquez,72.0,0.5007491079349047,3.501708838477009,0.4687475799865033,0.1146849873696707,0.3845435189532555,0.0590748181646122,0.6267559000843372,Middleweight,1990-05-08
julien leblanc,2026-04-18,julien leblanc,75.0,,,,,,,,Middleweight,1992-01-21
julija stoliarenko,2022-10-01,julija stoliarenko,66.0,,,,,,,,Women's Flyweight,1993-04-08
julio arce,2024-03-30,julio arce,70.0,0.499757895222316,3.973510043403294,0.3532696211166399,0.0591341585507779,0.3081522397378607,0.0201908148140184,0.5269380817889975,Featherweight,1989-10-27
julio paulino,2010-09-25,julio paulino,74.0,0.5003964570202912,3.057829723770696,0.5409165829322509,0.1987308114026073,0.3540027177718963,0.0197401262616831,0.5774678784361114,Welterweight,1975-12-04
julius walker,2026-06-27,julius walker,78.0,0.493,3.39286001700971,0.4990516775576143,0.0761734033371444,0.4517764477572675,0.019155063133927,0.7989794616141341,Light Heavyweight,1999-07-16
jumabieke tuerxun,2014-11-07,jumabieke tuerxun,69.0,0.4929999999999999,2.396034945267586,0.4270119690428667,0.0563940889813716,0.3399455509854868,0.0528400337777247,0.4935456449186499,Bantamweight,1986-04-17
junie browning,2009-04-01,junie browning,72.0,0.4966157773212651,3.1512982321893435,0.3506597527044763,0.1034479480014069,0.3691323744677773,0.0144194153388095,0.6282625818680123,Lightweight,1984-05-12
junior albini,2019-06-29,junior albini,74.0,0.493,3.5442932362598056,0.4928776244292486,0.0864727314008689,0.388507718696398,0.0076591968093427,0.979369042602738,Heavyweight,1991-03-15
junior assuncao,2011-12-30,junior assuncao,72.0,0.4987561172579167,3.184349096793101,0.3837814453576196,0.073053986405335,0.328158544751411,0.0233122753372225,0.6653275065151006,Featherweight,1981-06-24
junior dos santos,2020-12-12,junior dos santos,77.0,0.4989821801839071,3.624745625423707,0.4594659942654158,0.0402621096009549,0.3586093694662656,0.007825872449241,0.967453685826401,Heavyweight,1984-01-30
junior tafa,2026-06-06,junior tafa,75.0,0.493,4.7473430748964045,0.6066775813715346,0.0822814506787741,0.3434003959482204,0.0207072404904495,0.7989794616141341,Light Heavyweight,1996-09-21
junyong park,2025-10-25,junyong park,73.0,0.4966766688538084,3.917116243396786,0.5474256332029693,0.0675841024411674,0.3520558002936857,0.0195217169247333,0.6293043340592565,Middleweight,1991-02-27
jussier formiga,2020-06-06,jussier formiga,67.0,0.5006789400672185,2.1373671035005777,0.3731371957464135,0.1227355969272866,0.3533748345722456,0.0480513298814134,0.4507922809993598,Flyweight,1985-04-14
justin buchholz,2010-02-06,justin buchholz,73.0,0.5025256987465883,3.253244799806984,0.4458685750185283,0.2200731094906816,0.3695433213751806,0.0644624231316132,0.5949635613231521,Lightweight,1983-08-22
justin edwards,2015-06-06,justin edwards,70.0,0.4989341923578185,3.6339184296081335,0.3611818353591773,0.0921515055470488,0.3649439297903461,0.0469915280089093,0.6682365403843852,Lightweight,1983-01-26
justin eilers,2006-02-04,justin eilers,78.0,0.493,2.4108,0.6398436967170693,0.0963,0.3586225095659058,0.0068,0.979369042602738,Heavyweight,
justin frazier,2018-11-30,justin frazier,75.0,,,,,,,,Ultimate Fighter 28 Heavyweight Tournament,1989-06-15
justin gaethje,2026-06-14,justin gaethje,70.0,0.4929999999999999,4.116642145137812,0.5098206436428607,0.0602099324952429,0.4156662203098322,0.0198823274422184,0.4658998976017013,Lightweight,1988-11-14
justin james,2006-10-14,justin james,72.0,,,,,,,,Lightweight,
justin jaynes,2021-06-26,justin jaynes,68.0,0.5009932912660509,3.8076580910987023,0.4615617887383618,0.1369102111271728,0.3370316180777984,0.0933462454794168,0.4253864612042232,Featherweight,1989-08-10
justin jones,2015-04-04,justin jones,75.0,0.507,4.7207,0.5042249784490549,0.0632,0.3520558002936857,0.0183,0.6162978953960615,Middleweight,1987-09-06
justin lawrence,2013-04-13,justin lawrence,67.0,0.4997642957475443,3.997409090601549,0.3138580457129725,0.1007122932667204,0.3892134655176956,0.0148089260631139,0.5000058747754555,Featherweight,1990-05-15
justin ledet,2020-10-31,justin ledet,80.0,0.507,3.0782003555884474,0.2785422921715286,0.0977249086907854,0.3520558002936857,0.0646954009298421,0.6212325532898583,Light Heavyweight,1988-09-28
justin levens,2006-06-28,justin levens,75.0,0.4984599034608036,3.0612753307403056,0.5300837643971208,0.0916135267887852,0.3799274240034744,0.0335935253289008,0.6620945555596691,Middleweight,
justin mccully,2009-08-29,justin mccully,73.0,0.4985056308985717,2.780942927103727,0.628378467689576,0.0962821125500426,0.4170475051802838,0.0086224660956427,0.9685907635131796,Heavyweight,1976-02-18
justin salas,2016-03-05,justin salas,70.0,0.5003716061001159,3.0975887069721977,0.4893883790093008,0.0710300013444198,0.4120230082308357,0.0506858571185795,0.5736239146646908,Lightweight,1982-03-13
justin scoggins,2018-07-14,justin scoggins,66.0,0.498644310791163,3.781959997204535,0.4157892514976318,0.1800931934790462,0.3394783453412014,0.029149552153651,0.4639345809126643,Flyweight,1992-05-02
justin tafa,2025-02-08,justin tafa,74.0,0.5004117487142731,3.653057892145796,0.5269138719845242,0.0493504713180713,0.4035844409317574,0.0094768251758855,0.9670186299110392,Heavyweight,1993-12-13
justin willis,2019-03-23,justin willis,78.0,0.4973786252092257,3.2156494931494564,0.503879031796716,0.055987855932439,0.4545039103030499,0.022587157728781,0.96835836337229,Heavyweight,1987-07-19
justin wren,2009-12-05,justin wren,78.0,,,,,,,,Heavyweight,
jutaro nakao,2002-03-22,jutaro nakao,74.0,0.493,1.6801,0.5862163388005672,0.0389,0.5412349065366306,0.0107,0.6087605199088783,Welterweight,
kaan ofli,2026-06-27,kaan ofli,66.0,0.5012707190460629,3.005128510011532,0.4469901890665075,0.0761376549745582,0.4568863426643352,0.0434464900864944,0.3914404595271545,Featherweight,1993-06-19
kai asakura,2026-05-30,kai asakura,69.0,0.493,2.693014625730661,0.4718741156164512,0.0613728945968118,0.4237971557566206,0.0206536651721112,0.4486525215215587,Bantamweight,1993-10-31
kai kamaka,2026-07-11,kai kamaka,69.0,0.4929999999999999,3.41377449912614,0.5440797431958909,0.2106079047878451,0.3654837731270852,0.0170462105109335,0.3922670729633906,Featherweight,1995-01-05
kai kara france,2025-06-28,kai kara-france,69.0,0.4942274680162783,3.653166906160952,0.5282791277067058,0.0909485460653946,0.4240524044032998,0.0179656518515206,0.4475644364797932,Flyweight,1993-03-26
kajan johnson,2018-09-15,kajan johnson,75.0,0.4950233377257131,2.498173300236697,0.3886758130168097,0.0674799101522157,0.4114067197863206,0.0165084055039936,0.6372327380241004,Lightweight,1984-04-21
kalib starnes,2008-04-19,kalib starnes,74.0,0.495567407833313,3.766692413509008,0.4544301127784316,0.0977416531063919,0.3365983193192176,0.0175607517017024,0.6307018999437788,Middleweight,1975-01-06
kamal shalorus,2012-05-15,kamal shalorus,68.0,0.4999255792745384,2.9636941684850537,0.3544264825879147,0.0826907047492952,0.3389474757806549,0.0274123823063712,0.6422126658625751,Lightweight,1972-08-27
kamaru usman,2026-07-18,kamaru usman,76.0,0.4956955644737226,3.901896215336095,0.4872392567512746,0.1156052171079085,0.4179234667755869,0.0136076124051244,0.6298964846984278,Middleweight,1987-05-11
kamuela kirk,2023-07-08,kamuela kirk,75.0,0.4990755420872058,2.7843884387788003,0.4167942787866034,0.0420131532470126,0.4639971534834811,0.0715402591600186,0.3815237408602209,Lightweight,1994-04-13
karl roberson,2022-07-09,karl roberson,74.0,0.5006016786269609,4.660349319170535,0.4657327045570743,0.09519604658481,0.3575498357022439,0.0186418143785338,0.7872698458032703,Light Heavyweight,1990-10-04
karl williams,2024-08-10,karl williams,79.0,0.493,3.0564,0.5758159094667706,0.1037,0.3885077186963979,0.0073,0.979369042602738,Heavyweight,1990-01-06
karlos vemola,2013-06-08,karlos vemola,75.0,0.507,2.7321,0.2755031170120795,0.0319,0.2021089536572467,0.0092,0.6162978953960615,Middleweight,1985-07-03
karo parisyan,2010-11-20,karo parisyan,72.0,0.5021315729439707,3.01116471222922,0.4183040429977704,0.2192309028431899,0.3599408559510911,0.0348403347108221,0.561325747168869,Welterweight,1982-08-28
katsunori kikuno,2015-09-26,katsunori kikuno,66.0,0.4994571953063026,3.5508718103393835,0.4483951451115521,0.107984946985711,0.3304149636855249,0.03899945831286,0.4954010813999583,Featherweight,1981-10-31
kaue fernandes,2025-09-06,kaue fernandes,73.0,0.4996971634798882,3.6727951548871376,0.4568395058149427,0.0864606460505484,0.3177137578962318,0.0105534622622478,0.6244021742244865,Lightweight,1995-03-17
kaynan kruschewsky,2024-07-20,kaynan kruschewsky,73.0,0.5020790603720119,3.854446428729357,0.450710023488237,0.1693175994223482,0.3635533413701686,0.0244709157672189,0.5824939666939508,Lightweight,1991-04-04
kazuhiro nakamura,2008-05-24,kazuhiro nakamura,70.0,0.507,2.8813,0.3525316214300188,0.0424,0.414906587635054,0.2991,0.7547188778640541,Light Heavyweight,1979-07-16
kazuki tokudome,2014-09-20,kazuki tokudome,73.0,0.4969553219226457,2.789522066546409,0.5179973013281948,0.1256693012200286,0.34121369487341,0.0103,0.6278371952053187,Lightweight,1987-03-04
kazula vargas,2022-03-19,kazula vargas,71.0,0.493,4.3307,0.5550069827651145,0.1457,0.2827493510087366,0.0191,0.6327924829221979,Lightweight,1985-08-15
kb bhullar,2021-05-01,kb bhullar,78.0,0.507,3.611,0.4954774128099414,0.0565,0.319058841810836,0.0142,0.7764768384714905,Middleweight,1991-10-12
keigo kunihara,2005-10-07,keigo kunihara,78.0,,,,,,,,Heavyweight,
keiichiro nakamura,2026-01-31,keiichiro nakamura,70.0,,,,,,,,Featherweight,1998-12-02
keita nakamura,2019-04-20,keita nakamura,73.0,0.5025443484566756,3.026668960400405,0.4736484515748086,0.0400951635318212,0.3803591887824221,0.024799587198591,0.5649448241377734,Welterweight,1984-05-22
keith berish,2016-12-09,keith berish,75.0,0.5,2.8799,0.3820246846818296,0.0731,0.4459623951103284,0.0184,0.7989794616141341,Middleweight,1985-11-14
keith jardine,2010-06-19,keith jardine,76.0,0.4980958221908041,3.597059033534709,0.4528965426350438,0.0603025639337691,0.3789719494965051,0.0122421866977607,0.7974958897936508,Light Heavyweight,1975-10-31
keith rockel,2003-11-21,keith rockel,75.0,0.493,2.3774,0.4379293936191437,0.1921,0.3073786682767206,0.1554,0.6184747272342306,Middleweight,
keith wisniewski,2013-09-04,keith wisniewski,74.0,0.493,3.0402675234872323,0.547145616690091,0.1083969553186737,0.3166137464571605,0.0316870599981146,0.5562681172944165,Welterweight,1981-10-25
kelly dullanty,2002-03-22,kelly dullanty,72.0,0.4995125980129323,1.83516060113098,0.4549412685315142,0.0708967746952976,0.2574696809025949,0.0082465185572352,0.6008964730767671,Lightweight,
kelvin gastelum,2026-04-11,kelvin gastelum,71.0,0.5002822392161221,3.659972075048688,0.4577161815805495,0.074640368219187,0.3697597415707506,0.0102929479381674,0.6231323139351066,Middleweight,1991-10-24
ken shamrock,2006-10-10,ken shamrock,72.0,0.4954912818330617,2.8191275845438524,0.5581274068479515,0.0641809563939506,0.3822708965286986,0.019673496131716,0.7884924316934552,Light Heavyweight,
ken stone,2012-08-11,ken stone,71.0,0.5030500654689268,3.8398225063686966,0.4516606864487507,0.1136858895684182,0.3354605208097681,0.0465358869227429,0.585453749532064,Bantamweight,1982-10-08
kendall grove,2011-05-28,kendall grove,79.0,0.5001626166400571,2.735515131270005,0.4692338332223051,0.0668765056143723,0.3752151439835027,0.0803539656312727,0.6195549905087033,Middleweight,1982-11-12
kenichi yamamoto,2000-12-16,kenichi yamamoto,74.0,0.493,2.0710273846736182,0.4344873014342518,0.0583972641579037,0.4179326331875672,0.0777196486779833,0.4938385731250835,Welterweight,
kennedy nzechukwu,2025-12-13,kennedy nzechukwu,83.0,0.5006278379779712,4.528147669154905,0.4525508802658284,0.0633154881360245,0.3330475829470521,0.0187359081703335,0.8608587522657765,Heavyweight,1992-06-13
kenny florian,2011-10-08,kenny florian,74.0,0.493,3.0768,0.437565830945147,0.0553,0.4732070755109789,0.0089,0.3922670729633906,Featherweight,1976-05-26
kenny robertson,2016-09-17,kenny robertson,74.0,0.5013097635465384,3.743209562986831,0.3642123100967721,0.0669272900796511,0.3428834522855611,0.0247568808220722,0.6306458582333879,Welterweight,1984-02-14
kerry schall,2005-11-05,kerry schall,78.0,,,,,,,,Heavyweight,
kevin aguilar,2021-05-15,kevin aguilar,73.0,0.4975200028520629,3.672243589605418,0.4929835765723167,0.0523578855119158,0.29151069689337,0.0152057239773474,0.4510821725931213,Featherweight,1988-09-07
kevin borjas,2026-06-20,kevin borjas,68.0,0.4929999999999999,2.9273136703099767,0.5421797133183085,0.1414409841849647,0.4306993496038604,0.0166137182630262,0.4486525215215586,Flyweight,1997-12-06
kevin burns,2009-12-12,kevin burns,74.0,0.500278819239828,2.55816733758107,0.466202811220574,0.1622326624189305,0.3896998804567657,0.0308163312094652,0.5486854412180384,Welterweight,1980-03-03
kevin casey,2016-08-27,kevin casey,77.0,0.4991364751207462,3.6672827355304576,0.4962438909234069,0.0812571620670415,0.3520558002936857,0.0172670701411424,0.626205206570154,Middleweight,1981-06-15
kevin christian,2026-05-02,kevin christian,80.0,0.5035939970286298,3.287824881795028,0.5236436012477607,0.1571957459826675,0.3789050799083008,0.0447353855396537,0.893869411019399,Light Heavyweight,1995-01-21
kevin croom,2022-04-16,kevin croom,73.0,0.4991862680722637,4.471526348175716,0.3367452764519623,0.081466709937537,0.3401328249523974,0.0264889033125123,0.5848170853490061,Bantamweight,1987-07-15
kevin ferguson,2010-05-08,kevin ferguson,77.0,0.507,2.7063,0.5324908137935402,0.219,0.473469387755102,0.054,0.8117024117917994,Heavyweight,
kevin holland,2026-04-11,kevin holland,81.0,0.4994809924649713,4.033848249812443,0.5011609020954505,0.07280482660879,0.3570257717535795,0.0366848799556049,0.6491132968197659,Welterweight,1992-11-05
kevin jordan,2005-11-19,kevin jordan,78.0,0.493,3.1519,0.4501889665484626,0.0498,0.3885077186963979,0.0096,0.979369042602738,Heavyweight,
kevin jousset,2025-02-08,kevin jousset,75.0,0.507,5.854104974115431,0.5014954063402077,0.101540118286628,0.3298021433230734,0.0486748973809713,0.7044957853611048,Welterweight,1993-05-02
kevin lee,2023-07-01,kevin lee,77.0,0.4990284557936407,3.7892893303099737,0.4917445806314793,0.159791073248046,0.3374346205803964,0.0301109799358269,0.6377397748166564,Welterweight,1992-09-04
kevin natividad,2022-11-19,kevin natividad,70.0,0.501038406427507,3.8677545261978303,0.3216956674038687,0.1451985545045313,0.3327681402748824,0.0107,0.5822410112699334,Bantamweight,1993-04-02
kevin randleman,2002-01-11,kevin randleman,76.0,0.4977376012944004,2.152167517992091,0.5025683691669542,0.1244023610029369,0.3932951417324846,0.03188536694979,0.9117178060326347,Light Heavyweight,
kevin vallejos,2026-03-14,kevin vallejos,68.0,0.501699927445852,3.9859795665065545,0.3728062978499983,0.0875737337282914,0.3535410932765126,0.046116572730435,0.398956016102763,Featherweight,2001-12-08
khabib nurmagomedov,2020-10-24,khabib nurmagomedov,70.0,0.5069999999999999,4.144365944452721,0.3803844593186509,0.2494127962430555,0.3609646298429369,0.0527651007591231,0.7009136235798482,Lightweight,1988-09-20
khadis ibragimov,2020-09-26,khadis ibragimov,78.0,0.493,3.884838058286401,0.5761409455896204,0.086155451785314,0.3099898263204898,0.0111631951587871,0.7989794616141342,Light Heavyweight,1995-05-21
khalid murtazaliev,2018-09-15,khalid murtazaliev,76.0,,,,,,,,Middleweight,1993-07-15
khalid taha,2022-09-03,khalid taha,69.0,0.4962398731332154,3.195983581261064,0.4953390552596582,0.0434853047661597,0.3688785591217736,0.0219793690236053,0.565546719407247,Bantamweight,1992-02-15
khalil rountree jr,2025-10-04,khalil rountree jr.,76.0,0.4980252364368572,4.908864757627007,0.521750575146994,0.0612100698301374,0.3841339024940236,0.026794813284621,0.7877486377704798,Light Heavyweight,1990-02-26
khama worthy,2021-10-23,khama worthy,74.0,0.4989280845755976,3.7369151192185033,0.5085672995848134,0.0726385779548328,0.3727454943290036,0.0329647953906831,0.6815054586483643,Lightweight,1986-10-15
khamzat chimaev,2026-05-09,khamzat chimaev,75.0,0.507,3.332192355531604,0.4840170856678908,0.2485281825828552,0.3671554654739271,0.0823341788831497,0.6322893817513253,Middleweight,1994-05-01
khaos williams,2026-05-16,khaos williams,77.0,0.5006531760270716,3.5535023813294835,0.5148393175830667,0.1314903015315921,0.3510726393263574,0.0408989823979272,0.5961679418794614,Welterweight,1994-03-30
khusein askhabov,2023-02-18,khusein askhabov,69.0,0.5027836104026665,3.569429838472664,0.5119989177672036,0.0567386421965602,0.4145389752670742,0.1086053298470787,0.3912939218387654,Featherweight,1995-02-13
kiefer crosbie,2025-08-23,kiefer crosbie,70.0,0.4989843403554243,3.724917856235576,0.4378922248662218,0.1230582802165904,0.4052047835650161,0.0218066796012061,0.6115357787718088,Welterweight,1990-04-05
kiichi kunimoto,2017-06-10,kiichi kunimoto,71.0,0.5028117269690533,2.8335531412888697,0.5548501012162521,0.095078404630259,0.3968237111878278,0.0345496594157039,0.6527371829225982,Welterweight,1981-05-01
kimo leopoldo,2004-06-19,kimo leopoldo,78.0,0.507,4.4758,0.3357671020650855,0.1624,0.319058841810836,0.0515,0.7668907046632005,Heavyweight,
king green,2026-07-11,king green,71.0,0.5019082415882354,5.536603989337857,0.400332752886174,0.109010120496647,0.3762049103636876,0.0299205197657311,0.6851709732912292,Lightweight,1986-09-09
kiru sahota,2024-11-23,kiru sahota,73.0,,,,,,,,Road to 3 Flyweight Tournament TitleBout,1995-05-28
kit cope,2005-11-05,kit cope,74.0,0.499605216350341,3.38549036685975,0.500629457147638,0.098659196291771,0.3701153932102395,0.0155328689926875,0.6123166624664927,Welterweight,
kj noons,2016-02-06,kj noons,70.0,0.5043210759234354,3.625084927848624,0.4382103801521405,0.0765965325251438,0.3419664201315124,0.0312190214081113,0.6593330785306726,Lightweight,1982-12-07
kleydson rodrigues,2024-05-18,kleydson rodrigues,67.0,0.4991565637345455,4.497145908250276,0.3588313892973099,0.0607558808018941,0.3922968412724315,0.0193990687536379,0.5846185196105714,Bantamweight,1995-10-22
klidson abreu,2020-05-30,klidson abreu,74.0,0.493,2.6062,0.4372492720086578,0.2928,0.3654336734693877,0.008,0.7989794616141341,Light Heavyweight,1992-12-24
kody steele,2026-05-02,kody steele,71.0,0.493,4.2075,0.559907893630714,0.0787,0.3226851320733071,0.0103,0.6327924829221979,Lightweight,1995-04-21
koji oishi,2005-06-04,koji oishi,74.0,0.4967049293002849,2.504962915935629,0.4309907830292451,0.1461826214936151,0.3513540647071778,0.0606848082423707,0.5503032691533218,Welterweight,
konstantin erokhin,2015-12-11,konstantin erokhin,78.0,0.5013894148224022,3.440096226930576,0.485965380747232,0.0533100667181101,0.3772809170233944,0.0090105125768175,0.9629452292342492,Heavyweight,1983-01-31
kris mccray,2011-03-26,kris mccray,76.0,0.4967064810397074,2.3705614436543576,0.4050440638412459,0.130248561630364,0.3876881196867037,0.0652280108681716,0.5080203713100302,Welterweight,1981-09-24
kris moutinho,2026-02-28,kris moutinho,68.0,0.5034830332275942,3.963145807590264,0.4025808361255958,0.1322193118557808,0.341438659868602,0.0918307312751838,0.5897705730783768,Bantamweight,1992-08-09
kristian rothaermel,2006-06-28,kristian rothaermel,76.0,0.507,3.6306,0.4352195260722409,0.1752,0.3654336734693877,0.1197,0.7919889459067234,Light Heavyweight,
kristof midoux,2006-08-17,kristof midoux,78.0,,,,,,,,Heavyweight,
kron gracie,2024-12-07,kron gracie,70.0,0.4984384780541182,2.780563911214971,0.5104007770200648,0.0649591190710367,0.3860535267598702,0.0318957870099693,0.3908246742309575,Featherweight,1988-07-11
krzysztof jotko,2022-10-01,krzysztof jotko,77.0,0.5031534031133482,3.3423970635850684,0.4388338843120384,0.1007825550057866,0.3097376393124786,0.0124153268528701,0.620834219337941,Middleweight,1989-08-19
krzysztof soszynski,2011-12-10,krzysztof soszynski,77.0,0.5035411600940373,3.658125132528483,0.4176512284733045,0.061933919181049,0.3400490448947236,0.0520945090871643,0.7793585296877595,Light Heavyweight,1977-08-02
kuniyoshi hironaka,2008-04-19,kuniyoshi hironaka,70.0,0.5000093710178078,3.1519689038929006,0.4659498323922111,0.12354918428043,0.4377713931917791,0.1134214542090743,0.5522881322382878,Welterweight,1976-06-17
kurt holobaugh,2025-05-31,kurt holobaugh,70.0,0.498594597175064,4.441990721508084,0.4815104504641654,0.0547264933798065,0.4987234167686188,0.0463935258667978,0.5979221254578722,Lightweight,1986-09-08
kurt pellegrino,2011-03-19,kurt pellegrino,70.0,0.5020627023164571,2.88628207138111,0.4031519615355033,0.151079085165562,0.3573657207183757,0.0538087689726333,0.6691056217730899,Lightweight,1979-05-07
kurtis campbell,2026-03-21,kurtis campbell,72.0,,,,,,,,Featherweight,2002-07-29
kwan ho kwak,2017-06-17,kwan ho kwak,69.0,0.493,3.6021,0.5776916643789172,0.0341,0.6147988742524032,0.0107,0.5918075411958911,Bantamweight,1989-06-18
kyle bochniak,2019-10-18,kyle bochniak,70.0,0.497197863566324,2.9959196197494986,0.4208934165818306,0.0910256783223072,0.3844951827610865,0.0128,0.3889764201299112,Featherweight,1987-02-05
kyle bradley,2010-01-11,kyle bradley,71.0,0.5016087585274382,3.1083171515392527,0.3358330745761049,0.0517998945048933,0.3416596245635363,0.0109899998682722,0.6220072987518888,Lightweight,1982-08-19
kyle daukaus,2026-06-14,kyle daukaus,76.0,0.4959441527455216,2.8600211830876896,0.528530136409116,0.0478551969432582,0.3948774463466766,0.0138475610537159,0.6302272363373402,Middleweight,1993-02-27
kyle kingsbury,2014-07-26,kyle kingsbury,79.0,0.4988048725513947,3.583244982490412,0.5118791329837659,0.1432588671363199,0.3935333906094806,0.0119918432569432,0.7896491145130549,Light Heavyweight,1982-03-22
kyle nelson,2026-03-28,kyle nelson,71.0,0.4992217905961597,3.945995662684318,0.50729486256918,0.1136656572724963,0.3747914014140813,0.0448962065444733,0.6804138732534561,Lightweight,1991-04-20
kyle noke,2016-11-26,kyle noke,76.0,0.4992035321020373,3.837312380760595,0.4032215826502876,0.09343012387538,0.3277483899950793,0.0216358766701873,0.605942143373479,Welterweight,1980-03-18
kyle prepolec,2026-08-01,kyle prepolec,70.0,0.5020479379921634,4.127007922649856,0.4737422713702405,0.0775610687475983,0.4085186020632922,0.0484773371981058,0.6368668793691016,Lightweight,1989-08-30
kyle stewart,2019-07-27,kyle stewart,76.0,0.5029222820764675,4.044065596451347,0.3958477529139445,0.0922039326668259,0.395986095200787,0.0194653386704517,0.5795763306544007,Welterweight,1989-01-31
kyle watson,2011-04-30,kyle watson,72.0,0.493,2.0771,0.5650960799903821,0.0787,0.3649439297903462,0.0103,0.6327924829221979,Lightweight,1979-08-09
kyler phillips,2026-04-18,kyler phillips,72.0,0.4999619503841001,4.270578435643233,0.4064957703044647,0.1141567281588078,0.3111091076640691,0.020484499039817,0.5840631070101563,Bantamweight,1995-06-12
kyoji horiguchi,2026-06-20,kyoji horiguchi,66.0,0.4959442620216659,3.646839017608092,0.5620025753606718,0.086104419955538,0.3797728214486101,0.0216427317854054,0.444779651176991,Flyweight,1990-10-12
kyung ho kang,2024-06-22,kyung ho kang,73.0,0.5011589119090154,4.484510399319712,0.4781475262660856,0.0951112355877368,0.3716538374290243,0.0433563185913004,0.6492349876518391,Bantamweight,1987-09-09
lance benoist,2014-06-07,lance benoist,72.0,0.507,5.349577592935019,0.3382401463208245,0.1114212118416922,0.377431853595062,0.0101415682844521,0.5918553377632995,Welterweight,1988-08-26
lance gibson,2000-12-16,lance gibson,75.0,0.493,2.368174748035658,0.6030464339618509,0.0872961818778985,0.434282221576213,0.016379686060734,0.6339365954150863,Middleweight,
lance gibson jr,2026-03-28,lance gibson jr.,72.0,0.4973187904187607,3.098807437917708,0.4494325637086551,0.0834415903479129,0.3718033451360526,0.0356612411101034,0.5398056096859289,Lightweight,
lando vannata,2026-04-04,lando vannata,71.0,0.4974160196255825,3.945822748382644,0.4493899072306623,0.0853095746533505,0.3523244002913471,0.0221650879236308,0.5647759222329715,Lightweight,1992-03-14
landon quinones,2024-02-03,landon quinones,70.0,0.493,7.6858,0.4531997522485883,0.0352,0.2113479997439042,0.0103,0.6327924829221979,Lightweight,1995-11-21
laureano staropoli,2021-10-23,laureano staropoli,71.0,0.507,6.165901374780926,0.5085200987975927,0.0581593883975015,0.3346017981350492,0.0167943648725971,0.6162978953960615,Middleweight,1993-02-27
lavar johnson,2013-02-23,lavar johnson,82.0,0.4999002433574254,3.416615752451857,0.4510322363476829,0.0576504943238841,0.3913149534445216,0.015200821073697,0.9642735029441928,Heavyweight,1977-06-11
laverne clark,2000-09-22,laverne clark,74.0,0.507,3.2270530072465493,0.3937846000223057,0.0571710781620579,0.26246384382612,0.0416603381361391,0.5565428405540611,Welterweight,
lawrence lui,2026-01-31,lawrence lui,72.0,,,,,,,,Bantamweight,1996-08-04
leandro issa,2016-09-03,leandro issa,69.0,0.4982383990389639,2.9051553914574497,0.4337891126316616,0.0930487919153505,0.355248554303129,0.0133721106074852,0.5252070984932203,Bantamweight,1983-09-19
leandro silva,2016-09-03,leandro silva,72.0,0.4969212232733686,2.317398058412329,0.4190623232171979,0.0813379228804986,0.4488168613449179,0.0223318737912073,0.6413976858124552,Lightweight,1985-11-11
lee murray,2004-01-31,lee murray,75.0,,,,,,,,Middleweight,
leigh remedios,2002-07-13,leigh remedios,72.0,,,,,,,,Lightweight,
leo kuntz,2015-11-28,leo kuntz,72.0,0.5026707706137645,3.094331447723265,0.375785444214347,0.1701922243275385,0.3726093715086032,0.0505222358962343,0.7188937228436962,Lightweight,1983-10-03
leon edwards,2025-11-15,leon edwards,74.0,0.5010544217391423,2.8021256225731523,0.4892799025186796,0.0662025121193934,0.409419070110349,0.0210824393198463,0.5658638570220157,Welterweight,1991-08-25
leon shahbazyan,2026-06-20,leon shahbazyan,74.0,,,,,,,,Welterweight,1995-11-18
leonard garcia,2013-04-27,leonard garcia,68.0,0.4952508547750917,3.667589762698657,0.4579269406870612,0.0710673787156572,0.4197321381316804,0.0193857809176726,0.4196991509134287,Featherweight,1979-07-14
leonardo guimaraes,2016-09-17,leonardo guimaraes,75.0,0.500609050419306,2.973934024251237,0.4479298423052305,0.0752604604598101,0.3818961344901397,0.012766592577461,0.7010803755102728,Middleweight,
leonardo mafra,2015-07-18,leonardo mafra,70.0,0.493,2.1787,0.6480558096620894,0.0555,0.3649439297903462,0.0163,0.6327924829221979,Lightweight,1989-04-25
leonardo morales,2015-06-06,leonardo morales,69.0,0.507,2.9499,0.3547531157882915,0.0776,0.5010845007943548,0.0542,0.5680455329575026,Bantamweight,1992-12-22
leonardo santos,2022-08-20,leonardo santos,75.0,0.4995450794169205,3.7842387691834665,0.4220524065355755,0.0744787716027772,0.27311915358943,0.0169495371265002,0.6346682156133445,Lightweight,1980-02-05
lerone murphy,2026-03-21,lerone murphy,73.0,0.493,2.926505407728083,0.4686288900062578,0.1246746479106358,0.4650267420165942,0.0556764723825853,0.4178161747585485,Featherweight,1991-07-22
lerryan douglas,2026-03-28,lerryan douglas,72.0,0.4986213900945991,4.8392285129278605,0.4882355778515616,0.1142722116437648,0.3771328320413821,0.0332507650380313,0.4244737405326185,Featherweight,1995-04-27
leslie smith,2016-05-14,leslie smith,66.0,,,,,,,,Women's Bantamweight,1982-08-17
levan chokheli,2026-06-20,levan chokheli,72.0,,,,,,,,Welterweight,1996-10-02
levan makashvili,2016-01-30,levan makashvili,68.0,0.5030491969002148,3.4303948492814413,0.4183443174329695,0.0641205677051804,0.3781294781736216,0.1288656632611597,0.5345951450796188,Featherweight,1989-01-07
levi rodrigues,2026-07-18,levi rodrigues,76.0,,,,,,,,,1996-10-15
lewis gonzalez,2015-06-27,lewis gonzalez,74.0,0.5010609551041482,2.8823799339092764,0.5199917358965687,0.1355733082860359,0.3914537784424583,0.0138894482105364,0.6215126125311407,Welterweight,1987-09-19
li jingliang,2024-08-17,li jingliang,71.0,0.5007384534840942,3.945822886654376,0.4830058980596076,0.082217150108728,0.3776014475847873,0.0116510173489074,0.641451590747007,Welterweight,1988-03-20
lina lansberg,2016-09-24,lina lansberg,65.0,0.493,3.9835,0.5966998088156651,0.1109,0.473469387755102,0.0258,0.8454770752055182,Women's Bantamweight,
liudvik sholinian,2022-11-05,liudvik sholinian,71.0,0.493,2.1238,0.5758095037960946,0.0341,0.2991800650969476,0.0107,0.5918075411958911,Bantamweight,1990-01-20
lodune sincaid,2005-04-09,lodune sincaid,75.0,,,,,,,,Middleweight,
logan clark,2006-12-13,logan clark,75.0,,,,,,,,Middleweight,
loik radzhabov,2024-07-20,loik radzhabov,69.0,0.5025826248564949,3.2580563255805908,0.5299367897063634,0.2644973134248891,0.3900927482231089,0.0127678249620453,0.6207872241403568,Lightweight,1990-09-17
lone er kavanagh,2026-07-11,lone'er kavanagh,67.0,0.500397896617689,4.327817819520043,0.4674069490805829,0.153048945336996,0.4032347928859834,0.0376438358963918,0.4362889181863151,Flyweight,1999-06-09
loopy godinez,2023-05-20,loopy godinez,61.0,,,,,,,,Women's Strawweight,1993-09-06
lorenz larkin,2016-08-20,lorenz larkin,72.0,0.4955937035089031,2.743217705130176,0.4900846528075538,0.1122602224187232,0.4091342041925422,0.0300342545730372,0.620813924504398,Welterweight,1986-09-03
losene keita,2026-03-21,losene keita,72.0,0.4953595303279295,4.364126438307708,0.5645785683288185,0.0813947539376337,0.4017970335712146,0.0156569909527823,0.4297420486469814,Featherweight,1997-12-30
louie sutherland,2026-05-02,louie sutherland,76.0,0.5033462723529146,4.561644136319387,0.5181806127461693,0.0922399057654277,0.3863199259574587,0.0229920170484039,0.962093893106236,Heavyweight,1994-02-08
louis cosce,2022-09-17,louis cosce,71.0,0.5004051435361843,3.1320430363863334,0.4907410213612564,0.0844930125635494,0.372619839598509,0.0503632456392879,0.6239984930576454,Welterweight,1995-08-27
louis gaudinot,2015-01-03,louis gaudinot,63.0,0.4929999999999999,2.63283882849808,0.554937008428899,0.0917835236967067,0.4049511419733191,0.0660041148925611,0.4663106570599417,Flyweight,1984-08-28
louis smolka,2022-05-14,louis smolka,68.0,0.5005795674400991,4.432537456742911,0.4393022326774295,0.067853614852532,0.3733797223602057,0.0567681449602031,0.5804561675291626,Bantamweight,1991-07-16
lowell anderson,1999-09-24,lowell anderson,75.0,,,,,,,,Middleweight,
luan chagas,2018-04-21,luan chagas,75.0,0.4960586359888841,2.9897965949825656,0.4982282519829829,0.1363586077191501,0.4090380313528712,0.0154846997131627,0.6070612770411487,Welterweight,1993-06-17
luan lacerda,2026-03-14,luan lacerda,71.0,0.5006454419646583,3.579701428012052,0.5305285882922914,0.1641952552779785,0.3647693987224724,0.0602486218970697,0.5907694034809539,Bantamweight,1993-01-07
lucas alexander,2025-02-01,lucas alexander,73.0,0.507,3.9904,0.5110498276207686,0.1679,0.3649439297903462,0.0739,0.5127108909092892,Featherweight,1995-07-28
lucas almeida,2025-10-11,lucas almeida,71.0,0.4978407210008036,4.038039650731887,0.55079650422566,0.0470008850368024,0.3809350935658507,0.0167553337473662,0.3884724922139912,Featherweight,1991-01-31
lucas brennan,2026-04-25,lucas brennan,72.0,0.4991402203359392,3.813911484965118,0.362204965593305,0.0633851746237512,0.3795065374214675,0.0188347786765932,0.4291307601404921,Lightweight,2000-06-03
lucas martins,2016-04-10,lucas martins,72.0,0.5000412603930342,3.0182596443314518,0.4623484831197699,0.1940885914293172,0.358594932083305,0.0941886618917082,0.3834865011604094,Featherweight,1988-11-11
lucas rocha,2025-10-11,lucas rocha,64.0,0.493,2.7721,0.5431941458596692,0.0663,0.4415622161671208,0.0223,0.4486525215215587,Flyweight,2000-08-12
lucio linhares,2010-03-31,lucio linhares,75.0,0.4972669930909272,2.876740840517876,0.3924892801157149,0.0823699862158388,0.3990247940230139,0.0135998899954221,0.6279812971134873,Middleweight,1973-12-08
ludovit klein,2026-08-01,ludovit klein,72.0,0.503331770733654,3.9042325744069872,0.462027544533003,0.0926938758119087,0.3206523786150962,0.0120143327062454,0.594641631729537,Lightweight,1995-02-22
luigi fioravanti,2009-02-07,luigi fioravanti,70.0,0.4984662184622176,2.97093509958277,0.496180860931688,0.0629290137010811,0.458912504525612,0.0629759337211665,0.5772289137807496,Welterweight,1981-01-22
luigi vendramini,2021-09-04,luigi vendramini,73.0,0.4986680920572071,2.138211571749179,0.4550704066977759,0.2173768565016416,0.2693082729123935,0.0103,0.6256914106204945,Lightweight,1996-01-16
luis felipe dias,2026-05-30,luis felipe dias,75.0,,,,,,,,Middleweight,1995-01-17
luis gurule,2026-05-30,luis gurule,64.0,0.5008329356334674,2.834532604309336,0.4376331612651599,0.0629619499960119,0.3141130590993293,0.0148,0.4417090411352197,Bantamweight,1993-11-16
luis henrique,2018-09-22,luis henrique,74.0,0.4982519180132079,2.55834787085365,0.5059207856092468,0.1377431250041036,0.3990243190250554,0.0457288962180529,0.9690549680654844,Light Heavyweight,1993-08-21
luis pajuelo,2024-03-23,luis pajuelo,69.0,0.5004642621919894,4.803820598128085,0.465367327546003,0.0589618176939801,0.340755104621482,0.021016356101499,0.3864159310327795,Featherweight,1994-12-18
luis pena,2021-04-17,luis pena,75.0,0.5005424148019764,3.436022534499944,0.4956985332285563,0.1013718039812655,0.4154031224503269,0.0770304715741136,0.5101357991202339,Lightweight,1993-07-05
luis ramos,2012-06-22,luis ramos,74.0,0.4987287429860994,3.141791794708215,0.5338812290030576,0.1444061256675478,0.3941358486533876,0.0690792486806018,0.6374292357801559,Welterweight,1981-01-18
luis saldana,2022-08-20,luis saldana,73.0,0.4959261388460318,3.864196742223265,0.4458511217891217,0.1116036958665704,0.3880538375396325,0.0262521701956104,0.4851385072673007,Featherweight,1991-01-27
luiz cane,2012-10-13,luiz cane,77.0,0.4992582752404464,4.142563338395866,0.4809459485351893,0.0696639361111001,0.3264727891574128,0.0159033020879855,0.7889203466670839,Middleweight,1981-04-24
luiz dutra,2015-05-30,luiz dutra,74.0,0.493,3.5505,0.487739871999416,0.0632,0.2459383289124668,0.0173,0.6087605199088783,Welterweight,1982-05-06
lukasz brzeski,2025-07-19,lukasz brzeski,78.0,0.5009901488434125,4.10569863111253,0.417369595973397,0.1017293421304021,0.3611885408315737,0.0337874420889859,0.8211045062340572,Heavyweight,1992-05-17
lukasz sajewski,2016-10-08,lukasz sajewski,71.0,0.493,2.924962526362757,0.4350302530860928,0.0513033716437365,0.3200582542511632,0.0150189367454173,0.632792482922198,Lightweight,1990-11-27
luke barnatt,2015-05-16,luke barnatt,77.0,0.5013241472462933,3.0313398836478744,0.4570042277753642,0.0972932315154713,0.3208189553988672,0.1066295849793588,0.6253149189934354,Middleweight,1988-04-13
luke caudillo,2007-11-17,luke caudillo,72.0,0.507,3.1641,0.3144240643730003,0.0352,0.2541309956434799,0.0103,0.6152530690911471,Lightweight,
luke cummo,2008-08-09,luke cummo,74.0,0.5005237427121149,3.310386576830083,0.4931116393827039,0.0769623091971599,0.3622946087503799,0.0450058346814661,0.7262029872976362,Welterweight,1980-04-27
luke fernandez,2026-03-07,luke fernandez,76.0,,,,,,,,Light Heavyweight,1995-06-29
luke jumeau,2019-10-05,luke jumeau,72.0,0.502408607119173,3.4979340344773084,0.4650616345051275,0.0464083502504313,0.2321834539074007,0.0082,0.597399504402749,Welterweight,1988-02-12
luke riley,2026-07-11,luke riley,71.0,0.507,4.554117344412827,0.4112287050304146,0.0478365695474019,0.4570181114312763,0.0170462105109335,0.3812926477728517,Featherweight,1999-06-30
luke rockhold,2022-08-20,luke rockhold,77.0,0.5005071805103674,5.557105104614392,0.5575699845435099,0.0647456762825629,0.3787643285068554,0.0109395580351488,0.675320602849099,Middleweight,1984-10-17
luke sanders,2021-05-01,luke sanders,67.0,0.4979093762706645,4.94315408731967,0.4606592183662107,0.0658821462633322,0.3829264606894772,0.0224279162150571,0.6548594627445886,Featherweight,1985-12-12
luke zachrich,2014-11-07,luke zachrich,74.0,0.5002556059009788,3.8156197513183727,0.4254506417641457,0.0795911591901059,0.29665430791186,0.0164743107782299,0.6247952057048267,Middleweight,1981-12-19
lyman good,2020-06-20,lyman good,74.0,0.496651072054895,3.59420564473136,0.427202924153869,0.0460233197727618,0.330762758005593,0.0127666614363044,0.5960978259724724,Welterweight,1985-05-26
lyoto machida,2018-05-12,lyoto machida,74.0,0.4995459209811194,4.297711921614496,0.4583655641520437,0.0947615828462126,0.3548025979481481,0.0173339053038892,0.6446833026080194,Middleweight,1978-05-30
mac danzig,2013-12-14,mac danzig,70.0,0.50050694280453,4.418417618573031,0.3657917208950433,0.105637321965601,0.3527685813304916,0.0420357196955418,0.5947822435300357,Lightweight,1980-01-02
maciej jewtuszko,2011-02-26,maciej jewtuszko,72.0,,,,,,,,Lightweight,
mackens semerzier,2012-03-02,mackens semerzier,72.0,0.5031179489703983,3.802630969233372,0.4004573441928578,0.2017299722706125,0.3654837731270853,0.0592085017641007,0.3963870424734611,Featherweight,1980-11-03
macy chiasson,2022-09-10,macy chiasson,72.0,,,,,,,,Women's Bantamweight,1991-07-27
mads burnell,2018-05-27,mads burnell,69.0,0.4929999999999999,2.482385916615254,0.3767897044279646,0.1397874400670495,0.455359624979236,0.0715169371409562,0.3859384954873895,Featherweight,1994-03-06
magnus cedenblad,2016-11-19,magnus cedenblad,79.0,0.5057445347877285,2.9861556298209178,0.5289972063596002,0.1091442822652969,0.334378617426532,0.0472145679691883,0.6228856338507518,Middleweight,1982-04-10
magomed ankalaev,2026-07-25,magomed ankalaev,75.0,0.5033248626811859,3.743205874101605,0.4788696733119693,0.067385223443289,0.3400192776007149,0.0114580090326846,0.7841081536561927,Light Heavyweight,1992-06-02
magomed gadzhiyasulov,2025-01-11,magomed gadzhiyasulov,75.0,0.507,2.3888,0.4852342889215373,0.2493,0.4281198504246419,0.008,0.7764768384714905,Light Heavyweight,1993-11-04
magomed mustafaev,2020-02-22,magomed mustafaev,71.0,0.493,2.8162,0.5785375777491639,0.1656,0.4455348016443632,0.0538,0.5273270691018316,Lightweight,1988-08-02
magomed tuchalov,2026-07-25,magomed tuchalov,76.0,,,,,,,,Light Heavyweight,1999-12-30
magomed zaynukov,2026-07-25,magomed zaynukov,72.0,,,,,,,,Lightweight,1995-01-02
maheshate,2025-08-23,maheshate,71.0,0.4982104907665658,3.976522409967428,0.4661506417794384,0.0448301214307071,0.3818943569704698,0.0131302528935623,0.6262647005066503,Lightweight,1999-12-01
maiquel falcao,2010-11-20,maiquel falcao,75.0,0.4929999999999999,2.473279336099327,0.3626206476578113,0.0567615418457005,0.4609771449055966,0.0122294102633362,0.6339365954150863,Middleweight,
mairbek taisumov,2019-09-07,mairbek taisumov,73.0,0.506128990300108,3.326444786122281,0.3644800044313813,0.0827856760796709,0.2978079607114757,0.0170082076441693,0.6163442833466659,Lightweight,1988-08-08
mairon santos,2025-12-06,mairon santos,72.0,0.4953220568840783,3.2238304696847764,0.4080058399024371,0.119690354524959,0.3933806377051451,0.0251609371626497,0.4214867028812191,Featherweight,2000-06-10
makhmud muradov,2024-02-03,makhmud muradov,75.0,0.493,3.9313,0.589353682265984,0.0491,0.4475854155891253,0.0142,0.6339365954150863,Middleweight,1990-02-08
maki pitolo,2021-12-04,maki pitolo,75.0,0.4956885518117565,3.602566430680642,0.4292360566868219,0.1548505208388703,0.3515335649056454,0.0296422707118054,0.6093656512016865,Middleweight,1990-11-24
makwan amirkhani,2023-03-18,makwan amirkhani,72.0,0.4963662813472019,3.0704567798503986,0.5440981688508937,0.0875930516524624,0.3497310424773572,0.0431442971196385,0.5894240630701991,Featherweight,1988-11-08
malcolm gordon,2024-01-20,malcolm gordon,71.0,0.4973897590587942,2.7424155909489194,0.5231734083557886,0.1226163235530673,0.4493434353532568,0.0556568165442897,0.4467359404564598,Flyweight,1990-05-19
malcolm wellmaker,2026-05-16,malcolm wellmaker,71.0,0.5017933027582915,4.500418645152525,0.4316158812751095,0.0612720568663691,0.381932491514415,0.0197616137428397,0.5071321209285216,Bantamweight,1994-06-04
mana martinez,2023-03-04,mana martinez,70.0,0.502504698136177,4.314990708075968,0.5013649713573718,0.0755418407131112,0.4346258326174962,0.0246675450768781,0.578149982636145,Bantamweight,1996-03-25
mandel nallo,2026-04-18,mandel nallo,75.0,,,,,,,,Lightweight,1989-07-26
manel kape,2026-06-20,manel kape,68.0,0.5040557379783339,4.36233766564248,0.4660289294763435,0.066638629800468,0.3365714654040731,0.0263752727263959,0.4345086128401356,Flyweight,1993-11-14
manny bermudez,2019-10-18,manny bermudez,71.0,0.5019011870395905,4.209726135022914,0.3732282110622918,0.0922961693131511,0.328168715844191,0.0344406224613116,0.3830343915379989,Featherweight,1994-07-16
manoel sousa,2026-03-14,manoel sousa,70.0,0.5005030799479263,4.685226286161458,0.4408257743580642,0.093568650089787,0.385668850673508,0.0524467513370187,0.6433771566668373,Lightweight,1997-06-04
manolo zecchini,2026-04-04,manolo zecchini,68.0,,,,,,,,Featherweight,1996-10-22
mansur abdul malik,2026-03-28,mansur abdul-malik,80.0,0.5052022353363793,3.625703151017672,0.4883771563079611,0.1063107916091492,0.3069742208227595,0.050221550207385,0.6260391327814916,Middleweight,1997-10-07
mantas kondratavicius,2026-03-21,mantas kondratavicius,75.0,,,,,,,,Middleweight,
manuel rodriguez,2012-12-14,manuel rodriguez,74.0,,,,,,,,Welterweight,1985-04-25
manuel torres,2026-06-27,manuel torres,73.0,0.5010036909804793,4.264120446084468,0.5246003507880436,0.058226758084417,0.4168466286555671,0.0121411333774385,0.6227653366163067,Lightweight,1995-03-25
manvel gamburyan,2016-11-19,manvel gamburyan,67.0,0.5011996791980404,2.998376461122689,0.3546927859889769,0.1165887639047986,0.3265304543637916,0.0424039541006658,0.5906404048009759,Bantamweight,1981-05-08
marc andre barriault,2026-02-07,marc-andre barriault,74.0,0.499142760065813,3.776864394010886,0.4956450401202476,0.1067683547064609,0.3613390200684676,0.0445613951458926,0.6630967272415411,Middleweight,1990-02-18
marc diakiese,2023-11-04,marc diakiese,73.0,0.4999621385540416,2.9870273508590226,0.4669808295348479,0.1985892714252547,0.3358031540043417,0.0127090701439277,0.6240702094044516,Lightweight,1993-03-16
marcel fortuna,2017-11-11,marcel fortuna,74.0,0.5016923606530911,3.59807438601668,0.4631099292595213,0.144014799936229,0.3217111914410644,0.0120278963493748,0.6710864831247859,Light Heavyweight,1985-10-22
marcelo aguiar,2000-06-09,marcelo aguiar,74.0,0.493,1.5554,0.6288608091118078,0.0352,0.4729731887252885,0.0538,0.5273270691018316,Welterweight,
marcelo golm,2019-04-20,marcelo golm,75.0,0.507,4.1666,0.4298117255910154,0.1276,0.333006616025484,0.009,0.9519614829544948,Heavyweight,1992-09-15
marcelo guimaraes,2016-03-05,marcelo guimaraes,73.0,0.4967715786419059,2.752244155605988,0.5904955471462727,0.1788903738826075,0.3870424370772828,0.049012771644098,0.7138895918593674,Middleweight,1983-06-25
marcelo mello,1999-05-07,marcelo mello,72.0,,,,,,,,Lightweight,
marcelo rojo,2022-12-03,marcelo rojo,71.0,0.493,4.435668174970264,0.4804552936175265,0.0571278903800921,0.3464804598225078,0.0126946744750257,0.5078082801633239,Featherweight,1988-07-02
marcin bandel,2015-04-11,marcin bandel,72.0,0.493,3.5238,0.6040302048203335,0.0898,0.3649439297903462,0.0263,0.6327924829221979,Lightweight,1989-10-10
marcin held,2017-10-21,marcin held,71.0,0.493,2.731189429154265,0.4498416180556459,0.1911535449422275,0.3436301952494212,0.0449872021837047,0.5616878107013562,Lightweight,1992-01-18
marcin prachnio,2025-07-19,marcin prachnio,73.0,0.5013787670684487,3.919854988719183,0.5009042118530542,0.0693138674756081,0.3577304870744369,0.0271164945662206,0.7936259862497084,Light Heavyweight,1988-07-14
marcin tybura,2026-08-01,marcin tybura,78.0,0.5041137728806971,3.615108263279178,0.505431765840799,0.0589539731856395,0.3199766183335807,0.0163660441542537,0.7802727052961583,Heavyweight,1985-11-09
marcin wrzosek,2015-12-11,marcin wrzosek,72.0,,,,,,,,Lightweight,1987-10-14
marcio alexandre junior,2015-12-12,marcio alexandre junior,75.0,0.4991451099070298,3.744334967207308,0.3580397144503232,0.0751199028419934,0.3375904743929139,0.0178569962346629,0.5926072289031228,Welterweight,1989-05-05
marcio barbosa,2026-04-18,marcio barbosa,70.0,0.5033380859315953,4.488852912142547,0.4233947982433971,0.1149091770309311,0.3417151278903564,0.0176031869874822,0.4545188922798778,Featherweight,1998-05-22
marcio cruz,2006-12-30,marcio cruz,78.0,0.4987533678643422,3.436732391392512,0.4457269846154299,0.0513668681845983,0.3834763924527145,0.0108608771408767,0.9677414845560004,Heavyweight,
marco beltran,2017-10-07,marco beltran,69.0,0.507,4.669275986919757,0.4152204199639345,0.2430438441688989,0.3969960861059396,0.0639534478833734,0.4977730947155009,Flyweight,1986-05-18
marco polo reyes,2019-09-21,marco polo reyes,71.0,0.4987244760136896,4.281596291411666,0.4391025288268205,0.0687871685116655,0.4023534051189008,0.0201708384559858,0.6256207719386246,Featherweight,1984-11-07
marco ruas,1999-07-16,marco ruas,78.0,0.507,2.0199,0.5325612830715957,0.199,0.3885077186963979,0.0048,0.9519614829544948,Heavyweight,
marco tulio,2026-05-09,marco tulio,74.0,0.4997981357589203,4.797993339559977,0.5150066690294745,0.0569864992154432,0.3839370003573097,0.0325190871290915,0.6249952894724086,Middleweight,1994-06-13
marcos mariano,2019-09-21,marcos mariano,76.0,0.4981827788270497,5.155767193706343,0.3857188095344517,0.0760281521761986,0.3055853017661198,0.0131918534968795,0.6262994184477383,Lightweight,1986-10-12
marcos rogerio de lima,2024-02-17,marcos rogerio de lima,75.0,0.5011018814846971,3.769045504809563,0.4828835929537202,0.0864649854123395,0.3724993566538714,0.025601250200414,0.9500145477108366,Heavyweight,1985-06-25
marcos vinicius,2013-09-04,marcos vinicius,67.0,0.4994201508434809,2.7167873128655877,0.483078845388147,0.050230147800246,0.4703055919911231,0.0552483498514148,0.4913134151742444,Flyweight,1979-12-05
marcus aurelio,2009-08-29,marcus aurelio,74.0,0.493,3.6972,0.4667735049747966,0.1771,0.3649439297903462,0.1211,0.5273270691018316,Lightweight,1973-08-18
marcus brimage,2015-07-18,marcus brimage,71.0,0.4996107582665733,3.6072863299080167,0.4127471054629289,0.0687967322763531,0.3252151127740494,0.016332753060834,0.5088975059399978,Bantamweight,1985-04-06
marcus buchecha,2026-04-25,marcus buchecha,77.0,0.4967321310959947,2.393777586861044,0.4892676357240876,0.1148850579073628,0.3885077186963979,0.0048,0.979369042602738,Heavyweight,1990-01-08
marcus davis,2011-01-01,marcus davis,70.0,0.500105905518233,3.04138966258184,0.4602124494187452,0.102817532641807,0.3917665900939118,0.0883407501512426,0.5414191743249126,Lightweight,1973-08-24
marcus jones,2009-12-05,marcus jones,78.0,,,,,,,,Heavyweight,1973-08-15
marcus levesseur,2012-12-08,marcus levesseur,70.0,0.5004741805248614,3.4026492112855062,0.4442318219430294,0.2065728237046201,0.2829436648581253,0.0575189652022528,0.574268126012482,Lightweight,1982-07-17
marcus mcghee,2026-06-06,marcus mcghee,69.0,0.5028118235967137,4.6758855682682645,0.4135996059535268,0.058315071052222,0.3331742523727983,0.0233035810683208,0.6160891468241311,Bantamweight,1990-05-07
marek bujlo,2025-11-22,marek bujlo,78.0,,,,,,,,Heavyweight,1993-10-10
mario bautista,2026-07-11,mario bautista,69.0,0.4991474501450451,3.33794911324442,0.4616250606936518,0.2101543134326233,0.3818418120696096,0.0244145749955291,0.603592142398512,Bantamweight,1993-07-01
mario miranda,2011-03-26,mario miranda,74.0,0.4976529013819,3.0671842703283354,0.4669586081599857,0.1016935746932474,0.4173717798374293,0.012527311044996,0.6280743717226976,Middleweight,1979-07-12
mario neto,2006-09-23,mario neto,78.0,,,,,,,,Heavyweight,
mario pinto,2026-03-21,mario pinto,79.0,0.507,3.2734612387639834,0.4507940727111386,0.1340429018606229,0.37514715935071,0.0715772133269085,0.9391230657426942,Heavyweight,1998-03-14
mark bocek,2014-04-16,mark bocek,75.0,0.5010101398467738,2.884904725793432,0.4035990907031322,0.1778894674877224,0.4192776687567442,0.0646394703650733,0.6184138529516116,Lightweight,1981-10-24
mark choinski,2025-06-07,mark choinski,69.0,0.4929999999999999,2.887861926876237,0.5278199859492193,0.1047274852731253,0.2755391071695294,0.0363274852731253,0.5696890460248726,Lightweight,1995-10-22
mark coleman,2010-02-06,mark coleman,75.0,0.4996785215314127,2.598432344431476,0.5249088013426143,0.0670306961719361,0.366204690944043,0.0408497513888489,0.8784509295588941,Light Heavyweight,1964-12-20
mark de la rosa,2020-06-13,mark de la rosa,65.0,0.5029700022662126,2.598425761619292,0.4212884415808873,0.1210557923865138,0.3726162455097041,0.0998296917325102,0.5191475322478709,Bantamweight,1994-08-31
mark eddiva,2016-03-19,mark eddiva,68.0,0.5004001854438211,4.183320468166678,0.3885522187779274,0.1331973707765269,0.362445871347566,0.0685656920346469,0.3836199755326004,Featherweight,1986-02-16
mark godbeer,2018-03-17,mark godbeer,77.0,0.5029984681323291,3.662649427006417,0.4466090256755557,0.0422955425825885,0.425721933243617,0.0081484182472613,0.9597952131936046,Heavyweight,1983-11-22
mark holst,2010-10-16,mark holst,72.0,0.507,2.1641,0.1914433115306957,0.2961,0.4455348016443632,0.1842,0.3418072606061928,Lightweight,1985-08-14
mark hominick,2012-11-17,mark hominick,68.0,0.4966121040374384,4.334529256343903,0.3936524510397463,0.0666247913976853,0.3739722503965246,0.0236122404979792,0.4142271824214515,Featherweight,1982-07-22
mark hughes,2000-11-17,mark hughes,75.0,,,,,,,,Middleweight,
mark hunt,2018-12-01,mark hunt,72.0,0.4987125580789827,2.8168924284755312,0.4656940744540856,0.0422812793780601,0.3859837661067786,0.00713171019145,0.9695264532200224,Heavyweight,1974-03-23
mark madsen,2023-11-11,mark madsen,72.0,0.49942972875574,3.5450630378185046,0.539733775150879,0.1072319993585059,0.3706591432403844,0.0332817596136325,0.5859781280840162,Lightweight,1984-09-23
mark munoz,2015-05-16,mark munoz,71.0,0.4986758527537068,3.0796889235805147,0.4755133765779926,0.1135174755383773,0.3716282532256753,0.0299882092829108,0.6282959025998099,Middleweight,1978-02-09
mark robinson,2001-02-23,mark robinson,78.0,0.507,3.1503,0.2841377843929407,0.025,0.5413807890222985,0.0048,0.9519614829544948,Heavyweight,
mark scanlon,2010-11-13,mark scanlon,74.0,,,,,,,,Welterweight,
mark striegl,2022-02-19,mark striegl,70.0,0.4972051732499546,3.5553347567607467,0.4240277495532956,0.1103885963864698,0.365290784719378,0.0733567065164939,0.3849276745815224,Featherweight,1988-06-23
mark vologdin,2026-08-01,mark vologdin,69.0,0.5011402384236999,4.579992834870866,0.510107063736426,0.0592210221763647,0.3921951214419353,0.0121569732873633,0.5971717878677045,Bantamweight,
mark weir,2003-04-25,mark weir,75.0,0.493,2.5193,0.544754071249043,0.0319,0.2255603765051727,0.0515,0.7891155176435893,Middleweight,
markus perez,2021-01-20,markus perez,73.0,0.5004411122010917,3.148323902468551,0.4907742265609365,0.0682671867828212,0.3874295422606379,0.0099531508014363,0.7870191370696131,Middleweight,1988-06-22
marlon moraes,2022-03-12,marlon moraes,67.0,0.4980554286642126,3.5136978820797364,0.4887207111246519,0.0976560652482996,0.4013975330503361,0.026371226322802,0.5868703875237797,Bantamweight,1988-04-26
marlon vera,2026-02-28,marlon vera,70.0,0.4990945696567394,4.232260609424426,0.5010893126633917,0.0457945139359652,0.3283124491807762,0.0296813027451108,0.5783667302865871,Bantamweight,1992-12-02
marquel mederos,2026-04-11,marquel mederos,69.0,0.4929999999999999,3.801069919295284,0.5137818782650215,0.0657090070289335,0.3472579020702232,0.0137956480823365,0.6327924829221979,Lightweight,1996-11-30
martin bravo,2019-09-21,martin bravo,71.0,0.4964345576646019,4.643955097547274,0.4915255986898501,0.117157041009563,0.32243205368158,0.0205853254124707,0.4469712345419244,Featherweight,1993-09-21
martin buday,2025-07-26,martin buday,77.0,0.504896339356035,4.167726143771004,0.4425373863020509,0.0417313482124249,0.3663915958713302,0.0168528849277588,0.9578378402385442,Heavyweight,1991-11-11
martin day,2021-02-06,martin day,73.0,0.5,4.0876,0.6716967653193792,0.1359,0.473469387755102,0.0161,0.8454770752055182,Featherweight,1988-11-10
martin kampmann,2013-08-28,martin kampmann,72.0,0.4996856209608084,2.927674093847139,0.3717762893096249,0.2395456335096827,0.3568063549224263,0.032498342963691,0.5673468901377641,Welterweight,1982-04-17
martin sano,2021-09-25,martin sano,75.0,0.4982577024025055,4.617710084562425,0.4754967572175943,0.0484420625077874,0.3942967690838251,0.0132303790832924,0.6024117758530493,Welterweight,
martin svensson,2016-02-27,martin svensson,72.0,,,,,,,,Lightweight,1985-04-25
marvin eastman,2008-06-21,marvin eastman,73.0,0.5005717017419473,4.043290109596611,0.4955122117813639,0.0905226121236253,0.3715146966449607,0.0391358652361491,0.6625307913702866,Middleweight,
marvin vettori,2025-12-06,marvin vettori,74.0,0.4979455380097589,4.762555908259036,0.4515359084018748,0.0670501852585634,0.3861053285743408,0.0190710115722021,0.6363471023259045,Middleweight,1993-09-20
marwan rahiki,2026-05-02,marwan rahiki,71.0,0.507,6.6963,0.4368462319851643,0.0459,0.3191025836439526,0.0163,0.3812926477728517,Featherweight,
masanori kanehara,2016-01-02,masanori kanehara,67.0,0.4984487607821669,3.195227000847052,0.4179635847921378,0.1034310829133409,0.3662475883827996,0.0351692031843325,0.5923238772361744,Bantamweight,1982-11-19
masio fullen,2016-01-30,masio fullen,70.0,0.5012540696056822,2.981015225316231,0.4464166696681075,0.1587604594193915,0.3698491953076391,0.0458660075451024,0.5676582157774753,Featherweight,1986-10-06
mason jones,2026-03-21,mason jones,74.0,0.5038601712928761,4.890652580901322,0.4350195346707501,0.2338735421435519,0.3277821244885609,0.0332010562433554,0.5847270365512724,Lightweight,1995-04-26
mateus mendonca,2024-02-24,mateus mendonca,71.0,0.4994894689170227,2.7396844540562872,0.4896924390681657,0.1407512266064026,0.3852861035422343,0.1099274305686636,0.477622427522031,Flyweight,1999-01-17
mateusz gamrot,2026-04-11,mateusz gamrot,70.0,0.5014709241870604,3.428503248888469,0.4110191485453862,0.2390038530306219,0.3654286586984248,0.0170692444421328,0.6317035441062895,Lightweight,1990-12-11
mateusz rebecki,2026-08-01,mateusz rebecki,66.0,0.4979520620078366,4.308855028934037,0.4435476607781012,0.1504633618569492,0.3845759786527084,0.0245583798617992,0.6643346167198153,Lightweight,1992-11-03
matheus camilo,2026-06-27,matheus camilo,69.0,0.4974515984425846,4.579236793945451,0.4408824194433468,0.0981467334746603,0.3546428547334311,0.0427087254834049,0.583378528063623,Lightweight,2001-01-02
matheus nicolau,2024-10-19,matheus nicolau,66.0,0.5004455005407697,3.2427776435051547,0.3942741395190666,0.0929566680527757,0.3626242936310061,0.0298515132618885,0.4396356608128542,Flyweight,1993-01-06
mats nilsson,2015-01-03,mats nilsson,74.0,0.500394783649659,3.759148788758408,0.4926214923011578,0.1419903590364684,0.3224553627859526,0.0585431112410059,0.7360680922598816,Welterweight,1983-12-05
matt arroyo,2009-01-31,matt arroyo,72.0,,,,,,,,Welterweight,
matt bessette,2018-07-06,matt bessette,70.0,0.493,3.1971,0.4496055144448176,0.0359,0.4451734809901864,0.0128,0.3922670729633906,Featherweight,1984-12-28
matt brown,2023-05-13,matt brown,75.0,0.4985845677595364,3.845744074970113,0.4778210286276705,0.1125448770399146,0.3346071172259508,0.0214515026963721,0.5938350417068482,Welterweight,1981-01-10
matt dwyer,2016-01-30,matt dwyer,76.0,0.4976356111660417,3.1129484455043106,0.4395673975056843,0.0539699185282735,0.3843079006513265,0.0147592653677028,0.6031629591147345,Welterweight,1989-12-17
matt frevola,2025-10-18,matt frevola,71.0,0.4994724411557165,4.231565084375069,0.4694587429190577,0.0603977503068584,0.3271373153666662,0.0212241379031797,0.414438766530164,Lightweight,1990-06-11
matt grice,2013-02-23,matt grice,70.0,0.4970846511601334,3.0339075153870163,0.4380481615185655,0.077668652087678,0.5003696231714426,0.0422626692906564,0.3949657441730214,Featherweight,1981-07-29
matt hamill,2013-10-09,matt hamill,76.0,0.4989366181140118,3.3642048095083688,0.4990704696882535,0.0957433138531122,0.3951773658453536,0.0151244407794553,0.7924259727886511,Light Heavyweight,1976-10-05
matt hobar,2014-12-06,matt hobar,70.0,0.4975598961319328,3.300511134314056,0.4166056934938764,0.1177641178152071,0.3829969600462768,0.0251288141889016,0.5922396465510336,Bantamweight,1987-01-07
matt horwich,2009-04-01,matt horwich,75.0,0.5007469267602092,2.664693649570494,0.4649481718848426,0.0696015277755192,0.3369193111656933,0.0227735661898181,0.6296973169395984,Middleweight,1978-10-02
matt hughes,2011-09-24,matt hughes,73.0,0.5020778605079814,3.150437679912465,0.45352454142109,0.098519410669798,0.3819524444455587,0.0497241270329465,0.6383853497236363,Welterweight,1973-10-13
matt lindland,2005-08-20,matt lindland,74.0,0.5025640386558624,3.00521752125428,0.4456403775252131,0.1418168206683848,0.358717389400589,0.0427724612083512,0.6300199094627428,Middleweight,
matt lucas,2011-11-12,matt lucas,76.0,0.507,6.0441,0.4131503451623281,0.0811,0.3586225095659058,0.0057,0.9519614829544948,Light Heavyweight,
matt mitrione,2016-01-17,matt mitrione,82.0,0.4982465472011557,4.1294902050783,0.5028899120002274,0.0634227262592786,0.4026540641878715,0.0177832727237876,0.9679648665684344,Heavyweight,1978-07-15
matt sayles,2021-12-18,matt sayles,68.0,0.5006029304416538,2.7230211789802525,0.5187318015130429,0.1577863634712664,0.3571434729781311,0.0185704970718617,0.623267415540422,Lightweight,1994-02-21
matt schnell,2026-06-06,matt schnell,70.0,0.4980129478915703,3.5069767722334872,0.4914411884556594,0.0961329752022117,0.4044022307385543,0.0587887393528687,0.4668380688609306,Catch Weight,1990-01-15
matt serra,2010-09-25,matt serra,68.0,0.5006498329182124,2.744946070539692,0.4955773912365793,0.084770275707048,0.4116336855997835,0.0215844242641203,0.5947097340717998,Welterweight,1974-06-02
matt van buren,2015-01-18,matt van buren,76.0,0.493,3.4317,0.5935427391129676,0.0814,0.5083540172825887,0.0205,0.7989794616141341,Light Heavyweight,1986-06-12
matt veach,2010-04-10,matt veach,72.0,0.4991234465629682,3.1497315915264963,0.3205264184230918,0.1017594949841056,0.4142466634034472,0.0700152393598131,0.570290763960904,Lightweight,1981-05-31
matt wiman,2020-12-05,matt wiman,68.0,0.4957105165723841,2.585957180895763,0.6132942333853197,0.0722414941098747,0.4574943196833124,0.0282150656660733,0.6231362532658822,Lightweight,1983-09-19
matthew lopez,2018-12-08,matthew lopez,69.0,0.493,1.9362,0.6111360200273965,0.0359,0.3252542045471431,0.0128,0.3922670729633906,Bantamweight,1987-01-21
matthew riddle,2013-02-16,matthew riddle,76.0,0.4976392930449114,3.7528987211258986,0.4731967860934492,0.1062850688906618,0.4094222185156992,0.0172848293896626,0.6031585131980964,Welterweight,1986-01-14
matthew semelsberger,2024-11-09,matthew semelsberger,75.0,0.4984909149827652,3.466455705904928,0.477880592359454,0.0729256576032628,0.4141578288950087,0.0271230036802521,0.5680406252978333,Welterweight,1992-11-23
maurice greene,2021-05-08,maurice greene,80.0,0.5001793762804789,3.840462243545363,0.5238633936372005,0.0401209744991724,0.414497215265535,0.0257095109283117,0.968966735537586,Heavyweight,1986-07-05
maurice smith,2000-11-17,maurice smith,78.0,0.5004411122010917,2.151254474948869,0.4585535884223106,0.0352581046772192,0.4851285306740365,0.0475253824035043,0.9536108135945778,Heavyweight,
mauricio rua,2023-01-21,mauricio rua,76.0,0.4986263033912604,3.337345425884981,0.5150303771973671,0.0793912429264069,0.360292317037626,0.0109253357497591,0.7909310171736242,Light Heavyweight,1981-11-25
mauricio ruffy,2026-06-14,mauricio ruffy,75.0,0.5038005922119029,3.741469826697665,0.4337108949862805,0.0560987112706738,0.3246130490863469,0.0159968426548115,0.6549811280831916,Lightweight,1996-06-17
max gimenis,2025-11-08,max gimenis,78.0,,,,,,,,Heavyweight,1983-04-14
max griffin,2026-04-25,max griffin,76.0,0.4982131534589291,3.3715393951969053,0.4122317098741525,0.0659243590191992,0.3359627410744558,0.0123783333544706,0.596615788815945,Welterweight,1985-11-29
max holloway,2026-07-11,max holloway,69.0,0.5012574125716053,4.36233111795371,0.5329918206358091,0.1116818214718182,0.3535055539254894,0.0273723101388972,0.6027635136330088,Welterweight,1991-12-04
max rohskopf,2020-06-20,max rohskopf,71.0,0.5024454668099195,2.9198285051951687,0.4627938076861397,0.2066785900060441,0.3971279928404827,0.0102999999999999,0.6209590578360096,Lightweight,1994-09-27
maxim grishin,2023-06-03,maxim grishin,78.0,0.4973251450715481,3.845889664051701,0.4672657055608498,0.0546071959753555,0.3722342741347721,0.0129844700530982,0.846241564159543,Light Heavyweight,1984-05-02
maximo blanco,2016-09-17,maximo blanco,71.0,0.4979635470513637,3.6654417986129286,0.4039816371559397,0.1378427045453331,0.3579375013057011,0.0388064594021955,0.3869298238974481,Featherweight,1983-10-16
mehdi baghdad,2016-07-07,mehdi baghdad,72.0,0.5006731855496295,4.25084556787175,0.5022280794889424,0.0643283146562405,0.3652322953944376,0.018184308106834,0.6666162063707037,Lightweight,1985-04-13
melquizael costa,2026-05-16,melquizael costa,71.0,0.5000185448612641,3.8247897672785904,0.4473305719255898,0.1237573768775366,0.3606341576837916,0.0181582499438111,0.386344061730184,Featherweight,1996-09-14
melsik baghdasaryan,2026-06-20,melsik baghdasaryan,70.0,0.4991829485324385,3.81099434704967,0.464137483106727,0.0533850192198204,0.3543170468751513,0.0190009105422166,0.3874203368115194,Featherweight,1992-01-28
melvin guillard,2014-03-08,melvin guillard,71.0,0.4980702655596224,3.085251487964197,0.3758181708946834,0.0965807952548261,0.3869121455048384,0.0581176897803377,0.6189947023706759,Lightweight,1983-03-30
merab dvalishvili,2025-12-06,merab dvalishvili,68.0,0.5066662052555632,4.169962897597083,0.4587412075388056,0.3206167142915319,0.321523393622126,0.0239083538766056,0.5833496287958224,Bantamweight,1991-01-10
michael aswell,2026-06-20,michael aswell,69.0,0.5007018376028858,3.046631565450415,0.4562169559560297,0.2175789830591432,0.3976397762186231,0.0432879967173906,0.5874816171209417,,
michael bisping,2017-11-25,michael bisping,75.0,0.50221771091901,3.85325243856776,0.4166089394776309,0.0506917021055183,0.3642639463001758,0.0113356374253294,0.6254941204262869,Middleweight,1979-02-28
michael chandler,2026-06-14,michael chandler,71.0,0.496199407788097,3.676887452726067,0.5082037417674307,0.0991307460205798,0.3770592491842874,0.0303484718757042,0.7183263871864927,Lightweight,1986-04-24
michael chiesa,2026-03-28,michael chiesa,75.0,0.5031592076920153,2.9601823627731574,0.4047338249107134,0.117105270844885,0.3187797135790069,0.0491498330083027,0.6783400285929524,Welterweight,1987-12-07
michael graves,2016-07-30,michael graves,71.0,0.507,2.508994845786189,0.4836570956615975,0.2433628420854241,0.3278199359556515,0.0469572735683557,0.7250668078859112,Welterweight,1991-01-08
michael johnson,2026-03-07,michael johnson,73.0,0.4998785384009976,4.220529681600493,0.4366266334754779,0.0987975279988975,0.3374606945740263,0.0222203942605985,0.6319963543675097,Lightweight,1986-06-04
michael kuiper,2013-10-26,michael kuiper,73.0,0.507,4.8643,0.3338647148532486,0.0301,0.2887096540113781,0.0082,0.5918553377632993,Middleweight,1989-06-07
michael mcbride,2017-04-22,michael mcbride,72.0,0.50050660376199,3.4297542734184563,0.4729363631422053,0.2049589682025487,0.4624463037584489,0.0241147268066409,0.5913738541632235,Lightweight,1986-03-09
michael mcdonald,2016-07-13,michael mcdonald,70.0,0.5032481113406869,3.058699130208597,0.4894166695528446,0.065707081812196,0.4181224305718146,0.0808692139239069,0.5831918055384591,Bantamweight,1991-01-15
michael morales,2025-11-15,michael morales,79.0,0.4945185471012253,2.8966120929118477,0.5419884569486829,0.0401803270907295,0.4647253543414826,0.0083233709876153,0.6069268545272457,Welterweight,1999-06-24
michael oliveira,2026-08-01,michael oliveira,74.0,0.5000998088949535,2.7348051178682677,0.4644279614448861,0.1304100618726309,0.333120635843077,0.0363215152176626,0.6438430180483895,Welterweight,
michael page,2026-03-21,michael page,79.0,0.5039615269537364,2.67854881140873,0.4324896222852585,0.0311580651476767,0.3498960225764926,0.0087878139709315,0.6098920103602447,Welterweight,1987-04-07
michael patt,2009-03-07,michael patt,76.0,0.4999744544854477,3.3577919379309624,0.5807291155379324,0.1037923735298997,0.4086233448734204,0.0084887122608896,0.9001191171297682,Light Heavyweight,
michael trizano,2022-11-12,michael trizano,71.0,0.497981324425405,3.647703133132618,0.5076623756439194,0.0545955579187368,0.3632380261029941,0.0293083157316126,0.408146742974701,Featherweight,1991-12-31
michal figlak,2024-04-27,michal figlak,70.0,0.5027656367311746,3.991145581916284,0.4656051545628575,0.1003738501650608,0.3937686453480581,0.0645298051884348,0.6663448782506669,Lightweight,1996-08-15
michal oleksiejczuk,2026-06-27,michal oleksiejczuk,74.0,0.4991127708619279,3.3112451210326688,0.5212136102201739,0.0416238074780109,0.4142002971743695,0.0495450687846159,0.6270786914811103,Middleweight,1995-02-22
micheal gillmore,2022-02-26,micheal gillmore,72.0,0.5021911296135063,3.738085064916079,0.45081287714049,0.1292971879123569,0.4008390752616358,0.0290846347353203,0.5587077370737745,Welterweight,1987-03-28
michel batista,2018-11-30,michel batista,78.0,,,,,,,,Heavyweight,1984-04-20
michel pereira,2026-06-27,michel pereira,73.0,0.4956009888005639,3.718093439851641,0.5949991720424705,0.089077245678388,0.3422561390342559,0.0098373309211663,0.6306595910432298,Middleweight,1993-10-06
michel prazeres,2021-06-26,michel prazeres,67.0,0.493,2.9904,0.4883013617177849,0.0546,0.2736340866728797,0.015,0.6087605199088783,Welterweight,1981-07-25
michel quinones,2017-11-11,michel quinones,73.0,0.4991476355247825,2.701947998149586,0.5356811075206305,0.1628720772632184,0.3573921447037054,0.0973722090189868,0.6266711486806587,Lightweight,1984-12-22
michihiro omigawa,2012-08-04,michihiro omigawa,68.0,0.5047417609340396,3.374827160083651,0.408986852003477,0.0658751839982833,0.2610935306961807,0.0259580853091038,0.4926036110583139,Featherweight,1975-12-19
michinori tanaka,2017-02-04,michinori tanaka,67.0,0.4956126819600147,2.3590700051479274,0.4351683296789821,0.0853959298680656,0.3802155942307624,0.0354513487582832,0.5109203615353696,Bantamweight,1990-10-04
mick parkin,2025-03-22,mick parkin,79.0,0.498047982971931,3.479579749167633,0.4962197102527665,0.0616252949090962,0.3765695526575272,0.0218624272392471,0.9711395801261709,Heavyweight,1995-10-02
mickael lebout,2015-10-24,mickael lebout,73.0,0.4929999999999999,3.618682656423426,0.5485136037990354,0.0668017787793852,0.3649439297903462,0.0195963521439873,0.6327924829221979,Lightweight,1987-08-16
mickey gall,2024-11-16,mickey gall,74.0,0.4967822002474854,3.929494391399567,0.4848671074715189,0.090066979595939,0.4071765894293445,0.0498780571378475,0.6286620148548744,Welterweight,1992-01-22
miguel baeza,2024-06-08,miguel baeza,74.0,0.4982290762485019,4.303635901484595,0.4259203078267146,0.0579260282493932,0.3296837492922772,0.074856705116811,0.5743023211740207,Welterweight,1992-08-23
miguel torres,2012-04-21,miguel torres,76.0,0.5024542697441544,3.432253774521941,0.3683747980526706,0.0341,0.4416416694320885,0.0530402303830182,0.573610556081124,Bantamweight,1981-01-18
mike breeden,2023-10-21,mike breeden,70.0,0.4929999999999999,4.070988047432301,0.5831974526261703,0.1097210033688423,0.3479431904317522,0.0208400093707957,0.6327924829221979,Lightweight,1989-04-21
mike brown,2013-08-17,mike brown,70.0,0.5010368614814504,3.285969562742576,0.455785187054076,0.1643630681431185,0.3427980105812369,0.0129513617403836,0.3906345576838085,Featherweight,1975-09-08
mike ciesnolevicz,2009-06-20,mike ciesnolevicz,76.0,0.4983793703735188,3.661119120649794,0.4861476370773858,0.0612885370300655,0.4266654445314997,0.0374967648259917,0.7866496538666415,Light Heavyweight,
mike davis,2026-07-25,mike davis,72.0,0.4929999999999999,2.621428657217041,0.424887524090873,0.0707945627700582,0.4078930991817782,0.0412680399331462,0.5631869012817682,Lightweight,1992-10-07
mike de la torre,2017-04-08,mike de la torre,71.0,0.4984446133605047,2.716785569935666,0.3725110987498128,0.0949736052523054,0.3963472037775667,0.0626060006090321,0.526792757811024,Featherweight,1986-09-22
mike easton,2014-06-14,mike easton,70.0,0.4995825596258252,3.374904068036966,0.4363545448253477,0.0658661069411194,0.3702881182462769,0.0927550396750191,0.5570245782894013,Bantamweight,1984-01-25
mike grundy,2022-03-19,mike grundy,72.0,0.4959656572131125,2.72614158165916,0.4440757672318754,0.1972789677104967,0.3917889525483732,0.0283718769764585,0.3882983484207523,Featherweight,1987-01-03
mike guymon,2011-01-22,mike guymon,74.0,0.4999563214672814,3.97798942877943,0.3886464609121546,0.1997112520960389,0.3296475435164039,0.1831666918488223,0.4878279622071041,Welterweight,
mike jackson,2022-10-15,mike jackson,74.0,0.5044904487041201,3.9411376174458415,0.3865139021687692,0.0629582246816828,0.3271474286919746,0.0150009660454566,0.5964894869957962,Welterweight,1985-03-22
mike king,2014-07-19,mike king,75.0,,,,,,,,Middleweight,1983-08-04
mike kyle,2005-02-05,mike kyle,77.0,0.4995324314870157,3.631903694454087,0.4487865191995415,0.054001159516694,0.3586225095659058,0.0462952653068326,0.9610968189505488,Heavyweight,
mike lullo,2011-09-17,mike lullo,71.0,,,,,,,,Featherweight,1979-07-24
mike malott,2026-04-18,mike malott,73.0,0.5015901673971567,4.145665697900596,0.476212879031746,0.0792806688669912,0.3679686915191272,0.0120753315318089,0.5994519770938623,Welterweight,1991-11-07
mike massenzio,2012-05-05,mike massenzio,73.0,0.4973026711146266,2.938854540358547,0.4700467014615819,0.1230485824173912,0.3507562600493226,0.0530221839464192,0.6598296280449597,Middleweight,1982-11-01
mike nickels,2007-07-07,mike nickels,76.0,0.5002654391358173,3.407366293912132,0.3893209700790844,0.11153200553541,0.3685226765334418,0.0267824248550281,0.7833637328433284,Light Heavyweight,
mike perry,2021-04-10,mike perry,71.0,0.4990949735929321,4.044928072557772,0.4916200170224418,0.0681930052420959,0.318234776559413,0.0237193142363327,0.5759749417044827,Welterweight,1991-09-15
mike pierce,2015-12-11,mike pierce,71.0,0.497001722867569,2.4560657805945394,0.4177670071237515,0.1181547015138664,0.4426602958976668,0.040848974087876,0.5235218241028228,Welterweight,1980-09-01
mike pyle,2018-03-03,mike pyle,74.0,0.4987882773398518,3.124525421237471,0.4353008915864377,0.079667826303057,0.3614891169981605,0.0454442185229506,0.5526135465678399,Welterweight,1975-09-18
mike rhodes,2014-12-20,mike rhodes,74.0,0.5003734388362164,4.020932091810211,0.5241257620393158,0.1483281995356886,0.3435465907707816,0.0617499077362327,0.5329965469445069,Welterweight,1989-12-04
mike ricci,2013-09-21,mike ricci,76.0,0.500302026438137,2.506244197105337,0.4665655289347958,0.078136902496602,0.3446555376519045,0.0092953039657205,0.6121468603217234,Lightweight,1986-03-18
mike rio,2014-01-25,mike rio,70.0,0.4992346511679171,3.2905055418143707,0.3948624709027369,0.0641685331798331,0.3441062198881707,0.0410298591349457,0.6549912424396118,Lightweight,1981-07-06
mike rodriguez,2021-09-18,mike rodriguez,82.0,0.4976918483901241,4.237112208527465,0.5905670190672568,0.0517490820460266,0.4256449817408441,0.0129891055275922,0.7927899463967703,Light Heavyweight,1988-11-28
mike russow,2013-01-26,mike russow,73.0,0.5028627706304715,2.4923084298555627,0.4852584814110727,0.1734196375974406,0.3885077186963979,0.0165341803644355,0.9574763515740492,Heavyweight,1976-09-11
mike santiago,2018-06-09,mike santiago,69.0,0.493,3.355350085347254,0.5831543330872968,0.164667453843342,0.3778307937409881,0.0609284265483019,0.3871796150839026,Featherweight,1989-07-28
mike stumpf,2013-01-26,mike stumpf,74.0,0.493,2.4335,0.4800981872308401,0.0583,0.4990689972109533,0.1002,0.5073004332573985,Welterweight,1986-08-01
mike swick,2015-07-11,mike swick,77.0,0.5007341740522692,2.9488451399294875,0.4681661459033319,0.0802663013947587,0.3944430693620451,0.0277756050157323,0.5833214310595612,Welterweight,1979-06-19
mike van arsdale,2006-02-04,mike van arsdale,76.0,0.4960005551928494,2.5460990853266736,0.5246999063212551,0.0948920136624626,0.4620759033039223,0.0121710631542174,0.8052086216366255,Light Heavyweight,
mike wessel,2008-12-27,mike wessel,78.0,0.4981408138264742,3.26138515814021,0.5949793976422014,0.135019202831264,0.388507718696398,0.0303953957972938,0.9718887399523128,Heavyweight,
mike whitehead,2006-02-04,mike whitehead,76.0,0.493,2.2747,0.3813960644390624,0.035,0.3885077186963979,0.0067,0.979369042602738,Light Heavyweight,
mike wilkinson,2016-02-27,mike wilkinson,66.0,0.5029154935290934,3.76947328592003,0.5455373865512914,0.1170400588964548,0.345058382451455,0.0262539523473521,0.4422543542061007,Featherweight,1987-09-15
mikey burnett,1999-01-08,mikey burnett,72.0,0.493,1.8234,0.5187795797648693,0.0928,0.2159868192478068,0.0755,0.4348289427920558,Lightweight,
miles johns,2025-11-08,miles johns,68.0,0.5000106733393126,3.4948070090057515,0.3556009343832919,0.1034272894599985,0.3039348118344294,0.0114647676498775,0.552586851128102,Bantamweight,1994-03-30
milos janicic,2026-08-01,milos janicic,72.0,,,,,,,,Lightweight,
milton vieira,2013-01-19,milton vieira,71.0,0.507,2.8928,0.3958493923178174,0.0359,0.2311147388891862,0.0128,0.3812926477728517,Featherweight,1978-10-04
mirko filipovic,2015-04-11,mirko filipovic,73.0,0.500309447914512,3.650541966230736,0.4982331618759411,0.0584129203198756,0.3824096402360929,0.0097632369437363,0.9650594619089724,Heavyweight,1974-09-10
mirsad bektic,2020-09-19,mirsad bektic,70.0,0.4994712977319284,3.068131035172045,0.4549198091160474,0.1543505594957247,0.3422618697638802,0.0414235694719138,0.3871900534694751,Featherweight,1991-02-16
misha cirkunov,2022-10-15,misha cirkunov,77.0,0.4968391628735083,3.6306790791511023,0.5171596353838523,0.1469709054980948,0.3321511216427586,0.0571908952094528,0.7278767166415229,Light Heavyweight,1987-02-27
mitch clarke,2017-09-09,mitch clarke,73.0,0.4969443697624454,3.208858957712536,0.4803467099538546,0.0717793711108515,0.4151059132088159,0.0332200052680887,0.6565072260836761,Lightweight,1985-11-24
mitch gagnon,2019-05-04,mitch gagnon,65.0,0.4993429080769518,3.3895765449188704,0.4177855974290416,0.1000221292120404,0.3957775667467333,0.0740336423306324,0.5858496691260872,Bantamweight,1984-10-10
mitch ramirez,2026-07-18,mitch ramirez,71.0,0.4990280298771886,3.2262592032681554,0.4373934135790323,0.0817923114336269,0.3560806609594826,0.0331963524003024,0.5531260293681379,Lightweight,1992-11-03
mitch raposo,2026-06-20,mitch raposo,64.0,0.4942506296977793,3.224278812421549,0.47140900303074,0.1486154375851849,0.3771344316274709,0.0388840339502199,0.5734715499063239,Flyweight,1998-10-16
mizuto hirota,2018-12-01,mizuto hirota,67.0,0.4968010929356194,3.952409568875738,0.447407598812644,0.1031000545493813,0.383568659729891,0.0120379668182539,0.4633367769247271,Lightweight,1981-05-05
modestas bukauskas,2026-05-16,modestas bukauskas,76.0,0.5015301342274977,3.3172287927065214,0.4859315608091616,0.0516475863933882,0.3210442563293466,0.0156533030347954,0.787047292272384,Catch Weight,1994-02-10
mohammad yahya,2025-07-26,mohammad yahya,73.0,0.493,2.808271519126976,0.5740748097036623,0.0700715141598146,0.4099652460735679,0.0338182433174655,0.5871959394819841,Featherweight,1994-05-23
mohammed usman,2025-06-21,mohammed usman,79.0,0.4950666186812563,3.9983817956443177,0.5099770982478856,0.025,0.448339492076322,0.0048,0.979369042602738,Heavyweight,1989-04-01
montel jackson,2026-04-25,montel jackson,75.0,0.5029729606338749,3.1726524126288025,0.4445998979124927,0.1100375970463639,0.3525776066236795,0.0288833184916256,0.5785262437389391,Bantamweight,1992-04-24
morgan charriere,2025-12-13,morgan charriere,69.0,0.4958473753228446,3.4296193735350675,0.4956996208538113,0.1814708356338845,0.3894193938326168,0.0440461434565054,0.4439630362103537,Featherweight,1995-10-26
mostapha al turk,2010-04-10,mostapha al-turk,77.0,0.493,2.0199,0.2849260350536132,0.025,0.3586225095659058,0.0048,0.979369042602738,Heavyweight,1973-07-14
motonobu tezuka,2013-02-16,motonobu tezuka,69.0,0.5023917072994378,3.561208303803814,0.4546859546546476,0.1818760473955325,0.356254749518483,0.06679734463838,0.5852718434037837,Bantamweight,1987-08-29
mounir lazzez,2023-01-21,mounir lazzez,76.0,0.4993740014742052,4.100796787940333,0.5738382940965105,0.1285026145946322,0.3806205984926281,0.0134837275500149,0.6010638302004762,Welterweight,1987-11-16
movsar evloev,2026-03-21,movsar evloev,72.0,0.5070000000000001,3.5619937747944475,0.4322190881714235,0.2452680499963543,0.410660479320326,0.0194281570893333,0.4106871901008381,Featherweight,1994-02-11
muhammad mokaev,2024-07-27,muhammad mokaev,70.0,0.507,2.284204230501764,0.4346671287102344,0.2503702009014003,0.4074099671917025,0.0620315292737934,0.5008523965517132,Flyweight,2000-07-30
muhammad naimov,2025-12-06,muhammad naimov,70.0,0.5046779431159215,2.96631013587451,0.4982373358014973,0.1239482349005373,0.3217651386490734,0.0267441433098885,0.4089398470975962,Featherweight,1994-08-07
muhammad said,2026-07-25,muhammad said,76.0,0.4971998988721974,3.723237197028457,0.5044073206014298,0.1108916903181237,0.3532783544733142,0.0130283741670328,0.792204467465243,,1996-01-10
muin gafurov,2026-02-07,muin gafurov,68.0,0.5013859146604381,3.313239166492965,0.4185265244556284,0.0567596241592289,0.3401221211361458,0.0141208167300158,0.5818274407519666,Bantamweight,1996-05-17
murilo bustamante,2002-05-10,murilo bustamante,75.0,0.5018308797167278,2.440002578923658,0.3919055328833329,0.2031867645394003,0.3569952171207975,0.0292272351013397,0.6875785251162544,Middleweight,
murtazali magomedov,2026-06-20,murtazali magomedov,70.0,0.5008170514675615,3.473860254161139,0.4834824074391751,0.0886113539877555,0.3654837731270852,0.0312880347698622,0.3898761528367951,Featherweight,1999-08-26
muslim salikhov,2025-11-08,muslim salikhov,70.0,0.5029153217440357,3.6339375209925127,0.4116425511529021,0.0733063905377765,0.3435523208681911,0.0136132550297651,0.5967876399006681,Welterweight,1984-06-09
myktybek orolbai,2026-03-14,myktybek orolbai,74.0,0.4992379567864403,5.217264922212335,0.4799934597935684,0.0777392685457459,0.3443988053862942,0.0186236534524409,0.6213566505847226,Welterweight,1998-02-10
myles jury,2019-02-17,myles jury,73.0,0.4996764732892372,3.97784367691806,0.3727932354986345,0.0952181461122139,0.4074811991465977,0.0299338032292285,0.388069744451494,Featherweight,1988-10-31
nad narimani,2020-07-18,nad narimani,70.0,0.493,2.9565703069772757,0.5044317008886468,0.0772472463732687,0.4223947158493727,0.0854366918279481,0.3870054092591987,Catch Weight,1987-04-14
nah shon burrell,2013-05-25,nah-shon burrell,74.0,0.5002556059009788,2.91613682801402,0.5151635096342553,0.1555835432790552,0.3531788793103448,0.034260923829674,0.5488770304184406,Welterweight,1990-02-05
nam phan,2014-03-01,nam phan,70.0,0.4967431255810983,4.924084183536905,0.4122195654947734,0.0404533900493647,0.3757031046858078,0.0160159044960275,0.4373603238227339,Bantamweight,1983-03-13
nandor guelmino,2013-09-21,nandor guelmino,78.0,,,,,,,,Heavyweight,1975-12-20
naoki inoue,2018-06-23,naoki inoue,71.0,0.5016137856812325,3.862045590916809,0.3645891819129966,0.1831245782030122,0.3713150569424566,0.0450426618257865,0.4788749565238382,Flyweight,1997-06-14
naoyuki kotani,2015-09-26,naoyuki kotani,66.0,0.4929999999999999,2.149887526496992,0.441854339506577,0.0806669448245954,0.436674532369714,0.0213238227839699,0.6216899929714573,Lightweight,1981-12-08
nasrat haqparast,2025-10-25,nasrat haqparast,72.0,0.5045662714423718,5.90751864002984,0.3925417394035579,0.0598212444124584,0.3136936140408418,0.0127927114294975,0.6183020814000536,Lightweight,1995-08-22
nassourdine imavov,2025-09-06,nassourdine imavov,75.0,0.5045926043617492,4.030507684599808,0.4574597047307944,0.0754122069960153,0.3100240824997389,0.0447274521879432,0.6283041824096414,Middleweight,1996-03-01
natan levy,2024-03-16,natan levy,71.0,0.5031073058246118,4.274401529220871,0.3980643828296649,0.3020566725863486,0.449397987458411,0.0103,0.6201298958097081,Lightweight,1991-09-30
nate diaz,2022-09-10,nate diaz,76.0,0.4979539276718814,4.338549457106487,0.528056466612549,0.0467178460852827,0.4413303790479913,0.0244555663458025,0.6118156943038644,Welterweight,1985-04-16
nate landwehr,2026-04-11,nate landwehr,72.0,0.4991207031205139,4.925132630612367,0.5475514081440472,0.1047300198590017,0.3665407153430313,0.0254322858222462,0.4069846265308047,Featherweight,1988-06-06
nate loughran,2008-12-10,nate loughran,75.0,0.493,3.4181,0.3171793003314508,0.0742,0.3520558002936857,0.0214,0.6339365954150863,Middleweight,
nate maness,2024-06-15,nate maness,72.0,0.5004256851452832,4.994680790954019,0.4305651410494291,0.121240389202869,0.3399433323464662,0.0499166738259436,0.430872241359458,Flyweight,1991-06-27
nate marquardt,2017-11-11,nate marquardt,74.0,0.4978463309672237,3.0661240420520133,0.4447078628691084,0.0895778019412376,0.3469106890035314,0.0228670041809097,0.6262433837870491,Middleweight,1979-04-20
nate mohr,2009-01-17,nate mohr,72.0,0.5037779044269879,3.225770592301483,0.4328533653480516,0.0881164003233609,0.3681700815261559,0.1051661635907474,0.5599382088072017,Lightweight,
nate quarry,2010-03-31,nate quarry,72.0,0.5039638070675032,3.954716982886669,0.3834980980384044,0.0720941961584062,0.3541953204651076,0.0157026647264996,0.6201232165629327,Middleweight,1972-03-18
nate schroeder,2000-06-09,nate schroeder,78.0,0.507,2.6419,0.4926429938337232,0.1413,0.3885077186963979,0.3687,0.9306777912624226,Heavyweight,
nathan coy,2017-04-15,nathan coy,69.0,0.4971678083827066,3.1465652741658343,0.3450540391508636,0.0651535109073287,0.3595641931304107,0.0253350917673571,0.614367496308635,Welterweight,1978-07-24
nathan fletcher,2025-08-02,nathan fletcher,70.0,0.4979111203341311,2.6100941946240543,0.4846773337393514,0.0443979274553249,0.4414583695593751,0.0233212599792925,0.5843845697076038,Bantamweight,1998-01-03
nathaniel wood,2026-03-21,nathaniel wood,69.0,0.5046404696720705,4.924367088114684,0.471720973632959,0.0935311391434593,0.3252514232518198,0.0305021933280242,0.4223419850629634,Featherweight,1993-05-08
navajo stirling,2026-08-01,navajo stirling,79.0,0.5005753632528759,3.8305281146746735,0.5138111392343401,0.0560113969940924,0.3664685875392521,0.0209972989210042,0.7894423686818861,Light Heavyweight,1997-11-07
nazareno malegarie,2015-09-05,nazareno malegarie,72.0,,,,,,,,Lightweight,1986-05-16
nazim sadykhov,2026-06-27,nazim sadykhov,69.0,0.5025484015574153,4.04509773189758,0.5188548447585964,0.0756393845925272,0.3614072140934862,0.0221861376599698,0.6476531977260218,Lightweight,1994-05-16
neil grove,2009-02-21,neil grove,78.0,,,,,,,,Heavyweight,
neil magny,2025-12-13,neil magny,80.0,0.5015205134692733,3.198923825535217,0.5191611945806748,0.1029724944967283,0.3817351469504212,0.0206207902005167,0.6357979850647998,Welterweight,1987-08-03
neil seery,2017-07-16,neil seery,64.0,0.493,2.4842,0.3793691756927583,0.2177,0.3748955495004542,0.0148,0.4486525215215587,Flyweight,1979-08-30
neil wain,2008-10-18,neil wain,78.0,0.493,3.602,0.4196813817694107,0.0659,0.3885077186963979,0.0127,0.979369042602738,Heavyweight,
nicholas musoke,2017-05-28,nicholas musoke,75.0,0.5007725841742224,3.6442719257969687,0.4400922025134853,0.0828411521744024,0.316931554768495,0.024203972059856,0.6059844540349512,Welterweight,1986-04-05
nick agallar,2003-11-21,nick agallar,72.0,0.4975032138891738,2.190031949074394,0.5136318903391168,0.1300151749237321,0.3775857355371637,0.039410902858416,0.573632245485886,Lightweight,
nick aguirre,2023-11-18,nick aguirre,74.0,0.507,2.7188,0.4537917821160357,0.1229,0.3557214938374844,0.0563,0.3765853311336807,Bantamweight,1996-01-15
nick catone,2014-02-01,nick catone,72.0,0.4975406291994277,2.671080832686151,0.4782893529883597,0.1595790352031734,0.3317112284140783,0.0256757159963962,0.6523231204216084,Middleweight,1981-09-01
nick denis,2012-05-05,nick denis,69.0,0.493,3.4763,0.6139366056127774,0.0428,0.3747305865860759,0.0134,0.5918075411958911,Bantamweight,1983-10-11
nick diaz,2021-09-25,nick diaz,76.0,0.498668982755654,3.875472427429441,0.4978860950014193,0.0377389532593761,0.3730931677125718,0.0221708494925882,0.587465820646256,Middleweight,1983-08-02
nick fiore,2023-05-20,nick fiore,72.0,0.5005642092309706,4.186385664603035,0.4668201916228372,0.0869542089692214,0.3438408324033709,0.0409025683310385,0.3843525564645478,Lightweight,1997-12-10
nick hein,2019-06-01,nick hein,66.0,0.4986023799941397,2.8226549247867405,0.4162441148279396,0.0649340465363545,0.3564980033932542,0.0126029321740495,0.625773735696768,Lightweight,1984-04-24
nick klein,2025-08-02,nick klein,77.0,0.493,3.4048,0.5158928025282351,0.1057,0.3463708406903398,0.0129,0.6339365954150863,Middleweight,1995-09-08
nick maximov,2022-10-15,nick maximov,76.0,0.5018422732172151,2.633684463605442,0.4924615680925319,0.2613451689496436,0.3388360471132042,0.0288499647793131,0.620241972937181,Middleweight,1997-12-23
nick osipczak,2010-11-13,nick osipczak,76.0,0.5049724497355613,3.287219371892581,0.3418121150898194,0.1391962070010629,0.3637166055707292,0.0633843625641189,0.71036828257588,Welterweight,1984-12-30
nick pace,2011-11-19,nick pace,68.0,0.5003716061001159,1.8012138997189375,0.4371752928473084,0.1485705118689426,0.3325537221087593,0.0107,0.5830345722007164,Bantamweight,1987-04-17
nick penner,2012-12-14,nick penner,76.0,0.493,2.6143,0.5346713410777275,0.0566,0.414906587635054,0.0142,0.7989794616141341,Light Heavyweight,1980-03-26
nick ring,2013-12-06,nick ring,74.0,0.50047384802148,3.901545255060437,0.392027954271256,0.068943460012138,0.373100021281068,0.016633999233862,0.6272386362743064,Middleweight,1979-02-10
nick roehrick,2017-07-07,nick roehrick,76.0,0.4995544691041801,3.188233843684421,0.5699843722406239,0.1585794295710997,0.3500574491917416,0.0226083700207837,0.8547178935686798,Light Heavyweight,1987-07-06
nick serra,2002-06-22,nick serra,74.0,0.5,3.4175,0.5974607259933377,0.0819,0.3531788793103448,0.0224,0.6087605199088783,Welterweight,
nick thompson,2006-04-15,nick thompson,74.0,0.4952902872354817,2.4622983954762208,0.4247331112743328,0.096827133343532,0.5197984604976029,0.0468248578536091,0.5310370464576277,Welterweight,
nicolae negumereanu,2022-11-12,nicolae negumereanu,78.0,0.4965392968851264,3.7287342820919855,0.6140495814812515,0.0540758783866641,0.4154635071479854,0.0135999321584379,0.7932906427572818,Light Heavyweight,1994-09-04
nicolas dalby,2025-11-22,nicolas dalby,74.0,0.5003776485322214,4.239212177790683,0.4908092571201922,0.0534332693474754,0.3894132045860505,0.0134771201131632,0.5921887950183399,Welterweight,1984-11-16
nik lentz,2021-01-23,nik lentz,68.0,0.4997914440955489,3.933878204823011,0.5076893805369904,0.1468964837477547,0.3836091218338874,0.0460429751690223,0.528387308116305,Catch Weight,1984-08-13
nikita krylov,2026-07-11,nikita krylov,77.0,0.5000912692289962,3.901689062209194,0.4823659013398095,0.1134635799818324,0.3850224614534666,0.0365793695853035,0.7918993076481268,Light Heavyweight,1992-03-07
niklas backstrom,2015-06-20,niklas backstrom,71.0,0.4995820474813827,3.498322046124888,0.4657706421976395,0.0787328995281918,0.3219947451348287,0.1048017709179492,0.3943136463995863,Featherweight,1989-08-22
niklas stolze,2022-06-04,niklas stolze,74.0,0.4929999999999999,3.363300856979262,0.49442104290137,0.0748916412491628,0.3961630563647723,0.0155975816997505,0.6087605199088781,Lightweight,1992-12-28
niko price,2026-03-28,niko price,76.0,0.4968407923079847,2.6977915469167644,0.4008376471303543,0.0623854218413127,0.358955008652904,0.0358096067746353,0.642761714216608,Welterweight,1989-09-29
nikolas motta,2025-06-21,nikolas motta,70.0,0.4946586302725099,4.814422735488004,0.4162906116213243,0.0912173644699677,0.4044545823975565,0.0150560329566421,0.6327924829221979,Lightweight,1993-02-08
nikolay veretennikov,2026-05-16,nikolay veretennikov,74.0,0.4993468239729284,3.2696162897171104,0.555990658790553,0.0635317261451016,0.3595482554708856,0.0312193811856179,0.6049453608613198,Welterweight,1989-12-22
nissen osterneck,2009-04-01,nissen osterneck,75.0,0.5007913596181981,3.091494649719657,0.511287609727453,0.109243897782448,0.3664839480158499,0.0798515241835787,0.6263525258541953,Middleweight,
noad lahat,2016-02-06,noad lahat,69.0,0.5031794505506069,3.5085982282788124,0.36949450519876,0.1189757408760848,0.4422632459060798,0.0618030409596466,0.3794537202473426,Featherweight,1984-06-08
noah gugnon,2026-08-01,noah gugnon,72.0,,,,,,,,Lightweight,
nohelin hernandez,2019-09-28,nohelin hernandez,71.0,0.4971035218348662,3.8891746342354367,0.4832071589454261,0.1123201889168668,0.37888533059812,0.0159669435560519,0.5927538813911264,Bantamweight,1994-03-01
nolan ticman,2015-05-16,nolan ticman,67.0,0.493,2.3847,0.5078948772551484,0.0341,0.4692568871941172,0.0107,0.5918075411958911,Flyweight,1988-05-17
nordine taleb,2019-09-07,nordine taleb,74.0,0.5010325920421603,3.9089991869465495,0.3737790377534153,0.0866336044519517,0.3299314789362035,0.0116235096102735,0.5998494558467923,Welterweight,1981-06-10
norifumi yamamoto,2015-02-28,norifumi yamamoto,66.0,0.507,3.4503,0.4459195996865727,0.1768,0.2761035325047952,0.1233,0.5931342106631258,Bantamweight,1977-03-15
norman parke,2016-02-27,norman parke,70.0,0.5017979472575264,3.3248618502707377,0.3525570775425803,0.1198308833963334,0.2777036379781492,0.0107854697746589,0.6227462948587064,Lightweight,1986-12-22
nursulton ruziboev,2026-06-27,nursulton ruziboev,76.0,0.50442530341841,3.1659777491381678,0.4552756340945735,0.0753060211644345,0.4012725675421084,0.014137130332917,0.6149117200459892,Middleweight,1993-11-19
nurullo aliev,2026-07-25,nurullo aliev,72.0,0.507,2.9731431071777727,0.4193298606503305,0.1096498665142269,0.325436045837073,0.0307373972967954,0.5670761671329536,Lightweight,2000-12-08
nyamjargal tumendemberel,2026-03-07,nyamjargal tumendemberel,71.0,0.5018032396688404,4.347905558977423,0.4436063133020993,0.0733990760965745,0.4107433477878883,0.072173525707689,0.5140686636783212,Flyweight,1998-03-22
oban elliott,2026-08-01,oban elliott,72.0,0.4999001911050464,3.618624517561213,0.4053671740594525,0.0604895278969812,0.4144609948282846,0.0094944127510693,0.6004284493752988,Welterweight,1997-12-19
ode osbourne,2026-02-21,ode osbourne,73.0,0.4982061562280939,2.972696772414457,0.476585729828727,0.0876647736027669,0.3740677517365231,0.0317702407983637,0.4918174974200358,Flyweight,1992-01-09
oli thompson,2012-08-04,oli thompson,75.0,0.5003384812615103,3.4618455501933925,0.4962994252305746,0.0465436842748624,0.4181056135482862,0.0503375808724667,0.9536366216825436,Heavyweight,1980-01-02
oliver enkamp,2018-03-17,oliver enkamp,77.0,0.4994847522768015,3.726262920593394,0.4066119808759252,0.1328391745403103,0.3184125505084453,0.0138555382630584,0.600930097165429,Welterweight,1991-08-10
olivier aubin mercier,2019-07-27,olivier aubin-mercier,70.0,0.5009371859809522,3.094145873794284,0.4443481565953235,0.1234470908053212,0.366690690179165,0.0343779074338715,0.6645246472943601,Lightweight,1989-02-23
ollie schmid,2026-05-02,ollie schmid,71.0,0.493,5.3074,0.537833293463363,0.0459,0.3654837731270852,0.0163,0.3922670729633906,Featherweight,2000-12-28
oluwale bamgbose,2017-12-16,oluwale bamgbose,78.0,0.502385289784872,3.205801782133397,0.4506198567155016,0.1256363374036133,0.3767787389666654,0.0634250250686375,0.6264703361953572,Middleweight,1987-08-04
omar morales,2023-03-18,omar morales,73.0,0.5005432398640423,3.26176355533187,0.3755536719829107,0.0654654710897559,0.3626366525391591,0.0133605760857732,0.4595492612426809,Lightweight,1985-10-17
omari akhmedov,2021-07-10,omari akhmedov,73.0,0.5031205898931501,3.17052588009098,0.4288863239087127,0.1436441195272612,0.3252278989977192,0.0262049669261007,0.615490737270472,Middleweight,1987-10-12
orion cosce,2023-05-20,orion cosce,71.0,0.50119698062773,2.587055816402806,0.5595766664298104,0.1583031426662121,0.3269370334815713,0.0093191537360806,0.5988625591549098,Welterweight,1994-07-15
oskar piechota,2020-06-20,oskar piechota,76.0,0.5070000000000001,3.969392861012672,0.4427105743908968,0.1535293074249898,0.307117149875937,0.0092,0.6162978953960616,Middleweight,1990-01-24
otari tanzilovi,2026-06-20,otari tanzilovi,70.0,,,,,,,,Featherweight,1998-04-09
ottman azaitar,2024-12-14,ottman azaitar,71.0,0.5000997892927548,3.679247044805528,0.4640790040532241,0.0588640337471585,0.3654020945420933,0.0236784763047,0.606166775065603,Lightweight,1990-02-20
oumar sy,2026-03-14,oumar sy,83.0,0.5006163501588222,3.486914529112486,0.4744772834530533,0.0757509186089625,0.3720891059387897,0.033527151710115,0.7881880129015401,Light Heavyweight,1995-11-21
ovince saint preux,2024-10-05,ovince saint preux,80.0,0.5012036425077738,3.866036203826175,0.4375319660204473,0.1246052759716917,0.3673639316078285,0.0438596622636838,0.7929517213574759,Light Heavyweight,1983-04-08
ozzy diaz,2026-05-09,ozzy diaz,79.0,0.493,3.442742076351443,0.4480283795737749,0.0616313710129958,0.3732618777608658,0.0177906616987902,0.6339365954150863,Middleweight,1990-11-22
pablo garza,2013-04-06,pablo garza,73.0,0.4976837291042,3.3475257209997,0.4577825725436158,0.0805465305201468,0.4423145391391133,0.0468355611677909,0.3851703681112951,Featherweight,1983-09-16
paddy holohan,2015-10-24,paddy holohan,69.0,0.5037804011637703,2.6278254980658238,0.4506477088567046,0.1301802363093778,0.386281331355508,0.0857770847595231,0.4305703622075196,Flyweight,1988-05-03
paddy pimblett,2026-07-11,paddy pimblett,73.0,0.4958134300257765,3.4143253768907478,0.5502313272000801,0.0850930705204519,0.3689151304148932,0.0595897572371205,0.5703522908913539,Lightweight,1995-01-03
papy abedi,2013-08-28,papy abedi,75.0,0.493,3.065,0.6676805708864973,0.1526,0.3520558002936857,0.0187,0.6339365954150863,Middleweight,1978-06-30
parker porter,2023-08-26,parker porter,75.0,0.507,1.5851,0.3823522729589682,0.112,0.3885077186963979,0.0048,0.9519614829544948,Heavyweight,1985-04-22
pascal krauss,2013-08-31,pascal krauss,74.0,0.5021502401898007,5.363988185657894,0.4272361896362929,0.0916508123613358,0.3469633156646569,0.0456668955955357,0.5186041451607799,Welterweight,1987-04-19
pat audinwood,2010-12-11,pat audinwood,72.0,0.493,2.6965,0.5162637671789336,0.0687,0.5079745762339619,0.0201,0.6327924829221979,Lightweight,1986-04-16
pat barry,2013-12-06,pat barry,74.0,0.498841143949609,3.3698945882114364,0.4616445336717758,0.0462953711115384,0.3709527830072165,0.0182880984837892,0.966497051117964,Heavyweight,1979-07-07
pat healy,2014-07-16,pat healy,72.0,0.4986071150767948,2.9770611704519228,0.3659927606533834,0.0533393525321947,0.4137946447355983,0.0309575845252167,0.5930495373562024,Lightweight,1983-07-20
pat miletich,2002-03-22,pat miletich,75.0,0.493,2.288678684053309,0.5864241651651358,0.0422633037913873,0.4638632370611684,0.0455308170585718,0.6817895821374887,Middleweight,
pat sabatini,2026-05-09,pat sabatini,70.0,0.5045403742651866,2.75662859479514,0.4619365866593125,0.2134994657588824,0.371471284934532,0.063488432813172,0.3870056835404598,Featherweight,1990-11-09
pat schilling,2012-06-01,pat schilling,71.0,0.507,3.6486,0.379830426622311,0.1604,0.3654837731270852,0.2894,0.3918415742172591,Featherweight,1988-08-28
patchy mix,2025-10-04,patchy mix,72.0,0.493,6.6021,0.5644458057325841,0.0341,0.3563661873027008,0.0107,0.5918075411958911,Bantamweight,1993-08-16
patricio freire,2026-04-11,patricio freire,67.0,0.5003252269866385,2.9311291074732537,0.4678075343254879,0.1703897837840317,0.4038743803394788,0.0335394732915159,0.38421601804831,Featherweight,1987-07-07
patrick cote,2017-04-08,patrick cote,75.0,0.5010571388380775,3.930975234069923,0.4129577713263029,0.1376136467136766,0.3915560751296581,0.0279824753776531,0.6647848069654406,Welterweight,1980-02-29
patrick cummins,2019-05-18,patrick cummins,76.0,0.498896520465548,3.707252945135965,0.4813235877047701,0.1493041842812756,0.4342643857952288,0.0142372132041169,0.7891123373903607,Light Heavyweight,1980-11-16
patrick walsh,2015-02-14,patrick walsh,75.0,0.493,4.0834,0.5023238332042425,0.059,0.385376565993306,0.017,0.6339365954150863,Middleweight,1988-11-28
patrick williams,2018-04-14,patrick williams,73.0,0.5038229584434387,3.548026638327833,0.4990544755288145,0.0969386265612861,0.3494989576503002,0.058614072144026,0.5385808638678731,Bantamweight,1981-09-07
paul bradley,2011-11-12,paul bradley,74.0,0.4981318430047649,2.6878680136856143,0.462943861532689,0.0679171310488599,0.4196756792556353,0.0147808095655503,0.5902030533415205,Welterweight,1983-06-13
paul buentello,2010-03-21,paul buentello,77.0,0.4989963521735266,2.686824390292468,0.5879668709409727,0.1365843805690619,0.4201647750268712,0.056214058029296,0.9636522904592716,Heavyweight,1974-01-16
paul craig,2025-09-06,paul craig,76.0,0.4973430000362187,3.844605419683466,0.465722875356825,0.0639930292192311,0.3884594586381469,0.0098725833769733,0.7919988263910257,Light Heavyweight,1987-11-27
paul creighton,2002-05-10,paul creighton,72.0,0.4969399396941848,2.689159145399457,0.5446207033580238,0.0948271923067961,0.4628973964518393,0.0189052102041906,0.6278564662960772,Lightweight,
paul daley,2010-05-08,paul daley,76.0,0.4967336932424865,2.854010000075069,0.4187750570676098,0.0542443355899144,0.3878753933789675,0.0706965668105193,0.5339573399383362,Welterweight,1983-02-21
paul felder,2020-11-14,paul felder,70.0,0.5015688841822656,3.743522540579962,0.4954466361679922,0.0434692327853624,0.3656138023544317,0.0168450001691864,0.6205367414507965,Lightweight,1984-04-25
paul georgieff,2007-12-08,paul georgieff,74.0,0.5022295264444921,3.1308324274851933,0.4419417149318178,0.1454198943339919,0.402356368954172,0.1446272415259945,0.5344010097523836,Welterweight,
paul jones,1999-09-24,paul jones,75.0,0.507,1.7919,0.4801952181796776,0.1867,0.3520558002936857,0.1606,0.6182197314979344,Middleweight,
paul kelly,2011-02-05,paul kelly,70.0,0.5003933257368343,3.1959878885487014,0.4161270589321219,0.0850918197652097,0.4491256938789817,0.0812291072832679,0.5475363663548478,Lightweight,1984-09-12
paul redmond,2015-07-18,paul redmond,71.0,0.4995357378080106,2.3495254329165367,0.4984188671633666,0.1592293689407005,0.3106937719113824,0.1464211850625195,0.3867399074120115,Featherweight,1986-10-20
paul rodriguez,2001-06-29,paul rodriguez,74.0,0.493,1.3425,0.5448345652649718,0.0301,0.6254099907117148,0.1387,0.3804753249430488,Welterweight,
paul sass,2013-02-16,paul sass,73.0,0.5024884537644828,2.842853597186126,0.4334625980362144,0.1000074600281104,0.3649439297903462,0.1926278959651084,0.6484150092987315,Lightweight,1988-08-04
paul taylor,2011-02-05,paul taylor,72.0,0.4974235085195681,4.28917817080535,0.4615159525610312,0.0421828498772746,0.4257879313708881,0.0283574397035995,0.5715856637079854,Lightweight,1979-12-15
paulo costa,2026-04-11,paulo costa,72.0,0.493,3.2296597642575544,0.5449442540051402,0.0580013887280006,0.3389110575325485,0.0133104212873892,0.7989794616141341,Light Heavyweight,1991-04-21
paulo santos,1998-10-16,paulo santos,72.0,,,,,,,,Lightweight,
paulo thiago,2014-09-13,paulo thiago,74.0,0.4974396657978366,2.7348253950446577,0.4186099699928777,0.1039886368015697,0.338963366757113,0.0365844503918729,0.5761073649053826,Welterweight,1981-01-25
pawel pawlak,2015-07-18,pawel pawlak,73.0,0.4994894689170227,3.1719858420411264,0.5207727101993954,0.1200504254531085,0.3531788793103448,0.0364643512316748,0.5552002729777947,Welterweight,1989-02-08
payton talbott,2025-12-06,payton talbott,70.0,0.5032874569797262,4.330293930516096,0.4830847368770581,0.1078853707383935,0.3009547411101166,0.0219781626668815,0.5515203115456164,Bantamweight,1998-09-09
pedro falcao,2025-04-05,pedro falcao,66.0,0.4994870710168191,4.503542438371985,0.5176429299030662,0.0893785299997312,0.3579747402368186,0.028403202083975,0.5900807999532448,Bantamweight,1992-07-30
pedro munhoz,2024-11-02,pedro munhoz,65.0,0.4943607999229567,3.692171573085599,0.4690351333896864,0.0596481640144488,0.3507163690751774,0.0162047802203627,0.5901880494093524,Bantamweight,1986-09-07
pedro nobre,2013-01-19,pedro nobre,69.0,0.4983642195723936,2.350304987038352,0.4194507464807588,0.1335047801888057,0.4328298071476981,0.0127999999999999,0.3880621282203292,Bantamweight,
pedro rizzo,2003-11-21,pedro rizzo,78.0,0.500055504334168,2.7874736939953517,0.4793866406734029,0.0457388825496453,0.3636612514588093,0.0062141428593967,0.9655566028965138,Heavyweight,
per eklund,2009-02-21,per eklund,72.0,0.493,2.1206,0.2836379897864967,0.1222,0.3649439297903462,0.0538,0.5273270691018316,Lightweight,
pete rodriguez,2024-02-03,pete rodriguez,71.0,0.4996979735618629,2.5095216702811314,0.5276826356092766,0.0836536601955826,0.4289952716321294,0.043220833194883,0.7133130772874291,Welterweight,1996-11-13
pete sell,2009-03-07,pete sell,75.0,0.497669439232874,2.734763380646525,0.5412674741778151,0.2490281982168344,0.393465776314306,0.0256254758443349,0.5702217239703717,Welterweight,1982-08-05
pete spratt,2007-06-12,pete spratt,74.0,0.4966408913639844,2.6456676341384227,0.4913902013180592,0.0909654501554135,0.3541283132332532,0.0277901571826014,0.5787107511222946,Welterweight,
pete williams,2002-03-22,pete williams,78.0,0.493,3.3531,0.4690376803160357,0.0634,0.3885077186963979,0.0122,0.979369042602738,Heavyweight,
peter barrett,2020-12-12,peter barrett,73.0,0.5005798491565192,4.3305869108290285,0.3981603956101197,0.0731632820377614,0.3164395288157716,0.054164114720141,0.3841045004159633,Featherweight,1986-08-10
peter sobotta,2020-07-25,peter sobotta,75.0,0.4991204149614881,2.924058734643579,0.4884858930285461,0.0935864485283106,0.3639406868355786,0.0259303326071167,0.6275835152618306,Welterweight,1987-01-11
petr yan,2025-12-06,petr yan,67.0,0.4933337947444369,3.0137728960698404,0.4427034286844931,0.0468088497493485,0.3837582548405491,0.0098032152807415,0.5984022865065907,Bantamweight,1993-02-11
phil baroni,2011-01-01,phil baroni,72.0,0.4945717529542596,3.2196844966730103,0.5652385176592734,0.0845943704757919,0.3286842985679317,0.0133367554480234,0.6176936358031726,Middleweight,1976-04-16
phil davis,2015-01-24,phil davis,79.0,0.5033602588076092,3.158738707465974,0.3388199836209856,0.1741296139732633,0.3577992369190532,0.0295783575641224,0.7842766157320777,Light Heavyweight,1984-09-25
phil harris,2014-07-19,phil harris,65.0,0.507,3.2233,0.4135712579515569,0.2177,0.3556487109620624,0.0582,0.4050981202246395,Flyweight,1983-09-04
phil hawes,2024-01-13,phil hawes,77.0,0.4995208194016252,4.803573372343711,0.4599635543788231,0.1081621708725095,0.3325045634122334,0.0210908007066235,0.6248831309051619,Middleweight,1989-01-08
phil johns,2001-02-23,phil johns,74.0,0.4987446090808449,3.0980739537313164,0.446580493905398,0.0652186392465242,0.3643583260394761,0.0285338423798349,0.5873340802658547,Welterweight,
phil rowe,2026-02-21,phil rowe,80.0,0.49911270310307,3.1680918981448296,0.5390405707932379,0.0455155102100768,0.4286932795046362,0.0173119814938319,0.5859421121109758,Welterweight,1990-07-18
philip de fries,2013-04-06,philip de fries,79.0,0.4988473496832653,3.379622776019537,0.4973325152326805,0.1073305997745095,0.3885077186963978,0.0141377026621761,0.9668666576903931,Heavyweight,1986-04-21
philipe lins,2024-03-09,philipe lins,78.0,0.5014423159332329,3.412656666194908,0.5047521185931275,0.083016181805054,0.4361018964587524,0.0585101584828879,0.7884312247641203,Light Heavyweight,1985-08-17
phillip miller,2002-11-22,phillip miller,75.0,0.507,2.5627,0.4493034638764486,0.2058,0.319058841810836,0.008,0.7764768384714905,Middleweight,
phillipe nover,2017-02-11,phillipe nover,72.0,0.507,7.5119,0.3796733610362338,0.1656,0.2541309956434799,0.0973,0.4394664779222479,Featherweight,1984-02-03
pingyuan liu,2019-12-21,pingyuan liu,72.0,0.4963518149892784,3.77728014370071,0.434126750764547,0.0843708249575252,0.4201123641178428,0.024054083754686,0.5864637540882711,Bantamweight,1993-02-13
piotr hallmann,2015-11-07,piotr hallmann,71.0,0.4974218078913482,2.5482243624400014,0.3748254068038774,0.0718906287744458,0.3820978963327847,0.0405230014703935,0.6455632061508074,Lightweight,1987-08-25
preston parsons,2025-01-11,preston parsons,71.0,0.49851795780866,3.3993607530673,0.4321032655581758,0.1732738431890793,0.3519669114462384,0.0866805277214523,0.4737926619080554,Welterweight,1995-07-15
punahele soriano,2026-02-21,punahele soriano,72.0,0.4965693534965431,3.254720893846009,0.4908218638151367,0.1429136782360601,0.3580064303603723,0.016750086654177,0.5980202532553215,Welterweight,1992-11-22
quang le,2025-09-13,quang le,70.0,0.497512688280636,3.2351154389720187,0.5169891956747503,0.1651092506020711,0.4185391481018163,0.0228755351387286,0.5846193592546997,Bantamweight,1991-10-18
quillan salkilld,2026-05-02,quillan salkilld,75.0,0.4994855386464845,3.337732413709304,0.4772236923816536,0.0777219698582536,0.4166414271653761,0.0257678052487413,0.6137863977437611,Lightweight,1999-12-28
quinn mulhern,2014-01-04,quinn mulhern,72.0,0.4989213791753427,2.5404287129360017,0.4181600131115335,0.1628674469998222,0.4247343716553815,0.0602512344348422,0.5766970916131048,Lightweight,1984-09-20
quinton jackson,2015-04-25,quinton jackson,73.0,0.4985677938968171,2.798213065674968,0.4725414445510906,0.0512252182003491,0.3791055464354151,0.0085652230525153,0.790030178200135,Catch Weight,1978-06-20
rafa garcia,2026-04-25,rafa garcia,70.0,0.5025439592440797,4.204616997331224,0.398901118066756,0.1452356019677394,0.3264931589231815,0.0380112791159871,0.5934719954895296,Lightweight,1994-08-05
rafael alves,2023-02-25,rafael alves,68.0,0.4974791534067165,3.20752432984635,0.4043441365415856,0.0739276177714516,0.3749537108660429,0.0599782662324591,0.6724780750378223,Lightweight,1990-11-14
rafael cavalcante,2016-02-06,rafael cavalcante,74.0,0.4972596694883701,3.20125693480466,0.4769236359938576,0.1426340632870187,0.3644839584775904,0.0257434737037869,0.7936748794655721,Light Heavyweight,1980-04-14
rafael cerqueira,2025-11-22,rafael cerqueira,76.0,,,,,,,,Light Heavyweight,
rafael dos anjos,2024-10-26,rafael dos anjos,70.0,0.5007781654848997,4.90849050758588,0.5072095266898945,0.0469590400356174,0.3577885232471911,0.0168375165311766,0.6379333078476044,Welterweight,1984-10-26
rafael estevam,2026-04-04,rafael estevam,69.0,0.493,4.6754,0.5132713586004982,0.0359,0.4641858888143389,0.0128,0.3922670729633906,Bantamweight,1996-08-10
rafael fiziev,2026-06-27,rafael fiziev,71.0,0.4989963090195205,4.070876371800854,0.4938215301072071,0.0881366274055557,0.2953540299513327,0.0121411333774385,0.6252802153970383,Lightweight,1993-03-05
rafael natal,2017-07-22,rafael natal,77.0,0.5007159931814571,3.3531056044173857,0.4449589243324549,0.1275621022199261,0.3272651067721354,0.0238160844776905,0.6233590410943728,Middleweight,1982-12-25
rafael tobias,2026-03-07,rafael tobias,74.0,,,,,,,,Light Heavyweight,2003-03-20
rafaello oliveira,2014-02-22,rafaello oliveira,71.0,0.4968851465946237,2.8767884939976374,0.4268837485233762,0.1132603860142909,0.4107821776504759,0.0699344302047351,0.5453559461214169,Lightweight,1982-01-26
ramazan emeev,2022-06-11,ramazan emeev,76.0,0.493,4.9054,0.5149405083396776,0.063,0.3531788793103448,0.0173,0.6087605199088783,Welterweight,1987-05-23
ramazan temirov,2026-07-25,ramazan temirov,63.0,0.4980953143355391,3.8049448867486206,0.4554273418119872,0.112019760320132,0.3601667394277064,0.0155947114032937,0.4674038137119618,Flyweight,1997-01-31
rameau thierry sokoudjou,2008-10-18,rameau thierry sokoudjou,78.0,0.4994663510226939,3.55669082818799,0.4927203588333065,0.0734775762102227,0.40262845786504,0.0184309411079533,0.7885859001732963,Light Heavyweight,
ramiro hernandez,2014-01-25,ramiro hernandez,69.0,0.493,3.6925,0.4654987464253362,0.0857,0.3563661873027008,0.0268,0.5918075411958911,Bantamweight,1986-07-22
ramiz brahimaj,2026-02-21,ramiz brahimaj,72.0,0.5034306465034571,3.16852924674706,0.5040590917910164,0.1147729686254403,0.3948647417956226,0.0917584980354057,0.6819700265226732,Welterweight,1992-11-17
ramon taveras,2025-09-27,ramon taveras,70.0,0.499394744864549,3.515497800633255,0.5820907083953168,0.1475970558655185,0.3832500952873122,0.0554260462377185,0.3902392638661294,Featherweight,1994-01-09
ramsey nijem,2015-07-25,ramsey nijem,75.0,0.5005207489252331,3.481287571749613,0.3970888221368021,0.1964962492403923,0.3782073479963356,0.0465806564887529,0.5739958548457286,Lightweight,1988-04-01
randy brown,2026-04-11,randy brown,78.0,0.5005190075350285,3.5603423931893188,0.500718840612948,0.1134274633814249,0.3638917396540864,0.0456173056633352,0.5972753262101311,Welterweight,1990-07-08
randy costa,2022-10-01,randy costa,73.0,0.5012474941639724,3.900884591478981,0.5343446291951965,0.1056376472360669,0.3671982967970687,0.0415896642473369,0.5841379992755923,Bantamweight,1994-07-06
randy couture,2011-04-30,randy couture,75.0,0.4978067191222271,2.455358504457693,0.5667085996934914,0.0637809193472355,0.4097112203364719,0.0248681795122813,0.7883711097856806,Light Heavyweight,1963-06-22
rani yahya,2024-04-27,rani yahya,67.0,0.5011165020285313,2.799738676325659,0.4461548096749188,0.1255059071898631,0.3818027255752057,0.0620656532044742,0.5773625158176658,Bantamweight,1984-09-12
raoni barcelos,2026-04-25,raoni barcelos,67.0,0.4970270393661253,2.61446997599702,0.4712817177466472,0.1229907369428571,0.3834117056272383,0.0286922853754911,0.5848573611498328,Bantamweight,1987-05-01
raphael assuncao,2023-03-11,raphael assuncao,66.0,0.5000768424450693,3.2642253059423485,0.4260250693720425,0.089744597983016,0.3378259258881306,0.014293273254162,0.5825632681201578,Bantamweight,1982-07-19
raphael pessoa,2020-07-25,raphael pessoa,78.0,0.4974621483593346,3.376018580114649,0.5207172944059599,0.0360204256843041,0.3885077186963979,0.0069354458073392,0.9706335713657538,Heavyweight,1989-03-09
rashad coulter,2018-11-24,rashad coulter,76.0,0.507,3.1805,0.4637238642001559,0.2943,0.3885077186963979,0.0714,0.9651473390869568,Light Heavyweight,1981-11-27
rashad evans,2018-06-09,rashad evans,75.0,0.4965835297997534,2.863690253209767,0.405999060016912,0.0938509360086876,0.311479089538558,0.010415227671842,0.7280151518601106,Light Heavyweight,1979-09-25
rashid magomedov,2017-04-15,rashid magomedov,70.0,0.4998153248196817,4.174675610891451,0.4586086297438262,0.0800261277247793,0.3528673807729254,0.0150850849201392,0.6242541398932384,Lightweight,1984-11-29
raul rosas jr,2026-03-07,raul rosas jr.,67.0,0.4999000712415562,3.815082846507911,0.4380413857761562,0.160162673070817,0.3451609655198926,0.0165137425600639,0.6405676781780455,Bantamweight,2004-10-08
raulian paiva,2022-06-25,raulian paiva,69.0,0.5003656213047427,3.482787985141476,0.5039739077856045,0.0735612943573957,0.3563287658511136,0.0217809592941795,0.5079852404233215,Bantamweight,1995-10-17
ray borg,2020-05-13,ray borg,63.0,0.4998560445234744,4.186065512163223,0.4096973197805402,0.1113034432251863,0.3904460872332062,0.0146411043447178,0.583648143472099,Bantamweight,1993-08-04
ray rodriguez,2021-03-13,ray rodriguez,70.0,0.4979035212362206,2.9790725502476727,0.4452200310435821,0.0987697614535143,0.3396864115980993,0.0343938889040653,0.5663382847744024,Bantamweight,1987-12-10
razak al hassan,2009-10-24,razak al-hassan,76.0,0.507,1.8671,0.4682204152057759,0.3363,0.3654336734693877,0.008,0.7764768384714905,Light Heavyweight,
reese andy,2008-12-27,reese andy,76.0,0.4987710875195941,3.635986260083958,0.4402661512249779,0.0447128985268868,0.3976416614592492,0.0166521848250479,0.7884746186940105,Light Heavyweight,1973-03-31
regina malpica,2026-07-25,regina malpica,78.0,0.4992358979407966,3.112728390846551,0.4473134597159761,0.0637516514892353,0.388507718696398,0.0048,0.967161132261828,,
regina malpica rivera,2026-02-28,regina malpica rivera,71.0,,,,,,,,,
reginaldo vieira,2017-02-19,reginaldo vieira,65.0,0.493,2.3334814610958468,0.4047078155328749,0.0519907305479233,0.3883691606243575,0.0464403329796445,0.5858709730681845,Bantamweight,1982-11-26
rei tsuruya,2026-05-30,rei tsuruya,68.0,0.4991670643665325,2.1969029014391035,0.5404174569360439,0.198582100463749,0.392504960513569,0.0148,0.4431857473165786,Bantamweight,2002-06-22
reinier de ridder,2026-03-07,reinier de ridder,78.0,0.4962488909502476,2.9993111777497963,0.5274914174138642,0.0428428419777754,0.3353796727067171,0.0092623910053772,0.6298432944960907,Middleweight,1990-09-07
renan barao,2019-11-16,renan barao,70.0,0.5006756464363734,4.907689364239379,0.3780068626619929,0.1192275349905619,0.3763882160853598,0.0609774617093231,0.5701515886029683,Featherweight,1987-01-31
renato moicano,2026-04-04,renato moicano,72.0,0.5008976951153831,3.44337729231199,0.4425887768152503,0.1079298919735036,0.4071115090882943,0.0311247144271339,0.6533636176431842,Lightweight,1989-05-21
renato sobral,2007-08-25,renato sobral,75.0,0.4998529921402027,2.8465981325446994,0.5160252076440507,0.1398879048989244,0.3938273600923218,0.1010969907355124,0.7904782310645428,Light Heavyweight,
renato verissimo,2004-10-22,renato verissimo,74.0,0.49930159326275,2.433463600204869,0.4339223565767236,0.09507475304412,0.3901259751800183,0.1810856031637554,0.5582864966240164,Welterweight,
renee forte,2014-03-15,renee forte,71.0,0.4974930137802301,3.203835057634177,0.3872123440513541,0.0803892849996399,0.3634257120465677,0.0152134978090941,0.620320103633118,Lightweight,1987-03-27
renzo gracie,2010-04-10,renzo gracie,74.0,0.4977363176590083,2.613330413189258,0.5041637310584454,0.0897128249694583,0.3728151350075888,0.0628857610199322,0.5782943223221798,Welterweight,
reuben duran,2013-03-16,reuben duran,71.0,0.5033519171370286,3.188639332034558,0.3873759659635712,0.1754943523605841,0.3826942794203604,0.029694207035843,0.452321417795738,Bantamweight,1983-07-02
rex holman,2007-03-03,rex holman,76.0,0.493,2.640805624978659,0.505588697967896,0.0439972763476574,0.4912429901536456,0.0338996489216435,0.7937950021961183,Light Heavyweight,
reza madadi,2017-05-28,reza madadi,73.0,0.4984810429518458,2.7848580752688226,0.3582097016990069,0.127639420747074,0.2990603645600793,0.0240317083471658,0.6491496485598314,Lightweight,1978-06-20
rhys mckee,2025-09-06,rhys mckee,78.0,0.4929999999999999,3.785307451456785,0.5768978147292383,0.0338102368429703,0.3990476740862662,0.0092203151318168,0.6087605199088783,Welterweight,1995-09-10
ricardo abreu,2015-06-06,ricardo abreu,75.0,0.507,4.3148,0.3606895423762111,0.0521,0.3073786682767206,0.086,0.6334844162262785,Middleweight,1984-04-27
ricardo almeida,2011-03-19,ricardo almeida,74.0,0.5029010681025037,3.0438841407128776,0.4136186585302135,0.2445906103320606,0.3374411883513538,0.0471975982851843,0.646300869580172,Welterweight,1976-11-29
ricardo funch,2012-06-22,ricardo funch,74.0,0.5010293402285589,3.133257303998764,0.3775086892652584,0.1208248484357309,0.391675011513456,0.0356488010405043,0.6196104499791809,Welterweight,1980-08-14
ricardo lamas,2020-08-29,ricardo lamas,71.0,0.4996641593211682,3.7494551015058266,0.4202599099985907,0.0982083376391202,0.3936869452106113,0.0417377415078065,0.38783809647951,Featherweight,1982-05-21
ricardo ramos,2025-10-11,ricardo ramos,72.0,0.4986949972488716,3.1930359908543045,0.4834765485262096,0.151220851910655,0.361633882974434,0.0437017626079219,0.4062763987391516,Featherweight,1995-08-01
ricardo romero,2011-09-24,ricardo romero,76.0,0.5012195352219451,2.592654567905379,0.539356247597548,0.1344691830069112,0.3734327796302663,0.1065886020387597,0.7892047213505848,Light Heavyweight,1978-04-15
ricco rodriguez,2003-11-21,ricco rodriguez,78.0,0.4999444956658322,3.1271752293709323,0.4096912799764056,0.0921556237333442,0.3797901503737586,0.0096387941176055,0.9644617854594127,Heavyweight,
rich attonito,2011-12-10,rich attonito,72.0,0.5034939697732745,2.790949344343491,0.403302380135046,0.0590292095878281,0.3006533920220123,0.0095366711047081,0.6132866848266461,Welterweight,1977-06-16
rich clementi,2009-02-07,rich clementi,72.0,0.5005619835727055,2.7744457072090083,0.3794504026405715,0.0765472304181828,0.5125392773450612,0.0497043297272582,0.6323417115132683,Lightweight,1976-03-31
rich franklin,2012-11-10,rich franklin,76.0,0.502271041115197,3.911116606017557,0.3919390828114475,0.0716601265718664,0.4292577074239126,0.0127680328218155,0.7580956929441143,Middleweight,1974-10-05
richard crunkilton,2003-04-25,richard crunkilton,72.0,,,,,,,,Lightweight,
richard walsh,2016-11-26,richard walsh,73.0,0.4983134217208997,4.085795015973154,0.4039360416026517,0.0790816988091215,0.3651582551657797,0.0101182256715095,0.6023444940511579,Welterweight,1988-12-01
richardson moreira,2015-01-31,richardson moreira,75.0,0.493,3.8949,0.586896178454758,0.0691,0.3885077186963979,0.0133,0.979369042602738,Middleweight,1984-03-31
richie hightower,2007-12-08,richie hightower,74.0,,,,,,,,Welterweight,
richie smullen,2018-07-06,richie smullen,68.0,,,,,,,,Lightweight,1991-08-17
richie vaculik,2015-11-14,richie vaculik,69.0,0.4977338152536721,3.437152506994769,0.5103475627909396,0.1587114699616974,0.4127876434619031,0.0698807129050655,0.4125226983464704,Flyweight,1983-06-19
rick davis,2006-05-27,rick davis,72.0,0.5002390214675252,2.3036847565680647,0.3722301452686926,0.091949736536222,0.5233546953134214,0.0975272825015835,0.6606483662062389,Lightweight,
rick story,2016-08-20,rick story,71.0,0.5029420124334115,3.9159927357226727,0.4193646562976816,0.1169571639321184,0.3343723753562677,0.0295743777699643,0.6027334389167244,Welterweight,1984-08-28
ricky glenn,2024-08-17,ricky glenn,70.0,0.5011453723879387,5.798725418594474,0.4708204880144268,0.0672937781489043,0.360209325789142,0.0129355149564243,0.5931654355072585,Welterweight,1989-04-12
ricky rainey,2018-11-30,ricky rainey,77.0,0.5001896576956714,3.6343799945781727,0.4772269482026914,0.1363896020665032,0.3586175696241945,0.0211278208419421,0.6365874755309219,Welterweight,1983-06-29
ricky simon,2026-03-28,ricky simon,69.0,0.5002391542706943,3.363979608655178,0.4156474834464004,0.1500368766064816,0.3258939698449282,0.0200622298538432,0.578372052043427,Bantamweight,1992-08-31
ricky turcios,2026-03-07,ricky turcios,71.0,0.4966368602011058,3.795570434789814,0.4911987665385049,0.0757479626621608,0.4475466995058633,0.0364726481143589,0.584398328863128,Featherweight,1993-06-05
riki fukuda,2013-03-02,riki fukuda,73.0,0.5007408169277137,4.401004935492851,0.3343387277895,0.1488749825495051,0.3425048606436757,0.0092,0.624183884865791,Middleweight,1981-01-06
rinat fakhretdinov,2025-09-06,rinat fakhretdinov,74.0,0.493,2.9512,0.724920709526254,0.0301,0.4995148797727572,0.0082,0.6087605199088783,Welterweight,1991-09-28
rinya nakamura,2025-08-02,rinya nakamura,68.0,0.5020888796658689,3.1499959919568203,0.3953265054431844,0.1152652355730558,0.3405018179330573,0.0573521642871199,0.5739373186398722,Bantamweight,1995-03-23
rizvan kuniev,2026-07-25,rizvan kuniev,76.0,0.5007641020592035,3.1890516514892355,0.5168467110313281,0.025,0.2391799726278463,0.0048,0.9641693932954046,Heavyweight,1992-03-10
rj harris,2026-07-18,rj harris,78.0,,,,,,,,Heavyweight,1998-10-01
roan carneiro,2017-02-11,roan carneiro,76.0,0.4959261881458431,2.624216186891719,0.40038121087084,0.0944884227575605,0.3972314736330707,0.0320739773121569,0.5464312508692335,Welterweight,1978-06-02
rob broughton,2011-11-05,rob broughton,74.0,0.4988708351204005,3.350620011510827,0.4744856262476733,0.0267612505361201,0.5098521708750816,0.1580007476783428,0.942853738320466,Heavyweight,1983-03-03
rob emerson,2010-03-31,rob emerson,70.0,0.5008750504312834,3.014135448525238,0.371129517797967,0.1526024780622623,0.3571026463684768,0.0217096853181008,0.6133854671872325,Lightweight,1981-07-30
rob font,2026-03-07,rob font,71.0,0.5000999287584439,4.5270085423126165,0.4356709612185114,0.0528427387100389,0.4502995682874064,0.0210900943548262,0.6392810413986963,Bantamweight,1987-06-25
rob kimmons,2011-03-03,rob kimmons,73.0,0.4995623107001096,2.972032540640248,0.5328008913301953,0.1077819218146347,0.3982747505458503,0.0982106463118855,0.6230735717795488,Middleweight,1981-01-30
rob macdonald,2006-08-26,rob macdonald,78.0,0.493,3.2266,0.462720631278307,0.0742,0.3957414046699761,0.0186,0.7989794616141341,Light Heavyweight,
rob wilkinson,2018-02-10,rob wilkinson,80.0,0.493,3.2065,0.5166040931045133,0.1691,0.3520558002936857,0.0131,0.6339365954150863,Middleweight,1992-02-22
rob yundt,2008-06-21,rob yundt,75.0,0.5022934383926365,2.279941909172619,0.4708860636211686,0.1691724861850008,0.3561149195885186,0.0691180635423424,0.6638683471864278,Middleweight,
robbie lawler,2023-07-08,robbie lawler,74.0,0.4980688994052678,5.120852891318354,0.4703326200210097,0.0448614781887338,0.3634765380467676,0.0099727811903441,0.6072423643405559,Welterweight,1982-03-20
robelis despaigne,2024-10-19,robelis despaigne,84.0,0.5049503619615637,3.653439245598719,0.4933091439853797,0.0541181514536103,0.3749272080696649,0.010386488768343,0.9599865653538876,Heavyweight,1988-09-09
robert bryczek,2026-05-02,robert bryczek,75.0,0.493,3.290930766199868,0.4282601204720319,0.055029773215691,0.3520558002936857,0.0159260968650264,0.6339365954150862,Middleweight,1990-07-04
robert drysdale,2014-07-06,robert drysdale,76.0,,,,,,,,Light Heavyweight,1981-10-05
robert mcdaniel,2014-03-15,robert mcdaniel,75.0,0.4995456580135952,2.37996938236492,0.4094709699804306,0.0566513652610592,0.3770575491565351,0.0770410698409051,0.6265882228259513,Middleweight,1983-05-03
robert peralta,2015-04-04,robert peralta,71.0,0.500095752226336,3.0607832699750386,0.3549113593579233,0.0999790178520073,0.3305386076096194,0.0606376558072692,0.4808329762418036,Featherweight,1986-03-14
robert ruchala,2026-04-04,robert ruchala,72.0,0.4971098521549342,3.5945560677924866,0.5114615109397969,0.0960026353548291,0.3169746126246719,0.0539185736935767,0.3845444498879981,Featherweight,1998-05-15
robert sanchez,2018-09-08,robert sanchez,66.0,0.500652345248445,2.539327060903207,0.4246209375015501,0.299100444139492,0.3852861035422343,0.0873230584130265,0.5027600478757629,Flyweight,1986-03-05
robert valentin,2026-08-01,robert valentin,77.0,0.5015144150507451,3.6718183624106215,0.5297858067366198,0.0915492065684523,0.3651624527682487,0.0303302324241512,0.6216162704738277,Middleweight,1995-03-31
robert whiteford,2016-04-10,robert whiteford,69.0,0.4999587396069657,3.1454404125151547,0.4196536730713462,0.1070656832249172,0.4316975934164311,0.0180875590488223,0.3868122038750274,Featherweight,1983-04-12
robert whittaker,2026-07-11,robert whittaker,73.0,0.4999087307710038,3.3715720988403333,0.4862301186709899,0.0841668782428034,0.3770938664990162,0.0308844018569876,0.7925232351220047,Light Heavyweight,1990-12-20
roberto romero,2025-04-26,roberto romero,70.0,0.507,4.13061422305493,0.4369854480721708,0.0560222594430843,0.329502024862501,0.0116246343783245,0.4912882621929464,Featherweight,2000-01-30
roberto traven,2001-11-02,roberto traven,78.0,,,,,,,,Heavyweight,
rocky lee,2015-04-11,rocky lee,71.0,,,,,,,,Featherweight,1987-04-08
rodney wallace,2010-08-07,rodney wallace,72.0,0.493,2.345524759906838,0.5037392228961401,0.4278658786292967,0.4187309468272704,0.0720953667603541,0.7845592733200243,Light Heavyweight,1981-11-21
rodolfo bellato,2026-03-07,rodolfo bellato,75.0,0.493,2.7427042289679333,0.4944268545407333,0.0926067171919765,0.4182322659226244,0.008,0.7989794616141341,Light Heavyweight,1996-02-05
rodolfo rubio perez,2014-11-08,rodolfo rubio perez,71.0,,,,,,,,Featherweight,
rodolfo vieira,2026-04-25,rodolfo vieira,73.0,0.5000975460030082,3.495884011506329,0.5040027096140304,0.1176417155368461,0.3543347999043998,0.0396702225638879,0.6296402578184795,Middleweight,1989-09-25
rodrigo damm,2015-01-03,rodrigo damm,71.0,0.5016619291907235,3.8472228702878177,0.3881734757757895,0.0900734109198897,0.3370242961788333,0.036218009372138,0.6255134749354445,Lightweight,1980-02-03
rodrigo de lima,2015-02-14,rodrigo de lima,72.0,0.5043153814943575,2.8294688963376524,0.400382188720723,0.1131854810426216,0.3543201754534854,0.0353581325695803,0.6222029054670913,Lightweight,1991-03-12
rodrigo nascimento,2024-11-02,rodrigo nascimento,80.0,0.4995186081156932,3.06212999660648,0.5296639798773466,0.0770793577198576,0.4130706125804045,0.0486511675438459,0.9669082847418686,Heavyweight,1992-11-26
rodrigo ruas,2002-06-22,rodrigo ruas,75.0,,,,,,,,Middleweight,
rodrigo sezinando,2025-09-13,rodrigo sezinando,71.0,,,,,,,,Ultimate Fighter 33 Welterweight Tournament,1997-12-11
rodrigo vera,2026-05-30,rodrigo vera,71.0,,,,,,,,Featherweight,1995-10-18
roger bowling,2013-12-14,roger bowling,68.0,0.5003500097840075,2.894043013574116,0.489296865568474,0.4692351271090214,0.4455348016443633,0.1040572053565201,0.4790731194422694,Lightweight,1982-12-05
roger gracie,2013-07-06,roger gracie,79.0,,,,,,,,Middleweight,1981-09-26
roger hollett,2013-05-18,roger hollett,76.0,0.5046546449644058,4.752273485761669,0.5431336465930549,0.1497462344085877,0.3740431474292664,0.0276215924490462,0.7770423674723301,Light Heavyweight,1978-10-08
roger huerta,2009-09-16,roger huerta,70.0,0.493872873570034,2.290320207097871,0.414418648426633,0.069781956883625,0.509503431350141,0.0326705685989562,0.5958896853972983,Lightweight,1983-05-20
roger narvaez,2015-03-14,roger narvaez,75.0,0.493,2.091418218887017,0.5309937238860784,0.1822723350507676,0.463320786976566,0.0104866691769111,0.6339365954150862,Middleweight,1983-09-09
roger zapata,2015-09-26,roger zapata,74.0,0.507,5.119,0.6080736116625277,0.0563,0.4352627778750219,0.0154,0.5918553377632993,Welterweight,1986-05-09
rogerio bontorin,2022-01-15,rogerio bontorin,67.0,0.5008562909074883,3.11236018205491,0.4006861184380434,0.2231200827537783,0.410052667008186,0.1042257785618713,0.4512020082089965,Flyweight,1992-04-25
rogerio nogueira,2020-07-25,rogerio nogueira,75.0,0.4989031976313239,3.8499698520159114,0.4764194261318489,0.0842568674745151,0.3901061168334286,0.0385764281782151,0.7874692758456288,Light Heavyweight,1976-06-02
roland delorme,2014-08-23,roland delorme,71.0,0.4996926851340013,2.8375920619030284,0.547615325537188,0.130523701090882,0.3987265689460774,0.0683150211274438,0.5834230681324002,Bantamweight,1983-12-18
rolando bedoya,2025-09-27,rolando bedoya,74.0,0.5009263474077366,4.143844883266063,0.459397306484102,0.062912556930513,0.3630468591248608,0.0203575543494131,0.6119161975457115,Lightweight,1997-01-13
rolando delgado,2009-11-14,rolando delgado,77.0,0.507,4.4684,0.5189409188134037,0.0352,0.2827493510087366,0.0103,0.6152530690911471,Lightweight,
rolando dy,2018-06-23,rolando dy,69.0,0.4980010557763024,2.8866772612574825,0.4451350009667935,0.0560136735650692,0.3600429752973959,0.013873138071307,0.3883468077854804,Featherweight,1990-08-11
roldan sangcha an,2015-05-16,roldan sangcha'an,67.0,0.493,2.6581,0.5179028790628416,0.0873,0.3193864163891412,0.0148,0.4486525215215587,Flyweight,
rolles gracie,2010-02-06,rolles gracie,78.0,,,,,,,,Heavyweight,1978-07-14
roman bogatov,2020-07-11,roman bogatov,73.0,0.4934785121669863,3.009468343330018,0.49015135815499,0.0653172506835598,0.3576084175118969,0.0173952581489076,0.6315425032178743,Lightweight,1990-12-15
roman dolidze,2026-03-21,roman dolidze,76.0,0.5019779274353654,3.632350544368837,0.5143714397761309,0.065518179223131,0.4187558316318986,0.0339054011881547,0.6462232938050363,Middleweight,1988-07-15
roman kopylov,2026-05-09,roman kopylov,75.0,0.5002018642410796,4.252576977811308,0.4909704349213905,0.0860226164517112,0.2729418767717341,0.0106465097048776,0.6248629152060758,Middleweight,1991-05-04
roman mitichyan,2008-04-02,roman mitichyan,74.0,0.493,3.0081,0.4764245715835563,0.0721,0.3531788793103448,0.0197,0.6087605199088783,Welterweight,1978-09-04
roman salazar,2015-08-08,roman salazar,69.0,0.507,2.6456,0.4419557589964879,0.0776,0.438045605157688,0.0107,0.5751461021194715,Bantamweight,1988-02-21
romie aram,2003-04-25,romie aram,74.0,,,,,,,,Welterweight,
ron faircloth,2005-10-07,ron faircloth,76.0,,,,,,,,Light Heavyweight,
ron stallings,2015-09-05,ron stallings,75.0,0.5060369397919898,2.881331941002797,0.5044906670611023,0.1163847445855334,0.4561168577657965,0.0861999258307572,0.6443194950566383,Middleweight,1983-01-25
ron waterman,2000-04-14,ron waterman,78.0,0.4998502735925387,3.55494707081037,0.4487159842371594,0.1154742630243584,0.3885077186963979,0.0401285100858136,0.9623361688797872,Heavyweight,
ronald jhun,2004-08-21,ronald jhun,74.0,0.5006134750167267,3.004914716788552,0.4207547699107622,0.1069050253446059,0.429607593077409,0.0105787777390095,0.5995671497718368,Welterweight,
ronaldo rodriguez,2025-03-29,ronaldo rodriguez,65.0,0.507,2.84371542897136,0.5663422351248953,0.0731978074888411,0.4219860585844647,0.0417840029780828,0.4865944241994059,Flyweight,1999-05-07
rongzhu,2025-08-23,rongzhu,71.0,0.4995415396902401,5.135685554229296,0.4723519137301147,0.0879762214071536,0.3311279152146371,0.0116329331018975,0.6245971420851002,Lightweight,2000-03-07
ronnie lawrence,2023-06-17,ronnie lawrence,68.0,0.4992588764235477,2.2860711920763186,0.4975350862005886,0.0747944463463323,0.4386979723288792,0.0563,0.382578585566167,Bantamweight,1992-06-13
ronny markes,2014-03-23,ronny markes,75.0,0.5019462591792514,2.5080217352574787,0.5251204879910176,0.1551608000116096,0.2741202072293892,0.0334056199717394,0.6452314662811988,Middleweight,1988-04-21
rony jason,2017-03-11,rony jason,73.0,0.498938676728375,2.949120374482335,0.462825209325226,0.0745601457913818,0.4253198953755383,0.0552351045783735,0.3885753943371429,Featherweight,1984-03-21
ronys torres,2010-03-31,ronys torres,72.0,0.507,3.1542634898684274,0.4092475370946677,0.0866062777487467,0.3345900579587955,0.0543515413378929,0.7119203874517768,Lightweight,
roosevelt roberts,2024-09-28,roosevelt roberts,73.0,0.4958207843275884,3.562614280955619,0.5396044947646124,0.0525192180498554,0.4100280192438295,0.0317447935622658,0.5660194450983822,Lightweight,1994-02-11
roque martinez,2021-06-19,roque martinez,72.0,0.507,6.759,0.5038307391848936,0.112,0.3885077186963979,0.0483,0.940208872053822,Heavyweight,1986-03-04
rory macdonald,2016-06-18,rory macdonald,76.0,0.5027302142566173,3.912289079470865,0.3714409089249279,0.0932283952263927,0.3054868300152099,0.0249579122262153,0.5824053244945939,Welterweight,1989-07-22
rory markham,2010-03-27,rory markham,71.0,0.4989566413975121,2.8416449324565,0.3877444814509826,0.1912275921041,0.3696509924103687,0.0629019067427046,0.5464887259800437,Welterweight,1982-03-25
rory singer,2007-06-16,rory singer,77.0,0.4979746646968585,3.2208167794510074,0.4816101702835234,0.1380570758714539,0.2596993620988074,0.0144804486859759,0.6276689798234348,Middleweight,
ross pearson,2019-03-30,ross pearson,69.0,0.4982759470347175,3.645566208998528,0.4172457964395129,0.0599584515312432,0.3420973226668871,0.011857381140934,0.6180883380643105,Lightweight,1984-09-26
ross pointon,2007-01-25,ross pointon,74.0,0.507,3.771473474693328,0.3650268082192726,0.095476904362218,0.3753453669967448,0.0720285136949692,0.8461628629228863,Welterweight,
rostem akman,2019-10-05,rostem akman,72.0,0.4984271264588918,2.8863216987757485,0.4508356373136648,0.0658750423907397,0.3803099381801677,0.0437106648147154,0.6286224285325704,Welterweight,1991-12-19
rousimar palhares,2013-10-09,rousimar palhares,71.0,0.5007673804006773,2.8079379422122286,0.4263835205978685,0.1045134047769106,0.3729276790770298,0.101184088848313,0.6258643215320937,Welterweight,1980-02-26
roy nelson,2017-04-15,roy nelson,73.0,0.493,3.1503,0.5303303742292154,0.0685,0.4044351874540554,0.0048,0.979369042602738,Heavyweight,1976-06-20
royce alger,1999-07-16,royce alger,75.0,,,,,,,,Middleweight,
royce gracie,2006-05-27,royce gracie,71.0,0.4946173825078072,2.4570472619196457,0.5070082149639116,0.0701584997123318,0.4299300735895996,0.0659448699025863,0.5684550413710844,Catch Weight,
royston wee,2015-05-16,royston wee,67.0,0.493,2.2406,0.3578554547000319,0.0794,0.4569360687362698,0.0128,0.3922670729633906,Bantamweight,1986-11-15
ruan potts,2015-02-28,ruan potts,75.0,0.497964191178313,3.385251024706024,0.5533002103088378,0.0798357885365222,0.4084557499788749,0.0104816741608975,0.9696507307581024,Heavyweight,1978-02-23
ruslan magomedov,2015-10-03,ruslan magomedov,78.0,0.4970492616062261,3.2588894553819325,0.4987429397003655,0.0485697216798378,0.4103140586312565,0.0118977029883944,0.9707282759325616,Heavyweight,1986-11-26
russell doane,2018-02-24,russell doane,70.0,0.4965642741788458,2.6429857762799496,0.4284690190734722,0.0819199530600629,0.3723552251234023,0.0398498381949374,0.5437166966357043,Bantamweight,1986-08-13
rustam khabilov,2019-11-09,rustam khabilov,73.0,0.5029024702707663,2.695753190100989,0.3551671791551555,0.1916088914031909,0.3608894889753186,0.0123190155851084,0.617074723856947,Welterweight,1986-11-04
ryan bader,2016-11-19,ryan bader,74.0,0.5033008041982617,3.0740844257763573,0.3916316174553338,0.1226972200935626,0.3166665636234328,0.0251974442849873,0.7816255814091182,Light Heavyweight,1983-06-07
ryan benoit,2021-07-31,ryan benoit,68.0,0.4965227300202645,3.3778907620821634,0.3990435780706195,0.0636800460674425,0.3113693134357341,0.0443898780256928,0.4625118107243306,Flyweight,1989-08-25
ryan couture,2013-08-31,ryan couture,73.0,0.493,3.4491,0.608639952609334,0.108,0.4455348016443632,0.0142,0.6327924829221979,Lightweight,1982-08-27
ryan gandra,2026-07-11,ryan gandra,74.0,0.507,4.8183,0.3917826469647828,0.0846,0.3520558002936857,0.0244,0.6162978953960615,Middleweight,1995-05-08
ryan hall,2021-12-11,ryan hall,70.0,0.5008190131817061,3.075437242268896,0.4157405354194654,0.05852365896193,0.3653501283187522,0.048304157127868,0.478892847359246,Featherweight,1985-02-22
ryan janes,2017-12-01,ryan janes,76.0,0.4982781850031201,3.154922199128434,0.5310307860160941,0.0325409224646645,0.3913260769023832,0.009041976317526,0.6749468659557697,Middleweight,1981-08-22
ryan jensen,2011-04-30,ryan jensen,76.0,0.5019668716709277,3.1242843518190844,0.5042700586840182,0.1213761763408598,0.3200044799123083,0.0700557984718189,0.6182112076764956,Middleweight,1977-09-20
ryan jimmo,2015-05-30,ryan jimmo,73.0,0.5007673833514792,2.6875263546230563,0.5099764712344299,0.056034369699239,0.3747638118497117,0.008,0.7864947115882212,Light Heavyweight,1981-11-27
ryan laflare,2018-10-06,ryan laflare,74.0,0.5031705467242696,2.8186276728513158,0.3744037525919292,0.0928065090603316,0.3682352738379372,0.0130833639577358,0.5869033566884815,Welterweight,1983-10-01
ryan loder,2025-11-22,ryan loder,76.0,0.5007165925547711,2.805561202181337,0.5148013909031425,0.0915986094262276,0.3537423702567783,0.0305837712623413,0.6085544892884777,Middleweight,1991-06-05
ryan macdonald,2019-09-14,ryan macdonald,71.0,0.5012355190258001,3.3600418810371107,0.4625678484779598,0.1906632207169476,0.3728189234229034,0.1235752498157962,0.47130924900548,Bantamweight,1993-03-18
ryan madigan,2009-03-07,ryan madigan,74.0,0.5004062267912013,2.8449497493953952,0.5105786732041687,0.0700780490270475,0.3879634240781607,0.1154074540489445,0.6316718662126605,Welterweight,
ryan mcgillivray,2011-06-04,ryan mcgillivray,74.0,,,,,,,,Welterweight,
ryan roberts,2008-04-02,ryan roberts,72.0,0.4997211807601721,2.967311922694653,0.4733222087621503,0.0506414951016349,0.2897733647302808,0.014823266241893,0.6243720850089154,Lightweight,
ryan spann,2026-04-25,ryan spann,79.0,0.5032678689040052,2.669286956262958,0.507287559594697,0.025,0.2783306573353202,0.0048,0.9665741409014288,Heavyweight,1991-08-24
ryan thomas,2008-11-15,ryan thomas,74.0,0.5002556059009788,2.50733248697547,0.5310397354674422,0.1609817424356443,0.3703165271492153,0.0322857798435321,0.5488770304184406,Welterweight,1984-11-05
ryo chonan,2009-04-18,ryo chonan,70.0,0.493,2.4464,0.5803361452277436,0.0447,0.3531788793103448,0.0122,0.6087605199088783,Welterweight,1976-10-08
sabah homasi,2018-01-20,sabah homasi,72.0,0.493,4.866405829019317,0.4968952970566674,0.100131676374065,0.34950632328527,0.0139721442506918,0.6087605199088784,Welterweight,1988-10-19
sage northcutt,2018-07-14,sage northcutt,71.0,0.5034361327088546,3.7438349392913177,0.4386007051576345,0.1138029544953283,0.4497787625400354,0.0261195071128256,0.6244566685579671,Welterweight,1996-03-01
sai wang,2014-08-23,sai wang,74.0,0.493,2.6034,0.419604315690764,0.0301,0.3809165100506619,0.0082,0.6087605199088783,Welterweight,
said nurmagomedov,2025-07-26,said nurmagomedov,70.0,0.4992401792844967,2.759418371166244,0.5378154293819234,0.057600623299295,0.3626241131933325,0.0741027119822402,0.3903954156154026,Bantamweight,1992-04-05
saidyokub kakhramonov,2022-12-17,saidyokub kakhramonov,69.0,0.4947163830402118,3.0823859442225845,0.4825945186743554,0.084974853897191,0.307237971418997,0.0193257937462654,0.5791002150184662,Bantamweight,1995-11-14
saimon oliveira,2025-10-11,saimon oliveira,72.0,0.507,5.720457412498994,0.4379383367313608,0.072102823027004,0.3172609713825902,0.012719730454582,0.5751461021194716,Bantamweight,1991-04-21
sako chivitchian,2010-12-04,sako chivitchian,72.0,,,,,,,,Lightweight,
salim touahri,2019-08-03,salim touahri,72.0,0.4991696884998904,3.5841909234152114,0.4333652120652921,0.1242539014123201,0.3858513421687132,0.0148073858569371,0.6013105407751546,Welterweight,1989-09-28
sam alvey,2022-08-06,sam alvey,75.0,0.4967912558624974,3.5175012639291365,0.5060265815759469,0.0453439800971547,0.3151084287918873,0.0132948148119306,0.7163110356350254,Middleweight,1986-05-06
sam hoger,2007-02-03,sam hoger,76.0,0.493,3.1068,0.4991825548704136,0.112,0.3885077186963979,0.0483,0.9672780667681362,Light Heavyweight,
sam patterson,2026-07-25,sam patterson,78.0,0.501462996510357,4.479756071053068,0.4299138387260062,0.0393079775972634,0.3312241646649457,0.0096355333819538,0.6180946415399802,Welterweight,1996-04-30
sam sicilia,2017-02-19,sam sicilia,67.0,0.4988015837679064,3.418786468270399,0.4452970400933887,0.098751326946827,0.3528995896988596,0.0476687617802632,0.3944844397515349,Featherweight,1986-02-01
sam stout,2015-08-23,sam stout,70.0,0.4986955005267075,3.874589890217146,0.4370433768656385,0.0760161084936265,0.3221323104942729,0.0193746992529071,0.6083727830443625,Lightweight,1984-04-23
sammy morgan,2006-08-17,sammy morgan,74.0,,,,,,,,Welterweight,
samy schiavo,2008-10-18,samy schiavo,72.0,0.507,2.6858,0.4591786277314572,0.0352,0.1223105812624073,0.0103,0.6152530690911471,Lightweight,1975-12-24
sanae kikuta,2000-04-14,sanae kikuta,75.0,,,,,,,,Middleweight,
sangwook kim,2026-01-31,sangwook kim,71.0,,,,,,,,Lightweight,
santiago luna,2026-06-06,santiago luna,74.0,0.4980442968324632,2.645943431213207,0.5388240115065162,0.0530969092657412,0.3589231529965132,0.0702885100302909,0.4275943134029782,Bantamweight,2004-08-06
santiago ponzinibbio,2026-07-25,santiago ponzinibbio,73.0,0.4985370034896431,4.366060526267629,0.397470794992094,0.0658356860224453,0.3160885325703021,0.0096355333819538,0.621072465210664,Welterweight,1986-09-26
saparbeg safarov,2020-03-07,saparbeg safarov,78.0,0.493,2.8588,0.4593363960417347,0.0421,0.390644373632605,0.0122,0.6339365954150863,Middleweight,1986-10-14
sarah moras,2014-07-06,sarah moras,67.0,,,,,,,,Women's Bantamweight,1988-04-30
sasha palatnikov,2021-08-21,sasha palatnikov,72.0,0.4995357378080106,5.118556181446894,0.4615052225398794,0.0654584686042511,0.2842033728116256,0.0117658079257105,0.6008685314731521,Welterweight,1989-03-15
satoshi honma,2000-04-14,satoshi honma,78.0,0.5001497264074612,2.935183852833885,0.5317576923534494,0.0477454379913544,0.3726794077709814,0.0091824257286944,0.9702466094836282,Heavyweight,
saygid izagakhmaev,2026-07-25,saygid izagakhmaev,74.0,0.4996223514677786,4.1595426686050265,0.4516205261484927,0.1292269358881883,0.3152154672132197,0.0218656325642328,0.5820837119771912,Welterweight,1994-09-03
scott adams,2000-03-10,scott adams,78.0,,,,,,,,Heavyweight,
scott askham,2017-03-18,scott askham,75.0,0.5014592528212541,3.384634894655635,0.4755249409105653,0.1142743733686334,0.3054457071595332,0.0248596170847636,0.6186745630594669,Middleweight,1988-05-20
scott holtzman,2022-12-03,scott holtzman,69.0,0.5009671127457197,3.950858908420885,0.4228191243408603,0.0654095624751874,0.3433121109145405,0.0705931525385169,0.6279163790421923,Lightweight,1983-09-30
scott jorgensen,2015-11-21,scott jorgensen,66.0,0.5006951186074624,3.416608943542593,0.3629174297776774,0.1256297207664941,0.3460774416534089,0.1256322177843272,0.5860362653780944,Bantamweight,1982-09-17
scott junk,2007-09-22,scott junk,78.0,0.4995820474813827,3.797460685909424,0.3261227995412551,0.1073570241361721,0.3971511883116099,0.007338789742819,0.9664834812489118,Heavyweight,
scott smith,2007-06-16,scott smith,70.0,0.5018508822796058,2.808552273966339,0.5123903134053116,0.0569712236051249,0.4016694104008501,0.1902334706074268,0.6101547627450971,Middleweight,
sean alvarez,2003-04-25,sean alvarez,78.0,0.507,11.3787,0.4144378691688919,0.0391,0.3586225095659058,0.0075,0.9519614829544948,Heavyweight,
sean brady,2026-05-09,sean brady,72.0,0.5024992997580613,3.5919325551123955,0.4758560668538776,0.1694185121239781,0.3295473680704163,0.0454411505137706,0.6580392145824185,Welterweight,1992-11-23
sean gannon,2005-10-07,sean gannon,78.0,,,,,,,,Heavyweight,
sean mccorkle,2011-03-26,sean mccorkle,81.0,0.4997443940990211,3.0230833914637243,0.473300294205848,0.0991524689147966,0.4111678556943153,0.2041257506396488,0.9544680486689038,Heavyweight,1976-07-17
sean o connell,2016-12-09,sean o'connell,74.0,0.4973949748468284,2.9402252638068584,0.4580705377477063,0.0507901742915841,0.418833189100455,0.0205351610343403,0.789358366717958,Light Heavyweight,1983-09-02
sean o malley,2026-06-14,sean o'malley,72.0,0.5023358350429947,4.3445104396982686,0.4328920436387555,0.0406327341681477,0.3684727999564761,0.0138699922175058,0.5809046290020776,Bantamweight,1994-10-24
sean pierson,2013-06-15,sean pierson,76.0,0.5019190902222453,3.757588381945903,0.3920772029369255,0.0520263318574031,0.3633781285429114,0.0260965733693163,0.5608661566857134,Welterweight,1976-03-10
sean salmon,2007-05-26,sean salmon,76.0,0.502359687428368,2.623704444804965,0.3906347806427139,0.1224722172136246,0.310745659611761,0.1002665505149305,0.6180470465149511,Light Heavyweight,
sean sharaf,2025-12-13,sean sharaf,77.0,0.493,5.407,0.549369399471462,0.1033,0.3885077186963979,0.0073,0.979369042602738,Heavyweight,1993-07-11
sean sherk,2010-09-25,sean sherk,67.0,0.5003164544461526,3.1026562410060463,0.4422540455924016,0.1653409606173405,0.331431559082718,0.0209634525935084,0.5886639965559916,Lightweight,1973-08-05
sean soriano,2021-11-20,sean soriano,70.0,0.507,3.6319,0.3091221711393718,0.0359,0.2162130440188863,0.0563,0.3765853311336807,Featherweight,1989-10-06
sean spencer,2016-09-10,sean spencer,74.0,0.5007442486013066,4.75059854327933,0.3801715977323101,0.0940782901888578,0.3477052890967271,0.0388125392917104,0.6316875644376121,Welterweight,1987-06-25
sean strickland,2026-05-09,sean strickland,76.0,0.493,2.666639551046171,0.584565544961706,0.057474282409889,0.4557279149682462,0.0216093150287632,0.6471712341670031,Middleweight,1991-02-27
sean woodson,2025-04-12,sean woodson,78.0,0.5008202616112964,3.662765920164944,0.4603416094946845,0.1233620408859658,0.3610822331438014,0.0311717253053173,0.4383099084013072,Featherweight,1992-06-07
sebastian szalay,2026-01-31,sebastian szalay,66.0,,,,,,,,Featherweight,1994-02-03
sedriques dumas,2026-04-25,sedriques dumas,79.0,0.507,3.843692786082429,0.5490309834987096,0.2161497635596161,0.3948326226252545,0.0941744428012646,0.7404372069589443,Middleweight,1995-08-06
semmy schilt,2001-06-29,semmy schilt,78.0,0.5003252269866385,2.8941209730679893,0.511390879036416,0.0872656614082277,0.4109339394498271,0.0063523230499045,0.9650285714903653,Heavyweight,
seokhyeon ko,2026-07-18,seokhyeon ko,71.0,0.493,3.6034,0.573178996423349,0.0301,0.3419314036306783,0.0082,0.6087605199088783,Welterweight,1993-09-24
sergei pavlovich,2026-05-30,sergei pavlovich,84.0,0.5032440889409435,3.979023894532896,0.4398720344133097,0.0560345999880333,0.3842124895577679,0.0079235613281144,0.959314365553394,Heavyweight,1992-05-13
sergey khandozhko,2022-04-23,sergey khandozhko,74.0,0.5007274438836334,2.9651375098157997,0.3370819416686706,0.0982134270962235,0.4023648359013519,0.0206039084146729,0.5763153602662098,Welterweight,1992-05-19
sergey morozov,2022-12-17,sergey morozov,67.0,0.5005027251257445,3.558485556748553,0.456829072653134,0.1428077319434007,0.3330944921801365,0.0126576302533789,0.5828785270823401,Bantamweight,1989-06-14
serghei spivac,2026-02-21,serghei spivac,78.0,0.4996591508861359,3.4610982393274923,0.506216574021338,0.1848386024049118,0.3949106502502162,0.0340179618824086,0.9686650763708315,Heavyweight,1995-01-24
sergio moraes,2019-11-16,sergio moraes,72.0,0.5006128665331451,2.799190674903778,0.393865755693207,0.0823698999435099,0.3480725372017105,0.0299477808613608,0.619205645783772,Welterweight,1982-07-23
sergio pettis,2019-09-21,sergio pettis,69.0,0.5002647558031795,3.468846484211142,0.382373469536237,0.0732319997830355,0.3694704449317559,0.0204173449779522,0.4810885237240594,Flyweight,1993-08-18
serhiy sidey,2025-05-03,serhiy sidey,72.0,0.493,3.9064,0.3745483362418257,0.0776,0.3563661873027008,0.0107,0.5918075411958911,Bantamweight,1996-07-04
seth baczynski,2015-04-11,seth baczynski,75.0,0.498965004838853,3.601582582728483,0.478562416506172,0.0811081433452104,0.3883390870127343,0.0259680393188653,0.6317623354628051,Welterweight,1981-10-26
seth petruzelli,2010-11-13,seth petruzelli,76.0,0.493,3.243599720346228,0.5193773242446734,0.0598625775875002,0.3402271297794348,0.0964873935203534,0.785102240946741,Light Heavyweight,1979-12-03
seungguk choi,2023-02-04,seungguk choi,64.0,,,,,,,,Road to 1 Flyweight Tournament,
seungwoo choi,2025-03-15,seungwoo choi,74.0,0.4980943310153432,3.880262816906069,0.5016700770683827,0.0784469215602549,0.327879385432206,0.020079871585258,0.3882736904902675,Featherweight,1992-11-03
shamar bailey,2011-11-19,shamar bailey,75.0,0.5005435530929516,1.6321743823827295,0.5756425007361411,0.14558501458815,0.3675956133281693,0.2310777942204851,0.3128147528551438,Lightweight,1982-09-22
shamil abdurakhimov,2023-01-21,shamil abdurakhimov,76.0,0.4974149501994201,3.390875685290951,0.4402566622320168,0.0550385763787362,0.4100671307950463,0.009268004541071,0.9701963808396776,Heavyweight,1981-09-02
shamil gamzatov,2021-10-30,shamil gamzatov,76.0,0.507,4.041,0.4245631973354599,0.0319,0.3957414046699761,0.008,0.7764768384714905,Light Heavyweight,1990-08-09
shamil gaziev,2026-05-02,shamil gaziev,78.0,0.5007181114379791,3.5560384072847016,0.5024011886117238,0.0647762494694698,0.3756091967155183,0.0082747797131168,0.9642594283450096,Heavyweight,1990-02-10
shane burgos,2022-07-16,shane burgos,75.0,0.5017383883314737,6.809473597893606,0.4513254368020634,0.0453122885000204,0.2725783319454943,0.0222804468748277,0.3869609698178964,Featherweight,1991-03-19
shane campbell,2016-08-27,shane campbell,71.0,0.4961925549598181,3.8090632647172,0.444292139658103,0.0923879122725951,0.3057816153303776,0.0133478481178139,0.6720736594509658,Lightweight,1987-01-21
shane carwin,2011-06-11,shane carwin,80.0,0.5030881396448172,4.8272186029891255,0.4664701065817691,0.0685334063336084,0.3871435275866551,0.010046795166078,0.9596196648130852,Heavyweight,1975-01-04
shane collins,2026-06-20,shane collins,71.0,,,,,,,,Featherweight,2000-03-08
shane del rosario,2012-12-15,shane del rosario,78.0,0.5014224848120452,3.7189806030367145,0.5528332443376635,0.0761747119503964,0.3793852701240952,0.0450598065045398,0.9638042392739398,Heavyweight,1983-09-23
shane howell,2015-01-18,shane howell,67.0,0.5002556059009788,2.914116362864761,0.4603987874760973,0.1115303025742254,0.3908256287131628,0.0883089022277728,0.410649846961781,Flyweight,1983-11-28
shane nelson,2009-12-12,shane nelson,70.0,0.4996262340654027,3.337166218284711,0.4781644460465412,0.0980689811502963,0.4042431582563319,0.0674214942864976,0.5419426207843895,Lightweight,1984-11-29
shane primm,2008-12-13,shane primm,76.0,,,,,,,,Light Heavyweight,
shane roller,2012-10-05,shane roller,72.0,0.4980833521530101,2.428328470991004,0.4119624646031063,0.0767567640221798,0.4213669481817245,0.0985481099217755,0.5974489795497507,Lightweight,1979-07-14
shane young,2023-09-09,shane young,72.0,0.4954477269964781,4.551686335309493,0.5140271905963404,0.0623958696535075,0.3527197622272279,0.0161808725877397,0.4190748082136911,Featherweight,1993-07-31
shannon gugerty,2010-03-21,shannon gugerty,71.0,0.5004781777449574,3.213055362281755,0.3886779545982451,0.0708695730799484,0.3657151632771693,0.068073128455968,0.606038969265191,Lightweight,1981-12-30
shannon ross,2023-12-09,shannon ross,66.0,0.493,2.1307,0.4185434806009337,0.0476,0.3748955495004542,0.016,0.4486525215215587,Flyweight,1989-05-12
shaqueme rock,2026-03-21,shaqueme rock,72.0,0.493,3.1641,0.4372193261015624,0.0787,0.2955230839189883,0.0103,0.6327924829221979,,
shara magomedov,2026-06-27,shara magomedov,73.0,0.504399011199436,4.948170017566615,0.5329921745098329,0.0340582939794878,0.3257986351689869,0.0098373309211663,0.6195748997679181,Middleweight,1994-05-16
shavkat rakhmonov,2024-12-07,shavkat rakhmonov,77.0,0.507,3.8205052962995087,0.4818604996961563,0.0950552662938607,0.3333591180064753,0.0755449099599873,0.7609978979243119,Welterweight,1994-10-23
shawn jordan,2015-10-03,shawn jordan,75.0,0.5029507383937739,3.667257205732685,0.454217665986488,0.1137905873944589,0.3770304005044997,0.0084037809374313,0.9598886528833508,Heavyweight,1984-10-21
shayilan nuerdanbieke,2024-06-15,shayilan nuerdanbieke,69.0,0.502328166588365,3.430235600455098,0.4718422014177091,0.113719993610447,0.3293427074254416,0.0586113866400315,0.5667676144577157,Featherweight,1994-05-04
sheldon westcott,2016-01-02,sheldon westcott,71.0,0.493,2.125475098540656,0.5630113687102355,0.1580490054593714,0.5197283858587258,0.0097786066532861,0.6192192357767035,Welterweight,1984-08-20
sherman pendergarst,2006-11-18,sherman pendergarst,78.0,,,,,,,,Heavyweight,
sheymon moraes,2019-07-13,sheymon moraes,72.0,0.4985097944653959,4.092136602042071,0.3835310985893274,0.0848526100064661,0.4001423683791928,0.0269397606361681,0.3888032056786106,Featherweight,1990-10-11
shinsho anzai,2018-06-23,shinsho anzai,70.0,0.5043934207585529,3.540645648707124,0.5119783883860969,0.1045025657990644,0.3261836456370964,0.0100570848953794,0.5950028161099815,Welterweight,1985-12-01
shonie carter,2006-12-13,shonie carter,74.0,0.4988837775394762,2.778832661525352,0.4861400943101445,0.1284601906107459,0.3343425308920746,0.0398582164373226,0.5601992921826372,Welterweight,
shunichi shimizu,2014-01-04,shunichi shimizu,69.0,0.5038014652208269,2.5548532179697228,0.3370743690227419,0.0341,0.5140841280292503,0.0343233910151388,0.5789031914965715,Bantamweight,1985-01-31
simeon thoresen,2013-01-26,simeon thoresen,79.0,0.4994663510226939,3.979663138033014,0.3607066958324095,0.0807331223407861,0.3531788793103448,0.1028495505847773,0.6141693754698739,Welterweight,1984-03-14
sione latu,1999-03-05,sione latu,78.0,,,,,,,,Heavyweight,
sirwan kakai,2015-08-08,sirwan kakai,69.0,0.493,2.526877321936436,0.4804169286095043,0.0815106056284782,0.4866013289929271,0.0107,0.5918075411958911,Bantamweight,1989-10-03
siyar bahadurzada,2019-09-28,siyar bahadurzada,73.0,0.5012777082282894,3.716343523709504,0.4703154183137618,0.1129055242379759,0.3468570629496745,0.0280974589218903,0.629770472668146,Welterweight,1984-04-17
soa palelei,2015-08-01,soa palelei,81.0,0.502977243366329,4.181239612782758,0.493532189833118,0.0699400371507533,0.3650192848362677,0.0090504732950228,0.9618938805765233,Heavyweight,1977-07-12
sodiq yusuff,2025-05-17,sodiq yusuff,71.0,0.4993710773580659,4.557582660332771,0.5137390207189706,0.0701552422671577,0.3901733281173671,0.0443393576433297,0.3895322272796445,Lightweight,1993-05-19
solomon hutcherson,2006-06-24,solomon hutcherson,75.0,0.507,2.7756,0.4940164723379026,0.2493,0.2038841671734476,0.0092,0.6162978953960615,Middleweight,
song kenan,2024-11-23,song kenan,71.0,0.5008156892954279,4.32548155951781,0.4767335362973053,0.0598099572905581,0.3062292697096601,0.0099206038305348,0.599322973399417,Welterweight,1990-03-10
song yadong,2026-05-30,song yadong,67.0,0.5010562240114007,4.071968249108859,0.4652841125048115,0.0810267452179728,0.3193382387697062,0.0134512596002579,0.5747149302851925,Bantamweight,1997-12-02
spencer fisher,2012-06-22,spencer fisher,68.0,0.4996990739213379,3.887474619561272,0.3174234374262297,0.1327017477227387,0.3663984173577616,0.0418613496817864,0.577338946804245,Lightweight,1976-05-09
spike carlyle,2020-11-28,spike carlyle,71.0,0.4996979735618629,4.205742897658104,0.5171650606417124,0.1334941372334599,0.4302133189309235,0.0204034323378972,0.6233988592931998,Featherweight,1993-05-06
stanislav nedkov,2015-01-24,stanislav nedkov,71.0,0.4995503598141142,3.43536404645252,0.5615448063443969,0.1516677318958986,0.3696185203323304,0.0849371107501255,0.8680672012460534,Light Heavyweight,1981-12-09
stefan sekulic,2021-04-24,stefan sekulic,75.0,0.5008512493604181,3.167945118182847,0.3831385282528997,0.0832051524044913,0.3696539468074334,0.0131736965254573,0.5992800341582903,Welterweight,1992-02-12
stefan struve,2020-10-24,stefan struve,84.0,0.4984318850583841,3.33454332430545,0.5577498398823448,0.0559235676008197,0.4030932747951767,0.0302604681006778,0.9707005284702508,Heavyweight,1988-02-18
stephan bonnar,2012-10-13,stephan bonnar,79.0,0.493,2.8028192437990493,0.5739980692211936,0.0831902448109936,0.3663082509054926,0.0164821889973374,0.6515431637049431,Light Heavyweight,1977-04-04
stephen bass,2011-12-03,stephen bass,71.0,,,,,,,,Featherweight,1982-11-14
stephen thompson,2025-07-12,stephen thompson,75.0,0.4975339830765465,3.922271774940512,0.5045896454875072,0.0338100687706415,0.3898082179025513,0.0087231984083577,0.6034162515949226,Welterweight,1983-02-11
steve berger,2002-06-22,steve berger,74.0,0.493,3.6469,0.4212973755823129,0.0301,0.56652356785317,0.0517,0.5073004332573985,Welterweight,
steve bosse,2016-06-18,steve bosse,72.0,0.5008787349283169,3.589152045594653,0.4417683014140949,0.0844614862337425,0.3595844229119712,0.0226363795215049,0.7141535091050335,Light Heavyweight,1981-07-29
steve bruno,2009-02-07,steve bruno,74.0,0.493,2.6886,0.6941312451578682,0.0319,0.5762534088525277,0.0092,0.6339365954150863,Welterweight,
steve byrnes,2006-12-13,steve byrnes,75.0,,,,,,,,Middleweight,
steve cantwell,2012-02-25,steve cantwell,75.0,0.507,2.993,0.3624707456017368,0.0319,0.5303617069282467,0.0092,0.6162978953960615,Middleweight,1986-12-08
steve erceg,2026-07-25,steve erceg,68.0,0.5019046856644608,4.2724462472942575,0.4295212610935468,0.093968979083714,0.3560901270986704,0.0298496387347877,0.4570262363322484,Flyweight,1995-07-27
steve garcia,2026-06-14,steve garcia,75.0,0.4983250083323756,4.132344635946187,0.4871212588660771,0.0823983028586322,0.4017668205819961,0.0218500932008002,0.433599031474811,Featherweight,1992-05-22
steve judson,2000-03-10,steve judson,78.0,,,,,,,,Heavyweight,
steve kennedy,2015-11-14,steve kennedy,74.0,0.5030146316551228,2.9631478785175203,0.5227932128770975,0.0587148316379908,0.3858296097585363,0.0368925264450652,0.5471547646326876,Welterweight,1983-03-07
steve lopez,2010-09-25,steve lopez,72.0,0.493,2.5198,0.3626151790687892,0.0587,0.3186312483448708,0.0172,0.6327924829221979,Lightweight,1984-07-30
steve montgomery,2015-11-14,steve montgomery,75.0,0.498065148411954,3.843152352530507,0.4063248381976054,0.0732705410550684,0.3621894778258969,0.0169629400168824,0.6275549787443507,Middleweight,1990-12-19
steve steinbeiss,2010-08-01,steve steinbeiss,75.0,0.5005188377548346,3.5423982757332486,0.4638107365037746,0.1037418383563889,0.3569890556943604,0.0635966973010561,0.6265253908903672,Middleweight,
steve vigneault,2006-03-04,steve vigneault,75.0,0.4929999999999999,3.453410856116765,0.5161370827982278,0.0879415403503644,0.3520558002936857,0.0254471801167881,0.6339365954150862,Middleweight,
steven asplund,2026-03-14,steven asplund,78.0,0.4966420662780822,2.983889899057141,0.4732028110926974,0.0586527013771508,0.3964976606730149,0.021258862943537,0.8611253198888518,Heavyweight,1998-07-16
steven koslow,2022-12-10,steven koslow,69.0,,,,,,,,Bantamweight,1997-01-22
steven nguyen,2025-07-26,steven nguyen,73.0,0.507,4.615901577128466,0.3911535188792702,0.1264481882676983,0.3997863018653779,0.0150116073995748,0.6152530690911472,Featherweight,1993-05-19
steven peterson,2023-03-25,steven peterson,70.0,0.4989964472118575,5.101244514091213,0.4763360109898327,0.086506881830684,0.3828379918965256,0.0656337073844265,0.3819124838010257,Featherweight,1990-05-29
steven siler,2014-07-26,steven siler,70.0,0.5006633047689224,3.652399643375758,0.4647997813170625,0.0767021680768328,0.4167636424764709,0.0777988237276811,0.3830526632390797,Featherweight,1987-02-15
stevie lynch,2007-06-16,stevie lynch,74.0,0.4996151485524567,2.316806764974757,0.4174924790287108,0.177016529520585,0.4018956483630287,0.0523534443691888,0.7246968191262169,Welterweight,
stevie ray,2019-10-26,stevie ray,70.0,0.5004745528172254,3.938047714533621,0.3852569141234698,0.0739262870326252,0.3702975000792066,0.0353262010975739,0.521940102079238,Lightweight,1990-03-25
stewart nicoll,2026-07-18,stewart nicoll,65.0,0.4929999999999999,2.671064317923526,0.4453954174556494,0.0963528914317714,0.4076469127844094,0.0654684790849659,0.4210358266271041,Flyweight,1996-04-11
stipe miocic,2024-11-16,stipe miocic,80.0,0.4934251948983094,3.148817561464086,0.5675370365214566,0.0398446154778779,0.3894107474221062,0.0089039070795862,0.8655726485228237,Heavyweight,1982-08-19
sulangrangbo,2026-01-31,sulangrangbo,66.0,,,,,,,,Bantamweight,2005-07-17
sultan aliev,2019-04-20,sultan aliev,74.0,0.4974556515433244,2.3492094624218307,0.4868214830104271,0.0964885867435708,0.2980663550151639,0.0109552413318331,0.6033802627005119,Welterweight,1984-09-17
suman mokhtarian,2019-12-21,suman mokhtarian,72.0,0.507,3.3296234271633254,0.3555306659077976,0.2639739021805304,0.401012315000627,0.062506897409333,0.3893124539478826,Featherweight,1992-06-13
sumudaerji,2026-05-30,sumudaerji,72.0,0.5007089699682918,3.218864647387725,0.4533683729225828,0.13029010749814,0.4025688886889931,0.0449089892056498,0.4799499846262425,Flyweight,1996-01-20
sung bin jo,2019-06-01,sung bin jo,72.0,0.507,4.106973846949648,0.459582549492556,0.2073317732609984,0.3523841892715886,0.113102680725684,0.4086879132620386,Featherweight,1992-07-17
suyoung you,2026-03-14,suyoung you,65.0,0.493,2.720928573732531,0.5670502296998113,0.1349602956004921,0.4227314303334559,0.1201471312601935,0.578042434712438,Bantamweight,1995-12-11
tae hyun bang,2016-09-03,tae hyun bang,71.0,0.4961768051042872,2.949612769437798,0.4091986038039172,0.0484213187465961,0.3489464529648613,0.0102999999999999,0.6288125329661487,Lightweight,1983-04-15
tafon nchukwi,2023-08-12,tafon nchukwi,77.0,0.507,5.612998303829634,0.4522526767920025,0.1468276495163106,0.4621332701544026,0.0092,0.6162978953960614,Middleweight,1994-10-14
tagir ulanbekov,2025-11-22,tagir ulanbekov,70.0,0.5057785885563453,3.316518545778461,0.5077057344706074,0.1451089533682043,0.3798839034165769,0.0938759168133059,0.4342071706303388,Flyweight,1991-08-07
tahir abdullayev,2026-06-27,tahir abdullayev,73.0,,,,,,,,Welterweight,1997-02-02
tai tuivasa,2026-05-02,tai tuivasa,75.0,0.4966537276470854,3.5173513492910824,0.5804795495064742,0.0377330924769494,0.3777160898880104,0.0072311447146743,0.9722162027151716,Heavyweight,1993-03-16
taiyilake nueraji,2025-08-23,taiyilake nueraji,75.0,,,,,,,,Welterweight,2001-01-12
takanori gomi,2017-09-22,takanori gomi,70.0,0.4957883659716754,3.5905550778460986,0.4491944667930664,0.0721931089127137,0.3882412904870336,0.0205286466155807,0.6292991754443668,Lightweight,1978-09-22
takashi sato,2023-05-20,takashi sato,73.0,0.4961217873919871,3.1331647914354317,0.5523070257447011,0.0588862437386185,0.3925591983839765,0.0147336381016625,0.6049909210173559,Welterweight,1990-06-09
takenori sato,2014-09-20,takenori sato,74.0,0.4983153232267731,4.382180494415472,0.4213593687631543,0.0838473857970318,0.380831518074692,0.022137030336245,0.5648909786282799,Welterweight,1985-06-08
takeya mizugaki,2016-12-17,takeya mizugaki,69.0,0.4998780674021318,3.855462143908177,0.3060989161503166,0.0598624518803959,0.3278726686547635,0.013542509150952,0.583621933982739,Bantamweight,1983-12-16
tallison teixeira,2026-05-30,tallison teixeira,83.0,0.4967559110590566,3.580119587008741,0.4449239791223289,0.0428655248758746,0.3821358337497767,0.0079235613281144,0.9720161600038388,Heavyweight,
tamdan mccrory,2016-10-01,tamdan mccrory,76.0,0.5016672119291291,3.4133658337263744,0.4840503233493954,0.0750883664572947,0.3519881846840849,0.0220954080908105,0.6187439557457942,Middleweight,1986-11-05
tanner boser,2026-04-18,tanner boser,75.0,0.4995455594306679,4.361990740377074,0.462885089234987,0.0383561750581149,0.3834641800530931,0.0084702609592749,0.9018722609292008,Heavyweight,1991-08-02
tarec saffiedine,2017-06-17,tarec saffiedine,70.0,0.4975139225240506,3.446432475741853,0.4048489610623861,0.0589703292618995,0.2877646428329337,0.0113453114182382,0.5928786710907431,Welterweight,1986-09-06
tateki matsuda,2015-01-18,tateki matsuda,67.0,0.493,3.0803,0.3741147492360256,0.0341,0.5010845007943548,0.0107,0.5918075411958911,Flyweight,1986-02-27
tatsuro taira,2026-05-09,tatsuro taira,70.0,0.4942525891631765,5.063867023308,0.5488220838948037,0.1023751735982175,0.4033699492346682,0.0233634583612764,0.4444998755983384,Flyweight,2000-01-27
tatsuya kawajiri,2016-08-06,tatsuya kawajiri,69.0,0.497705432146505,3.745201336202748,0.452894597832179,0.1072535302860911,0.3737995458004316,0.0462333590349152,0.3932220044725328,Featherweight,1978-05-08
taylor lapilus,2024-09-28,taylor lapilus,73.0,0.5024614193228365,4.523209896727746,0.4031352213668071,0.0357247584865665,0.281673998898113,0.0122606519996251,0.5774948692146321,Bantamweight,1992-04-08
te edwards,2019-01-19,te edwards,72.0,0.501972910131242,3.630459291463465,0.465954044722455,0.0893451616954639,0.3465299662973559,0.0426551773176259,0.3841838388485927,Lightweight,1990-09-11
tedd williams,2000-09-22,tedd williams,78.0,0.4996979735618629,2.582127697870677,0.5364452996725114,0.1216366859487307,0.4130414154260445,0.1802034032326603,0.9560738487333484,Heavyweight,
teemu packalen,2019-09-07,teemu packalen,75.0,0.493,2.458754813921597,0.3721768957283213,0.1176693334642713,0.4365658753072252,0.011804420096379,0.6327924829221979,Lightweight,1987-05-22
terrance mckinney,2026-07-11,terrance mckinney,73.0,0.4980917584117644,3.425271500674212,0.5342124546350734,0.0758430367785524,0.4234854087055924,0.0455297104624773,0.6337626583997,Lightweight,1994-09-15
terrence mitchell,2023-09-16,terrence mitchell,74.0,0.500394783649659,2.839274514772704,0.3424187183486253,0.0755240748613214,0.3384455956637672,0.0164559742481543,0.5830069885343128,Bantamweight,
terrion ware,2018-09-15,terrion ware,71.0,0.507,3.2648713870114863,0.3489194891605915,0.0803411972496412,0.3664593827671119,0.0338205986248206,0.5847069259736678,Bantamweight,1986-03-31
terry etim,2013-02-16,terry etim,73.0,0.5009648752941513,3.143335887610707,0.3880877180263499,0.0834460909430355,0.400690042156217,0.082457070762715,0.6753793473273466,Lightweight,1986-01-11
terry martin,2008-02-02,terry martin,71.0,0.507,3.787284156407584,0.3376795644522614,0.0524060366316906,0.3386920073371614,0.0131699753695741,0.7764768384714906,Middleweight,1980-10-10
teruto ishihara,2019-02-09,teruto ishihara,69.0,0.4981114666466836,3.374339333382327,0.4915194649509725,0.0679241421522602,0.4257214571034597,0.0163131590925202,0.4594352719071254,Bantamweight,1991-07-23
thales leites,2018-09-22,thales leites,78.0,0.4991229591370686,2.609193910853263,0.4665134899724878,0.1137625230197054,0.387202979439206,0.0574666603573308,0.6229869214919543,Middleweight,1981-09-06
themba gorimbo,2026-05-02,themba gorimbo,77.0,0.493,4.169534217188812,0.3897429131311181,0.0369898517674891,0.4011064974127382,0.0101268229519249,0.6087605199088783,Welterweight,1991-01-23
theodor berggren,2026-06-27,theodor berggren,75.0,0.493,3.054243753261096,0.5746617895489442,0.0793166335548745,0.3503756824488184,0.0114562990064661,0.6087605199088783,Welterweight,2000-04-09
thiago alves,2019-12-07,thiago alves,70.0,0.4983332239363713,4.003051587234725,0.409652061705553,0.0568829806402246,0.3963783512851963,0.0135906361984683,0.6183484194245275,Welterweight,1983-10-03
thiago moises,2026-04-18,thiago moises,70.0,0.5000318058469422,2.943427435324905,0.4896983175230942,0.0954348192380076,0.4118565141405558,0.0487925996452242,0.6133951530955557,Lightweight,1995-03-23
thiago perpetuo,2014-03-23,thiago perpetuo,74.0,0.4983573861925334,4.420041406407,0.5183255908184128,0.1284816484336831,0.3125488390405719,0.0157213069037332,0.6271867862767888,Welterweight,1987-12-14
thiago santos,2022-08-06,thiago santos,76.0,0.5000469381186065,3.5665040787874744,0.4728944937360593,0.0544958704415992,0.3592422354720961,0.0122017732981868,0.7333812815612737,Light Heavyweight,1984-01-07
thiago silva,2013-10-09,thiago silva,74.0,0.5010633818859881,4.013754939121666,0.3705983080688831,0.0764932524728486,0.3687012787875863,0.0317181761379553,0.7857293174577656,Light Heavyweight,1982-11-12
thiago tavares,2016-07-08,thiago tavares,70.0,0.4929999999999999,3.887828460432632,0.5687063954181628,0.0919088634708942,0.3654837731270852,0.0326992955699323,0.3922670729633906,Featherweight,1984-11-08
thibault gouti,2018-10-27,thibault gouti,72.0,0.4963923144723578,3.581279140508961,0.484859088497155,0.1097062362109157,0.2836910175296183,0.030023737496607,0.5985425615656671,Lightweight,1987-02-27
thomas almeida,2021-03-27,thomas almeida,70.0,0.4968748793770063,3.4751704503387835,0.5425523714882424,0.0846090356365499,0.3636185526501791,0.0200381373711001,0.5871960364338578,Bantamweight,1991-07-31
thomas gifford,2019-10-12,thomas gifford,75.0,0.507,4.5086,0.3401555125610174,0.2208,0.3649439297903462,0.0717,0.8461628629228862,Lightweight,1992-07-26
thomas petersen,2026-07-25,thomas petersen,74.0,0.4950754106245426,3.3048139010055504,0.5312992359228056,0.0540145316032374,0.4345914883310591,0.010381979132495,0.9753060468536844,Heavyweight,1995-03-30
tiago dos santos e silva,2016-12-09,tiago dos santos e silva,70.0,0.5023670173856358,3.628835802094316,0.4387167838437299,0.066037065601041,0.4007970665667014,0.0340770143136653,0.4464259404180082,Featherweight,
tiki ghosn,2004-04-02,tiki ghosn,74.0,0.5069999999999999,2.383259077863132,0.4138834394879694,0.1576593596174507,0.4138709579649397,0.0087994011816388,0.5918553377632992,Welterweight,
tim boetsch,2019-03-09,tim boetsch,74.0,0.4993718745786992,3.4046763552998707,0.4567077372064747,0.0784123843359305,0.3543974917011647,0.0267795618123123,0.6425452673152948,Middleweight,1981-01-28
tim credeur,2011-06-04,tim credeur,75.0,0.5009840598717205,2.749022864643015,0.4944256603263313,0.1007285418464215,0.4153025493466803,0.0994360856078426,0.6178184880967099,Middleweight,1977-07-09
tim elliott,2026-05-02,tim elliott,66.0,0.5023689312213785,3.125802102413747,0.4152023835952514,0.176849442711177,0.386563711147841,0.0748592596490218,0.4692527029788179,Flyweight,1986-12-24
tim gorman,2014-11-08,tim gorman,69.0,0.4969313109392012,3.1516811225009973,0.4428635959509878,0.1070316982315879,0.3515081386965813,0.0692362397821213,0.589103514449524,Bantamweight,1983-04-29
tim hague,2011-01-22,tim hague,76.0,0.493,2.865633853902454,0.5583382567434555,0.1533231512000599,0.3885077186963979,0.0282116959280131,0.9758937303750148,Heavyweight,1983-05-09
tim kennedy,2016-12-10,tim kennedy,74.0,0.5026846511445576,3.0173136297626915,0.4078128776538597,0.0948724655130986,0.3979950652343075,0.0270203166797276,0.6193224378101516,Middleweight,1979-09-01
tim lajcik,2000-09-22,tim lajcik,78.0,0.493,2.3032,0.6504506125386414,0.032,0.3108061749571184,0.0061,0.979369042602738,Heavyweight,
tim mckenzie,2009-04-01,tim mckenzie,74.0,,,,,,,,Middleweight,
tim means,2024-10-05,tim means,75.0,0.5032720759624263,3.4205626497342085,0.4116005423440119,0.058273970457802,0.3361060121322442,0.027091327312092,0.559746332698332,Welterweight,1984-02-20
tim sylvia,2008-02-02,tim sylvia,80.0,0.493,2.6286,0.4614523933788232,0.025,0.5095348602562809,0.0048,0.979369042602738,Heavyweight,1976-03-05
tim williams,2018-08-25,tim williams,76.0,0.498038612898997,2.985003213648936,0.5367155978563539,0.0687441947767954,0.3630106773159927,0.0261156690788798,0.624917454269759,Middleweight,1986-07-03
timmy cuamba,2026-05-16,timmy cuamba,71.0,0.5015508420311758,3.103117399944277,0.4601013224181304,0.1100695101427206,0.3495720676092488,0.0129230068221719,0.4940731852427434,Bantamweight,1999-02-08
timothy johnson,2018-02-03,timothy johnson,77.0,0.499474867238634,3.5508766491565007,0.528499271017863,0.0743085117173837,0.3755510857702474,0.006451325997354,0.9666933061700724,Heavyweight,1985-03-13
timur valiev,2022-03-19,timur valiev,67.0,0.493,2.420221582329052,0.5638945130399946,0.0383641400177336,0.37759036806465,0.0244164878595816,0.5897272926195697,Bantamweight,1990-01-19
tito ortiz,2012-07-07,tito ortiz,74.0,0.4993208314951385,3.3594395681557945,0.3471124826013924,0.0909370087827357,0.3898482413299409,0.0115787367567185,0.7888197981081874,Light Heavyweight,1975-01-23
tj brown,2023-10-14,tj brown,72.0,0.5001469761841086,4.380596729068142,0.4050594999797576,0.089188655392289,0.3576597250103159,0.0460218618052052,0.3852809377332677,Featherweight,1990-05-22
tj dillashaw,2022-10-22,tj dillashaw,67.0,0.4945506636493803,3.1927191459041158,0.4883328681798632,0.1008597552770549,0.2540299986745065,0.0131464707228162,0.6004979107129039,Bantamweight,1986-02-07
tj grant,2013-05-25,tj grant,72.0,0.4961869572426858,2.7838166960253825,0.3237319115882834,0.0512290530030508,0.3692936859703713,0.0223408693041883,0.5988662808055304,Lightweight,1984-02-26
tj laramie,2022-04-16,tj laramie,66.0,0.493,2.7776118027341754,0.480350160826828,0.0808140078316882,0.3490398614173194,0.0525605535529476,0.3906366534652024,Featherweight,1997-10-15
tj o brien,2011-08-14,tj o'brien,72.0,0.4984290809038132,3.573921665190088,0.3534083121755193,0.1024104096544314,0.3496893431000967,0.0250736648596038,0.6059275337886725,Lightweight,
tj waldburger,2014-02-22,tj waldburger,75.0,0.4974241553669081,3.666931177216616,0.4429365248644569,0.090206137289974,0.356575127258075,0.0331110711099557,0.5946950891557358,Welterweight,1988-04-25
todd brown,2011-03-03,todd brown,76.0,0.5032409844442173,3.159939956901332,0.4602571411173453,0.1704231992687961,0.3933933896691219,0.0432727386737695,0.7755065715592213,Light Heavyweight,1976-12-13
todd duffee,2019-09-14,todd duffee,78.0,0.5005178378787117,4.340804063531435,0.4503570879242343,0.0613321285955004,0.3850792263069373,0.0117655098885592,0.964651500453694,Heavyweight,1985-12-06
tofiq musayev,2026-08-01,tofiq musayev,69.0,0.4966682292663462,3.6296237846647954,0.5079788477420806,0.1060162527107502,0.4011029987397296,0.0223649221901325,0.5926183026907039,Lightweight,1989-12-15
tom aspinall,2025-10-25,tom aspinall,78.0,0.5054894456046254,4.554157374374544,0.4112716403624054,0.0874125156006553,0.384095899196385,0.0244045750851268,0.9570513321531636,Heavyweight,1993-04-11
tom blackledge,2011-02-26,tom blackledge,76.0,,,,,,,,Light Heavyweight,
tom breese,2021-01-20,tom breese,73.0,0.4977712305111846,2.9219403215974475,0.3641525477010618,0.1062334485578001,0.4007412544104602,0.0239214150253815,0.6145006230323231,Middleweight,1991-09-26
tom deblass,2012-11-10,tom deblass,75.0,0.5020746787732219,3.1021490263094424,0.4502114691651418,0.0472036766689178,0.3451647074635731,0.0245036766689178,0.6197499553458896,Middleweight,1982-05-14
tom duquesnoy,2018-03-17,tom duquesnoy,68.0,0.4994201508434809,3.721753528539781,0.4397502485628868,0.0687493634800585,0.4816729206395033,0.0141852247436038,0.584166901757314,Bantamweight,1993-06-21
tom egan,2009-01-17,tom egan,74.0,,,,,,,,Welterweight,
tom gallicchio,2017-07-07,tom gallicchio,74.0,0.4984889743231549,4.2208330856586445,0.4454928378800474,0.0987476582586672,0.2945633303342251,0.0149168165110237,0.6259158120534961,Welterweight,1986-09-23
tom lawlor,2016-03-05,tom lawlor,74.0,0.495800974860096,2.913376075715524,0.4954642531812434,0.0495892209667695,0.4393605289837597,0.0275771577295269,0.7904840263630655,Light Heavyweight,1983-05-15
tom murphy,2006-03-04,tom murphy,78.0,,,,,,,,Heavyweight,
tom niinimaki,2014-12-20,tom niinimaki,69.0,0.4970280687300264,2.7457309090007,0.4050147759198576,0.1681749296438348,0.4216158744608451,0.0571805853924892,0.387316104448383,Featherweight,1982-07-25
tom nolan,2026-06-06,tom nolan,73.0,0.4942042150539083,2.2110768867647974,0.5487839753864749,0.108263504478091,0.409629140337032,0.0321281695036926,0.6120211482201886,Lightweight,2000-03-08
tom watson,2015-08-08,tom watson,73.0,0.5024946887436699,3.11674067833729,0.4544771546763605,0.1240276169731259,0.3206426025767727,0.0429040972913764,0.6260445139833472,Middleweight,1982-07-13
tomasz drwal,2010-09-15,tomasz drwal,76.0,0.5016205893557398,3.963408514718983,0.4335819755726266,0.2026598466542918,0.3191696421647213,0.0336953558216005,0.7077623872882854,Middleweight,1982-01-22
tommy gantt,2026-05-16,tommy gantt,76.0,,,,,,,,Lightweight,
tommy hayden,2012-08-11,tommy hayden,71.0,0.4994894689170227,3.128699877529068,0.4349497647971539,0.0851272570705587,0.5619461061011534,0.0535445941290217,0.3965545732285518,Featherweight,1986-03-11
tommy mcmillen,2026-07-18,tommy mcmillen,74.0,0.507,8.7476,0.3545375639130475,0.0691,0.3654837731270852,0.0246,0.3812926477728517,Featherweight,1997-12-15
tommy speer,2008-04-02,tommy speer,71.0,0.5003384812615103,3.120390813821347,0.4413779618892233,0.0952077218922654,0.3705122776851031,0.0823320273250474,0.6613612739557488,Welterweight,1984-08-20
tony desouza,2007-12-29,tony desouza,70.0,0.5002257519772753,2.510841873911502,0.4902557956118393,0.0398547651693215,0.5167890672049631,0.0474771232479032,0.7215514769393403,Welterweight,1974-07-26
tony ferguson,2024-08-03,tony ferguson,76.0,0.4957323870910938,4.030173699135431,0.5296273141994187,0.0459327059518738,0.3815267918194382,0.0251356369740817,0.6241734284932329,Welterweight,1984-02-12
tony fryklund,2004-10-22,tony fryklund,75.0,0.5004642621919894,1.765855107859659,0.5085703569078438,0.1956976097095572,0.3779077405108507,0.0325886045843806,0.620878664383665,Middleweight,
tony gravely,2023-03-11,tony gravely,69.0,0.5008787349283169,5.313154160116677,0.468014203713968,0.1020803549558415,0.3111420518581956,0.0107,0.5824310367667904,Bantamweight,1991-09-28
tony kelley,2022-06-18,tony kelley,70.0,0.493,4.720612370850216,0.4025635954533972,0.0487116226175499,0.3563661873027007,0.0152478078921365,0.5918075411958911,Bantamweight,1987-01-21
tony petarra,1999-05-07,tony petarra,75.0,0.507,3.9892,0.4591161083564026,0.0841,0.3520558002936857,0.0243,0.6162978953960615,Middleweight,
tony sims,2016-01-02,tony sims,70.0,0.4978018747158662,3.102445548151228,0.4221727091679925,0.2500808719846359,0.4057424597048871,0.0893521396234155,0.5830861133195273,Lightweight,1985-10-14
tor troeng,2014-10-04,tor troeng,75.0,0.4967689415935958,2.295583593270984,0.5480674292196617,0.0833413632693665,0.3358983763567982,0.0359056432917645,0.6338148642041965,Middleweight,1983-01-25
torrez finney,2026-01-31,torrez finney,75.0,0.4986984163594881,2.9263488284939045,0.5355984609474868,0.0927913344313981,0.3710547395620369,0.0135872213810411,0.6267571199330494,Middleweight,1998-10-24
toshiomi kazama,2025-08-09,toshiomi kazama,69.0,0.493,3.0369,0.414980863873673,0.1211,0.5010845007943548,0.1411,0.5704169071767624,Bantamweight,1997-05-15
townsend saunders,1999-01-08,townsend saunders,72.0,0.507,1.651,0.5241465942308362,0.0583,0.4988593118981049,0.0065,0.5918553377632993,Lightweight,
tra telligman,2005-08-20,tra telligman,78.0,0.5004715680114613,3.700574958485444,0.4771715673800718,0.0585765703062511,0.3996892763794621,0.1191056848495071,0.9664676771197837,Heavyweight,
travis browne,2017-07-08,travis browne,79.0,0.4987345412978602,3.345175790458569,0.5446521958355957,0.0628584114415157,0.3640582587658868,0.0113912169651624,0.9685748565815,Heavyweight,1982-07-17
travis fulton,1999-07-16,travis fulton,78.0,0.493,2.451,0.5361978442565302,0.0398,0.3885077186963979,0.0076,0.979369042602738,Heavyweight,
travis lutter,2008-04-19,travis lutter,75.0,0.4968823906032558,3.0538796572616578,0.4626328532774902,0.0761907398070318,0.4014207710101835,0.0509758052367753,0.6468853153378934,Middleweight,
travis wiuff,2005-04-16,travis wiuff,76.0,0.5008105788642805,2.3961859812076587,0.4911582798613509,0.0524734858755785,0.427984618959936,0.0103405900694379,0.8151942427085919,Light Heavyweight,
tre ston vines,2025-10-04,tre'ston vines,79.0,0.493,3.5547087129333343,0.5115937478034771,0.0723353100029929,0.3520558002936857,0.0208747534764674,0.6339365954150863,Middleweight,
tresean gore,2026-04-04,tresean gore,75.0,0.4983344740128791,4.936704939660094,0.4817418042847107,0.0766899313818268,0.3776470849886162,0.0163466615673491,0.627215653495625,Middleweight,1994-06-21
trevin giles,2024-11-02,trevin giles,74.0,0.497546116732362,3.1382906156626764,0.5392446102361456,0.0758295091343992,0.4583545617635065,0.0127332090905269,0.6032710248077611,Welterweight,1992-08-06
trevin jones,2023-03-04,trevin jones,70.0,0.5022678841733802,4.348237685318661,0.428098288926353,0.0688193994183196,0.3472208896979037,0.0180671322305199,0.5556064161176678,Bantamweight,1990-08-04
trevor peek,2024-09-07,trevor peek,70.0,0.4995141335486318,4.080689181001483,0.4809046713716799,0.1122301876505022,0.416483345833137,0.0119519141046154,0.6246314769178991,Lightweight,1995-01-09
trevor prangley,2006-04-06,trevor prangley,75.0,0.507,2.7867,0.4931456359601337,0.3303,0.2544720317276708,0.2222,0.7729048749210192,Middleweight,
trevor smith,2019-12-07,trevor smith,75.0,0.493,2.7756,0.3329777266463838,0.0319,0.2451562657915544,0.0092,0.6339365954150863,Middleweight,1981-01-05
trey ogden,2025-01-11,trey ogden,72.0,0.4997708308587238,4.059478288455238,0.4509222195136148,0.1076518069938728,0.3641257154220028,0.0179762741398901,0.6342596672891491,Lightweight,1989-11-14
trey waters,2025-09-06,trey waters,77.0,0.4953685034650278,3.731076541252001,0.4449374996569788,0.0866809813261964,0.3960240515837925,0.0190379622064681,0.609858921711383,Welterweight,1995-02-21
tristan connelly,2022-04-30,tristan connelly,68.0,0.4998995624716009,4.003237742314701,0.4115467712772214,0.0914957872659976,0.3353118511366647,0.0604130106520299,0.3848754825453971,Featherweight,1985-12-12
troy mandaloniz,2009-02-21,troy mandaloniz,74.0,0.5009016061995705,3.353117778901892,0.3019828203549059,0.0945956964731444,0.485060203761065,0.104384453076151,0.6326603479798006,Welterweight,
tsuyoshi kohsaka,2002-05-10,tsuyoshi kohsaka,78.0,0.493,1.9186567011605815,0.5951056956947455,0.064709220423462,0.4547105468526897,0.0256840124544222,0.9752787113843626,Heavyweight,
tucker lutz,2023-07-15,tucker lutz,72.0,0.4964137692934738,3.6930964864152194,0.5347591724121437,0.0879818351647141,0.375466891650814,0.0154936527576474,0.3895910618398914,Featherweight,1994-07-12
tuco tokkos,2026-05-16,tuco tokkos,76.0,0.49862103319059,2.527290903368267,0.5168918994218042,0.2024981940393327,0.3900871498163716,0.0341924966179244,0.7961727529847988,Light Heavyweight,1990-06-30
tulio palhares,1998-10-16,tulio palhares,75.0,,,,,,,,Middleweight,
ty miller,2026-01-24,ty miller,77.0,0.5017236515470805,3.931196481800431,0.4665395673302189,0.0698443824918441,0.2994686279873687,0.0243682343525941,0.636651330027316,Welterweight,2000-06-04
tyler diamond,2018-07-06,tyler diamond,69.0,,,,,,,,Featherweight,1991-03-18
tyler toner,2010-12-04,tyler toner,70.0,,,,,,,,Featherweight,
tyron woodley,2021-03-27,tyron woodley,74.0,0.4988662098806818,2.684365656292057,0.4766901784603173,0.0447585906399949,0.3197400785097317,0.0173702945825112,0.616752789349713,Welterweight,1982-04-07
tyrone roberts,2000-06-09,tyrone roberts,75.0,,,,,,,,Middleweight,
tyson griffin,2011-10-29,tyson griffin,68.0,0.5005859666895176,3.7294091462489054,0.3921163617569574,0.1152882753430641,0.3663464004809159,0.0384548342662197,0.5460742816804465,Featherweight,1984-04-20
tyson nam,2023-07-15,tyson nam,68.0,0.4990779636164364,3.365875647692155,0.4091197413912278,0.0678299995709764,0.3622293005979617,0.0224696280424047,0.473268386117901,Flyweight,1983-10-06
tyson pedro,2024-03-02,tyson pedro,79.0,0.4929999999999999,3.0859904129956086,0.4599034684657134,0.1045661725198311,0.4925595720616459,0.0100611105373749,0.7989794616141342,Light Heavyweight,1991-09-17
ulysses gomez,2013-02-16,ulysses gomez,67.0,0.507,1.932,0.2189851956796548,0.0606,0.4415622161671208,0.1406,0.5111504992748263,Flyweight,1983-05-25
umar nurmagomedov,2026-01-24,umar nurmagomedov,69.0,0.5044178896325295,3.8475693155073674,0.3805112989428243,0.2458385685271756,0.3108744534363024,0.0204354483616837,0.567225697342519,Bantamweight,1996-01-03
uran satybaldiev,2025-08-23,uran satybaldiev,79.0,0.493,2.846,0.5370732430756695,0.025,0.3586225095659058,0.0048,0.979369042602738,Light Heavyweight,1994-08-10
uriah hall,2022-07-02,uriah hall,79.0,0.5016452968293944,3.603182854287067,0.4608424729185928,0.0518459399843256,0.3778213767572571,0.0158036038027011,0.6227423883003997,Middleweight,1984-07-31
urijah faber,2019-12-14,urijah faber,67.0,0.4930000000000001,3.5484325324707773,0.477394076869906,0.0682439374557601,0.3795489949852961,0.0131076262574484,0.5918075411958911,Bantamweight,1979-05-14
uros medic,2026-08-01,uros medic,71.0,0.5035428787959052,3.954282867793495,0.4503900827428012,0.0718632709739723,0.3558682039446801,0.018824654959404,0.5989057698788516,Welterweight,1993-04-25
vagner rocha,2014-11-07,vagner rocha,73.0,0.493,1.8702,0.6589905080756145,0.0381,0.3641394987112742,0.0582,0.5273270691018316,Lightweight,1982-06-06
val woodburn,2024-02-17,val woodburn,74.0,0.493,2.6458,0.4186118200144174,0.0674,0.3145352854798307,0.0195,0.6339365954150863,Welterweight,1993-08-10
valeri ignatov,1999-09-24,valeri ignatov,72.0,0.493,1.9962,0.5836164893071105,0.1087,0.434282221576213,0.0133,0.6339365954150863,Lightweight,
valmir lazaro,2015-11-21,valmir lazaro,73.0,0.5006259985257947,5.11277420402602,0.3901252696498809,0.1143742040260212,0.226091755828998,0.0103,0.6232385154922767,Lightweight,1985-08-15
valter walker,2026-07-25,valter walker,78.0,0.5049245893754574,3.287972913779628,0.5198521229749019,0.1802177424200957,0.3885077186963979,0.0977534012498387,0.9672556158423672,Heavyweight,1997-12-14
vaughan lee,2015-07-18,vaughan lee,66.0,0.497612311383214,2.5990909807566127,0.4922365002062925,0.0868554318708907,0.4220248100549987,0.0615288261159526,0.4244946261153333,Flyweight,1982-10-15
vernon ramos ho,2015-11-21,vernon ramos ho,74.0,,,,,,,,Welterweight,
vernon white,2004-08-21,vernon white,76.0,0.4956598267664014,2.7920412632961416,0.4269474217382184,0.1066214361010488,0.3563378933138336,0.0246947824832256,0.7696993977653911,Light Heavyweight,
viacheslav borshchev,2025-11-15,viacheslav borshchev,69.0,0.497739990244534,4.370666541540439,0.4432528396385974,0.050894689395445,0.4087576828501515,0.0220061170084261,0.6105582584235567,Lightweight,1992-01-08
vicente luque,2026-04-11,vicente luque,75.0,0.499717760783878,3.954584049125447,0.4380657671099718,0.0927321430463051,0.3558226177395203,0.0356158366732896,0.624754491584133,Middleweight,1991-11-27
victor altamirano,2024-09-28,victor altamirano,70.0,0.507,4.0352,0.5502375833784805,0.1756,0.3852861035422343,0.1171,0.5476424839925786,Flyweight,1991-01-23
victor henry,2025-04-05,victor henry,68.0,0.5005129289831809,5.430971179012067,0.5308203734964957,0.1028636735093641,0.2585747039351416,0.0257055905392727,0.5823368030811573,Bantamweight,1987-05-04
victor hugo,2024-10-26,victor hugo,71.0,0.493,3.100926230122448,0.4868289193671164,0.0564799910758271,0.3697606094270326,0.0261577235609931,0.5897417962905723,Featherweight,1992-11-22
victor martinez,2024-05-18,victor martinez,70.0,0.493,3.4233,0.4717262152449965,0.0775,0.2827493510087366,0.0227,0.6327924829221979,Lightweight,1991-07-17
victor rodriguez,2021-05-22,victor rodriguez,67.0,0.5012419749797609,3.180379194864848,0.4743024259088456,0.1076937488857491,0.3649517864369583,0.0451806849019331,0.4583176628919216,Flyweight,1992-09-05
victor valenzuela,2026-04-25,victor valenzuela,74.0,0.5017868465410709,3.474628805269259,0.4323288389391647,0.0763008286519725,0.3432886071321494,0.0169678777431694,0.6353741974725349,Welterweight,1994-02-09
victor valimaki,2007-04-21,victor valimaki,76.0,0.5023105802393256,3.133900292746321,0.5086443273170754,0.0807545182516805,0.4237017446296514,0.0638224181200214,0.7878476194694285,Light Heavyweight,
vik grujic,2015-05-09,vik grujic,73.0,0.4975654513643545,2.7236999868333744,0.5888453500720021,0.1087556514342355,0.4520889827778546,0.0139135398468956,0.6109082521646041,Welterweight,1977-02-06
viktor pesta,2017-01-15,viktor pesta,77.0,0.4997989304271931,3.169132144130411,0.4385277870626495,0.0605885783351477,0.412950457102575,0.0075596481841091,0.966058893229341,Heavyweight,1990-07-15
vinc pichel,2025-03-29,vinc pichel,72.0,0.5002944053433326,4.07943319604444,0.4528991150345101,0.097329881493303,0.3885702939633495,0.0120909628427689,0.6236539404959025,Lightweight,1982-11-23
vince cachero,2021-02-27,vince cachero,68.0,0.493,4.6319,0.5182186971488913,0.0359,0.5413925330774024,0.0128,0.3922670729633906,Bantamweight,1989-11-07
vince morales,2026-05-02,vince morales,70.0,0.4992358979407966,3.128548348510765,0.4400415416723567,0.0776,0.1916337692882472,0.0107,0.5843861816510804,Bantamweight,1990-11-12
vinicius moreira,2021-01-20,vinicius moreira,76.0,0.507,5.191484860166508,0.4854875190903118,0.0602998900755486,0.3764182903915915,0.0139729224467958,0.860017959086027,Light Heavyweight,1989-02-28
vinicius oliveira,2026-06-20,vinicius oliveira,70.0,0.5031237302085875,3.98999759923347,0.4486561465213021,0.0916911169566821,0.3484952941286389,0.0200426153554406,0.5783766677655172,Featherweight,1995-11-30
vinicius queiroz,2010-10-16,vinicius queiroz,78.0,,,,,,,,Heavyweight,
vinicius salvador,2024-05-18,vinicius salvador,70.0,0.4990914504988815,4.739578274783125,0.405452191283448,0.0564501960999135,0.3563661873027008,0.0176711389652754,0.584558088954881,Bantamweight,1996-07-24
vinny magalhaes,2013-08-03,vinny magalhaes,75.0,0.4979939166605878,2.8109672832744943,0.4057169899775026,0.0962816539567734,0.3559202526641187,0.060855350830205,0.7930406540128564,Light Heavyweight,1984-07-02
viscardi andrade,2016-03-19,viscardi andrade,75.0,0.499711455705504,2.9448592279626324,0.5274936718046227,0.0922871418077114,0.3750602563496386,0.027428727220991,0.567474498417636,Welterweight,1984-03-08
vitor belfort,2018-05-12,vitor belfort,74.0,0.5004540790188806,3.076854056518565,0.5118527404939238,0.0562276866188875,0.3544744868132526,0.0196357333636748,0.6429516279991884,Middleweight,1977-04-01
vitor miranda,2018-07-22,vitor miranda,77.0,0.499102406990514,3.689030947074443,0.4401856209264068,0.057284947297765,0.3867674651526809,0.0112569524329606,0.6593084770885532,Middleweight,1979-03-10
vitor petrino,2026-03-14,vitor petrino,77.0,0.5033579337219178,3.049721198263064,0.5127640649367914,0.139148999980447,0.3293688296475107,0.0497182890877453,0.8467384739804222,Heavyweight,1997-08-28
vladimir matyushenko,2013-01-26,vladimir matyushenko,74.0,0.4984556696193176,2.7813732410956145,0.4011738172804167,0.0677211451359375,0.3776344816131587,0.0446943820966595,0.791018696861626,Light Heavyweight,1971-01-04
vlasto cepo,2026-08-01,vlasto cepo,75.0,,,,,,,,Middleweight,
volkan oezdemir,2025-11-22,volkan oezdemir,75.0,0.5001702894932885,4.786288927303322,0.4496272955351704,0.0677509962802955,0.3285053830374077,0.0228065158046568,0.7895117751501375,Light Heavyweight,1989-09-19
wade shipp,2004-04-02,wade shipp,78.0,,,,,,,,Heavyweight,
wagner campos,2012-06-23,wagner campos,71.0,,,,,,,,Featherweight,1981-07-31
wagner prado,2013-01-19,wagner prado,74.0,0.4963838065343007,2.494372978993776,0.4959880946028974,0.0592090732315863,0.4780345403240639,0.0149022683078965,0.7989794616141342,Light Heavyweight,1986-12-30
wagner silva,2014-11-08,wagner silva,74.0,0.493,3.1801,0.3467028491662642,0.0521,0.3520558002936857,0.015,0.6339365954150863,Welterweight,1987-02-07
waldo cortes acosta,2026-05-09,waldo cortes-acosta,78.0,0.4969464613622299,3.0750272333333086,0.6010240971675453,0.1256491152492582,0.4014343445281386,0.0228284994514732,0.9691225864164944,Heavyweight,1991-10-03
walel watson,2012-09-22,walel watson,75.0,0.507,2.0788,0.4183200253886429,0.1926,0.2905555024109917,0.0634,0.5931342106631258,Bantamweight,1984-07-16
walt harris,2021-06-05,walt harris,77.0,0.4992584729374498,3.6556909611263024,0.4994635632777308,0.0539408201657296,0.3900562794284784,0.0104896462407959,0.9678241370359264,Heavyweight,1983-06-10
wanderlei silva,2013-03-02,wanderlei silva,74.0,0.4981532101934559,3.400423018900493,0.4209512546927835,0.058410559727431,0.4043324943488178,0.0180777377191449,0.7266878247741804,Light Heavyweight,1976-07-03
wang cong,2026-02-07,wang cong,66.0,,,,,,,,Women's Flyweight,1992-05-15
wang guan,2017-11-25,wang guan,71.0,,,,,,,,Featherweight,1986-03-14
war machine,2008-05-24,war machine,74.0,,,,,,,,Welterweight,
warlley alves,2024-05-18,warlley alves,72.0,0.5033447654243848,4.397375227724064,0.4634678009680213,0.0502730380692858,0.3636313216203458,0.0144979272539622,0.6209031515516648,Middleweight,1991-01-04
waylon lowe,2011-03-26,waylon lowe,72.0,0.5028492690209415,2.2674748396246707,0.4521892063645037,0.2083291074316196,0.3948913388580858,0.013383400155872,0.6204531682585093,Lightweight,1980-10-31
wellington turman,2023-12-02,wellington turman,72.0,0.4976372754202489,3.265640783513423,0.5229762918959242,0.0738820698612773,0.4116376518473502,0.0442874271550769,0.6213710029331675,Welterweight,1996-07-22
wendell oliveira marques,2015-05-30,wendell oliveira marques,74.0,0.493,3.9512,0.410210890221976,0.0742,0.3531788793103448,0.0203,0.6087605199088783,Welterweight,1983-06-01
wes combs,2006-08-26,wes combs,76.0,0.507,4.1714,0.4267414100876705,0.0754,0.3957414046699761,0.008,0.7764768384714905,Light Heavyweight,
wes schultz,2026-05-02,wes schultz,77.0,,,,,,,,Middleweight,1996-08-09
wes sims,2004-04-02,wes sims,78.0,0.4956445581838574,3.5567563764160406,0.5067776342282607,0.0776345316324938,0.3771230865218892,0.0111780997714321,0.9741918364479294,Heavyweight,
wesley correira,2004-04-02,wesley correira,78.0,0.4976440106509419,3.226194362926245,0.4695760212114425,0.0650848201854144,0.3896891871294549,0.0171148449001188,0.968572981159875,Heavyweight,
westin wilson,2025-08-23,westin wilson,73.0,0.507,3.8212966114432696,0.4360612898726992,0.0910958623593237,0.245158425202545,0.0128,0.3812926477728517,Featherweight,1989-01-24
will brooks,2017-11-18,will brooks,72.0,0.4988290870434037,3.250417821081927,0.5059127324324624,0.143748846170089,0.3750001719664446,0.0408659910607488,0.5249040417669508,Lightweight,1986-10-08
will campuzano,2014-03-15,will campuzano,70.0,0.493,3.0615492046873607,0.5378262486476171,0.1436570140409681,0.4078176577669675,0.0107414183217633,0.5918075411958911,Flyweight,1986-05-27
will chope,2014-01-04,will chope,71.0,0.5005200430927494,3.8972910232815936,0.3632943201358097,0.148063544899271,0.3563228525286089,0.0481338708837514,0.3876985357154295,Featherweight,1990-09-08
willamy freire,2011-01-22,willamy freire,72.0,0.499605216350341,2.948888287530315,0.4057129293185679,0.0519017613430051,0.4144245342731976,0.0152067321459676,0.6245173669927512,Lightweight,
william gomis,2026-05-09,william gomis,73.0,0.4954596257348134,2.509990579281812,0.514514653466391,0.0685135819605994,0.4416762673225503,0.0315967132800297,0.3892751199538973,Featherweight,1997-06-13
william knight,2023-02-18,william knight,73.0,0.4994551819954168,2.7736284976079872,0.6192265538956891,0.0974502534517963,0.3979281319815724,0.0322826678243323,0.8539662688089835,Light Heavyweight,1988-04-03
william macario,2015-02-22,william macario,75.0,0.4974368843597953,4.251930031251887,0.3952722834523485,0.1047241167285484,0.3230052807852816,0.0092751712984465,0.6034029243187917,Welterweight,1991-07-01
willie gates,2016-05-08,willie gates,72.0,0.5029421570708358,3.6421882392594,0.4342470509184713,0.0984966563617882,0.3196749014100545,0.0378753834032526,0.5858123715072616,Flyweight,1987-01-21
wilson gouveia,2009-12-12,wilson gouveia,76.0,0.4992900979065853,3.446684541426704,0.4551588778668294,0.1497267741232009,0.3537079214715775,0.0531800837408716,0.636086772120976,Catch Weight,1978-10-03
wilson reis,2019-04-13,wilson reis,65.0,0.5006063267531059,2.363991771717348,0.4320265808689792,0.2662369344771682,0.397536609896465,0.0482458620822115,0.4523144984363913,Flyweight,1985-01-06
wulijiburen,2019-02-09,wulijiburen,69.0,0.493,2.8140739585132697,0.4115087686433022,0.1795872482709113,0.3180722100507343,0.0133035458621514,0.5039090475303283,Bantamweight,
xavier foupa pokam,2009-05-23,xavier foupa-pokam,75.0,0.5016828477752254,3.5347444769790712,0.4985658776193949,0.1419492673482927,0.374798199982949,0.0697305750868343,0.6470331161389954,Middleweight,
xiao long,2026-03-07,xiao long,70.0,0.5018031122067429,3.372139947843152,0.4425205343433199,0.0778593470835196,0.3188521548561814,0.0399792368932422,0.5744315830377779,Bantamweight,1998-04-13
yadier del valle,2026-02-21,yadier del valle,69.0,0.4978153172387261,2.9389152892796626,0.5090937225652914,0.0969573943989178,0.3592539323303687,0.0760055898844695,0.6334578965476552,Featherweight,
yair rodriguez,2025-04-12,yair rodriguez,71.0,0.499493430782681,4.479376552318119,0.4910499336338957,0.0535196842266887,0.400376773102606,0.0291100313204174,0.3901181814038201,Featherweight,1992-10-06
yan cabral,2016-05-08,yan cabral,73.0,0.498966965720459,2.3949277773831805,0.3753589482219071,0.1548497576534991,0.4148357878943515,0.0524609431866649,0.6195645401595772,Lightweight,1983-05-13
yanal ashmouz,2025-06-07,yanal ashmouz,69.0,0.493,3.4597,0.5577540308608867,0.0973,0.3649439297903462,0.0285,0.6327924829221979,Lightweight,1995-03-31
yancy medeiros,2021-06-26,yancy medeiros,75.0,0.4982580977080422,3.7689443903853057,0.5170530914905896,0.0514734370372692,0.3455050308094758,0.0250822125240152,0.6449518139565033,Lightweight,1987-09-07
yanis ghemmouri,2024-06-29,yanis ghemmouri,69.0,0.493,3.278820115867869,0.5483281179315506,0.1002198845078441,0.3324040094867825,0.0158612102571809,0.591807541195891,Bantamweight,1995-01-24
yao zhikui,2016-11-26,yao zhikui,64.0,0.4976958897396825,2.350904838550871,0.493174439255155,0.0847878915731228,0.384073779572775,0.023467438848125,0.4817960755308087,Flyweight,1991-02-07
yaotzin meza,2016-02-27,yaotzin meza,71.0,0.493,3.3294,0.3335753999888171,0.1436,0.3230265035950685,0.0149,0.3922670729633906,Featherweight,1981-02-04
yaroslav amosov,2026-05-09,yaroslav amosov,74.0,0.4943582963137038,3.1797592669763297,0.5810691857941745,0.1030773912045853,0.3695268640808796,0.0147882907162219,0.6250412580347888,Welterweight,1993-09-09
yasuhiro urushitani,2012-11-10,yasuhiro urushitani,67.0,0.493,2.5134,0.372741588740261,0.0765,0.3307901907356948,0.0257,0.4486525215215587,Flyweight,1976-09-08
yi sak lee,2026-05-30,yi sak lee,75.0,,,,,,,,,2000-01-01
yizha,2026-01-31,yizha,71.0,0.5013161256845046,3.193688842857897,0.4580220724851804,0.0853319630731104,0.3437532122839982,0.1308899506114607,0.3799918920201291,Featherweight,1997-01-08
yoel romero,2020-03-07,yoel romero,73.0,0.493,2.9709141117693503,0.4967731705467431,0.074879239355469,0.3369680068185964,0.010502272976376,0.6339365954150863,Middleweight,1977-04-30
yohan lainesse,2024-01-20,yohan lainesse,76.0,0.4975837655518341,2.8589992804777946,0.4364799041668736,0.0771485791298107,0.3397803475261496,0.0287805266451202,0.5739448307924493,Welterweight,1992-08-14
yoislandy izquierdo,2012-07-07,yoislandy izquierdo,72.0,0.5048282544972683,3.45169427449612,0.3141373057243138,0.1204198600290529,0.330026973017375,0.0946978052604836,0.5636689801989394,Lightweight,1984-01-09
yoji anjo,2000-12-16,yoji anjo,75.0,,,,,,,,Middleweight,
yorgan de castro,2021-04-10,yorgan de castro,74.0,0.4968449152953533,2.994501261639838,0.4791425201970504,0.033705986775907,0.3885077186963979,0.0064752845215467,0.971841917938464,Heavyweight,1986-12-19
yosdenis cedeno,2015-07-11,yosdenis cedeno,69.0,0.4977439106062567,2.5202407834750167,0.4501582218526067,0.0443828555306827,0.4452892562875148,0.0130108060607181,0.626849239257866,Lightweight,1985-02-12
yoshihiro akiyama,2015-11-28,yoshihiro akiyama,75.0,0.4997895897930043,3.2679260845429847,0.4414496526994664,0.1181712542401996,0.3128134024910491,0.0146229816471395,0.6101518569305392,Welterweight,1975-07-29
yoshinori horie,2019-07-27,yoshinori horie,70.0,0.4970916325066312,3.057237012842882,0.4793870625909314,0.0860454337912871,0.3501051264783255,0.0527810947790824,0.3949703566498425,Featherweight,1995-05-10
yoshiyuki yoshida,2010-05-08,yoshiyuki yoshida,70.0,0.4994257209964412,3.3028533722839764,0.4454375229627741,0.0942168654775113,0.3411343950441073,0.0671191980326722,0.7090633289561171,Welterweight,1974-05-10
yousri belgaroui,2026-03-28,yousri belgaroui,79.0,0.4947977646636207,3.207433954334415,0.4657467402691903,0.0731997556379558,0.3756752233426459,0.0170801927746795,0.6339365954150863,Middleweight,1992-06-02
youssef zalal,2026-04-25,youssef zalal,72.0,0.4968913585961682,2.7613091489879973,0.5241196016871351,0.0891479948724186,0.4032747767583994,0.0119749305285273,0.5858044469954434,Featherweight,1996-09-04
yui chul nam,2015-11-28,yui chul nam,71.0,0.4985564271200786,3.386302934443291,0.4979822084463708,0.1053575658066088,0.4295698223742693,0.0380431680340273,0.4778467067551747,Featherweight,1981-07-16
yuki kondo,2001-06-29,yuki kondo,76.0,0.4966655644221098,1.6355671605738795,0.4527141861775617,0.029525600972444,0.5385462605074938,0.0535859104858666,0.7161910382890782,Light Heavyweight,
yuki sasaki,2006-08-17,yuki sasaki,75.0,0.493,2.8977,0.4858502315635658,0.0711,0.319058841810836,0.0179,0.7989794616141341,Middleweight,
yuri villefort,2013-09-04,yuri villefort,73.0,0.493,3.3425,0.5510892762867673,0.1605,0.3531788793103448,0.0517,0.5073004332573985,Welterweight,1991-03-23
yusaku kinoshita,2023-08-26,yusaku kinoshita,71.0,,,,,,,,Welterweight,2000-08-21
yushin okami,2018-12-01,yushin okami,75.0,0.5011660877081773,2.552622878654823,0.452896306318902,0.1550269858907129,0.3394314599221121,0.0419355315540665,0.6557153935440831,Welterweight,1981-07-21
yusuke kasuya,2016-11-26,yusuke kasuya,72.0,0.493,3.1641,0.4156849006826277,0.0787,0.3649439297903462,0.0103,0.6327924829221979,Lightweight,1989-11-16
yuta sasaki,2018-11-17,yuta sasaki,71.0,0.4968159414419131,3.328360682779792,0.4424282551325947,0.1883058957267046,0.4069390626606257,0.0151876592198825,0.4452698926072939,Flyweight,1989-10-07
yves edwards,2014-11-22,yves edwards,73.0,0.4981158153200235,3.556645063666301,0.3499755837466405,0.071622959737694,0.3402706822829308,0.0221303054499636,0.6321647844038205,Lightweight,1976-09-30
yves jabouin,2015-08-23,yves jabouin,68.0,0.4998577594013986,3.5911107219797938,0.4094566958812867,0.11703265567251,0.3165661132016734,0.0149068829657262,0.5725824577821965,Bantamweight,1979-05-30
zabit magomedsharipov,2019-11-09,zabit magomedsharipov,73.0,0.507,4.275852523763216,0.3834498222555269,0.2875463783800374,0.3434378814834267,0.0532347841916357,0.3915832497336383,Featherweight,1991-03-01
zac pauga,2024-02-10,zac pauga,76.0,0.4977460380042651,4.151306107003069,0.4192756841992063,0.0513366843249464,0.3477953329920565,0.0080281471226295,0.8421254878551219,Light Heavyweight,1988-02-25
zach light,2002-06-22,zach light,74.0,,,,,,,,Welterweight,
zach makovsky,2016-12-10,zach makovsky,64.0,0.4988224353774714,2.4632316575069844,0.3729892261338738,0.1959321277718496,0.3968102938825928,0.0198584073859216,0.4398612936784895,Flyweight,1983-04-19
zachary reese,2026-07-11,zachary reese,77.0,0.493,3.206,0.4717837205732503,0.0846,0.3520558002936857,0.0244,0.6339365954150863,,1994-03-24
zachary scroggin,2024-11-09,zachary scroggin,74.0,0.4990469413801681,3.768473611188799,0.4202286982104423,0.0686529702358625,0.3334638913275092,0.0315128986358311,0.5601341312841417,Welterweight,
zak cummings,2023-04-15,zak cummings,75.0,0.5026225850176661,3.1093384079637905,0.4318850612154192,0.0461999657887657,0.3530362982711293,0.0340842523996387,0.6328668797440202,Light Heavyweight,1984-08-02
zak ottow,2019-03-09,zak ottow,72.0,0.4983963585798162,3.0112092894726032,0.4021094528520845,0.0773058739169433,0.3248331736579872,0.0101434387687859,0.6031993564117152,Welterweight,1986-12-22
zarah fairn,2023-09-02,zarah fairn,72.0,,,,,,,,Catch Weight,1983-12-10
zarrukh adashev,2022-06-04,zarrukh adashev,65.0,0.4993077256251673,4.067886261795644,0.4730341818833534,0.0869894169126821,0.348045473842937,0.0396433813789495,0.4556250001554038,Flyweight,1992-07-29
zelim imadaev,2020-09-05,zelim imadaev,76.0,0.5029007073790606,3.2143565662985902,0.4946208086759664,0.0429743510667247,0.4149076670157838,0.0260425827340195,0.5644694855618736,Welterweight,1995-01-25
zhalgas zhumagulov,2023-06-24,zhalgas zhumagulov,66.0,0.4950960579806479,4.270490073218229,0.4710685822759597,0.1021835132364166,0.3748269749212824,0.034878095755124,0.4634731430102306,Flyweight,1988-08-29
zhang lipeng,2015-05-16,zhang lipeng,71.0,0.501625746228868,2.1180224369983827,0.4808241104136548,0.1119149373795061,0.3419509648686688,0.048798740607934,0.5333904264006868,Lightweight,1990-03-10
zhang mingyang,2026-05-30,zhang mingyang,75.0,0.5027012189579785,4.96226882579003,0.5669753825327111,0.0616141546163866,0.327442241779688,0.015484489066441,0.7833863991687298,Light Heavyweight,1998-08-16
zhang tiequan,2012-11-10,zhang tiequan,69.0,0.4968362887001493,2.5995872000123663,0.5011984215014591,0.061547216813075,0.3458212642415006,0.1258444189699258,0.3881219293391021,Lightweight,
zhu kangjie,2026-05-30,zhu kangjie,70.0,,,,,,,,Featherweight,1996-01-16
zubaira tukhugov,2023-02-11,zubaira tukhugov,68.0,0.5022360018797813,3.7918247189740697,0.3770435811654488,0.1305162154219249,0.3591474440477999,0.0154162212730453,0.3858540599352633,Lightweight,1991-01-15
zviad lazishvili,2021-10-23,zviad lazishvili,69.0,0.4991328066507791,3.951041749599549,0.4533804186279568,0.0725712865662945,0.362502273764874,0.0207550335696324,0.5473340661281152,Bantamweight,1991-10-25
zygimantas ramaska,2024-09-07,zygimantas ramaska,71.0,,,,,,,,Featherweight,1996-12-27
