name,dob,event_date,name_key,source
frankie edgar,1981-10-16,2007-07-07,frankie edgar,odds_frame
anderson silva,1975-04-14,2007-07-07,anderson silva,odds_frame
antonio rodrigo nogueira,1976-06-02,2007-07-07,antonio rodrigo nogueira,odds_frame
rashad evans,1979-09-25,2007-07-07,rashad evans,odds_frame
tito ortiz,1975-01-23,2007-07-07,tito ortiz,odds_frame
heath herring,1978-03-02,2007-07-07,heath herring,odds_frame
nate marquardt,1979-04-20,2007-07-07,nate marquardt,odds_frame
mark bocek,1981-10-24,2007-07-07,mark bocek,odds_frame
josh koscheck,1977-11-30,2007-08-25,josh koscheck,odds_frame
gabriel gonzaga,1979-05-18,2007-08-25,gabriel gonzaga,odds_frame
ryan jensen,1977-09-20,2007-08-25,ryan jensen,odds_frame
marcus aurelio,1973-08-18,2007-08-25,marcus aurelio,odds_frame
kendall grove,1982-11-12,2007-08-25,kendall grove,odds_frame
antoni hardonk,1976-02-05,2007-08-25,antoni hardonk,odds_frame
clay guida,1981-12-08,2007-08-25,clay guida,odds_frame
frank mir,1979-05-24,2007-08-25,frank mir,odds_frame
patrick cote,1980-02-29,2007-08-25,patrick cote,odds_frame
georges st-pierre,1981-05-19,2007-08-25,georges st pierre,odds_frame
randy couture,1963-06-22,2007-08-25,randy couture,odds_frame
thales leites,1981-09-06,2007-08-25,thales leites,odds_frame
naoyuki kotani,1981-12-08,2007-09-08,naoyuki kotani,odds_frame
tomasz drwal,1982-01-22,2007-09-08,tomasz drwal,odds_frame
terry etim,1986-01-11,2007-09-08,terry etim,odds_frame
alessio sakara,1981-09-02,2007-09-08,alessio sakara,odds_frame
cheick kongo,1975-05-17,2007-09-08,cheick kongo,odds_frame
dan henderson,1970-08-24,2007-09-08,dan henderson,odds_frame
thiago silva,1982-11-12,2007-09-08,thiago silva,odds_frame
dennis siver,1979-01-13,2007-09-08,dennis siver,odds_frame
houston alexander,1972-03-22,2007-09-08,houston alexander,odds_frame
matt hamill,1976-10-05,2007-09-08,matt hamill,odds_frame
gleison tibau,1983-10-07,2007-09-08,gleison tibau,odds_frame
mirko filipovic,1974-09-10,2007-09-08,mirko filipovic,odds_frame
quinton jackson,1978-06-20,2007-09-08,quinton jackson,odds_frame
michael bisping,1979-02-28,2007-09-08,michael bisping,odds_frame
terry martin,1980-10-10,2007-09-19,terry martin,odds_frame
junior assuncao,1981-06-24,2007-09-19,junior assuncao,odds_frame
cole miller,1984-04-26,2007-09-19,cole miller,odds_frame
thiago alves,1983-10-03,2007-09-19,thiago alves,odds_frame
gray maynard,1979-05-09,2007-09-19,gray maynard,odds_frame
chris leben,1980-07-21,2007-09-19,chris leben,odds_frame
joe veres,1977-11-09,2007-09-19,joe veres,odds_frame
kuniyoshi hironaka,1976-06-17,2007-09-19,kuniyoshi hironaka,odds_frame
leonard garcia,1979-07-14,2007-09-19,leonard garcia,odds_frame
nate diaz,1985-04-16,2007-09-19,nate diaz,odds_frame
michihiro omigawa,1975-12-19,2007-09-22,michihiro omigawa,odds_frame
forrest griffin,1979-03-16,2007-09-22,forrest griffin,odds_frame
jon fitch,1978-02-24,2007-09-22,jon fitch,odds_frame
lyoto machida,1978-05-30,2007-09-22,lyoto machida,odds_frame
tyson griffin,1984-04-20,2007-09-22,tyson griffin,odds_frame
rich clementi,1976-03-31,2007-09-22,rich clementi,odds_frame
jeremy stephens,1986-05-25,2007-09-22,jeremy stephens,odds_frame
diego saraiva,1982-04-23,2007-09-22,diego saraiva,odds_frame
matt wiman,1983-09-19,2007-09-22,matt wiman,odds_frame
mauricio rua,1981-11-25,2007-09-22,mauricio rua,odds_frame
diego sanchez,1981-12-31,2007-09-22,diego sanchez,odds_frame
kazuhiro nakamura,1979-07-16,2007-09-22,kazuhiro nakamura,odds_frame
thiago tavares,1984-11-08,2007-09-22,thiago tavares,odds_frame
anthony johnson,1984-03-06,2007-09-22,anthony johnson,odds_frame
forrest petz,1975-09-22,2007-10-20,forrest petz,odds_frame
ryan jensen,1977-09-20,2007-10-20,ryan jensen,odds_frame
alan belcher,1984-04-24,2007-10-20,alan belcher,odds_frame
jason black,1972-07-15,2007-10-20,jason black,odds_frame
kalib starnes,1975-01-06,2007-10-20,kalib starnes,odds_frame
tim sylvia,1976-03-05,2007-10-20,tim sylvia,odds_frame
rich franklin,1974-10-05,2007-10-20,rich franklin,odds_frame
jason macdonald,1975-06-03,2007-10-20,jason macdonald,odds_frame
anderson silva,1975-04-14,2007-10-20,anderson silva,odds_frame
matt grice,1981-07-29,2007-10-20,matt grice,odds_frame
brandon vera,1977-10-10,2007-10-20,brandon vera,odds_frame
demian maia,1977-11-06,2007-10-20,demian maia,odds_frame
joshua burkman,1980-04-10,2007-10-20,joshua burkman,odds_frame
yushin okami,1981-07-21,2007-10-20,yushin okami,odds_frame
ed herman,1980-10-02,2007-11-17,ed herman,odds_frame
frankie edgar,1981-10-16,2007-11-17,frankie edgar,odds_frame
thiago alves,1983-10-03,2007-11-17,thiago alves,odds_frame
thiago silva,1982-11-12,2007-11-17,thiago silva,odds_frame
michael bisping,1979-02-28,2007-11-17,michael bisping,odds_frame
houston alexander,1972-03-22,2007-11-17,houston alexander,odds_frame
rashad evans,1979-09-25,2007-11-17,rashad evans,odds_frame
spencer fisher,1976-05-09,2007-11-17,spencer fisher,odds_frame
chris lytle,1974-08-18,2007-11-17,chris lytle,odds_frame
joe doerksen,1977-10-09,2007-11-17,joe doerksen,odds_frame
jason reinhardt,1969-10-31,2007-11-17,jason reinhardt,odds_frame
akihiro gono,1974-10-07,2007-11-17,akihiro gono,odds_frame
joe lauzon,1984-05-22,2007-11-17,joe lauzon,odds_frame
tamdan mccrory,1986-11-05,2007-11-17,tamdan mccrory,odds_frame
mac danzig,1980-01-02,2007-12-08,mac danzig,odds_frame
ben saunders,1983-04-13,2007-12-08,ben saunders,odds_frame
george sotiropoulos,1977-07-09,2007-12-08,george sotiropoulos,odds_frame
roger huerta,1983-05-20,2007-12-08,roger huerta,odds_frame
tommy speer,1984-08-20,2007-12-08,tommy speer,odds_frame
dan barrera,1980-12-23,2007-12-08,dan barrera,odds_frame
billy miles,1978-04-28,2007-12-08,billy miles,odds_frame
clay guida,1981-12-08,2007-12-08,clay guida,odds_frame
mark bocek,1981-10-24,2007-12-29,mark bocek,odds_frame
roan carneiro,1978-06-02,2007-12-29,roan carneiro,odds_frame
rich clementi,1976-03-31,2007-12-29,rich clementi,odds_frame
eddie sanchez,1982-11-04,2007-12-29,eddie sanchez,odds_frame
chuck liddell,1969-12-17,2007-12-29,chuck liddell,odds_frame
matt hughes,1973-10-13,2007-12-29,matt hughes,odds_frame
wanderlei silva,1976-07-03,2007-12-29,wanderlei silva,odds_frame
soa palelei,1977-07-12,2007-12-29,soa palelei,odds_frame
melvin guillard,1983-03-30,2007-12-29,melvin guillard,odds_frame
tony desouza,1974-07-26,2007-12-29,tony desouza,odds_frame
doug evans,1980-10-10,2007-12-29,doug evans,odds_frame
georges st-pierre,1981-05-19,2007-12-29,georges st pierre,odds_frame
fabricio werdum,1977-07-30,2008-01-19,fabricio werdum,odds_frame
bj penn,1978-12-13,2008-01-19,bj penn,odds_frame
alessio sakara,1981-09-02,2008-01-19,alessio sakara,odds_frame
gabriel gonzaga,1979-05-18,2008-01-19,gabriel gonzaga,odds_frame
james lee,1973-09-22,2008-01-19,james lee,odds_frame
per eklund,,2008-01-19,per eklund,odds_frame
joe stevenson,1982-06-15,2008-01-19,joe stevenson,odds_frame
sam stout,1984-04-23,2008-01-19,sam stout,odds_frame
alvin robinson,1982-07-16,2008-01-23,alvin robinson,odds_frame
gray maynard,1979-05-09,2008-01-23,gray maynard,odds_frame
nate diaz,1985-04-16,2008-01-23,nate diaz,odds_frame
thiago tavares,1984-11-08,2008-01-23,thiago tavares,odds_frame
patrick cote,1980-02-29,2008-01-23,patrick cote,odds_frame
mike swick,1979-06-19,2008-01-23,mike swick,odds_frame
joshua burkman,1980-04-10,2008-01-23,joshua burkman,odds_frame
drew mcfedries,1978-07-27,2008-01-23,drew mcfedries,odds_frame
michihiro omigawa,1975-12-19,2008-01-23,michihiro omigawa,odds_frame
dennis siver,1979-01-13,2008-01-23,dennis siver,odds_frame
cole miller,1984-04-26,2008-01-23,cole miller,odds_frame
justin buchholz,1983-08-22,2008-01-23,justin buchholz,odds_frame
jeremy stephens,1986-05-25,2008-01-23,jeremy stephens,odds_frame
matt wiman,1983-09-19,2008-01-23,matt wiman,odds_frame
antonio rodrigo nogueira,1976-06-02,2008-02-02,antonio rodrigo nogueira,odds_frame
tim sylvia,1976-03-05,2008-02-02,tim sylvia,odds_frame
gleison tibau,1983-10-07,2008-02-02,gleison tibau,odds_frame
keita nakamura,1984-05-22,2008-02-02,keita nakamura,odds_frame
david heath,1976-02-10,2008-02-02,david heath,odds_frame
brock lesnar,1977-07-12,2008-02-02,brock lesnar,odds_frame
jeremy horn,1975-08-25,2008-02-02,jeremy horn,odds_frame
nate marquardt,1979-04-20,2008-02-02,nate marquardt,odds_frame
tim boetsch,1981-01-28,2008-02-02,tim boetsch,odds_frame
frank mir,1979-05-24,2008-02-02,frank mir,odds_frame
rob emerson,1981-07-30,2008-02-02,rob emerson,odds_frame
tyson griffin,1984-04-20,2008-02-02,tyson griffin,odds_frame
josh koscheck,1977-11-30,2008-03-01,josh koscheck,odds_frame
dan henderson,1970-08-24,2008-03-01,dan henderson,odds_frame
alessio sakara,1981-09-02,2008-03-01,alessio sakara,odds_frame
evan tanner,1971-02-11,2008-03-01,evan tanner,odds_frame
chris wilson,1977-06-07,2008-03-01,chris wilson,odds_frame
dustin hazelett,1986-04-29,2008-03-01,dustin hazelett,odds_frame
cheick kongo,1975-05-17,2008-03-01,cheick kongo,odds_frame
jon fitch,1978-02-24,2008-03-01,jon fitch,odds_frame
anderson silva,1975-04-14,2008-03-01,anderson silva,odds_frame
heath herring,1978-03-02,2008-03-01,heath herring,odds_frame
chris leben,1980-07-21,2008-03-01,chris leben,odds_frame
yushin okami,1981-07-21,2008-03-01,yushin okami,odds_frame
kurt pellegrino,1979-05-07,2008-04-02,kurt pellegrino,odds_frame
tommy speer,1984-08-20,2008-04-02,tommy speer,odds_frame
roman mitichyan,1978-09-04,2008-04-02,roman mitichyan,odds_frame
samy schiavo,1975-12-24,2008-04-02,samy schiavo,odds_frame
din thomas,1976-09-28,2008-04-02,din thomas,odds_frame
tim boetsch,1981-01-28,2008-04-02,tim boetsch,odds_frame
karo parisyan,1982-08-28,2008-04-02,karo parisyan,odds_frame
gray maynard,1979-05-09,2008-04-02,gray maynard,odds_frame
frankie edgar,1981-10-16,2008-04-02,frankie edgar,odds_frame
thiago alves,1983-10-03,2008-04-02,thiago alves,odds_frame
kenny florian,1976-05-26,2008-04-02,kenny florian,odds_frame
nate diaz,1985-04-16,2008-04-02,nate diaz,odds_frame
anthony johnson,1984-03-06,2008-04-02,anthony johnson,odds_frame
george sotiropoulos,1977-07-09,2008-04-02,george sotiropoulos,odds_frame
clay guida,1981-12-08,2008-04-02,clay guida,odds_frame
josh neer,1983-03-24,2008-04-02,josh neer,odds_frame
matt hamill,1976-10-05,2008-04-02,matt hamill,odds_frame
joe lauzon,1984-05-22,2008-04-02,joe lauzon,odds_frame
alan belcher,1984-04-24,2008-04-19,alan belcher,odds_frame
georges st-pierre,1981-05-19,2008-04-19,georges st pierre,odds_frame
michael bisping,1979-02-28,2008-04-19,michael bisping,odds_frame
mac danzig,1980-01-02,2008-04-19,mac danzig,odds_frame
jason day,1981-05-19,2008-04-19,jason day,odds_frame
brad morris,1979-11-01,2008-04-19,brad morris,odds_frame
sam stout,1984-04-23,2008-04-19,sam stout,odds_frame
mark bocek,1981-10-24,2008-04-19,mark bocek,odds_frame
ed herman,1980-10-02,2008-04-19,ed herman,odds_frame
matt serra,1974-06-02,2008-04-19,matt serra,odds_frame
cain velasquez,1982-07-28,2008-04-19,cain velasquez,odds_frame
rich clementi,1976-03-31,2008-04-19,rich clementi,odds_frame
demian maia,1977-11-06,2008-04-19,demian maia,odds_frame
charles mccarthy,1980-08-06,2008-04-19,charles mccarthy,odds_frame
thiago silva,1982-11-12,2008-05-24,thiago silva,odds_frame
rich clementi,1976-03-31,2008-05-24,rich clementi,odds_frame
rousimar palhares,1980-02-26,2008-05-24,rousimar palhares,odds_frame
dong hyun kim,1981-11-17,2008-05-24,dong hyun kim,odds_frame
wanderlei silva,1976-07-03,2008-05-24,wanderlei silva,odds_frame
bj penn,1978-12-13,2008-05-24,bj penn,odds_frame
lyoto machida,1978-05-30,2008-05-24,lyoto machida,odds_frame
sean sherk,1973-08-05,2008-05-24,sean sherk,odds_frame
keith jardine,1975-10-31,2008-05-24,keith jardine,odds_frame
antonio mendes,1981-04-19,2008-05-24,antonio mendes,odds_frame
terry etim,1986-01-11,2008-05-24,terry etim,odds_frame
ivan salaverry,1971-01-11,2008-05-24,ivan salaverry,odds_frame
jason tan,1981-12-17,2008-05-24,jason tan,odds_frame
tito ortiz,1975-01-23,2008-05-24,tito ortiz,odds_frame
thiago alves,1983-10-03,2008-06-07,thiago alves,odds_frame
jorge rivera,1972-02-28,2008-06-07,jorge rivera,odds_frame
thales leites,1981-09-06,2008-06-07,thales leites,odds_frame
matt wiman,1983-09-19,2008-06-07,matt wiman,odds_frame
kevin burns,1980-03-03,2008-06-07,kevin burns,odds_frame
fabricio werdum,1977-07-30,2008-06-07,fabricio werdum,odds_frame
mike swick,1979-06-19,2008-06-07,mike swick,odds_frame
matt hughes,1973-10-13,2008-06-07,matt hughes,odds_frame
martin kampmann,1982-04-17,2008-06-07,martin kampmann,odds_frame
nate marquardt,1979-04-20,2008-06-07,nate marquardt,odds_frame
jason day,1981-05-19,2008-06-07,jason day,odds_frame
thiago tavares,1984-11-08,2008-06-07,thiago tavares,odds_frame
roan carneiro,1978-06-02,2008-06-07,roan carneiro,odds_frame
brandon vera,1977-10-10,2008-06-07,brandon vera,odds_frame
marcus davis,1973-08-24,2008-06-07,marcus davis,odds_frame
michael bisping,1979-02-28,2008-06-07,michael bisping,odds_frame
spencer fisher,1976-05-09,2008-06-21,spencer fisher,odds_frame
joshua burkman,1980-04-10,2008-06-21,joshua burkman,odds_frame
jeremy stephens,1986-05-25,2008-06-21,jeremy stephens,odds_frame
luigi fioravanti,1981-01-22,2008-06-21,luigi fioravanti,odds_frame
cb dollaway,1983-08-10,2008-06-21,cb dollaway,odds_frame
amir sadollah,1980-08-27,2008-06-21,amir sadollah,odds_frame
dustin hazelett,1986-04-29,2008-06-21,dustin hazelett,odds_frame
diego sanchez,1981-12-31,2008-06-21,diego sanchez,odds_frame
melvin guillard,1983-03-30,2008-07-05,melvin guillard,odds_frame
quinton jackson,1978-06-20,2008-07-05,quinton jackson,odds_frame
gleison tibau,1983-10-07,2008-07-05,gleison tibau,odds_frame
justin mccully,1976-02-18,2008-07-05,justin mccully,odds_frame
dennis siver,1979-01-13,2008-07-05,dennis siver,odds_frame
jorge gurgel,1977-01-25,2008-07-05,jorge gurgel,odds_frame
ricardo almeida,1976-11-29,2008-07-05,ricardo almeida,odds_frame
chris lytle,1974-08-18,2008-07-05,chris lytle,odds_frame
forrest griffin,1979-03-16,2008-07-05,forrest griffin,odds_frame
josh koscheck,1977-11-30,2008-07-05,josh koscheck,odds_frame
patrick cote,1980-02-29,2008-07-05,patrick cote,odds_frame
cole miller,1984-04-26,2008-07-05,cole miller,odds_frame
gabriel gonzaga,1979-05-18,2008-07-05,gabriel gonzaga,odds_frame
joe stevenson,1982-06-15,2008-07-05,joe stevenson,odds_frame
james irvin,1978-09-12,2008-07-19,james irvin,odds_frame
cb dollaway,1983-08-10,2008-07-19,cb dollaway,odds_frame
kevin burns,1980-03-03,2008-07-19,kevin burns,odds_frame
frankie edgar,1981-10-16,2008-07-19,frankie edgar,odds_frame
brandon vera,1977-10-10,2008-07-19,brandon vera,odds_frame
hermes franca,1974-08-26,2008-07-19,hermes franca,odds_frame
anderson silva,1975-04-14,2008-07-19,anderson silva,odds_frame
anthony johnson,1984-03-06,2008-07-19,anthony johnson,odds_frame
reese andy,1973-03-31,2008-07-19,reese andy,odds_frame
jesse taylor,1983-01-02,2008-07-19,jesse taylor,odds_frame
jon fitch,1978-02-24,2008-08-09,jon fitch,odds_frame
ryan thomas,1984-11-05,2008-08-09,ryan thomas,odds_frame
luke cummo,1980-04-27,2008-08-09,luke cummo,odds_frame
heath herring,1978-03-02,2008-08-09,heath herring,odds_frame
dan evensen,1974-06-01,2008-08-09,dan evensen,odds_frame
andre gusmao,1977-05-19,2008-08-09,andre gusmao,odds_frame
jon jones,1987-07-19,2008-08-09,jon jones,odds_frame
brock lesnar,1977-07-12,2008-08-09,brock lesnar,odds_frame
georges st-pierre,1981-05-19,2008-08-09,georges st pierre,odds_frame
demian maia,1977-11-06,2008-08-09,demian maia,odds_frame
cheick kongo,1975-05-17,2008-08-09,cheick kongo,odds_frame
tamdan mccrory,1986-11-05,2008-08-09,tamdan mccrory,odds_frame
ben saunders,1983-04-13,2008-08-09,ben saunders,odds_frame
jason macdonald,1975-06-03,2008-08-09,jason macdonald,odds_frame
rich franklin,1974-10-05,2008-09-06,rich franklin,odds_frame
ryo chonan,1976-10-08,2008-09-06,ryo chonan,odds_frame
chuck liddell,1969-12-17,2008-09-06,chuck liddell,odds_frame
matt hamill,1976-10-05,2008-09-06,matt hamill,odds_frame
rousimar palhares,1980-02-26,2008-09-06,rousimar palhares,odds_frame
martin kampmann,1982-04-17,2008-09-06,martin kampmann,odds_frame
matt brown,1981-01-10,2008-09-06,matt brown,odds_frame
rashad evans,1979-09-25,2008-09-06,rashad evans,odds_frame
thiago tavares,1984-11-08,2008-09-06,thiago tavares,odds_frame
roan carneiro,1978-06-02,2008-09-06,roan carneiro,odds_frame
tim boetsch,1981-01-28,2008-09-06,tim boetsch,odds_frame
kurt pellegrino,1979-05-07,2008-09-06,kurt pellegrino,odds_frame
dong hyun kim,1981-11-17,2008-09-06,dong hyun kim,odds_frame
nate marquardt,1979-04-20,2008-09-06,nate marquardt,odds_frame
dan henderson,1970-08-24,2008-09-06,dan henderson,odds_frame
michael patt,,2008-09-06,michael patt,odds_frame
nate diaz,1985-04-16,2008-09-17,nate diaz,odds_frame
ed herman,1980-10-02,2008-09-17,ed herman,odds_frame
clay guida,1981-12-08,2008-09-17,clay guida,odds_frame
kyle bradley,1982-08-19,2008-09-17,kyle bradley,odds_frame
joe vedepo,,2008-09-17,joe vedepo,odds_frame
mac danzig,1980-01-02,2008-09-17,mac danzig,odds_frame
josh neer,1983-03-24,2008-09-17,josh neer,odds_frame
joe lauzon,1984-05-22,2008-09-17,joe lauzon,odds_frame
alessio sakara,1981-09-02,2008-09-17,alessio sakara,odds_frame
alan belcher,1984-04-24,2008-09-17,alan belcher,odds_frame
michael bisping,1979-02-28,2008-10-18,michael bisping,odds_frame
keith jardine,1975-10-31,2008-10-18,keith jardine,odds_frame
david baron,1973-02-15,2008-10-18,david baron,odds_frame
sam stout,1984-04-23,2008-10-18,sam stout,odds_frame
brandon vera,1977-10-10,2008-10-18,brandon vera,odds_frame
terry etim,1986-01-11,2008-10-18,terry etim,odds_frame
jim miller,1983-08-30,2008-10-18,jim miller,odds_frame
chris leben,1980-07-21,2008-10-18,chris leben,odds_frame
thiago alves,1983-10-03,2008-10-25,thiago alves,odds_frame
pete sell,1982-08-05,2008-10-25,pete sell,odds_frame
thales leites,1981-09-06,2008-10-25,thales leites,odds_frame
anderson silva,1975-04-14,2008-10-25,anderson silva,odds_frame
junior dos santos,1984-01-30,2008-10-25,junior dos santos,odds_frame
dan miller,1981-06-30,2008-10-25,dan miller,odds_frame
gray maynard,1979-05-09,2008-10-25,gray maynard,odds_frame
drew mcfedries,1978-07-27,2008-10-25,drew mcfedries,odds_frame
fabricio werdum,1977-07-30,2008-10-25,fabricio werdum,odds_frame
patrick cote,1980-02-29,2008-10-25,patrick cote,odds_frame
rich clementi,1976-03-31,2008-10-25,rich clementi,odds_frame
matt horwich,1978-10-02,2008-10-25,matt horwich,odds_frame
josh koscheck,1977-11-30,2008-10-25,josh koscheck,odds_frame
joshua burkman,1980-04-10,2008-10-25,joshua burkman,odds_frame
rafael dos anjos,1984-10-26,2008-11-15,rafael dos anjos,odds_frame
randy couture,1963-06-22,2008-11-15,randy couture,odds_frame
gabriel gonzaga,1979-05-18,2008-11-15,gabriel gonzaga,odds_frame
jeremy stephens,1986-05-25,2008-11-15,jeremy stephens,odds_frame
josh hendricks,1976-08-28,2008-11-15,josh hendricks,odds_frame
brock lesnar,1977-07-12,2008-11-15,brock lesnar,odds_frame
demian maia,1977-11-06,2008-11-15,demian maia,odds_frame
jorge gurgel,1977-01-25,2008-11-15,jorge gurgel,odds_frame
dustin hazelett,1986-04-29,2008-11-15,dustin hazelett,odds_frame
aaron riley,1980-12-09,2008-11-15,aaron riley,odds_frame
alvin robinson,1982-07-16,2008-11-15,alvin robinson,odds_frame
nate quarry,1972-03-18,2008-11-15,nate quarry,odds_frame
tamdan mccrory,1986-11-05,2008-11-15,tamdan mccrory,odds_frame
mark bocek,1981-10-24,2008-11-15,mark bocek,odds_frame
josh koscheck,1977-11-30,2008-12-10,josh koscheck,odds_frame
brandon wolff,1975-10-18,2008-12-10,brandon wolff,odds_frame
jim miller,1983-08-30,2008-12-10,jim miller,odds_frame
ben saunders,1983-04-13,2008-12-10,ben saunders,odds_frame
jonathan goulet,1979-07-13,2008-12-10,jonathan goulet,odds_frame
matt wiman,1983-09-19,2008-12-10,matt wiman,odds_frame
yoshiyuki yoshida,1974-05-10,2008-12-10,yoshiyuki yoshida,odds_frame
mike swick,1979-06-19,2008-12-10,mike swick,odds_frame
anthony johnson,1984-03-06,2008-12-13,anthony johnson,odds_frame
efrain escudero,1986-01-15,2008-12-13,efrain escudero,odds_frame
kevin burns,1980-03-03,2008-12-13,kevin burns,odds_frame
ryan bader,1983-06-07,2008-12-13,ryan bader,odds_frame
phillipe nover,1984-02-03,2008-12-13,phillipe nover,odds_frame
tom lawlor,1983-05-15,2008-12-13,tom lawlor,odds_frame
george roop,1981-11-10,2008-12-13,george roop,odds_frame
vinny magalhaes,1984-07-02,2008-12-13,vinny magalhaes,odds_frame
shane nelson,1984-11-29,2008-12-13,shane nelson,odds_frame
kyle kingsbury,1982-03-22,2008-12-13,kyle kingsbury,odds_frame
frank mir,1979-05-24,2008-12-27,frank mir,odds_frame
rashad evans,1979-09-25,2008-12-27,rashad evans,odds_frame
cb dollaway,1983-08-10,2008-12-27,cb dollaway,odds_frame
forrest griffin,1979-03-16,2008-12-27,forrest griffin,odds_frame
yushin okami,1981-07-21,2008-12-27,yushin okami,odds_frame
pat barry,1979-07-07,2008-12-27,pat barry,odds_frame
mostapha al-turk,1973-07-14,2008-12-27,mostapha al turk,odds_frame
cheick kongo,1975-05-17,2008-12-27,cheick kongo,odds_frame
dan evensen,1974-06-01,2008-12-27,dan evensen,odds_frame
antonio rodrigo nogueira,1976-06-02,2008-12-27,antonio rodrigo nogueira,odds_frame
reese andy,1973-03-31,2008-12-27,reese andy,odds_frame
dean lister,1976-02-13,2008-12-27,dean lister,odds_frame
matt hamill,1976-10-05,2008-12-27,matt hamill,odds_frame
wanderlei silva,1976-07-03,2008-12-27,wanderlei silva,odds_frame
quinton jackson,1978-06-20,2008-12-27,quinton jackson,odds_frame
mike massenzio,1982-11-01,2008-12-27,mike massenzio,odds_frame
denis kang,1977-09-17,2009-01-17,denis kang,odds_frame
alexandre barros,1976-11-19,2009-01-17,alexandre barros,odds_frame
martin kampmann,1982-04-17,2009-01-17,martin kampmann,odds_frame
alan belcher,1984-04-24,2009-01-17,alan belcher,odds_frame
rousimar palhares,1980-02-26,2009-01-17,rousimar palhares,odds_frame
mauricio rua,1981-11-25,2009-01-17,mauricio rua,odds_frame
dan henderson,1970-08-24,2009-01-17,dan henderson,odds_frame
rich franklin,1974-10-05,2009-01-17,rich franklin,odds_frame
mark coleman,1964-12-20,2009-01-17,mark coleman,odds_frame
jeremy horn,1975-08-25,2009-01-17,jeremy horn,odds_frame
john howard,1983-03-01,2009-01-31,john howard,odds_frame
lyoto machida,1978-05-30,2009-01-31,lyoto machida,odds_frame
jon jones,1987-07-19,2009-01-31,jon jones,odds_frame
clay guida,1981-12-08,2009-01-31,clay guida,odds_frame
jon fitch,1978-02-24,2009-01-31,jon fitch,odds_frame
karo parisyan,1982-08-28,2009-01-31,karo parisyan,odds_frame
dong hyun kim,1981-11-17,2009-01-31,dong hyun kim,odds_frame
chris wilson,1977-06-07,2009-01-31,chris wilson,odds_frame
akihiro gono,1974-10-07,2009-01-31,akihiro gono,odds_frame
nate diaz,1985-04-16,2009-01-31,nate diaz,odds_frame
stephan bonnar,1977-04-04,2009-01-31,stephan bonnar,odds_frame
thiago silva,1982-11-12,2009-01-31,thiago silva,odds_frame
georges st-pierre,1981-05-19,2009-01-31,georges st pierre,odds_frame
bj penn,1978-12-13,2009-01-31,bj penn,odds_frame
jake rosholt,1982-02-09,2009-02-07,jake rosholt,odds_frame
gleison tibau,1983-10-07,2009-02-07,gleison tibau,odds_frame
matt veach,1981-05-31,2009-02-07,matt veach,odds_frame
dan miller,1981-06-30,2009-02-07,dan miller,odds_frame
anthony johnson,1984-03-06,2009-02-07,anthony johnson,odds_frame
josh neer,1983-03-24,2009-02-07,josh neer,odds_frame
cain velasquez,1982-07-28,2009-02-07,cain velasquez,odds_frame
jeremy stephens,1986-05-25,2009-02-07,jeremy stephens,odds_frame
denis stojnic,1980-02-02,2009-02-07,denis stojnic,odds_frame
mac danzig,1980-01-02,2009-02-07,mac danzig,odds_frame
luigi fioravanti,1981-01-22,2009-02-07,luigi fioravanti,odds_frame
matt grice,1981-07-29,2009-02-07,matt grice,odds_frame
rich clementi,1976-03-31,2009-02-07,rich clementi,odds_frame
joe lauzon,1984-05-22,2009-02-07,joe lauzon,odds_frame
demian maia,1977-11-06,2009-02-21,demian maia,odds_frame
diego sanchez,1981-12-31,2009-02-21,diego sanchez,odds_frame
terry etim,1986-01-11,2009-02-21,terry etim,odds_frame
nate marquardt,1979-04-20,2009-02-21,nate marquardt,odds_frame
junior dos santos,1984-01-30,2009-02-21,junior dos santos,odds_frame
evan dunham,1981-12-18,2009-02-21,evan dunham,odds_frame
josh koscheck,1977-11-30,2009-02-21,josh koscheck,odds_frame
stefan struve,1988-02-18,2009-02-21,stefan struve,odds_frame
per eklund,,2009-02-21,per eklund,odds_frame
brian cobb,,2009-02-21,brian cobb,odds_frame
joe stevenson,1982-06-15,2009-02-21,joe stevenson,odds_frame
wilson gouveia,1978-10-03,2009-02-21,wilson gouveia,odds_frame
chael sonnen,1977-04-03,2009-02-21,chael sonnen,odds_frame
paulo thiago,1981-01-25,2009-02-21,paulo thiago,odds_frame
tamdan mccrory,1986-11-05,2009-03-07,tamdan mccrory,odds_frame
ryan madigan,,2009-03-07,ryan madigan,odds_frame
aaron riley,1980-12-09,2009-03-07,aaron riley,odds_frame
michael patt,,2009-03-07,michael patt,odds_frame
tim boetsch,1981-01-28,2009-03-07,tim boetsch,odds_frame
keith jardine,1975-10-31,2009-03-07,keith jardine,odds_frame
jim miller,1983-08-30,2009-03-07,jim miller,odds_frame
mark munoz,1978-02-09,2009-03-07,mark munoz,odds_frame
shane nelson,1984-11-29,2009-03-07,shane nelson,odds_frame
shane carwin,1975-01-04,2009-03-07,shane carwin,odds_frame
matt hamill,1976-10-05,2009-03-07,matt hamill,odds_frame
gabriel gonzaga,1979-05-18,2009-03-07,gabriel gonzaga,odds_frame
quinton jackson,1978-06-20,2009-03-07,quinton jackson,odds_frame
jason brilz,1975-07-07,2009-03-07,jason brilz,odds_frame
brandon vera,1977-10-10,2009-03-07,brandon vera,odds_frame
gray maynard,1979-05-09,2009-03-07,gray maynard,odds_frame
junie browning,1984-05-12,2009-04-01,junie browning,odds_frame
martin kampmann,1982-04-17,2009-04-01,martin kampmann,odds_frame
ryan bader,1983-06-07,2009-04-01,ryan bader,odds_frame
tyson griffin,1984-04-20,2009-04-01,tyson griffin,odds_frame
cole miller,1984-04-26,2009-04-01,cole miller,odds_frame
gleison tibau,1983-10-07,2009-04-01,gleison tibau,odds_frame
tim credeur,1977-07-09,2009-04-01,tim credeur,odds_frame
nick catone,1981-09-01,2009-04-01,nick catone,odds_frame
carlos condit,1984-04-26,2009-04-01,carlos condit,odds_frame
carmelo marrero,1981-01-26,2009-04-01,carmelo marrero,odds_frame
rafael dos anjos,1984-10-26,2009-04-01,rafael dos anjos,odds_frame
jeremy stephens,1986-05-25,2009-04-01,jeremy stephens,odds_frame
ryo chonan,1976-10-08,2009-04-18,ryo chonan,odds_frame
matt wiman,1983-09-19,2009-04-18,matt wiman,odds_frame
cheick kongo,1975-05-17,2009-04-18,cheick kongo,odds_frame
mauricio rua,1981-11-25,2009-04-18,mauricio rua,odds_frame
sam stout,1984-04-23,2009-04-18,sam stout,odds_frame
krzysztof soszynski,1977-08-02,2009-04-18,krzysztof soszynski,odds_frame
anderson silva,1975-04-14,2009-04-18,anderson silva,odds_frame
ed herman,1980-10-02,2009-04-18,ed herman,odds_frame
chuck liddell,1969-12-17,2009-04-18,chuck liddell,odds_frame
mark bocek,1981-10-24,2009-04-18,mark bocek,odds_frame
eliot marshall,1980-07-07,2009-04-18,eliot marshall,odds_frame
antoni hardonk,1976-02-05,2009-04-18,antoni hardonk,odds_frame
vinny magalhaes,1984-07-02,2009-04-18,vinny magalhaes,odds_frame
david bielkheden,1979-06-06,2009-04-18,david bielkheden,odds_frame
david loiseau,1979-12-17,2009-04-18,david loiseau,odds_frame
thales leites,1981-09-06,2009-04-18,thales leites,odds_frame
tj grant,1984-02-26,2009-04-18,tj grant,odds_frame
brian stann,1980-09-24,2009-04-18,brian stann,odds_frame
kyle bradley,1982-08-19,2009-05-23,kyle bradley,odds_frame
brock larson,1977-08-23,2009-05-23,brock larson,odds_frame
rashad evans,1979-09-25,2009-05-23,rashad evans,odds_frame
sean sherk,1973-08-05,2009-05-23,sean sherk,odds_frame
mike pyle,1975-09-18,2009-05-23,mike pyle,odds_frame
pat barry,1979-07-07,2009-05-23,pat barry,odds_frame
dan miller,1981-06-30,2009-05-23,dan miller,odds_frame
lyoto machida,1978-05-30,2009-05-23,lyoto machida,odds_frame
chael sonnen,1977-04-03,2009-05-23,chael sonnen,odds_frame
frankie edgar,1981-10-16,2009-05-23,frankie edgar,odds_frame
phillipe nover,1984-02-03,2009-05-23,phillipe nover,odds_frame
tim hague,1983-05-09,2009-05-23,tim hague,odds_frame
ben saunders,1983-04-13,2009-06-13,ben saunders,odds_frame
wanderlei silva,1976-07-03,2009-06-13,wanderlei silva,odds_frame
cheick kongo,1975-05-17,2009-06-13,cheick kongo,odds_frame
mostapha al-turk,1973-07-14,2009-06-13,mostapha al turk,odds_frame
justin buchholz,1983-08-22,2009-06-13,justin buchholz,odds_frame
peter sobotta,1987-01-11,2009-06-13,peter sobotta,odds_frame
denis stojnic,1980-02-02,2009-06-13,denis stojnic,odds_frame
rick story,1984-08-28,2009-06-13,rick story,odds_frame
mike swick,1979-06-19,2009-06-13,mike swick,odds_frame
rich franklin,1974-10-05,2009-06-13,rich franklin,odds_frame
cain velasquez,1982-07-28,2009-06-13,cain velasquez,odds_frame
mirko filipovic,1974-09-10,2009-06-13,mirko filipovic,odds_frame
terry etim,1986-01-11,2009-06-13,terry etim,odds_frame
paul taylor,1979-12-15,2009-06-13,paul taylor,odds_frame
stefan struve,1988-02-18,2009-06-13,stefan struve,odds_frame
john hathaway,1987-07-23,2009-06-13,john hathaway,odds_frame
nate diaz,1985-04-16,2009-06-20,nate diaz,odds_frame
brad blackburn,1977-05-25,2009-06-20,brad blackburn,odds_frame
melvin guillard,1983-03-30,2009-06-20,melvin guillard,odds_frame
joe stevenson,1982-06-15,2009-06-20,joe stevenson,odds_frame
ross pearson,1984-09-26,2009-06-20,ross pearson,odds_frame
diego sanchez,1981-12-31,2009-06-20,diego sanchez,odds_frame
edgar garcia,1984-02-22,2009-06-20,edgar garcia,odds_frame
gleison tibau,1983-10-07,2009-06-20,gleison tibau,odds_frame
clay guida,1981-12-08,2009-06-20,clay guida,odds_frame
andre winner,1981-11-09,2009-06-20,andre winner,odds_frame
michael bisping,1979-02-28,2009-07-11,michael bisping,odds_frame
dan henderson,1970-08-24,2009-07-11,dan henderson,odds_frame
thiago alves,1983-10-03,2009-07-11,thiago alves,odds_frame
paulo thiago,1981-01-25,2009-07-11,paulo thiago,odds_frame
frank mir,1979-05-24,2009-07-11,frank mir,odds_frame
georges st-pierre,1981-05-19,2009-07-11,georges st pierre,odds_frame
cb dollaway,1983-08-10,2009-07-11,cb dollaway,odds_frame
mac danzig,1980-01-02,2009-07-11,mac danzig,odds_frame
tj grant,1984-02-26,2009-07-11,tj grant,odds_frame
brock lesnar,1977-07-12,2009-07-11,brock lesnar,odds_frame
matt grice,1981-07-29,2009-07-11,matt grice,odds_frame
yoshihiro akiyama,1975-07-29,2009-07-11,yoshihiro akiyama,odds_frame
shannon gugerty,1981-12-30,2009-07-11,shannon gugerty,odds_frame
dong hyun kim,1981-11-17,2009-07-11,dong hyun kim,odds_frame
jim miller,1983-08-30,2009-07-11,jim miller,odds_frame
tom lawlor,1983-05-15,2009-07-11,tom lawlor,odds_frame
alan belcher,1984-04-24,2009-07-11,alan belcher,odds_frame
jon fitch,1978-02-24,2009-07-11,jon fitch,odds_frame
alessio sakara,1981-09-02,2009-08-08,alessio sakara,odds_frame
george sotiropoulos,1977-07-09,2009-08-08,george sotiropoulos,odds_frame
george roop,1981-11-10,2009-08-08,george roop,odds_frame
kenny florian,1976-05-26,2009-08-08,kenny florian,odds_frame
forrest griffin,1979-03-16,2009-08-08,forrest griffin,odds_frame
shane nelson,1984-11-29,2009-08-08,shane nelson,odds_frame
amir sadollah,1980-08-27,2009-08-08,amir sadollah,odds_frame
josh neer,1983-03-24,2009-08-08,josh neer,odds_frame
tamdan mccrory,1986-11-05,2009-08-08,tamdan mccrory,odds_frame
thales leites,1981-09-06,2009-08-08,thales leites,odds_frame
john howard,1983-03-01,2009-08-08,john howard,odds_frame
johny hendricks,1983-09-12,2009-08-08,johny hendricks,odds_frame
kurt pellegrino,1979-05-07,2009-08-08,kurt pellegrino,odds_frame
aaron riley,1980-12-09,2009-08-08,aaron riley,odds_frame
anderson silva,1975-04-14,2009-08-08,anderson silva,odds_frame
bj penn,1978-12-13,2009-08-08,bj penn,odds_frame
randy couture,1963-06-22,2009-08-29,randy couture,odds_frame
chris leben,1980-07-21,2009-08-29,chris leben,odds_frame
demian maia,1977-11-06,2009-08-29,demian maia,odds_frame
krzysztof soszynski,1977-08-02,2009-08-29,krzysztof soszynski,odds_frame
keith jardine,1975-10-31,2009-08-29,keith jardine,odds_frame
chris tuchscherer,1975-09-08,2009-08-29,chris tuchscherer,odds_frame
aaron simpson,1974-07-20,2009-08-29,aaron simpson,odds_frame
mark munoz,1978-02-09,2009-08-29,mark munoz,odds_frame
ed herman,1980-10-02,2009-08-29,ed herman,odds_frame
marcus aurelio,1973-08-18,2009-08-29,marcus aurelio,odds_frame
evan dunham,1981-12-18,2009-08-29,evan dunham,odds_frame
tim hague,1983-05-09,2009-08-29,tim hague,odds_frame
antonio rodrigo nogueira,1976-06-02,2009-08-29,antonio rodrigo nogueira,odds_frame
jake rosholt,1982-02-09,2009-08-29,jake rosholt,odds_frame
nate marquardt,1979-04-20,2009-08-29,nate marquardt,odds_frame
brandon vera,1977-10-10,2009-08-29,brandon vera,odds_frame
nick catone,1981-09-01,2009-08-29,nick catone,odds_frame
gabriel gonzaga,1979-05-18,2009-08-29,gabriel gonzaga,odds_frame
thiago silva,1982-11-12,2009-08-29,thiago silva,odds_frame
todd duffee,1985-12-06,2009-08-29,todd duffee,odds_frame
justin mccully,1976-02-18,2009-08-29,justin mccully,odds_frame
mike russow,1976-09-11,2009-08-29,mike russow,odds_frame
carlos condit,1984-04-26,2009-09-16,carlos condit,odds_frame
gray maynard,1979-05-09,2009-09-16,gray maynard,odds_frame
nate diaz,1985-04-16,2009-09-16,nate diaz,odds_frame
mike pierce,1980-09-01,2009-09-16,mike pierce,odds_frame
brian stann,1980-09-24,2009-09-16,brian stann,odds_frame
mike pyle,1975-09-18,2009-09-16,mike pyle,odds_frame
jeremy stephens,1986-05-25,2009-09-16,jeremy stephens,odds_frame
chris wilson,1977-06-07,2009-09-16,chris wilson,odds_frame
steve cantwell,1986-12-08,2009-09-16,steve cantwell,odds_frame
roger huerta,1983-05-20,2009-09-16,roger huerta,odds_frame
justin buchholz,1983-08-22,2009-09-16,justin buchholz,odds_frame
brock larson,1977-08-23,2009-09-16,brock larson,odds_frame
jake ellenberger,1985-03-28,2009-09-16,jake ellenberger,odds_frame
melvin guillard,1983-03-30,2009-09-16,melvin guillard,odds_frame
rich franklin,1974-10-05,2009-09-19,rich franklin,odds_frame
mirko filipovic,1974-09-10,2009-09-19,mirko filipovic,odds_frame
martin kampmann,1982-04-17,2009-09-19,martin kampmann,odds_frame
frank trigg,1972-05-07,2009-09-19,frank trigg,odds_frame
rob emerson,1981-07-30,2009-09-19,rob emerson,odds_frame
steve lopez,1984-07-30,2009-09-19,steve lopez,odds_frame
rafaello oliveira,1982-01-26,2009-09-19,rafaello oliveira,odds_frame
josh koscheck,1977-11-30,2009-09-19,josh koscheck,odds_frame
brian foster,1984-04-03,2009-09-19,brian foster,odds_frame
igor pokrajac,1979-01-02,2009-09-19,igor pokrajac,odds_frame
cole miller,1984-04-26,2009-09-19,cole miller,odds_frame
efrain escudero,1986-01-15,2009-09-19,efrain escudero,odds_frame
rick story,1984-08-28,2009-09-19,rick story,odds_frame
nik lentz,1984-08-13,2009-09-19,nik lentz,odds_frame
jim miller,1983-08-30,2009-09-19,jim miller,odds_frame
junior dos santos,1984-01-30,2009-09-19,junior dos santos,odds_frame
paul daley,1983-02-21,2009-09-19,paul daley,odds_frame
rafael dos anjos,1984-10-26,2009-09-19,rafael dos anjos,odds_frame
vladimir matyushenko,1971-01-04,2009-09-19,vladimir matyushenko,odds_frame
vitor belfort,1977-04-01,2009-09-19,vitor belfort,odds_frame
pat barry,1979-07-07,2009-10-24,pat barry,odds_frame
yushin okami,1981-07-21,2009-10-24,yushin okami,odds_frame
ben rothwell,1981-10-17,2009-10-24,ben rothwell,odds_frame
chase gormley,,2009-10-24,chase gormley,odds_frame
eric schafer,1977-09-20,2009-10-24,eric schafer,odds_frame
gleison tibau,1983-10-07,2009-10-24,gleison tibau,odds_frame
anthony johnson,1984-03-06,2009-10-24,anthony johnson,odds_frame
lyoto machida,1978-05-30,2009-10-24,lyoto machida,odds_frame
stefan struve,1988-02-18,2009-10-24,stefan struve,odds_frame
cain velasquez,1982-07-28,2009-10-24,cain velasquez,odds_frame
chael sonnen,1977-04-03,2009-10-24,chael sonnen,odds_frame
ryan bader,1983-06-07,2009-10-24,ryan bader,odds_frame
yoshiyuki yoshida,1974-05-10,2009-10-24,yoshiyuki yoshida,odds_frame
josh neer,1983-03-24,2009-10-24,josh neer,odds_frame
mauricio rua,1981-11-25,2009-10-24,mauricio rua,odds_frame
antoni hardonk,1976-02-05,2009-10-24,antoni hardonk,odds_frame
brandon vera,1977-10-10,2009-11-14,brandon vera,odds_frame
mike swick,1979-06-19,2009-11-14,mike swick,odds_frame
denis kang,1977-09-17,2009-11-14,denis kang,odds_frame
aaron riley,1980-12-09,2009-11-14,aaron riley,odds_frame
paul taylor,1979-12-15,2009-11-14,paul taylor,odds_frame
jared hamman,1982-03-07,2009-11-14,jared hamman,odds_frame
randy couture,1963-06-22,2009-11-14,randy couture,odds_frame
dan hardy,1982-05-17,2009-11-14,dan hardy,odds_frame
john hathaway,1987-07-23,2009-11-14,john hathaway,odds_frame
alexander gustafsson,1987-01-15,2009-11-14,alexander gustafsson,odds_frame
ross pearson,1984-09-26,2009-11-14,ross pearson,odds_frame
michael bisping,1979-02-28,2009-11-14,michael bisping,odds_frame
jacob volkmann,1980-09-05,2009-11-21,jacob volkmann,odds_frame
marcus davis,1973-08-24,2009-11-21,marcus davis,odds_frame
luiz cane,1981-04-24,2009-11-21,luiz cane,odds_frame
anthony johnson,1984-03-06,2009-11-21,anthony johnson,odds_frame
fabricio camoes,1978-12-23,2009-11-21,fabricio camoes,odds_frame
caol uno,1975-05-08,2009-11-21,caol uno,odds_frame
paulo thiago,1981-01-25,2009-11-21,paulo thiago,odds_frame
rogerio nogueira,1976-06-02,2009-11-21,rogerio nogueira,odds_frame
josh koscheck,1977-11-30,2009-11-21,josh koscheck,odds_frame
jason dent,1980-06-12,2009-11-21,jason dent,odds_frame
ben saunders,1983-04-13,2009-11-21,ben saunders,odds_frame
amir sadollah,1980-08-27,2009-11-21,amir sadollah,odds_frame
phil baroni,1976-04-16,2009-11-21,phil baroni,odds_frame
george sotiropoulos,1977-07-09,2009-11-21,george sotiropoulos,odds_frame
marcus jones,1973-08-15,2009-12-05,marcus jones,odds_frame
mark bocek,1981-10-24,2009-12-05,mark bocek,odds_frame
john howard,1983-03-01,2009-12-05,john howard,odds_frame
brian stann,1980-09-24,2009-12-05,brian stann,odds_frame
matt mitrione,1978-07-15,2009-12-05,matt mitrione,odds_frame
frankie edgar,1981-10-16,2009-12-05,frankie edgar,odds_frame
matt hamill,1976-10-05,2009-12-05,matt hamill,odds_frame
roy nelson,1976-06-20,2009-12-05,roy nelson,odds_frame
matt veach,1981-05-31,2009-12-05,matt veach,odds_frame
joe brammer,1983-08-23,2009-12-05,joe brammer,odds_frame
dennis hallman,1975-12-02,2009-12-05,dennis hallman,odds_frame
jon jones,1987-07-19,2009-12-05,jon jones,odds_frame
rodney wallace,1981-11-21,2009-12-05,rodney wallace,odds_frame
brendan schaub,1983-03-18,2009-12-05,brendan schaub,odds_frame
matt wiman,1983-09-19,2009-12-12,matt wiman,odds_frame
jon fitch,1978-02-24,2009-12-12,jon fitch,odds_frame
stefan struve,1988-02-18,2009-12-12,stefan struve,odds_frame
tj grant,1984-02-26,2009-12-12,tj grant,odds_frame
mike pierce,1980-09-01,2009-12-12,mike pierce,odds_frame
kenny florian,1976-05-26,2009-12-12,kenny florian,odds_frame
bj penn,1978-12-13,2009-12-12,bj penn,odds_frame
johny hendricks,1983-09-12,2009-12-12,johny hendricks,odds_frame
diego sanchez,1981-12-31,2009-12-12,diego sanchez,odds_frame
clay guida,1981-12-08,2009-12-12,clay guida,odds_frame
frank mir,1979-05-24,2009-12-12,frank mir,odds_frame
cheick kongo,1975-05-17,2009-12-12,cheick kongo,odds_frame
rousimar palhares,1980-02-26,2009-12-12,rousimar palhares,odds_frame
kevin burns,1980-03-03,2009-12-12,kevin burns,odds_frame
lucio linhares,1973-12-08,2009-12-12,lucio linhares,odds_frame
alan belcher,1984-04-24,2009-12-12,alan belcher,odds_frame
paul buentello,1974-01-16,2009-12-12,paul buentello,odds_frame
shane nelson,1984-11-29,2009-12-12,shane nelson,odds_frame
ricardo funch,1980-08-14,2009-12-12,ricardo funch,odds_frame
wilson gouveia,1978-10-03,2009-12-12,wilson gouveia,odds_frame
damarques johnson,1982-06-28,2009-12-12,damarques johnson,odds_frame
edgar garcia,1984-02-22,2009-12-12,edgar garcia,odds_frame
sam stout,1984-04-23,2010-01-02,sam stout,odds_frame
jim miller,1983-08-30,2010-01-02,jim miller,odds_frame
joe lauzon,1984-05-22,2010-01-02,joe lauzon,odds_frame
junior dos santos,1984-01-30,2010-01-02,junior dos santos,odds_frame
duane ludwig,1978-08-04,2010-01-02,duane ludwig,odds_frame
thiago silva,1982-11-12,2010-01-02,thiago silva,odds_frame
rashad evans,1979-09-25,2010-01-02,rashad evans,odds_frame
martin kampmann,1982-04-17,2010-01-02,martin kampmann,odds_frame
jake ellenberger,1985-03-28,2010-01-02,jake ellenberger,odds_frame
cole miller,1984-04-26,2010-01-02,cole miller,odds_frame
dan lauzon,1988-03-30,2010-01-02,dan lauzon,odds_frame
gilbert yvel,1976-06-30,2010-01-02,gilbert yvel,odds_frame
mike pyle,1975-09-18,2010-01-02,mike pyle,odds_frame
jacob volkmann,1980-09-05,2010-01-02,jacob volkmann,odds_frame
jay silva,,2010-01-11,jay silva,odds_frame
gray maynard,1979-05-09,2010-01-11,gray maynard,odds_frame
chris leben,1980-07-21,2010-01-11,chris leben,odds_frame
rafael dos anjos,1984-10-26,2010-01-11,rafael dos anjos,odds_frame
efrain escudero,1986-01-15,2010-01-11,efrain escudero,odds_frame
brad blackburn,1977-05-25,2010-01-11,brad blackburn,odds_frame
rick story,1984-08-28,2010-01-11,rick story,odds_frame
nate diaz,1985-04-16,2010-01-11,nate diaz,odds_frame
kyle bradley,1982-08-19,2010-01-11,kyle bradley,odds_frame
jesse lennox,1982-03-10,2010-01-11,jesse lennox,odds_frame
tom lawlor,1983-05-15,2010-01-11,tom lawlor,odds_frame
thiago tavares,1984-11-08,2010-01-11,thiago tavares,odds_frame
jesse forbes,1984-10-24,2010-01-11,jesse forbes,odds_frame
aaron simpson,1974-07-20,2010-01-11,aaron simpson,odds_frame
evan dunham,1981-12-18,2010-01-11,evan dunham,odds_frame
nick catone,1981-09-01,2010-01-11,nick catone,odds_frame
nik lentz,1984-08-13,2010-01-11,nik lentz,odds_frame
amir sadollah,1980-08-27,2010-01-11,amir sadollah,odds_frame
paulo thiago,1981-01-25,2010-02-06,paulo thiago,odds_frame
demian maia,1977-11-06,2010-02-06,demian maia,odds_frame
mac danzig,1980-01-02,2010-02-06,mac danzig,odds_frame
rob emerson,1981-07-30,2010-02-06,rob emerson,odds_frame
phil davis,1984-09-25,2010-02-06,phil davis,odds_frame
joey beltran,1981-12-08,2010-02-06,joey beltran,odds_frame
mike swick,1979-06-19,2010-02-06,mike swick,odds_frame
nate marquardt,1979-04-20,2010-02-06,nate marquardt,odds_frame
chael sonnen,1977-04-03,2010-02-06,chael sonnen,odds_frame
dan miller,1981-06-30,2010-02-06,dan miller,odds_frame
phillipe nover,1984-02-03,2010-02-06,phillipe nover,odds_frame
justin buchholz,1983-08-22,2010-02-06,justin buchholz,odds_frame
brian stann,1980-09-24,2010-02-06,brian stann,odds_frame
rolles gracie,1978-07-14,2010-02-06,rolles gracie,odds_frame
goran reljic,1984-03-20,2010-02-20,goran reljic,odds_frame
keith jardine,1975-10-31,2010-02-20,keith jardine,odds_frame
igor pokrajac,1979-01-02,2010-02-20,igor pokrajac,odds_frame
anthony perosh,1972-10-05,2010-02-20,anthony perosh,odds_frame
cb dollaway,1983-08-10,2010-02-20,cb dollaway,odds_frame
ryan bader,1983-06-07,2010-02-20,ryan bader,odds_frame
wanderlei silva,1976-07-03,2010-02-20,wanderlei silva,odds_frame
george sotiropoulos,1977-07-09,2010-02-20,george sotiropoulos,odds_frame
mirko filipovic,1974-09-10,2010-02-20,mirko filipovic,odds_frame
cain velasquez,1982-07-28,2010-02-20,cain velasquez,odds_frame
james te huna,1981-09-29,2010-02-20,james te huna,odds_frame
joe stevenson,1982-06-15,2010-02-20,joe stevenson,odds_frame
antonio rodrigo nogueira,1976-06-02,2010-02-20,antonio rodrigo nogueira,odds_frame
michael bisping,1979-02-28,2010-02-20,michael bisping,odds_frame
jon jones,1987-07-19,2010-03-21,jon jones,odds_frame
brandon vera,1977-10-10,2010-03-21,brandon vera,odds_frame
junior dos santos,1984-01-30,2010-03-21,junior dos santos,odds_frame
darren elkins,1984-05-16,2010-03-21,darren elkins,odds_frame
mike pierce,1980-09-01,2010-03-21,mike pierce,odds_frame
chase gormley,,2010-03-21,chase gormley,odds_frame
duane ludwig,1978-08-04,2010-03-21,duane ludwig,odds_frame
clay guida,1981-12-08,2010-03-21,clay guida,odds_frame
gabriel gonzaga,1979-05-18,2010-03-21,gabriel gonzaga,odds_frame
paul buentello,1974-01-16,2010-03-21,paul buentello,odds_frame
daniel roberts,1980-08-05,2010-03-21,daniel roberts,odds_frame
julio paulino,1975-12-04,2010-03-21,julio paulino,odds_frame
brendan schaub,1983-03-18,2010-03-21,brendan schaub,odds_frame
james irvin,1978-09-12,2010-03-21,james irvin,odds_frame
shannon gugerty,1981-12-30,2010-03-21,shannon gugerty,odds_frame
eliot marshall,1980-07-07,2010-03-21,eliot marshall,odds_frame
vladimir matyushenko,1971-01-04,2010-03-21,vladimir matyushenko,odds_frame
john howard,1983-03-01,2010-03-21,john howard,odds_frame
alessio sakara,1981-09-02,2010-03-21,alessio sakara,odds_frame
cheick kongo,1975-05-17,2010-03-21,cheick kongo,odds_frame
jon fitch,1978-02-24,2010-03-27,jon fitch,odds_frame
mark bocek,1981-10-24,2010-03-27,mark bocek,odds_frame
rory markham,1982-03-25,2010-03-27,rory markham,odds_frame
tomasz drwal,1982-01-22,2010-03-27,tomasz drwal,odds_frame
jared hamman,1982-03-07,2010-03-27,jared hamman,odds_frame
georges st-pierre,1981-05-19,2010-03-27,georges st pierre,odds_frame
kurt pellegrino,1979-05-07,2010-03-27,kurt pellegrino,odds_frame
ben saunders,1983-04-13,2010-03-27,ben saunders,odds_frame
jim miller,1983-08-30,2010-03-27,jim miller,odds_frame
rousimar palhares,1980-02-26,2010-03-27,rousimar palhares,odds_frame
rodney wallace,1981-11-21,2010-03-27,rodney wallace,odds_frame
dan hardy,1982-05-17,2010-03-27,dan hardy,odds_frame
shane carwin,1975-01-04,2010-03-27,shane carwin,odds_frame
fabricio camoes,1978-12-23,2010-03-27,fabricio camoes,odds_frame
frank mir,1979-05-24,2010-03-27,frank mir,odds_frame
nate diaz,1985-04-16,2010-03-27,nate diaz,odds_frame
ross pearson,1984-09-26,2010-03-31,ross pearson,odds_frame
yushin okami,1981-07-21,2010-03-31,yushin okami,odds_frame
rob emerson,1981-07-30,2010-03-31,rob emerson,odds_frame
caol uno,1975-05-08,2010-03-31,caol uno,odds_frame
charlie brenneman,1981-02-09,2010-03-31,charlie brenneman,odds_frame
andre winner,1981-11-09,2010-03-31,andre winner,odds_frame
rafaello oliveira,1982-01-26,2010-03-31,rafaello oliveira,odds_frame
kenny florian,1976-05-26,2010-03-31,kenny florian,odds_frame
nik lentz,1984-08-13,2010-03-31,nik lentz,odds_frame
takanori gomi,1978-09-22,2010-03-31,takanori gomi,odds_frame
roy nelson,1976-06-20,2010-03-31,roy nelson,odds_frame
stefan struve,1988-02-18,2010-03-31,stefan struve,odds_frame
jason high,1981-10-12,2010-03-31,jason high,odds_frame
dennis siver,1979-01-13,2010-03-31,dennis siver,odds_frame
gleison tibau,1983-10-07,2010-03-31,gleison tibau,odds_frame
lucio linhares,1973-12-08,2010-03-31,lucio linhares,odds_frame
rafael dos anjos,1984-10-26,2010-04-10,rafael dos anjos,odds_frame
anderson silva,1975-04-14,2010-04-10,anderson silva,odds_frame
alexander gustafsson,1987-01-15,2010-04-10,alexander gustafsson,odds_frame
phil davis,1984-09-25,2010-04-10,phil davis,odds_frame
frankie edgar,1981-10-16,2010-04-10,frankie edgar,odds_frame
terry etim,1986-01-11,2010-04-10,terry etim,odds_frame
rick story,1984-08-28,2010-04-10,rick story,odds_frame
bj penn,1978-12-13,2010-04-10,bj penn,odds_frame
demian maia,1977-11-06,2010-04-10,demian maia,odds_frame
nick osipczak,1984-12-30,2010-04-10,nick osipczak,odds_frame
kendall grove,1982-11-12,2010-04-10,kendall grove,odds_frame
mark munoz,1978-02-09,2010-04-10,mark munoz,odds_frame
patrick cote,1980-02-29,2010-05-08,patrick cote,odds_frame
joey beltran,1981-12-08,2010-05-08,joey beltran,odds_frame
joe doerksen,1977-10-09,2010-05-08,joe doerksen,odds_frame
tom lawlor,1983-05-15,2010-05-08,tom lawlor,odds_frame
tj grant,1984-02-26,2010-05-08,tj grant,odds_frame
johny hendricks,1983-09-12,2010-05-08,johny hendricks,odds_frame
sam stout,1984-04-23,2010-05-08,sam stout,odds_frame
jeremy stephens,1986-05-25,2010-05-08,jeremy stephens,odds_frame
mauricio rua,1981-11-25,2010-05-08,mauricio rua,odds_frame
tim hague,1983-05-09,2010-05-08,tim hague,odds_frame
alan belcher,1984-04-24,2010-05-08,alan belcher,odds_frame
lyoto machida,1978-05-30,2010-05-08,lyoto machida,odds_frame
josh koscheck,1977-11-30,2010-05-08,josh koscheck,odds_frame
paul daley,1983-02-21,2010-05-08,paul daley,odds_frame
diego sanchez,1981-12-31,2010-05-29,diego sanchez,odds_frame
jason brilz,1975-07-07,2010-05-29,jason brilz,odds_frame
todd duffee,1985-12-06,2010-05-29,todd duffee,odds_frame
michael bisping,1979-02-28,2010-05-29,michael bisping,odds_frame
amir sadollah,1980-08-27,2010-05-29,amir sadollah,odds_frame
aaron riley,1980-12-09,2010-05-29,aaron riley,odds_frame
luiz cane,1981-04-24,2010-05-29,luiz cane,odds_frame
efrain escudero,1986-01-15,2010-05-29,efrain escudero,odds_frame
quinton jackson,1978-06-20,2010-05-29,quinton jackson,odds_frame
melvin guillard,1983-03-30,2010-05-29,melvin guillard,odds_frame
dan miller,1981-06-30,2010-05-29,dan miller,odds_frame
mike russow,1976-09-11,2010-05-29,mike russow,odds_frame
rogerio nogueira,1976-06-02,2010-05-29,rogerio nogueira,odds_frame
john hathaway,1987-07-23,2010-05-29,john hathaway,odds_frame
rashad evans,1979-09-25,2010-05-29,rashad evans,odds_frame
dan lauzon,1988-03-30,2010-05-29,dan lauzon,odds_frame
waylon lowe,1980-10-31,2010-05-29,waylon lowe,odds_frame
cyrille diabate,1973-10-06,2010-05-29,cyrille diabate,odds_frame
joe brammer,1983-08-23,2010-05-29,joe brammer,odds_frame
dong hyun kim,1981-11-17,2010-05-29,dong hyun kim,odds_frame
ben rothwell,1981-10-17,2010-06-12,ben rothwell,odds_frame
carlos condit,1984-04-26,2010-06-12,carlos condit,odds_frame
tyson griffin,1984-04-20,2010-06-12,tyson griffin,odds_frame
mac danzig,1980-01-02,2010-06-12,mac danzig,odds_frame
james wilks,1978-05-04,2010-06-12,james wilks,odds_frame
mike pyle,1975-09-18,2010-06-12,mike pyle,odds_frame
pat barry,1979-07-07,2010-06-12,pat barry,odds_frame
gilbert yvel,1976-06-30,2010-06-12,gilbert yvel,odds_frame
martin kampmann,1982-04-17,2010-06-12,martin kampmann,odds_frame
evan dunham,1981-12-18,2010-06-12,evan dunham,odds_frame
paulo thiago,1981-01-25,2010-06-12,paulo thiago,odds_frame
peter sobotta,1987-01-11,2010-06-12,peter sobotta,odds_frame
jesse lennox,1982-03-10,2010-06-12,jesse lennox,odds_frame
rory macdonald,1989-07-22,2010-06-12,rory macdonald,odds_frame
mirko filipovic,1974-09-10,2010-06-12,mirko filipovic,odds_frame
matt wiman,1983-09-19,2010-06-12,matt wiman,odds_frame
james hammortree,1983-11-29,2010-06-19,james hammortree,odds_frame
seth baczynski,1981-10-26,2010-06-19,seth baczynski,odds_frame
travis browne,1982-07-17,2010-06-19,travis browne,odds_frame
kyle noke,1980-03-18,2010-06-19,kyle noke,odds_frame
aaron simpson,1974-07-20,2010-06-19,aaron simpson,odds_frame
kris mccray,1981-09-24,2010-06-19,kris mccray,odds_frame
matt hamill,1976-10-05,2010-06-19,matt hamill,odds_frame
keith jardine,1975-10-31,2010-06-19,keith jardine,odds_frame
court mcgee,1984-12-12,2010-06-19,court mcgee,odds_frame
josh bryant,1980-04-23,2010-06-19,josh bryant,odds_frame
chris camozzi,1986-11-20,2010-06-19,chris camozzi,odds_frame
james mcsweeney,1980-10-24,2010-06-19,james mcsweeney,odds_frame
brad tavares,1987-12-21,2010-06-19,brad tavares,odds_frame
chris leben,1980-07-21,2010-06-19,chris leben,odds_frame
yoshihiro akiyama,1975-07-29,2010-07-03,yoshihiro akiyama,odds_frame
brock lesnar,1977-07-12,2010-07-03,brock lesnar,odds_frame
chris leben,1980-07-21,2010-07-03,chris leben,odds_frame
george sotiropoulos,1977-07-09,2010-07-03,george sotiropoulos,odds_frame
brendan schaub,1983-03-18,2010-07-03,brendan schaub,odds_frame
gerald harris,1979-11-19,2010-07-03,gerald harris,odds_frame
jon madsen,1980-02-12,2010-07-03,jon madsen,odds_frame
chris tuchscherer,1975-09-08,2010-07-03,chris tuchscherer,odds_frame
karlos vemola,1985-07-03,2010-07-03,karlos vemola,odds_frame
kurt pellegrino,1979-05-07,2010-07-03,kurt pellegrino,odds_frame
shane carwin,1975-01-04,2010-07-03,shane carwin,odds_frame
david branch,1981-09-26,2010-07-03,david branch,odds_frame
darren elkins,1984-05-16,2010-08-01,darren elkins,odds_frame
takanori gomi,1978-09-22,2010-08-01,takanori gomi,odds_frame
charles oliveira,1989-10-17,2010-08-01,charles oliveira,odds_frame
james irvin,1978-09-12,2010-08-01,james irvin,odds_frame
brian stann,1980-09-24,2010-08-01,brian stann,odds_frame
mark munoz,1978-02-09,2010-08-01,mark munoz,odds_frame
john howard,1983-03-01,2010-08-01,john howard,odds_frame
tyson griffin,1984-04-20,2010-08-01,tyson griffin,odds_frame
paul kelly,1984-09-12,2010-08-01,paul kelly,odds_frame
jake ellenberger,1985-03-28,2010-08-01,jake ellenberger,odds_frame
jacob volkmann,1980-09-05,2010-08-01,jacob volkmann,odds_frame
mike massenzio,1982-11-01,2010-08-01,mike massenzio,odds_frame
jon jones,1987-07-19,2010-08-01,jon jones,odds_frame
vladimir matyushenko,1971-01-04,2010-08-01,vladimir matyushenko,odds_frame
igor pokrajac,1979-01-02,2010-08-01,igor pokrajac,odds_frame
yushin okami,1981-07-21,2010-08-01,yushin okami,odds_frame
phil davis,1984-09-25,2010-08-07,phil davis,odds_frame
dennis hallman,1975-12-02,2010-08-07,dennis hallman,odds_frame
christian morecraft,1986-09-08,2010-08-07,christian morecraft,odds_frame
tim boetsch,1981-01-28,2010-08-07,tim boetsch,odds_frame
charlie brenneman,1981-02-09,2010-08-07,charlie brenneman,odds_frame
chael sonnen,1977-04-03,2010-08-07,chael sonnen,odds_frame
rick story,1984-08-28,2010-08-07,rick story,odds_frame
thiago alves,1983-10-03,2010-08-07,thiago alves,odds_frame
junior dos santos,1984-01-30,2010-08-07,junior dos santos,odds_frame
rafael dos anjos,1984-10-26,2010-08-07,rafael dos anjos,odds_frame
roy nelson,1976-06-20,2010-08-07,roy nelson,odds_frame
clay guida,1981-12-08,2010-08-07,clay guida,odds_frame
anderson silva,1975-04-14,2010-08-07,anderson silva,odds_frame
rodney wallace,1981-11-21,2010-08-07,rodney wallace,odds_frame
ben saunders,1983-04-13,2010-08-07,ben saunders,odds_frame
dustin hazelett,1986-04-29,2010-08-07,dustin hazelett,odds_frame
johny hendricks,1983-09-12,2010-08-07,johny hendricks,odds_frame
jon fitch,1978-02-24,2010-08-07,jon fitch,odds_frame
todd brown,1976-12-13,2010-08-07,todd brown,odds_frame
stefan struve,1988-02-18,2010-08-07,stefan struve,odds_frame
demian maia,1977-11-06,2010-08-28,demian maia,odds_frame
kenny florian,1976-05-26,2010-08-28,kenny florian,odds_frame
joe lauzon,1984-05-22,2010-08-28,joe lauzon,odds_frame
dan miller,1981-06-30,2010-08-28,dan miller,odds_frame
john salter,1985-03-21,2010-08-28,john salter,odds_frame
gabe ruediger,1977-08-29,2010-08-28,gabe ruediger,odds_frame
nate diaz,1985-04-16,2010-08-28,nate diaz,odds_frame
marcus davis,1973-08-24,2010-08-28,marcus davis,odds_frame
gray maynard,1979-05-09,2010-08-28,gray maynard,odds_frame
mario miranda,1979-07-12,2010-08-28,mario miranda,odds_frame
bj penn,1978-12-13,2010-08-28,bj penn,odds_frame
nik lentz,1984-08-13,2010-08-28,nik lentz,odds_frame
frankie edgar,1981-10-16,2010-08-28,frankie edgar,odds_frame
amilcar alves,1988-08-08,2010-08-28,amilcar alves,odds_frame
andre winner,1981-11-09,2010-08-28,andre winner,odds_frame
mike pierce,1980-09-01,2010-08-28,mike pierce,odds_frame
rafael natal,1982-12-25,2010-09-15,rafael natal,odds_frame
nate marquardt,1979-04-20,2010-09-15,nate marquardt,odds_frame
kyle kingsbury,1982-03-22,2010-09-15,kyle kingsbury,odds_frame
rich attonito,1977-06-16,2010-09-15,rich attonito,odds_frame
tomasz drwal,1982-01-22,2010-09-15,tomasz drwal,odds_frame
jared hamman,1982-03-07,2010-09-15,jared hamman,odds_frame
cole miller,1984-04-26,2010-09-15,cole miller,odds_frame
jim miller,1983-08-30,2010-09-15,jim miller,odds_frame
yves edwards,1976-09-30,2010-09-15,yves edwards,odds_frame
david branch,1981-09-26,2010-09-15,david branch,odds_frame
charles oliveira,1989-10-17,2010-09-15,charles oliveira,odds_frame
rousimar palhares,1980-02-26,2010-09-15,rousimar palhares,odds_frame
efrain escudero,1986-01-15,2010-09-15,efrain escudero,odds_frame
gleison tibau,1983-10-07,2010-09-15,gleison tibau,odds_frame
ross pearson,1984-09-26,2010-09-15,ross pearson,odds_frame
john gunderson,1979-01-05,2010-09-15,john gunderson,odds_frame
sean sherk,1973-08-05,2010-09-25,sean sherk,odds_frame
melvin guillard,1983-03-30,2010-09-25,melvin guillard,odds_frame
mark hunt,1974-03-23,2010-09-25,mark hunt,odds_frame
rogerio nogueira,1976-06-02,2010-09-25,rogerio nogueira,odds_frame
cb dollaway,1983-08-10,2010-09-25,cb dollaway,odds_frame
thiago tavares,1984-11-08,2010-09-25,thiago tavares,odds_frame
tj grant,1984-02-26,2010-09-25,tj grant,odds_frame
mirko filipovic,1974-09-10,2010-09-25,mirko filipovic,odds_frame
ryan bader,1983-06-07,2010-09-25,ryan bader,odds_frame
jeremy stephens,1986-05-25,2010-09-25,jeremy stephens,odds_frame
evan dunham,1981-12-18,2010-09-25,evan dunham,odds_frame
matt mitrione,1978-07-15,2010-09-25,matt mitrione,odds_frame
joey beltran,1981-12-08,2010-09-25,joey beltran,odds_frame
julio paulino,1975-12-04,2010-09-25,julio paulino,odds_frame
sean mccorkle,1976-07-17,2010-09-25,sean mccorkle,odds_frame
joe doerksen,1977-10-09,2010-09-25,joe doerksen,odds_frame
pat audinwood,1986-04-16,2010-09-25,pat audinwood,odds_frame
frank mir,1979-05-24,2010-09-25,frank mir,odds_frame
fabio maldonado,1980-03-17,2010-10-16,fabio maldonado,odds_frame
yoshihiro akiyama,1975-07-29,2010-10-16,yoshihiro akiyama,odds_frame
mark holst,1985-08-14,2010-10-16,mark holst,odds_frame
mike pyle,1975-09-18,2010-10-16,mike pyle,odds_frame
alexander gustafsson,1987-01-15,2010-10-16,alexander gustafsson,odds_frame
travis browne,1982-07-17,2010-10-16,travis browne,odds_frame
john hathaway,1987-07-23,2010-10-16,john hathaway,odds_frame
paul sass,1988-08-04,2010-10-16,paul sass,odds_frame
james mcsweeney,1980-10-24,2010-10-16,james mcsweeney,odds_frame
cyrille diabate,1973-10-06,2010-10-16,cyrille diabate,odds_frame
michael bisping,1979-02-28,2010-10-16,michael bisping,odds_frame
cheick kongo,1975-05-17,2010-10-16,cheick kongo,odds_frame
sam stout,1984-04-23,2010-10-23,sam stout,odds_frame
patrick cote,1980-02-29,2010-10-23,patrick cote,odds_frame
brendan schaub,1983-03-18,2010-10-23,brendan schaub,odds_frame
tito ortiz,1975-01-23,2010-10-23,tito ortiz,odds_frame
diego sanchez,1981-12-31,2010-10-23,diego sanchez,odds_frame
jake shields,1979-01-09,2010-10-23,jake shields,odds_frame
tom lawlor,1983-05-15,2010-10-23,tom lawlor,odds_frame
gabriel gonzaga,1979-05-18,2010-10-23,gabriel gonzaga,odds_frame
brock lesnar,1977-07-12,2010-10-23,brock lesnar,odds_frame
dongi yang,1984-12-07,2010-10-23,dongi yang,odds_frame
chris camozzi,1986-11-20,2010-10-23,chris camozzi,odds_frame
cain velasquez,1982-07-28,2010-10-23,cain velasquez,odds_frame
paul taylor,1979-12-15,2010-10-23,paul taylor,odds_frame
paulo thiago,1981-01-25,2010-10-23,paulo thiago,odds_frame
matt hamill,1976-10-05,2010-10-23,matt hamill,odds_frame
ryan jensen,1977-09-20,2010-10-23,ryan jensen,odds_frame
court mcgee,1984-12-12,2010-10-23,court mcgee,odds_frame
martin kampmann,1982-04-17,2010-10-23,martin kampmann,odds_frame
vladimir matyushenko,1971-01-04,2010-11-13,vladimir matyushenko,odds_frame
karlos vemola,1985-07-03,2010-11-13,karlos vemola,odds_frame
alexandre ferreira,1979-04-25,2010-11-13,alexandre ferreira,odds_frame
mark scanlon,,2010-11-13,mark scanlon,odds_frame
kyle noke,1980-03-18,2010-11-13,kyle noke,odds_frame
nate marquardt,1979-04-20,2010-11-13,nate marquardt,odds_frame
seth petruzelli,1979-12-03,2010-11-13,seth petruzelli,odds_frame
peter sobotta,1987-01-11,2010-11-13,peter sobotta,odds_frame
rob kimmons,1981-01-30,2010-11-13,rob kimmons,odds_frame
pascal krauss,1987-04-19,2010-11-13,pascal krauss,odds_frame
yushin okami,1981-07-21,2010-11-13,yushin okami,odds_frame
amir sadollah,1980-08-27,2010-11-13,amir sadollah,odds_frame
matt hughes,1973-10-13,2010-11-20,matt hughes,odds_frame
nik lentz,1984-08-13,2010-11-20,nik lentz,odds_frame
joe lauzon,1984-05-22,2010-11-20,joe lauzon,odds_frame
edson barboza,1986-01-21,2010-11-20,edson barboza,odds_frame
aaron simpson,1974-07-20,2010-11-20,aaron simpson,odds_frame
mark munoz,1978-02-09,2010-11-20,mark munoz,odds_frame
tim boetsch,1981-01-28,2010-11-20,tim boetsch,odds_frame
mike lullo,1979-07-24,2010-11-20,mike lullo,odds_frame
george sotiropoulos,1977-07-09,2010-11-20,george sotiropoulos,odds_frame
phil davis,1984-09-25,2010-11-20,phil davis,odds_frame
lyoto machida,1978-05-30,2010-11-20,lyoto machida,odds_frame
tyson griffin,1984-04-20,2010-11-20,tyson griffin,odds_frame
quinton jackson,1978-06-20,2010-11-20,quinton jackson,odds_frame
bj penn,1978-12-13,2010-11-20,bj penn,odds_frame
demian maia,1977-11-06,2010-12-04,demian maia,odds_frame
will campuzano,1986-05-27,2010-12-04,will campuzano,odds_frame
igor pokrajac,1979-01-02,2010-12-04,igor pokrajac,odds_frame
rick story,1984-08-28,2010-12-04,rick story,odds_frame
michael johnson,1986-06-04,2010-12-04,michael johnson,odds_frame
fredson paixao,1979-05-13,2010-12-04,fredson paixao,odds_frame
pablo garza,1983-09-16,2010-12-04,pablo garza,odds_frame
david branch,1981-09-26,2010-12-04,david branch,odds_frame
jonathan brookins,1985-08-13,2010-12-04,jonathan brookins,odds_frame
stephan bonnar,1977-04-04,2010-12-04,stephan bonnar,odds_frame
kendall grove,1982-11-12,2010-12-04,kendall grove,odds_frame
johny hendricks,1983-09-12,2010-12-04,johny hendricks,odds_frame
rich attonito,1977-06-16,2010-12-04,rich attonito,odds_frame
nick pace,1987-04-17,2010-12-04,nick pace,odds_frame
nam phan,1983-03-13,2010-12-04,nam phan,odds_frame
aaron wilkinson,1987-01-31,2010-12-04,aaron wilkinson,odds_frame
leonard garcia,1979-07-14,2010-12-04,leonard garcia,odds_frame
cody mckenzie,1987-12-16,2010-12-04,cody mckenzie,odds_frame
josh koscheck,1977-11-30,2010-12-11,josh koscheck,odds_frame
sean mccorkle,1976-07-17,2010-12-11,sean mccorkle,odds_frame
charles oliveira,1989-10-17,2010-12-11,charles oliveira,odds_frame
mac danzig,1980-01-02,2010-12-11,mac danzig,odds_frame
ricardo almeida,1976-11-29,2010-12-11,ricardo almeida,odds_frame
dan miller,1981-06-30,2010-12-11,dan miller,odds_frame
john howard,1983-03-01,2010-12-11,john howard,odds_frame
dustin hazelett,1986-04-29,2010-12-11,dustin hazelett,odds_frame
thiago alves,1983-10-03,2010-12-11,thiago alves,odds_frame
pat audinwood,1986-04-16,2010-12-11,pat audinwood,odds_frame
jesse bongfeldt,1980-08-28,2010-12-11,jesse bongfeldt,odds_frame
mark bocek,1981-10-24,2010-12-11,mark bocek,odds_frame
joe doerksen,1977-10-09,2010-12-11,joe doerksen,odds_frame
tj grant,1984-02-26,2010-12-11,tj grant,odds_frame
joe stevenson,1982-06-15,2010-12-11,joe stevenson,odds_frame
jim miller,1983-08-30,2010-12-11,jim miller,odds_frame
stefan struve,1988-02-18,2010-12-11,stefan struve,odds_frame
georges st-pierre,1981-05-19,2010-12-11,georges st pierre,odds_frame
john makdessi,1985-05-03,2010-12-11,john makdessi,odds_frame
rafael natal,1982-12-25,2010-12-11,rafael natal,odds_frame
josh grispi,1988-10-14,2011-01-01,josh grispi,odds_frame
takanori gomi,1978-09-22,2011-01-01,takanori gomi,odds_frame
brad tavares,1987-12-21,2011-01-01,brad tavares,odds_frame
marcus davis,1973-08-24,2011-01-01,marcus davis,odds_frame
diego nunes,1982-11-30,2011-01-01,diego nunes,odds_frame
antonio mckee,1970-03-12,2011-01-01,antonio mckee,odds_frame
mike brown,1975-09-08,2011-01-01,mike brown,odds_frame
brian stann,1980-09-24,2011-01-01,brian stann,odds_frame
gray maynard,1979-05-09,2011-01-01,gray maynard,odds_frame
thiago silva,1982-11-12,2011-01-01,thiago silva,odds_frame
jeremy stephens,1986-05-25,2011-01-01,jeremy stephens,odds_frame
dustin poirier,1989-01-19,2011-01-01,dustin poirier,odds_frame
phil baroni,1976-04-16,2011-01-01,phil baroni,odds_frame
dong hyun kim,1981-11-17,2011-01-01,dong hyun kim,odds_frame
clay guida,1981-12-08,2011-01-01,clay guida,odds_frame
jacob volkmann,1980-09-05,2011-01-01,jacob volkmann,odds_frame
nate diaz,1985-04-16,2011-01-01,nate diaz,odds_frame
brandon vera,1977-10-10,2011-01-01,brandon vera,odds_frame
frankie edgar,1981-10-16,2011-01-01,frankie edgar,odds_frame
chris leben,1980-07-21,2011-01-01,chris leben,odds_frame
george roop,1981-11-10,2011-01-22,george roop,odds_frame
matt wiman,1983-09-19,2011-01-22,matt wiman,odds_frame
yves edwards,1976-09-30,2011-01-22,yves edwards,odds_frame
mike brown,1975-09-08,2011-01-22,mike brown,odds_frame
amilcar alves,1988-08-08,2011-01-22,amilcar alves,odds_frame
cody mckenzie,1987-12-16,2011-01-22,cody mckenzie,odds_frame
cole miller,1984-04-26,2011-01-22,cole miller,odds_frame
tim hague,1983-05-09,2011-01-22,tim hague,odds_frame
pat barry,1979-07-07,2011-01-22,pat barry,odds_frame
mark hominick,1982-07-22,2011-01-22,mark hominick,odds_frame
matt mitrione,1978-07-15,2011-01-22,matt mitrione,odds_frame
melvin guillard,1983-03-30,2011-01-22,melvin guillard,odds_frame
charlie brenneman,1981-02-09,2011-01-22,charlie brenneman,odds_frame
evan dunham,1981-12-18,2011-01-22,evan dunham,odds_frame
joey beltran,1981-12-08,2011-01-22,joey beltran,odds_frame
rani yahya,1984-09-12,2011-01-22,rani yahya,odds_frame
jake ellenberger,1985-03-28,2011-02-05,jake ellenberger,odds_frame
michihiro omigawa,1975-12-19,2011-02-05,michihiro omigawa,odds_frame
chad mendes,1985-05-01,2011-02-05,chad mendes,odds_frame
norifumi yamamoto,1977-03-15,2011-02-05,norifumi yamamoto,odds_frame
ricardo romero,1978-04-15,2011-02-05,ricardo romero,odds_frame
demetrious johnson,1986-08-13,2011-02-05,demetrious johnson,odds_frame
jon jones,1987-07-19,2011-02-05,jon jones,odds_frame
mike pierce,1980-09-01,2011-02-05,mike pierce,odds_frame
carlos eduardo rocha,1981-07-12,2011-02-05,carlos eduardo rocha,odds_frame
anderson silva,1975-04-14,2011-02-05,anderson silva,odds_frame
donald cerrone,1983-03-29,2011-02-05,donald cerrone,odds_frame
vitor belfort,1977-04-01,2011-02-05,vitor belfort,odds_frame
paul kelly,1984-09-12,2011-02-05,paul kelly,odds_frame
kenny robertson,1984-02-14,2011-02-05,kenny robertson,odds_frame
kyle kingsbury,1982-03-22,2011-02-05,kyle kingsbury,odds_frame
ryan bader,1983-06-07,2011-02-05,ryan bader,odds_frame
alexander gustafsson,1987-01-15,2011-02-26,alexander gustafsson,odds_frame
chris tuchscherer,1975-09-08,2011-02-26,chris tuchscherer,odds_frame
anthony perosh,1972-10-05,2011-02-26,anthony perosh,odds_frame
kyle noke,1980-03-18,2011-02-26,kyle noke,odds_frame
ross pearson,1984-09-26,2011-02-26,ross pearson,odds_frame
brian ebersole,1980-11-27,2011-02-26,brian ebersole,odds_frame
chris lytle,1974-08-18,2011-02-26,chris lytle,odds_frame
tom blackledge,,2011-02-26,tom blackledge,odds_frame
michael bisping,1979-02-28,2011-02-26,michael bisping,odds_frame
james te huna,1981-09-29,2011-02-26,james te huna,odds_frame
chris camozzi,1986-11-20,2011-02-26,chris camozzi,odds_frame
george sotiropoulos,1977-07-09,2011-02-26,george sotiropoulos,odds_frame
mark hunt,1974-03-23,2011-02-26,mark hunt,odds_frame
dennis siver,1979-01-13,2011-02-26,dennis siver,odds_frame
jon fitch,1978-02-24,2011-02-26,jon fitch,odds_frame
spencer fisher,1976-05-09,2011-02-26,spencer fisher,odds_frame
jorge rivera,1972-02-28,2011-02-26,jorge rivera,odds_frame
bj penn,1978-12-13,2011-02-26,bj penn,odds_frame
riki fukuda,1981-01-06,2011-02-26,riki fukuda,odds_frame
nick ring,1979-02-10,2011-02-26,nick ring,odds_frame
dongi yang,1984-12-07,2011-03-03,dongi yang,odds_frame
danny castillo,1979-08-25,2011-03-03,danny castillo,odds_frame
reuben duran,1983-07-02,2011-03-03,reuben duran,odds_frame
cb dollaway,1983-08-10,2011-03-03,cb dollaway,odds_frame
david branch,1981-09-26,2011-03-03,david branch,odds_frame
steve cantwell,1986-12-08,2011-03-03,steve cantwell,odds_frame
diego sanchez,1981-12-31,2011-03-03,diego sanchez,odds_frame
todd brown,1976-12-13,2011-03-03,todd brown,odds_frame
rob kimmons,1981-01-30,2011-03-03,rob kimmons,odds_frame
mark munoz,1978-02-09,2011-03-03,mark munoz,odds_frame
joe stevenson,1982-06-15,2011-03-03,joe stevenson,odds_frame
igor pokrajac,1979-01-02,2011-03-03,igor pokrajac,odds_frame
chris weidman,1984-06-17,2011-03-03,chris weidman,odds_frame
martin kampmann,1982-04-17,2011-03-03,martin kampmann,odds_frame
takeya mizugaki,1983-12-16,2011-03-03,takeya mizugaki,odds_frame
alessio sakara,1981-09-02,2011-03-03,alessio sakara,odds_frame
brian bowles,1980-06-22,2011-03-03,brian bowles,odds_frame
damacio page,1982-09-30,2011-03-03,damacio page,odds_frame
rousimar palhares,1980-02-26,2011-03-03,rousimar palhares,odds_frame
thiago tavares,1984-11-08,2011-03-03,thiago tavares,odds_frame
shane roller,1979-07-14,2011-03-03,shane roller,odds_frame
cyrille diabate,1973-10-06,2011-03-03,cyrille diabate,odds_frame
edson barboza,1986-01-21,2011-03-19,edson barboza,odds_frame
nate marquardt,1979-04-20,2011-03-19,nate marquardt,odds_frame
jon jones,1987-07-19,2011-03-19,jon jones,odds_frame
eddie wineland,1984-06-26,2011-03-19,eddie wineland,odds_frame
kamal shalorus,1972-08-27,2011-03-19,kamal shalorus,odds_frame
brendan schaub,1983-03-18,2011-03-19,brendan schaub,odds_frame
raphael assuncao,1982-07-19,2011-03-19,raphael assuncao,odds_frame
mike pyle,1975-09-18,2011-03-19,mike pyle,odds_frame
gleison tibau,1983-10-07,2011-03-19,gleison tibau,odds_frame
ian loveland,1983-09-07,2011-03-19,ian loveland,odds_frame
nick catone,1981-09-01,2011-03-19,nick catone,odds_frame
anthony njokuani,1980-03-01,2011-03-19,anthony njokuani,odds_frame
joseph benavidez,1984-07-31,2011-03-19,joseph benavidez,odds_frame
urijah faber,1979-05-14,2011-03-19,urijah faber,odds_frame
mirko filipovic,1974-09-10,2011-03-19,mirko filipovic,odds_frame
ricardo almeida,1976-11-29,2011-03-19,ricardo almeida,odds_frame
constantinos philippou,1979-11-29,2011-03-19,constantinos philippou,odds_frame
kurt pellegrino,1979-05-07,2011-03-19,kurt pellegrino,odds_frame
erik koch,1988-10-04,2011-03-19,erik koch,odds_frame
jim miller,1983-08-30,2011-03-19,jim miller,odds_frame
mauricio rua,1981-11-25,2011-03-19,mauricio rua,odds_frame
dan miller,1981-06-30,2011-03-19,dan miller,odds_frame
chan sung jung,1987-03-17,2011-03-26,chan sung jung,odds_frame
rogerio nogueira,1976-06-02,2011-03-26,rogerio nogueira,odds_frame
dan hardy,1982-05-17,2011-03-26,dan hardy,odds_frame
amir sadollah,1980-08-27,2011-03-26,amir sadollah,odds_frame
johny hendricks,1983-09-12,2011-03-26,johny hendricks,odds_frame
leonard garcia,1979-07-14,2011-03-26,leonard garcia,odds_frame
mike russow,1976-09-11,2011-03-26,mike russow,odds_frame
kris mccray,1981-09-24,2011-03-26,kris mccray,odds_frame
edwin figueroa,1984-07-31,2011-03-26,edwin figueroa,odds_frame
tj waldburger,1988-04-25,2011-03-26,tj waldburger,odds_frame
nik lentz,1984-08-13,2011-03-26,nik lentz,odds_frame
waylon lowe,1980-10-31,2011-03-26,waylon lowe,odds_frame
michael mcdonald,1991-01-15,2011-03-26,michael mcdonald,odds_frame
jon madsen,1980-02-12,2011-03-26,jon madsen,odds_frame
john hathaway,1987-07-23,2011-03-26,john hathaway,odds_frame
damarques johnson,1982-06-28,2011-03-26,damarques johnson,odds_frame
anthony johnson,1984-03-06,2011-03-26,anthony johnson,odds_frame
phil davis,1984-09-25,2011-03-26,phil davis,odds_frame
mackens semerzier,1980-11-03,2011-03-26,mackens semerzier,odds_frame
alex caceres,1988-06-20,2011-03-26,alex caceres,odds_frame
kyle watson,1979-08-09,2011-04-30,kyle watson,odds_frame
pablo garza,1983-09-16,2011-04-30,pablo garza,odds_frame
benson henderson,1983-11-16,2011-04-30,benson henderson,odds_frame
ivan menjivar,1982-05-30,2011-04-30,ivan menjivar,odds_frame
nate diaz,1985-04-16,2011-04-30,nate diaz,odds_frame
jake ellenberger,1985-03-28,2011-04-30,jake ellenberger,odds_frame
john makdessi,1985-05-03,2011-04-30,john makdessi,odds_frame
yves jabouin,1979-05-30,2011-04-30,yves jabouin,odds_frame
mark bocek,1981-10-24,2011-04-30,mark bocek,odds_frame
vladimir matyushenko,1971-01-04,2011-04-30,vladimir matyushenko,odds_frame
lyoto machida,1978-05-30,2011-04-30,lyoto machida,odds_frame
georges st-pierre,1981-05-19,2011-04-30,georges st pierre,odds_frame
jake shields,1979-01-09,2011-04-30,jake shields,odds_frame
jose aldo,1986-09-09,2011-04-30,jose aldo,odds_frame
mark hominick,1982-07-22,2011-04-30,mark hominick,odds_frame
randy couture,1963-06-22,2011-04-30,randy couture,odds_frame
jason brilz,1975-07-07,2011-04-30,jason brilz,odds_frame
charlie valencia,1974-10-31,2011-04-30,charlie valencia,odds_frame
rory macdonald,1989-07-22,2011-04-30,rory macdonald,odds_frame
sean pierson,1976-03-10,2011-04-30,sean pierson,odds_frame
matt hamill,1976-10-05,2011-05-28,matt hamill,odds_frame
roy nelson,1976-06-20,2011-05-28,roy nelson,odds_frame
travis browne,1982-07-17,2011-05-28,travis browne,odds_frame
rick story,1984-08-28,2011-05-28,rick story,odds_frame
jorge santiago,1980-10-09,2011-05-28,jorge santiago,odds_frame
quinton jackson,1978-06-20,2011-05-28,quinton jackson,odds_frame
frank mir,1979-05-24,2011-05-28,frank mir,odds_frame
stefan struve,1988-02-18,2011-05-28,stefan struve,odds_frame
thiago alves,1983-10-03,2011-05-28,thiago alves,odds_frame
demetrious johnson,1986-08-13,2011-05-28,demetrious johnson,odds_frame
brian stann,1980-09-24,2011-05-28,brian stann,odds_frame
tim boetsch,1981-01-28,2011-05-28,tim boetsch,odds_frame
miguel torres,1981-01-18,2011-05-28,miguel torres,odds_frame
rafaello oliveira,1982-01-26,2011-05-28,rafaello oliveira,odds_frame
renan barao,1987-01-31,2011-05-28,renan barao,odds_frame
kendall grove,1982-11-12,2011-05-28,kendall grove,odds_frame
gleison tibau,1983-10-07,2011-05-28,gleison tibau,odds_frame
cole escovedo,1981-08-30,2011-05-28,cole escovedo,odds_frame
francisco rivera,1981-10-08,2011-06-04,francisco rivera,odds_frame
george roop,1981-11-10,2011-06-04,george roop,odds_frame
ramsey nijem,1988-04-01,2011-06-04,ramsey nijem,odds_frame
justin edwards,1983-01-26,2011-06-04,justin edwards,odds_frame
danny downes,1986-04-08,2011-06-04,danny downes,odds_frame
ken stone,1982-10-08,2011-06-04,ken stone,odds_frame
clay guida,1981-12-08,2011-06-04,clay guida,odds_frame
reuben duran,1983-07-02,2011-06-04,reuben duran,odds_frame
clay harvison,1980-09-25,2011-06-04,clay harvison,odds_frame
jeremy stephens,1986-05-25,2011-06-04,jeremy stephens,odds_frame
ed herman,1980-10-02,2011-06-04,ed herman,odds_frame
tony ferguson,1984-02-12,2011-06-04,tony ferguson,odds_frame
anthony pettis,1987-01-27,2011-06-04,anthony pettis,odds_frame
tim credeur,1977-07-09,2011-06-04,tim credeur,odds_frame
kyle kingsbury,1982-03-22,2011-06-04,kyle kingsbury,odds_frame
fabio maldonado,1980-03-17,2011-06-04,fabio maldonado,odds_frame
josh grispi,1988-10-14,2011-06-04,josh grispi,odds_frame
scott jorgensen,1982-09-17,2011-06-04,scott jorgensen,odds_frame
aaron rosa,1983-05-28,2011-06-11,aaron rosa,odds_frame
dave herman,1984-10-03,2011-06-11,dave herman,odds_frame
jason young,1986-06-28,2011-06-11,jason young,odds_frame
james head,1984-02-09,2011-06-11,james head,odds_frame
chris weidman,1984-06-17,2011-06-11,chris weidman,odds_frame
michihiro omigawa,1975-12-19,2011-06-11,michihiro omigawa,odds_frame
donald cerrone,1983-03-29,2011-06-11,donald cerrone,odds_frame
demian maia,1977-11-06,2011-06-11,demian maia,odds_frame
diego nunes,1982-11-30,2011-06-11,diego nunes,odds_frame
junior dos santos,1984-01-30,2011-06-11,junior dos santos,odds_frame
jon olav einemo,1975-12-10,2011-06-11,jon olav einemo,odds_frame
yves edwards,1976-09-30,2011-06-11,yves edwards,odds_frame
joey beltran,1981-12-08,2011-06-11,joey beltran,odds_frame
nick ring,1979-02-10,2011-06-11,nick ring,odds_frame
jesse bongfeldt,1980-08-28,2011-06-11,jesse bongfeldt,odds_frame
dustin poirier,1989-01-19,2011-06-11,dustin poirier,odds_frame
vagner rocha,1982-06-06,2011-06-11,vagner rocha,odds_frame
mark munoz,1978-02-09,2011-06-11,mark munoz,odds_frame
kenny florian,1976-05-26,2011-06-11,kenny florian,odds_frame
shane carwin,1975-01-04,2011-06-11,shane carwin,odds_frame
sam stout,1984-04-23,2011-06-11,sam stout,odds_frame
darren elkins,1984-05-16,2011-06-11,darren elkins,odds_frame
cheick kongo,1975-05-17,2011-06-26,cheick kongo,odds_frame
michael johnson,1986-06-04,2011-06-26,michael johnson,odds_frame
nik lentz,1984-08-13,2011-06-26,nik lentz,odds_frame
ricardo lamas,1982-05-21,2011-06-26,ricardo lamas,odds_frame
charlie brenneman,1981-02-09,2011-06-26,charlie brenneman,odds_frame
curt warburton,,2011-06-26,curt warburton,odds_frame
edward faaloloto,1984-07-15,2011-06-26,edward faaloloto,odds_frame
matt grice,1981-07-29,2011-06-26,matt grice,odds_frame
charles oliveira,1989-10-17,2011-06-26,charles oliveira,odds_frame
matt mitrione,1978-07-15,2011-06-26,matt mitrione,odds_frame
joe lauzon,1984-05-22,2011-06-26,joe lauzon,odds_frame
john howard,1983-03-01,2011-06-26,john howard,odds_frame
rick story,1984-08-28,2011-06-26,rick story,odds_frame
pat barry,1979-07-07,2011-06-26,pat barry,odds_frame
christian morecraft,1986-09-08,2011-06-26,christian morecraft,odds_frame
matt brown,1981-01-10,2011-06-26,matt brown,odds_frame
brad tavares,1987-12-21,2011-07-02,brad tavares,odds_frame
brian bowles,1980-06-22,2011-07-02,brian bowles,odds_frame
anthony njokuani,1980-03-01,2011-07-02,anthony njokuani,odds_frame
george sotiropoulos,1977-07-09,2011-07-02,george sotiropoulos,odds_frame
dennis siver,1979-01-13,2011-07-02,dennis siver,odds_frame
melvin guillard,1983-03-30,2011-07-02,melvin guillard,odds_frame
carlos condit,1984-04-26,2011-07-02,carlos condit,odds_frame
shane roller,1979-07-14,2011-07-02,shane roller,odds_frame
dominick cruz,1985-03-09,2011-07-02,dominick cruz,odds_frame
tito ortiz,1975-01-23,2011-07-02,tito ortiz,odds_frame
ryan bader,1983-06-07,2011-07-02,ryan bader,odds_frame
urijah faber,1979-05-14,2011-07-02,urijah faber,odds_frame
chris leben,1980-07-21,2011-07-02,chris leben,odds_frame
dong hyun kim,1981-11-17,2011-07-02,dong hyun kim,odds_frame
rafael dos anjos,1984-10-26,2011-07-02,rafael dos anjos,odds_frame
andre winner,1981-11-09,2011-07-02,andre winner,odds_frame
takeya mizugaki,1983-12-16,2011-07-02,takeya mizugaki,odds_frame
aaron simpson,1974-07-20,2011-07-02,aaron simpson,odds_frame
wanderlei silva,1976-07-03,2011-07-02,wanderlei silva,odds_frame
matt wiman,1983-09-19,2011-07-02,matt wiman,odds_frame
alexander gustafsson,1987-01-15,2011-08-06,alexander gustafsson,odds_frame
yoshihiro akiyama,1975-07-29,2011-08-06,yoshihiro akiyama,odds_frame
rafael natal,1982-12-25,2011-08-06,rafael natal,odds_frame
tito ortiz,1975-01-23,2011-08-06,tito ortiz,odds_frame
mike brown,1975-09-08,2011-08-06,mike brown,odds_frame
johny hendricks,1983-09-12,2011-08-06,johny hendricks,odds_frame
ivan menjivar,1982-05-30,2011-08-06,ivan menjivar,odds_frame
chad mendes,1985-05-01,2011-08-06,chad mendes,odds_frame
matt hamill,1976-10-05,2011-08-06,matt hamill,odds_frame
rory macdonald,1989-07-22,2011-08-06,rory macdonald,odds_frame
jorge rivera,1972-02-28,2011-08-06,jorge rivera,odds_frame
dennis hallman,1975-12-02,2011-08-06,dennis hallman,odds_frame
rashad evans,1979-09-25,2011-08-06,rashad evans,odds_frame
vitor belfort,1977-04-01,2011-08-06,vitor belfort,odds_frame
nick pace,1987-04-17,2011-08-06,nick pace,odds_frame
paul bradley,1983-06-13,2011-08-06,paul bradley,odds_frame
nam phan,1983-03-13,2011-08-06,nam phan,odds_frame
mike pierce,1980-09-01,2011-08-06,mike pierce,odds_frame
rani yahya,1984-09-12,2011-08-06,rani yahya,odds_frame
mike pyle,1975-09-18,2011-08-06,mike pyle,odds_frame
brian ebersole,1980-11-27,2011-08-06,brian ebersole,odds_frame
constantinos philippou,1979-11-29,2011-08-06,constantinos philippou,odds_frame
jim miller,1983-08-30,2011-08-14,jim miller,odds_frame
amir sadollah,1980-08-27,2011-08-14,amir sadollah,odds_frame
ronny markes,1988-04-21,2011-08-14,ronny markes,odds_frame
cb dollaway,1983-08-10,2011-08-14,cb dollaway,odds_frame
edwin figueroa,1984-07-31,2011-08-14,edwin figueroa,odds_frame
jared hamman,1982-03-07,2011-08-14,jared hamman,odds_frame
joseph benavidez,1984-07-31,2011-08-14,joseph benavidez,odds_frame
jacob volkmann,1980-09-05,2011-08-14,jacob volkmann,odds_frame
jimy hettes,1987-06-09,2011-08-14,jimy hettes,odds_frame
benson henderson,1983-11-16,2011-08-14,benson henderson,odds_frame
charles oliveira,1989-10-17,2011-08-14,charles oliveira,odds_frame
donald cerrone,1983-03-29,2011-08-14,donald cerrone,odds_frame
duane ludwig,1978-08-04,2011-08-14,duane ludwig,odds_frame
jason reinhardt,1969-10-31,2011-08-14,jason reinhardt,odds_frame
ed herman,1980-10-02,2011-08-14,ed herman,odds_frame
kyle noke,1980-03-18,2011-08-14,kyle noke,odds_frame
karlos vemola,1985-07-03,2011-08-14,karlos vemola,odds_frame
alex caceres,1988-06-20,2011-08-14,alex caceres,odds_frame
eddie wineland,1984-06-26,2011-08-14,eddie wineland,odds_frame
danny castillo,1979-08-25,2011-08-14,danny castillo,odds_frame
forrest griffin,1979-03-16,2011-08-27,forrest griffin,odds_frame
edson barboza,1986-01-21,2011-08-27,edson barboza,odds_frame
stanislav nedkov,1981-12-09,2011-08-27,stanislav nedkov,odds_frame
ian loveland,1983-09-07,2011-08-27,ian loveland,odds_frame
dan miller,1981-06-30,2011-08-27,dan miller,odds_frame
david mitchell,1979-10-24,2011-08-27,david mitchell,odds_frame
johnny eduardo,1978-08-03,2011-08-27,johnny eduardo,odds_frame
luis ramos,1981-01-18,2011-08-27,luis ramos,odds_frame
spencer fisher,1976-05-09,2011-08-27,spencer fisher,odds_frame
thiago tavares,1984-11-08,2011-08-27,thiago tavares,odds_frame
brendan schaub,1983-03-18,2011-08-27,brendan schaub,odds_frame
erick silva,1984-06-21,2011-08-27,erick silva,odds_frame
raphael assuncao,1982-07-19,2011-08-27,raphael assuncao,odds_frame
paulo thiago,1981-01-25,2011-08-27,paulo thiago,odds_frame
rousimar palhares,1980-02-26,2011-08-27,rousimar palhares,odds_frame
yves jabouin,1979-05-30,2011-08-27,yves jabouin,odds_frame
luiz cane,1981-04-24,2011-08-27,luiz cane,odds_frame
ross pearson,1984-09-26,2011-08-27,ross pearson,odds_frame
mauricio rua,1981-11-25,2011-08-27,mauricio rua,odds_frame
anderson silva,1975-04-14,2011-08-27,anderson silva,odds_frame
antonio rodrigo nogueira,1976-06-02,2011-08-27,antonio rodrigo nogueira,odds_frame
yushin okami,1981-07-21,2011-08-27,yushin okami,odds_frame
jake ellenberger,1985-03-28,2011-09-17,jake ellenberger,odds_frame
dongi yang,1984-12-07,2011-09-17,dongi yang,odds_frame
tj waldburger,1988-04-25,2011-09-17,tj waldburger,odds_frame
evan dunham,1981-12-18,2011-09-17,evan dunham,odds_frame
justin edwards,1983-01-26,2011-09-17,justin edwards,odds_frame
robert peralta,1986-03-14,2011-09-17,robert peralta,odds_frame
erik koch,1988-10-04,2011-09-17,erik koch,odds_frame
clay harvison,1980-09-25,2011-09-17,clay harvison,odds_frame
cody mckenzie,1987-12-16,2011-09-17,cody mckenzie,odds_frame
alan belcher,1984-04-24,2011-09-17,alan belcher,odds_frame
jonathan brookins,1985-08-13,2011-09-17,jonathan brookins,odds_frame
court mcgee,1984-12-12,2011-09-17,court mcgee,odds_frame
jake shields,1979-01-09,2011-09-17,jake shields,odds_frame
vagner rocha,1982-06-06,2011-09-17,vagner rocha,odds_frame
jason macdonald,1975-06-03,2011-09-17,jason macdonald,odds_frame
seth baczynski,1981-10-26,2011-09-17,seth baczynski,odds_frame
jorge lopez,1988-11-21,2011-09-17,jorge lopez,odds_frame
shamar bailey,1982-09-22,2011-09-17,shamar bailey,odds_frame
mike stumpf,1986-08-01,2011-09-17,mike stumpf,odds_frame
mike lullo,1979-07-24,2011-09-17,mike lullo,odds_frame
travis browne,1982-07-17,2011-09-24,travis browne,odds_frame
nick ring,1979-02-10,2011-09-24,nick ring,odds_frame
takeya mizugaki,1983-12-16,2011-09-24,takeya mizugaki,odds_frame
aaron riley,1980-12-09,2011-09-24,aaron riley,odds_frame
jon jones,1987-07-19,2011-09-24,jon jones,odds_frame
quinton jackson,1978-06-20,2011-09-24,quinton jackson,odds_frame
ricardo romero,1978-04-15,2011-09-24,ricardo romero,odds_frame
james te huna,1981-09-29,2011-09-24,james te huna,odds_frame
matt hughes,1973-10-13,2011-09-24,matt hughes,odds_frame
ben rothwell,1981-10-17,2011-09-24,ben rothwell,odds_frame
rob broughton,1983-03-03,2011-09-24,rob broughton,odds_frame
tony ferguson,1984-02-12,2011-09-24,tony ferguson,odds_frame
nate diaz,1985-04-16,2011-09-24,nate diaz,odds_frame
takanori gomi,1978-09-22,2011-09-24,takanori gomi,odds_frame
tim boetsch,1981-01-28,2011-09-24,tim boetsch,odds_frame
cole escovedo,1981-08-30,2011-09-24,cole escovedo,odds_frame
josh koscheck,1977-11-30,2011-09-24,josh koscheck,odds_frame
mark hunt,1974-03-23,2011-09-24,mark hunt,odds_frame
mike easton,1984-01-25,2011-10-01,mike easton,odds_frame
michael johnson,1986-06-04,2011-10-01,michael johnson,odds_frame
rafaello oliveira,1982-01-26,2011-10-01,rafaello oliveira,odds_frame
paul sass,1988-08-04,2011-10-01,paul sass,odds_frame
yves edwards,1976-09-30,2011-10-01,yves edwards,odds_frame
matt wiman,1983-09-19,2011-10-01,matt wiman,odds_frame
shane roller,1979-07-14,2011-10-01,shane roller,odds_frame
anthony johnson,1984-03-06,2011-10-01,anthony johnson,odds_frame
tj grant,1984-02-26,2011-10-01,tj grant,odds_frame
pat barry,1979-07-07,2011-10-01,pat barry,odds_frame
josh neer,1983-03-24,2011-10-01,josh neer,odds_frame
dominick cruz,1985-03-09,2011-10-01,dominick cruz,odds_frame
stefan struve,1988-02-18,2011-10-01,stefan struve,odds_frame
demetrious johnson,1986-08-13,2011-10-01,demetrious johnson,odds_frame
charlie brenneman,1981-02-09,2011-10-01,charlie brenneman,odds_frame
keith wisniewski,1981-10-25,2011-10-01,keith wisniewski,odds_frame
mac danzig,1980-01-02,2011-10-01,mac danzig,odds_frame
byron bloodworth,1983-08-16,2011-10-01,byron bloodworth,odds_frame
brian stann,1980-09-24,2011-10-08,brian stann,odds_frame
joe lauzon,1984-05-22,2011-10-08,joe lauzon,odds_frame
gray maynard,1979-05-09,2011-10-08,gray maynard,odds_frame
kenny florian,1976-05-26,2011-10-08,kenny florian,odds_frame
stipe miocic,1982-08-19,2011-10-08,stipe miocic,odds_frame
jorge santiago,1980-10-09,2011-10-08,jorge santiago,odds_frame
nam phan,1983-03-13,2011-10-08,nam phan,odds_frame
chael sonnen,1977-04-03,2011-10-08,chael sonnen,odds_frame
melvin guillard,1983-03-30,2011-10-08,melvin guillard,odds_frame
jose aldo,1986-09-09,2011-10-08,jose aldo,odds_frame
frankie edgar,1981-10-16,2011-10-08,frankie edgar,odds_frame
demian maia,1977-11-06,2011-10-08,demian maia,odds_frame
anthony pettis,1987-01-27,2011-10-08,anthony pettis,odds_frame
leonard garcia,1979-07-14,2011-10-08,leonard garcia,odds_frame
joey beltran,1981-12-08,2011-10-08,joey beltran,odds_frame
jeremy stephens,1986-05-25,2011-10-08,jeremy stephens,odds_frame
chris camozzi,1986-11-20,2011-10-29,chris camozzi,odds_frame
dennis siver,1979-01-13,2011-10-29,dennis siver,odds_frame
dustin jacoby,1988-04-04,2011-10-29,dustin jacoby,odds_frame
ramsey nijem,1988-04-01,2011-10-29,ramsey nijem,odds_frame
bj penn,1978-12-13,2011-10-29,bj penn,odds_frame
mirko filipovic,1974-09-10,2011-10-29,mirko filipovic,odds_frame
cheick kongo,1975-05-17,2011-10-29,cheick kongo,odds_frame
scott jorgensen,1982-09-17,2011-10-29,scott jorgensen,odds_frame
hatsu hioki,1983-07-18,2011-10-29,hatsu hioki,odds_frame
jeff curran,1977-09-02,2011-10-29,jeff curran,odds_frame
tyson griffin,1984-04-20,2011-10-29,tyson griffin,odds_frame
nick diaz,1983-08-02,2011-10-29,nick diaz,odds_frame
roy nelson,1976-06-20,2011-10-29,roy nelson,odds_frame
matt mitrione,1978-07-15,2011-10-29,matt mitrione,odds_frame
francis carmont,1981-10-11,2011-10-29,francis carmont,odds_frame
danny downes,1986-04-08,2011-10-29,danny downes,odds_frame
eliot marshall,1980-07-07,2011-10-29,eliot marshall,odds_frame
george roop,1981-11-10,2011-10-29,george roop,odds_frame
clifford starks,1981-04-25,2011-10-29,clifford starks,odds_frame
donald cerrone,1983-03-29,2011-10-29,donald cerrone,odds_frame
brandon vera,1977-10-10,2011-10-29,brandon vera,odds_frame
bart palaszewski,1983-05-30,2011-10-29,bart palaszewski,odds_frame
thiago alves,1983-10-03,2011-11-05,thiago alves,odds_frame
brad pickett,1978-09-24,2011-11-05,brad pickett,odds_frame
cyrille diabate,1973-10-06,2011-11-05,cyrille diabate,odds_frame
chris leben,1980-07-21,2011-11-05,chris leben,odds_frame
terry etim,1986-01-11,2011-11-05,terry etim,odds_frame
anthony perosh,1972-10-05,2011-11-05,anthony perosh,odds_frame
chris cope,1983-03-05,2011-11-05,chris cope,odds_frame
chris cariaso,1981-05-27,2011-11-05,chris cariaso,odds_frame
papy abedi,1978-06-30,2011-11-05,papy abedi,odds_frame
mark munoz,1978-02-09,2011-11-05,mark munoz,odds_frame
edward faaloloto,1984-07-15,2011-11-05,edward faaloloto,odds_frame
john maguire,1983-05-19,2011-11-05,john maguire,odds_frame
che mills,1982-09-29,2011-11-05,che mills,odds_frame
renan barao,1987-01-31,2011-11-05,renan barao,odds_frame
justin edwards,1983-01-26,2011-11-05,justin edwards,odds_frame
vaughan lee,1982-10-15,2011-11-05,vaughan lee,odds_frame
norifumi yamamoto,1977-03-15,2011-11-12,norifumi yamamoto,odds_frame
cain velasquez,1982-07-28,2011-11-12,cain velasquez,odds_frame
clay guida,1981-12-08,2011-11-12,clay guida,odds_frame
mike pierce,1980-09-01,2011-11-12,mike pierce,odds_frame
benson henderson,1983-11-16,2011-11-12,benson henderson,odds_frame
cole escovedo,1981-08-30,2011-11-12,cole escovedo,odds_frame
junior dos santos,1984-01-30,2011-11-12,junior dos santos,odds_frame
dustin poirier,1989-01-19,2011-11-12,dustin poirier,odds_frame
pablo garza,1983-09-16,2011-11-12,pablo garza,odds_frame
paul bradley,1983-06-13,2011-11-12,paul bradley,odds_frame
mackens semerzier,1980-11-03,2011-11-12,mackens semerzier,odds_frame
alex caceres,1988-06-20,2011-11-12,alex caceres,odds_frame
ricardo lamas,1982-05-21,2011-11-12,ricardo lamas,odds_frame
robert peralta,1986-03-14,2011-11-12,robert peralta,odds_frame
darren uyenoyama,1979-10-15,2011-11-12,darren uyenoyama,odds_frame
cub swanson,1983-11-02,2011-11-12,cub swanson,odds_frame
stephan bonnar,1977-04-04,2011-11-19,stephan bonnar,odds_frame
cung le,1972-05-25,2011-11-19,cung le,odds_frame
michael mcdonald,1991-01-15,2011-11-19,michael mcdonald,odds_frame
tom lawlor,1983-05-15,2011-11-19,tom lawlor,odds_frame
gleison tibau,1983-10-07,2011-11-19,gleison tibau,odds_frame
matt brown,1981-01-10,2011-11-19,matt brown,odds_frame
danny castillo,1979-08-25,2011-11-19,danny castillo,odds_frame
mauricio rua,1981-11-25,2011-11-19,mauricio rua,odds_frame
wanderlei silva,1976-07-03,2011-11-19,wanderlei silva,odds_frame
brian bowles,1980-06-22,2011-11-19,brian bowles,odds_frame
martin kampmann,1982-04-17,2011-11-19,martin kampmann,odds_frame
kyle kingsbury,1982-03-22,2011-11-19,kyle kingsbury,odds_frame
ryan bader,1983-06-07,2011-11-19,ryan bader,odds_frame
seth baczynski,1981-10-26,2011-11-19,seth baczynski,odds_frame
rafael dos anjos,1984-10-26,2011-11-19,rafael dos anjos,odds_frame
urijah faber,1979-05-14,2011-11-19,urijah faber,odds_frame
shamar bailey,1982-09-22,2011-11-19,shamar bailey,odds_frame
jason brilz,1975-07-07,2011-11-19,jason brilz,odds_frame
chris weidman,1984-06-17,2011-11-19,chris weidman,odds_frame
alex soto,1984-02-15,2011-11-19,alex soto,odds_frame
rick story,1984-08-28,2011-11-19,rick story,odds_frame
dan henderson,1970-08-24,2011-11-19,dan henderson,odds_frame
marcus brimage,1985-04-06,2011-12-03,marcus brimage,odds_frame
michael bisping,1979-02-28,2011-12-03,michael bisping,odds_frame
tj dillashaw,1986-02-07,2011-12-03,tj dillashaw,odds_frame
johnny bedford,1983-01-06,2011-12-03,johnny bedford,odds_frame
josh ferguson,1988-05-13,2011-12-03,josh ferguson,odds_frame
john albert,1986-10-13,2011-12-03,john albert,odds_frame
stephen bass,1982-11-14,2011-12-03,stephen bass,odds_frame
josh clopton,1981-07-11,2011-12-03,josh clopton,odds_frame
yves edwards,1976-09-30,2011-12-03,yves edwards,odds_frame
dennis bermudez,1986-12-13,2011-12-03,dennis bermudez,odds_frame
john dodson,1984-09-26,2011-12-03,john dodson,odds_frame
jason miller,1980-12-24,2011-12-03,jason miller,odds_frame
tony ferguson,1984-02-12,2011-12-03,tony ferguson,odds_frame
roland delorme,1983-12-18,2011-12-03,roland delorme,odds_frame
diego brandao,1987-05-27,2011-12-03,diego brandao,odds_frame
steven siler,1987-02-15,2011-12-03,steven siler,odds_frame
dustin pague,1987-08-05,2011-12-03,dustin pague,odds_frame
louis gaudinot,1984-08-28,2011-12-03,louis gaudinot,odds_frame
krzysztof soszynski,1977-08-02,2011-12-10,krzysztof soszynski,odds_frame
mark bocek,1981-10-24,2011-12-10,mark bocek,odds_frame
jared hamman,1982-03-07,2011-12-10,jared hamman,odds_frame
claude patrick,1980-06-14,2011-12-10,claude patrick,odds_frame
constantinos philippou,1979-11-29,2011-12-10,constantinos philippou,odds_frame
nik lentz,1984-08-13,2011-12-10,nik lentz,odds_frame
dennis hallman,1975-12-02,2011-12-10,dennis hallman,odds_frame
jon jones,1987-07-19,2011-12-10,jon jones,odds_frame
walel watson,1984-07-16,2011-12-10,walel watson,odds_frame
lyoto machida,1978-05-30,2011-12-10,lyoto machida,odds_frame
yves jabouin,1979-05-30,2011-12-10,yves jabouin,odds_frame
brian ebersole,1980-11-27,2011-12-10,brian ebersole,odds_frame
antonio rodrigo nogueira,1976-06-02,2011-12-10,antonio rodrigo nogueira,odds_frame
rogerio nogueira,1976-06-02,2011-12-10,rogerio nogueira,odds_frame
chan sung jung,1987-03-17,2011-12-10,chan sung jung,odds_frame
john cholish,1983-12-17,2011-12-10,john cholish,odds_frame
frank mir,1979-05-24,2011-12-10,frank mir,odds_frame
igor pokrajac,1979-01-02,2011-12-10,igor pokrajac,odds_frame
john makdessi,1985-05-03,2011-12-10,john makdessi,odds_frame
tito ortiz,1975-01-23,2011-12-10,tito ortiz,odds_frame
mitch clarke,1985-11-24,2011-12-10,mitch clarke,odds_frame
mark hominick,1982-07-22,2011-12-10,mark hominick,odds_frame
sean pierson,1976-03-10,2011-12-30,sean pierson,odds_frame
brock lesnar,1977-07-12,2011-12-30,brock lesnar,odds_frame
nate diaz,1985-04-16,2011-12-30,nate diaz,odds_frame
jon fitch,1978-02-24,2011-12-30,jon fitch,odds_frame
vladimir matyushenko,1971-01-04,2011-12-30,vladimir matyushenko,odds_frame
nam phan,1983-03-13,2011-12-30,nam phan,odds_frame
anthony njokuani,1980-03-01,2011-12-30,anthony njokuani,odds_frame
alistair overeem,1980-05-17,2011-12-30,alistair overeem,odds_frame
donald cerrone,1983-03-29,2011-12-30,donald cerrone,odds_frame
dong hyun kim,1981-11-17,2011-12-30,dong hyun kim,odds_frame
junior assuncao,1981-06-24,2011-12-30,junior assuncao,odds_frame
efrain escudero,1986-01-15,2011-12-30,efrain escudero,odds_frame
danny castillo,1979-08-25,2011-12-30,danny castillo,odds_frame
jimy hettes,1987-06-09,2011-12-30,jimy hettes,odds_frame
alexander gustafsson,1987-01-15,2011-12-30,alexander gustafsson,odds_frame
johny hendricks,1983-09-12,2011-12-30,johny hendricks,odds_frame
ross pearson,1984-09-26,2011-12-30,ross pearson,odds_frame
jacob volkmann,1980-09-05,2011-12-30,jacob volkmann,odds_frame
edson barboza,1986-01-21,2012-01-14,edson barboza,odds_frame
jose aldo,1986-09-09,2012-01-14,jose aldo,odds_frame
anthony johnson,1984-03-06,2012-01-14,anthony johnson,odds_frame
chad mendes,1985-05-01,2012-01-14,chad mendes,odds_frame
carlo prater,1981-06-25,2012-01-14,carlo prater,odds_frame
antonio carvalho,1979-05-30,2012-01-14,antonio carvalho,odds_frame
mike pyle,1975-09-18,2012-01-14,mike pyle,odds_frame
terry etim,1986-01-11,2012-01-14,terry etim,odds_frame
vitor belfort,1977-04-01,2012-01-14,vitor belfort,odds_frame
sam stout,1984-04-23,2012-01-14,sam stout,odds_frame
gabriel gonzaga,1979-05-18,2012-01-14,gabriel gonzaga,odds_frame
thiago tavares,1984-11-08,2012-01-14,thiago tavares,odds_frame
ricardo funch,1980-08-14,2012-01-14,ricardo funch,odds_frame
felipe arantes,1988-02-09,2012-01-14,felipe arantes,odds_frame
erick silva,1984-06-21,2012-01-14,erick silva,odds_frame
rousimar palhares,1980-02-26,2012-01-14,rousimar palhares,odds_frame
ednaldo oliveira,1984-02-19,2012-01-14,ednaldo oliveira,odds_frame
mike massenzio,1982-11-01,2012-01-14,mike massenzio,odds_frame
josh neer,1983-03-24,2012-01-20,josh neer,odds_frame
tommy hayden,1986-03-11,2012-01-20,tommy hayden,odds_frame
pat schilling,1988-08-28,2012-01-20,pat schilling,odds_frame
melvin guillard,1983-03-30,2012-01-20,melvin guillard,odds_frame
duane ludwig,1978-08-04,2012-01-20,duane ludwig,odds_frame
mike easton,1984-01-25,2012-01-20,mike easton,odds_frame
pat barry,1979-07-07,2012-01-20,pat barry,odds_frame
kamal shalorus,1972-08-27,2012-01-20,kamal shalorus,odds_frame
charlie brenneman,1981-02-09,2012-01-20,charlie brenneman,odds_frame
daniel pineda,1985-08-06,2012-01-20,daniel pineda,odds_frame
fabricio camoes,1978-12-23,2012-01-20,fabricio camoes,odds_frame
christian morecraft,1986-09-08,2012-01-20,christian morecraft,odds_frame
jim miller,1983-08-30,2012-01-20,jim miller,odds_frame
jared papazian,1988-02-01,2012-01-20,jared papazian,odds_frame
khabib nurmagomedov,1988-09-20,2012-01-20,khabib nurmagomedov,odds_frame
daniel roberts,1980-08-05,2012-01-20,daniel roberts,odds_frame
phil davis,1984-09-25,2012-01-28,phil davis,odds_frame
nik lentz,1984-08-13,2012-01-28,nik lentz,odds_frame
rashad evans,1979-09-25,2012-01-28,rashad evans,odds_frame
chael sonnen,1977-04-03,2012-01-28,chael sonnen,odds_frame
demian maia,1977-11-06,2012-01-28,demian maia,odds_frame
evan dunham,1981-12-18,2012-01-28,evan dunham,odds_frame
michael johnson,1986-06-04,2012-01-28,michael johnson,odds_frame
cub swanson,1983-11-02,2012-01-28,cub swanson,odds_frame
charles oliveira,1989-10-17,2012-01-28,charles oliveira,odds_frame
joey beltran,1981-12-08,2012-01-28,joey beltran,odds_frame
chris camozzi,1986-11-20,2012-01-28,chris camozzi,odds_frame
mike russow,1976-09-11,2012-01-28,mike russow,odds_frame
michael bisping,1979-02-28,2012-01-28,michael bisping,odds_frame
chris weidman,1984-06-17,2012-01-28,chris weidman,odds_frame
shane roller,1979-07-14,2012-01-28,shane roller,odds_frame
lavar johnson,1977-06-11,2012-01-28,lavar johnson,odds_frame
george roop,1981-11-10,2012-01-28,george roop,odds_frame
eric wisely,1984-07-25,2012-01-28,eric wisely,odds_frame
dustin jacoby,1988-04-04,2012-01-28,dustin jacoby,odds_frame
jon olav einemo,1975-12-10,2012-01-28,jon olav einemo,odds_frame
dustin poirier,1989-01-19,2012-02-04,dustin poirier,odds_frame
alex caceres,1988-06-20,2012-02-04,alex caceres,odds_frame
dan stittgen,1980-11-17,2012-02-04,dan stittgen,odds_frame
rafael natal,1982-12-25,2012-02-04,rafael natal,odds_frame
ed herman,1980-10-02,2012-02-04,ed herman,odds_frame
nick diaz,1983-08-02,2012-02-04,nick diaz,odds_frame
josh koscheck,1977-11-30,2012-02-04,josh koscheck,odds_frame
mike pierce,1980-09-01,2012-02-04,mike pierce,odds_frame
carlos condit,1984-04-26,2012-02-04,carlos condit,odds_frame
scott jorgensen,1982-09-17,2012-02-04,scott jorgensen,odds_frame
renan barao,1987-01-31,2012-02-04,renan barao,odds_frame
max holloway,1991-12-04,2012-02-04,max holloway,odds_frame
edwin figueroa,1984-07-31,2012-02-04,edwin figueroa,odds_frame
stephen thompson,1983-02-11,2012-02-04,stephen thompson,odds_frame
michael kuiper,1989-06-07,2012-02-04,michael kuiper,odds_frame
clifford starks,1981-04-25,2012-02-04,clifford starks,odds_frame
roy nelson,1976-06-20,2012-02-04,roy nelson,odds_frame
fabricio werdum,1977-07-30,2012-02-04,fabricio werdum,odds_frame
justin salas,1982-03-13,2012-02-15,justin salas,odds_frame
bernardo magalhaes,1981-04-08,2012-02-15,bernardo magalhaes,odds_frame
walel watson,1984-07-16,2012-02-15,walel watson,odds_frame
philip de fries,1986-04-21,2012-02-15,philip de fries,odds_frame
diego sanchez,1981-12-31,2012-02-15,diego sanchez,odds_frame
stefan struve,1988-02-18,2012-02-15,stefan struve,odds_frame
aaron simpson,1974-07-20,2012-02-15,aaron simpson,odds_frame
jonathan brookins,1985-08-13,2012-02-15,jonathan brookins,odds_frame
ivan menjivar,1982-05-30,2012-02-15,ivan menjivar,odds_frame
anton kuivanen,1984-05-01,2012-02-15,anton kuivanen,odds_frame
tim means,1984-02-20,2012-02-15,tim means,odds_frame
tj dillashaw,1986-02-07,2012-02-15,tj dillashaw,odds_frame
ronny markes,1988-04-21,2012-02-15,ronny markes,odds_frame
dave herman,1984-10-03,2012-02-15,dave herman,odds_frame
jake ellenberger,1985-03-28,2012-02-15,jake ellenberger,odds_frame
john albert,1986-10-13,2012-02-15,john albert,odds_frame
stipe miocic,1982-08-19,2012-02-15,stipe miocic,odds_frame
vagner rocha,1982-06-06,2012-02-15,vagner rocha,odds_frame
norifumi yamamoto,1977-03-15,2012-02-25,norifumi yamamoto,odds_frame
frankie edgar,1981-10-16,2012-02-25,frankie edgar,odds_frame
jake shields,1979-01-09,2012-02-25,jake shields,odds_frame
benson henderson,1983-11-16,2012-02-25,benson henderson,odds_frame
ryan bader,1983-06-07,2012-02-25,ryan bader,odds_frame
cheick kongo,1975-05-17,2012-02-25,cheick kongo,odds_frame
tim boetsch,1981-01-28,2012-02-25,tim boetsch,odds_frame
steve cantwell,1986-12-08,2012-02-25,steve cantwell,odds_frame
eiji mitsuoka,1976-01-01,2012-02-25,eiji mitsuoka,odds_frame
vaughan lee,1982-10-15,2012-02-25,vaughan lee,odds_frame
yoshihiro akiyama,1975-07-29,2012-02-25,yoshihiro akiyama,odds_frame
chris cariaso,1981-05-27,2012-02-25,chris cariaso,odds_frame
hatsu hioki,1983-07-18,2012-02-25,hatsu hioki,odds_frame
takeya mizugaki,1983-12-16,2012-02-25,takeya mizugaki,odds_frame
takanori gomi,1978-09-22,2012-02-25,takanori gomi,odds_frame
anthony pettis,1987-01-27,2012-02-25,anthony pettis,odds_frame
riki fukuda,1981-01-06,2012-02-25,riki fukuda,odds_frame
yushin okami,1981-07-21,2012-02-25,yushin okami,odds_frame
mark hunt,1974-03-23,2012-02-25,mark hunt,odds_frame
quinton jackson,1978-06-20,2012-02-25,quinton jackson,odds_frame
bart palaszewski,1983-05-30,2012-02-25,bart palaszewski,odds_frame
joe lauzon,1984-05-22,2012-02-25,joe lauzon,odds_frame
jake hecht,1984-02-09,2012-03-02,jake hecht,odds_frame
martin kampmann,1982-04-17,2012-03-02,martin kampmann,odds_frame
court mcgee,1984-12-12,2012-03-02,court mcgee,odds_frame
thiago alves,1983-10-03,2012-03-02,thiago alves,odds_frame
joseph benavidez,1984-07-31,2012-03-02,joseph benavidez,odds_frame
demetrious johnson,1986-08-13,2012-03-02,demetrious johnson,odds_frame
james te huna,1981-09-29,2012-03-02,james te huna,odds_frame
mackens semerzier,1980-11-03,2012-03-02,mackens semerzier,odds_frame
cole miller,1984-04-26,2012-03-02,cole miller,odds_frame
oli thompson,1980-01-02,2012-03-02,oli thompson,odds_frame
anthony perosh,1972-10-05,2012-03-02,anthony perosh,odds_frame
kyle noke,1980-03-18,2012-03-02,kyle noke,odds_frame
tj waldburger,1988-04-25,2012-03-02,tj waldburger,odds_frame
andrew craig,1986-01-15,2012-03-02,andrew craig,odds_frame
nick penner,1980-03-26,2012-03-02,nick penner,odds_frame
shawn jordan,1984-10-21,2012-03-02,shawn jordan,odds_frame
steven siler,1987-02-15,2012-03-02,steven siler,odds_frame
daniel pineda,1985-08-06,2012-03-02,daniel pineda,odds_frame
aaron rosa,1983-05-28,2012-03-02,aaron rosa,odds_frame
ian mccall,1984-05-07,2012-03-02,ian mccall,odds_frame
yasuhiro urushitani,1976-09-08,2012-03-02,yasuhiro urushitani,odds_frame
constantinos philippou,1979-11-29,2012-03-02,constantinos philippou,odds_frame
besam yousef,1985-03-25,2012-04-14,besam yousef,odds_frame
siyar bahadurzada,1984-04-17,2012-04-14,siyar bahadurzada,odds_frame
alessio sakara,1981-09-02,2012-04-14,alessio sakara,odds_frame
damacio page,1982-09-30,2012-04-14,damacio page,odds_frame
john maguire,1983-05-19,2012-04-14,john maguire,odds_frame
diego nunes,1982-11-30,2012-04-14,diego nunes,odds_frame
james head,1984-02-09,2012-04-14,james head,odds_frame
tom deblass,1982-05-14,2012-04-14,tom deblass,odds_frame
thiago silva,1982-11-12,2012-04-14,thiago silva,odds_frame
magnus cedenblad,1982-04-10,2012-04-14,magnus cedenblad,odds_frame
yoislandy izquierdo,1984-01-09,2012-04-14,yoislandy izquierdo,odds_frame
francis carmont,1981-10-11,2012-04-14,francis carmont,odds_frame
brad pickett,1978-09-24,2012-04-14,brad pickett,odds_frame
simeon thoresen,1984-03-14,2012-04-14,simeon thoresen,odds_frame
reza madadi,1978-06-20,2012-04-14,reza madadi,odds_frame
cyrille diabate,1973-10-06,2012-04-14,cyrille diabate,odds_frame
papy abedi,1978-06-30,2012-04-14,papy abedi,odds_frame
damarques johnson,1982-06-28,2012-04-14,damarques johnson,odds_frame
paulo thiago,1981-01-25,2012-04-14,paulo thiago,odds_frame
brian stann,1980-09-24,2012-04-14,brian stann,odds_frame
alexander gustafsson,1987-01-15,2012-04-14,alexander gustafsson,odds_frame
dennis siver,1979-01-13,2012-04-14,dennis siver,odds_frame
ben rothwell,1981-10-17,2012-04-21,ben rothwell,odds_frame
keith wisniewski,1981-10-25,2012-04-21,keith wisniewski,odds_frame
mac danzig,1980-01-02,2012-04-21,mac danzig,odds_frame
john makdessi,1985-05-03,2012-04-21,john makdessi,odds_frame
matt brown,1981-01-10,2012-04-21,matt brown,odds_frame
mark bocek,1981-10-24,2012-04-21,mark bocek,odds_frame
miguel torres,1981-01-18,2012-04-21,miguel torres,odds_frame
brendan schaub,1983-03-18,2012-04-21,brendan schaub,odds_frame
rory macdonald,1989-07-22,2012-04-21,rory macdonald,odds_frame
che mills,1982-09-29,2012-04-21,che mills,odds_frame
jon jones,1987-07-19,2012-04-21,jon jones,odds_frame
maximo blanco,1983-10-16,2012-04-21,maximo blanco,odds_frame
chris clements,1976-02-09,2012-04-21,chris clements,odds_frame
efrain escudero,1986-01-15,2012-04-21,efrain escudero,odds_frame
anthony njokuani,1980-03-01,2012-04-21,anthony njokuani,odds_frame
marcus brimage,1985-04-06,2012-04-21,marcus brimage,odds_frame
stephen thompson,1983-02-11,2012-04-21,stephen thompson,odds_frame
john alessio,1979-07-05,2012-04-21,john alessio,odds_frame
michael mcdonald,1991-01-15,2012-04-21,michael mcdonald,odds_frame
chad griggs,1978-05-15,2012-04-21,chad griggs,odds_frame
travis browne,1982-07-17,2012-04-21,travis browne,odds_frame
rashad evans,1979-09-25,2012-04-21,rashad evans,odds_frame
tony ferguson,1984-02-12,2012-05-05,tony ferguson,odds_frame
mike massenzio,1982-11-01,2012-05-05,mike massenzio,odds_frame
roland delorme,1983-12-18,2012-05-05,roland delorme,odds_frame
dennis bermudez,1986-12-13,2012-05-05,dennis bermudez,odds_frame
danny castillo,1979-08-25,2012-05-05,danny castillo,odds_frame
louis gaudinot,1984-08-28,2012-05-05,louis gaudinot,odds_frame
john dodson,1984-09-26,2012-05-05,john dodson,odds_frame
pat barry,1979-07-07,2012-05-05,pat barry,odds_frame
rousimar palhares,1980-02-26,2012-05-05,rousimar palhares,odds_frame
josh koscheck,1977-11-30,2012-05-05,josh koscheck,odds_frame
john hathaway,1987-07-23,2012-05-05,john hathaway,odds_frame
nate diaz,1985-04-16,2012-05-05,nate diaz,odds_frame
karlos vemola,1985-07-03,2012-05-05,karlos vemola,odds_frame
nick denis,1983-10-11,2012-05-05,nick denis,odds_frame
pablo garza,1983-09-16,2012-05-05,pablo garza,odds_frame
john cholish,1983-12-17,2012-05-05,john cholish,odds_frame
john lineker,1990-06-12,2012-05-05,john lineker,odds_frame
tim elliott,1986-12-24,2012-05-05,tim elliott,odds_frame
michael johnson,1986-06-04,2012-05-05,michael johnson,odds_frame
lavar johnson,1977-06-11,2012-05-05,lavar johnson,odds_frame
alan belcher,1984-04-24,2012-05-05,alan belcher,odds_frame
pascal krauss,1987-04-19,2012-05-05,pascal krauss,odds_frame
johny hendricks,1983-09-12,2012-05-05,johny hendricks,odds_frame
jim miller,1983-08-30,2012-05-05,jim miller,odds_frame
amir sadollah,1980-08-27,2012-05-15,amir sadollah,odds_frame
alex soto,1984-02-15,2012-05-15,alex soto,odds_frame
brad tavares,1987-12-21,2012-05-15,brad tavares,odds_frame
jeff curran,1977-09-02,2012-05-15,jeff curran,odds_frame
igor pokrajac,1979-01-02,2012-05-15,igor pokrajac,odds_frame
donald cerrone,1983-03-29,2012-05-15,donald cerrone,odds_frame
cody mckenzie,1987-12-16,2012-05-15,cody mckenzie,odds_frame
chan sung jung,1987-03-17,2012-05-15,chan sung jung,odds_frame
yves jabouin,1979-05-30,2012-05-15,yves jabouin,odds_frame
tj grant,1984-02-26,2012-05-15,tj grant,odds_frame
rafael dos anjos,1984-10-26,2012-05-15,rafael dos anjos,odds_frame
carlo prater,1981-06-25,2012-05-15,carlo prater,odds_frame
jason macdonald,1975-06-03,2012-05-15,jason macdonald,odds_frame
kamal shalorus,1972-08-27,2012-05-15,kamal shalorus,odds_frame
jeff hougland,1978-08-02,2012-05-15,jeff hougland,odds_frame
dustin poirier,1989-01-19,2012-05-15,dustin poirier,odds_frame
tom lawlor,1983-05-15,2012-05-15,tom lawlor,odds_frame
jorge lopez,1988-11-21,2012-05-15,jorge lopez,odds_frame
jeremy stephens,1986-05-25,2012-05-15,jeremy stephens,odds_frame
fabio maldonado,1980-03-17,2012-05-15,fabio maldonado,odds_frame
johnny eduardo,1978-08-03,2012-05-15,johnny eduardo,odds_frame
dongi yang,1984-12-07,2012-05-15,dongi yang,odds_frame
francisco rivera,1981-10-08,2012-05-15,francisco rivera,odds_frame
marcus levesseur,1982-07-17,2012-05-15,marcus levesseur,odds_frame
diego brandao,1987-05-27,2012-05-26,diego brandao,odds_frame
cain velasquez,1982-07-28,2012-05-26,cain velasquez,odds_frame
roy nelson,1976-06-20,2012-05-26,roy nelson,odds_frame
stefan struve,1988-02-18,2012-05-26,stefan struve,odds_frame
stipe miocic,1982-08-19,2012-05-26,stipe miocic,odds_frame
edson barboza,1986-01-21,2012-05-26,edson barboza,odds_frame
jacob volkmann,1980-09-05,2012-05-26,jacob volkmann,odds_frame
mike brown,1975-09-08,2012-05-26,mike brown,odds_frame
junior dos santos,1984-01-30,2012-05-26,junior dos santos,odds_frame
jason miller,1980-12-24,2012-05-26,jason miller,odds_frame
kyle kingsbury,1982-03-22,2012-05-26,kyle kingsbury,odds_frame
paul sass,1988-08-04,2012-05-26,paul sass,odds_frame
frank mir,1979-05-24,2012-05-26,frank mir,odds_frame
antonio silva,1979-09-14,2012-05-26,antonio silva,odds_frame
lavar johnson,1977-06-11,2012-05-26,lavar johnson,odds_frame
shane del rosario,1983-09-23,2012-05-26,shane del rosario,odds_frame
dave herman,1984-10-03,2012-05-26,dave herman,odds_frame
darren elkins,1984-05-16,2012-05-26,darren elkins,odds_frame
daniel pineda,1985-08-06,2012-05-26,daniel pineda,odds_frame
glover teixeira,1979-10-28,2012-05-26,glover teixeira,odds_frame
cb dollaway,1983-08-10,2012-05-26,cb dollaway,odds_frame
jamie varner,1984-10-12,2012-05-26,jamie varner,odds_frame
myles jury,1988-10-31,2012-06-01,myles jury,odds_frame
jake ellenberger,1985-03-28,2012-06-01,jake ellenberger,odds_frame
michael chiesa,1987-12-07,2012-06-01,michael chiesa,odds_frame
jonathan brookins,1985-08-13,2012-06-01,jonathan brookins,odds_frame
max holloway,1991-12-04,2012-06-01,max holloway,odds_frame
daron cruickshank,1985-06-11,2012-06-01,daron cruickshank,odds_frame
cristiano marcello,1977-12-03,2012-06-01,cristiano marcello,odds_frame
justin lawrence,1990-05-15,2012-06-01,justin lawrence,odds_frame
john albert,1986-10-13,2012-06-01,john albert,odds_frame
al iaquinta,1987-04-30,2012-06-01,al iaquinta,odds_frame
charles oliveira,1989-10-17,2012-06-01,charles oliveira,odds_frame
pat schilling,1988-08-28,2012-06-01,pat schilling,odds_frame
chris tickle,1982-02-01,2012-06-01,chris tickle,odds_frame
chris saunders,1986-03-11,2012-06-01,chris saunders,odds_frame
sam sicilia,1986-02-01,2012-06-01,sam sicilia,odds_frame
jeremy larsen,1984-05-18,2012-06-01,jeremy larsen,odds_frame
erik perez,1989-11-19,2012-06-01,erik perez,odds_frame
john cofer,1984-04-29,2012-06-01,john cofer,odds_frame
martin kampmann,1982-04-17,2012-06-01,martin kampmann,odds_frame
joe proctor,1985-08-10,2012-06-01,joe proctor,odds_frame
ian mccall,1984-05-07,2012-06-08,ian mccall,odds_frame
charlie brenneman,1981-02-09,2012-06-08,charlie brenneman,odds_frame
josh neer,1983-03-24,2012-06-08,josh neer,odds_frame
scott jorgensen,1982-09-17,2012-06-08,scott jorgensen,odds_frame
carlos eduardo rocha,1981-07-12,2012-06-08,carlos eduardo rocha,odds_frame
lance benoist,1988-08-26,2012-06-08,lance benoist,odds_frame
jared papazian,1988-02-01,2012-06-08,jared papazian,odds_frame
justin salas,1982-03-13,2012-06-08,justin salas,odds_frame
caio magalhaes,1987-12-14,2012-06-08,caio magalhaes,odds_frame
sean pierson,1976-03-10,2012-06-08,sean pierson,odds_frame
matt grice,1981-07-29,2012-06-08,matt grice,odds_frame
demetrious johnson,1986-08-13,2012-06-08,demetrious johnson,odds_frame
erick silva,1984-06-21,2012-06-08,erick silva,odds_frame
mike pyle,1975-09-18,2012-06-08,mike pyle,odds_frame
eddie wineland,1984-06-26,2012-06-08,eddie wineland,odds_frame
mike pierce,1980-09-01,2012-06-08,mike pierce,odds_frame
seth baczynski,1981-10-26,2012-06-08,seth baczynski,odds_frame
dustin pague,1987-08-05,2012-06-08,dustin pague,odds_frame
tim means,1984-02-20,2012-06-08,tim means,odds_frame
buddy roberts,1982-10-17,2012-06-08,buddy roberts,odds_frame
jake hecht,1984-02-09,2012-06-08,jake hecht,odds_frame
leonard garcia,1979-07-14,2012-06-08,leonard garcia,odds_frame
hatsu hioki,1983-07-18,2012-06-22,hatsu hioki,odds_frame
brian ebersole,1980-11-27,2012-06-22,brian ebersole,odds_frame
nick catone,1981-09-01,2012-06-22,nick catone,odds_frame
gray maynard,1979-05-09,2012-06-22,gray maynard,odds_frame
ross pearson,1984-09-26,2012-06-22,ross pearson,odds_frame
steven siler,1987-02-15,2012-06-22,steven siler,odds_frame
cj keith,1986-08-09,2012-06-22,cj keith,odds_frame
sam stout,1984-04-23,2012-06-22,sam stout,odds_frame
joey gambino,1988-10-26,2012-06-22,joey gambino,odds_frame
ken stone,1982-10-08,2012-06-22,ken stone,odds_frame
ramsey nijem,1988-04-01,2012-06-22,ramsey nijem,odds_frame
dustin pague,1987-08-05,2012-06-22,dustin pague,odds_frame
clay guida,1981-12-08,2012-06-22,clay guida,odds_frame
dan miller,1981-06-30,2012-06-22,dan miller,odds_frame
tj waldburger,1988-04-25,2012-06-22,tj waldburger,odds_frame
spencer fisher,1976-05-09,2012-06-22,spencer fisher,odds_frame
cub swanson,1983-11-02,2012-06-22,cub swanson,odds_frame
brock jardine,1985-07-10,2012-06-22,brock jardine,odds_frame
rick story,1984-08-28,2012-06-22,rick story,odds_frame
chris camozzi,1986-11-20,2012-06-22,chris camozzi,odds_frame
ricardo funch,1980-08-14,2012-06-22,ricardo funch,odds_frame
ricardo lamas,1982-05-21,2012-06-22,ricardo lamas,odds_frame
wagner campos,1981-07-31,2012-06-23,wagner campos,odds_frame
hugo viana,1982-09-26,2012-06-23,hugo viana,odds_frame
rodrigo damm,1980-02-03,2012-06-23,rodrigo damm,odds_frame
mike russow,1976-09-11,2012-06-23,mike russow,odds_frame
milton vieira,1978-10-04,2012-06-23,milton vieira,odds_frame
sergio moraes,1982-07-23,2012-06-23,sergio moraes,odds_frame
felipe arantes,1988-02-09,2012-06-23,felipe arantes,odds_frame
cezar ferreira,1985-02-15,2012-06-23,cezar ferreira,odds_frame
fabricio werdum,1977-07-30,2012-06-23,fabricio werdum,odds_frame
anistavio medeiros,1988-05-01,2012-06-23,anistavio medeiros,odds_frame
john teixeira,1986-11-18,2012-06-23,john teixeira,odds_frame
marcos vinicius,1979-12-05,2012-06-23,marcos vinicius,odds_frame
rich franklin,1974-10-05,2012-06-23,rich franklin,odds_frame
wanderlei silva,1976-07-03,2012-06-23,wanderlei silva,odds_frame
chael sonnen,1977-04-03,2012-07-07,chael sonnen,odds_frame
patrick cote,1980-02-29,2012-07-07,patrick cote,odds_frame
demian maia,1977-11-06,2012-07-07,demian maia,odds_frame
riki fukuda,1981-01-06,2012-07-07,riki fukuda,odds_frame
khabib nurmagomedov,1988-09-20,2012-07-07,khabib nurmagomedov,odds_frame
ivan menjivar,1982-05-30,2012-07-07,ivan menjivar,odds_frame
fabricio camoes,1978-12-23,2012-07-07,fabricio camoes,odds_frame
gleison tibau,1983-10-07,2012-07-07,gleison tibau,odds_frame
melvin guillard,1983-03-30,2012-07-07,melvin guillard,odds_frame
constantinos philippou,1979-11-29,2012-07-07,constantinos philippou,odds_frame
chad mendes,1985-05-01,2012-07-07,chad mendes,odds_frame
dong hyun kim,1981-11-17,2012-07-07,dong hyun kim,odds_frame
cung le,1972-05-25,2012-07-07,cung le,odds_frame
anderson silva,1975-04-14,2012-07-07,anderson silva,odds_frame
cody mckenzie,1987-12-16,2012-07-07,cody mckenzie,odds_frame
rafaello oliveira,1982-01-26,2012-07-07,rafaello oliveira,odds_frame
mike easton,1984-01-25,2012-07-07,mike easton,odds_frame
yoislandy izquierdo,1984-01-09,2012-07-07,yoislandy izquierdo,odds_frame
issei tamura,1984-03-12,2012-07-11,issei tamura,odds_frame
kenny robertson,1984-02-14,2012-07-11,kenny robertson,odds_frame
joey beltran,1981-12-08,2012-07-11,joey beltran,odds_frame
chris weidman,1984-06-17,2012-07-11,chris weidman,odds_frame
francis carmont,1981-10-11,2012-07-11,francis carmont,odds_frame
karlos vemola,1985-07-03,2012-07-11,karlos vemola,odds_frame
mark munoz,1978-02-09,2012-07-11,mark munoz,odds_frame
james te huna,1981-09-29,2012-07-11,james te huna,odds_frame
aaron simpson,1974-07-20,2012-07-11,aaron simpson,odds_frame
andrew craig,1986-01-15,2012-07-11,andrew craig,odds_frame
marcelo guimaraes,1983-06-25,2012-07-11,marcelo guimaraes,odds_frame
damacio page,1982-09-30,2012-07-11,damacio page,odds_frame
chris cariaso,1981-05-27,2012-07-11,chris cariaso,odds_frame
rafael natal,1982-12-25,2012-07-11,rafael natal,odds_frame
raphael assuncao,1982-07-19,2012-07-11,raphael assuncao,odds_frame
rafael dos anjos,1984-10-26,2012-07-11,rafael dos anjos,odds_frame
vaughan lee,1982-10-15,2012-07-11,vaughan lee,odds_frame
dan stittgen,1980-11-17,2012-07-11,dan stittgen,odds_frame
tj dillashaw,1986-02-07,2012-07-11,tj dillashaw,odds_frame
josh ferguson,1988-05-13,2012-07-11,josh ferguson,odds_frame
alex caceres,1988-06-20,2012-07-11,alex caceres,odds_frame
anthony njokuani,1980-03-01,2012-07-11,anthony njokuani,odds_frame
court mcgee,1984-12-12,2012-07-21,court mcgee,odds_frame
mitch clarke,1985-11-24,2012-07-21,mitch clarke,odds_frame
antonio carvalho,1979-05-30,2012-07-21,antonio carvalho,odds_frame
bryan caraway,1984-08-04,2012-07-21,bryan caraway,odds_frame
anthony perosh,1972-10-05,2012-07-21,anthony perosh,odds_frame
roland delorme,1983-12-18,2012-07-21,roland delorme,odds_frame
cheick kongo,1975-05-17,2012-07-21,cheick kongo,odds_frame
hector lombard,1978-02-02,2012-07-21,hector lombard,odds_frame
urijah faber,1979-05-14,2012-07-21,urijah faber,odds_frame
renan barao,1987-01-31,2012-07-21,renan barao,odds_frame
tim boetsch,1981-01-28,2012-07-21,tim boetsch,odds_frame
shawn jordan,1984-10-21,2012-07-21,shawn jordan,odds_frame
brian ebersole,1980-11-27,2012-07-21,brian ebersole,odds_frame
francisco rivera,1981-10-08,2012-07-21,francisco rivera,odds_frame
ryan jimmo,1981-11-27,2012-07-21,ryan jimmo,odds_frame
mitch gagnon,1984-10-10,2012-07-21,mitch gagnon,odds_frame
daniel pineda,1985-08-06,2012-07-21,daniel pineda,odds_frame
anton kuivanen,1984-05-01,2012-07-21,anton kuivanen,odds_frame
nick ring,1979-02-10,2012-07-21,nick ring,odds_frame
james head,1984-02-09,2012-07-21,james head,odds_frame
ulysses gomez,1983-05-25,2012-08-04,ulysses gomez,odds_frame
john moraga,1984-03-20,2012-08-04,john moraga,odds_frame
cole miller,1984-04-26,2012-08-04,cole miller,odds_frame
josh grispi,1988-10-14,2012-08-04,josh grispi,odds_frame
phil davis,1984-09-25,2012-08-04,phil davis,odds_frame
mauricio rua,1981-11-25,2012-08-04,mauricio rua,odds_frame
mike swick,1979-06-19,2012-08-04,mike swick,odds_frame
lyoto machida,1978-05-30,2012-08-04,lyoto machida,odds_frame
nam phan,1983-03-13,2012-08-04,nam phan,odds_frame
rani yahya,1984-09-12,2012-08-04,rani yahya,odds_frame
wagner prado,1986-12-30,2012-08-04,wagner prado,odds_frame
brandon vera,1977-10-10,2012-08-04,brandon vera,odds_frame
damarques johnson,1982-06-28,2012-08-04,damarques johnson,odds_frame
ryan bader,1983-06-07,2012-08-04,ryan bader,odds_frame
jamie varner,1984-10-12,2012-08-04,jamie varner,odds_frame
joe lauzon,1984-05-22,2012-08-04,joe lauzon,odds_frame
frankie edgar,1981-10-16,2012-08-11,frankie edgar,odds_frame
melvin guillard,1983-03-30,2012-08-11,melvin guillard,odds_frame
ed herman,1980-10-02,2012-08-11,ed herman,odds_frame
buddy roberts,1982-10-17,2012-08-11,buddy roberts,odds_frame
chico camus,1985-01-26,2012-08-11,chico camus,odds_frame
michael kuiper,1989-06-07,2012-08-11,michael kuiper,odds_frame
nik lentz,1984-08-13,2012-08-11,nik lentz,odds_frame
eiji mitsuoka,1976-01-01,2012-08-11,eiji mitsuoka,odds_frame
max holloway,1991-12-04,2012-08-11,max holloway,odds_frame
erik perez,1989-11-19,2012-08-11,erik perez,odds_frame
benson henderson,1983-11-16,2012-08-11,benson henderson,odds_frame
donald cerrone,1983-03-29,2012-08-11,donald cerrone,odds_frame
jake shields,1979-01-09,2012-08-11,jake shields,odds_frame
justin lawrence,1990-05-15,2012-08-11,justin lawrence,odds_frame
dustin pague,1987-08-05,2012-08-11,dustin pague,odds_frame
jared hamman,1982-03-07,2012-08-11,jared hamman,odds_frame
ken stone,1982-10-08,2012-08-11,ken stone,odds_frame
yushin okami,1981-07-21,2012-08-11,yushin okami,odds_frame
jon jones,1987-07-19,2012-09-22,jon jones,odds_frame
mitch gagnon,1984-10-10,2012-09-22,mitch gagnon,odds_frame
michael bisping,1979-02-28,2012-09-22,michael bisping,odds_frame
matt hamill,1976-10-05,2012-09-22,matt hamill,odds_frame
igor pokrajac,1979-01-02,2012-09-22,igor pokrajac,odds_frame
cub swanson,1983-11-02,2012-09-22,cub swanson,odds_frame
sean pierson,1976-03-10,2012-09-22,sean pierson,odds_frame
jimy hettes,1987-06-09,2012-09-22,jimy hettes,odds_frame
seth baczynski,1981-10-26,2012-09-22,seth baczynski,odds_frame
joseph benavidez,1984-07-31,2012-09-22,joseph benavidez,odds_frame
tj grant,1984-02-26,2012-09-22,tj grant,odds_frame
marcus brimage,1985-04-06,2012-09-22,marcus brimage,odds_frame
vitor belfort,1977-04-01,2012-09-22,vitor belfort,odds_frame
demetrious johnson,1986-08-13,2012-09-22,demetrious johnson,odds_frame
brian stann,1980-09-24,2012-09-22,brian stann,odds_frame
roger hollett,1978-10-08,2012-09-22,roger hollett,odds_frame
evan dunham,1981-12-18,2012-09-22,evan dunham,odds_frame
charlie brenneman,1981-02-09,2012-09-22,charlie brenneman,odds_frame
walel watson,1984-07-16,2012-09-22,walel watson,odds_frame
simeon thoresen,1984-03-14,2012-09-22,simeon thoresen,odds_frame
kyle noke,1980-03-18,2012-09-22,kyle noke,odds_frame
lance benoist,1988-08-26,2012-09-22,lance benoist,odds_frame
charles oliveira,1989-10-17,2012-09-22,charles oliveira,odds_frame
vinny magalhaes,1984-07-02,2012-09-22,vinny magalhaes,odds_frame
jimi manuwa,1980-02-18,2012-09-29,jimi manuwa,odds_frame
stipe miocic,1982-08-19,2012-09-29,stipe miocic,odds_frame
yves jabouin,1979-05-30,2012-09-29,yves jabouin,odds_frame
john maguire,1983-05-19,2012-09-29,john maguire,odds_frame
matt wiman,1983-09-19,2012-09-29,matt wiman,odds_frame
amir sadollah,1980-08-27,2012-09-29,amir sadollah,odds_frame
brad tavares,1987-12-21,2012-09-29,brad tavares,odds_frame
duane ludwig,1978-08-04,2012-09-29,duane ludwig,odds_frame
paul sass,1988-08-04,2012-09-29,paul sass,odds_frame
stefan struve,1988-02-18,2012-09-29,stefan struve,odds_frame
dan hardy,1982-05-17,2012-09-29,dan hardy,odds_frame
brad pickett,1978-09-24,2012-09-29,brad pickett,odds_frame
john hathaway,1987-07-23,2012-09-29,john hathaway,odds_frame
kyle kingsbury,1982-03-22,2012-09-29,kyle kingsbury,odds_frame
andy ogle,1989-02-16,2012-09-29,andy ogle,odds_frame
gunnar nelson,1988-07-28,2012-09-29,gunnar nelson,odds_frame
tom watson,1982-07-13,2012-09-29,tom watson,odds_frame
che mills,1982-09-29,2012-09-29,che mills,odds_frame
jason young,1986-06-28,2012-09-29,jason young,odds_frame
akira corassani,1982-08-27,2012-09-29,akira corassani,odds_frame
robert peralta,1986-03-14,2012-09-29,robert peralta,odds_frame
damarques johnson,1982-06-28,2012-09-29,damarques johnson,odds_frame
shane roller,1979-07-14,2012-10-05,shane roller,odds_frame
diego nunes,1982-11-30,2012-10-05,diego nunes,odds_frame
mike pierce,1980-09-01,2012-10-05,mike pierce,odds_frame
danny castillo,1979-08-25,2012-10-05,danny castillo,odds_frame
phil harris,1983-09-04,2012-10-05,phil harris,odds_frame
travis browne,1982-07-17,2012-10-05,travis browne,odds_frame
josh neer,1983-03-24,2012-10-05,josh neer,odds_frame
aaron simpson,1974-07-20,2012-10-05,aaron simpson,odds_frame
jacob volkmann,1980-09-05,2012-10-05,jacob volkmann,odds_frame
bart palaszewski,1983-05-30,2012-10-05,bart palaszewski,odds_frame
darren uyenoyama,1979-10-15,2012-10-05,darren uyenoyama,odds_frame
michael johnson,1986-06-04,2012-10-05,michael johnson,odds_frame
justin edwards,1983-01-26,2012-10-05,justin edwards,odds_frame
jake ellenberger,1985-03-28,2012-10-05,jake ellenberger,odds_frame
antonio silva,1979-09-14,2012-10-05,antonio silva,odds_frame
jay hieron,1976-07-29,2012-10-05,jay hieron,odds_frame
chris camozzi,1986-11-20,2012-10-13,chris camozzi,odds_frame
jon fitch,1978-02-24,2012-10-13,jon fitch,odds_frame
renee forte,1987-03-27,2012-10-13,renee forte,odds_frame
joey gambino,1988-10-26,2012-10-13,joey gambino,odds_frame
francisco trinaldo,1978-08-24,2012-10-13,francisco trinaldo,odds_frame
stephan bonnar,1977-04-04,2012-10-13,stephan bonnar,odds_frame
wagner prado,1986-12-30,2012-10-13,wagner prado,odds_frame
dave herman,1984-10-03,2012-10-13,dave herman,odds_frame
erick silva,1984-06-21,2012-10-13,erick silva,odds_frame
reza madadi,1978-06-20,2012-10-13,reza madadi,odds_frame
fabio maldonado,1980-03-17,2012-10-13,fabio maldonado,odds_frame
cristiano marcello,1977-12-03,2012-10-13,cristiano marcello,odds_frame
luiz cane,1981-04-24,2012-10-13,luiz cane,odds_frame
sergio moraes,1982-07-23,2012-10-13,sergio moraes,odds_frame
diego brandao,1987-05-27,2012-10-13,diego brandao,odds_frame
gleison tibau,1983-10-07,2012-10-13,gleison tibau,odds_frame
anderson silva,1975-04-14,2012-10-13,anderson silva,odds_frame
phil davis,1984-09-25,2012-10-13,phil davis,odds_frame
antonio rodrigo nogueira,1976-06-02,2012-10-13,antonio rodrigo nogueira,odds_frame
demian maia,1977-11-06,2012-10-13,demian maia,odds_frame
rick story,1984-08-28,2012-10-13,rick story,odds_frame
glover teixeira,1979-10-28,2012-10-13,glover teixeira,odds_frame
takeya mizugaki,1983-12-16,2012-11-10,takeya mizugaki,odds_frame
riki fukuda,1981-01-06,2012-11-10,riki fukuda,odds_frame
yasuhiro urushitani,1976-09-08,2012-11-10,yasuhiro urushitani,odds_frame
alex caceres,1988-06-20,2012-11-10,alex caceres,odds_frame
cung le,1972-05-25,2012-11-10,cung le,odds_frame
takanori gomi,1978-09-22,2012-11-10,takanori gomi,odds_frame
dong hyun kim,1981-11-17,2012-11-10,dong hyun kim,odds_frame
thiago silva,1982-11-12,2012-11-10,thiago silva,odds_frame
stanislav nedkov,1981-12-09,2012-11-10,stanislav nedkov,odds_frame
paulo thiago,1981-01-25,2012-11-10,paulo thiago,odds_frame
mac danzig,1980-01-02,2012-11-10,mac danzig,odds_frame
jeff hougland,1978-08-02,2012-11-10,jeff hougland,odds_frame
motonobu tezuka,1987-08-29,2012-11-10,motonobu tezuka,odds_frame
john lineker,1990-06-12,2012-11-10,john lineker,odds_frame
tom deblass,1982-05-14,2012-11-10,tom deblass,odds_frame
rich franklin,1974-10-05,2012-11-10,rich franklin,odds_frame
rafael dos anjos,1984-10-26,2012-11-17,rafael dos anjos,odds_frame
pablo garza,1983-09-16,2012-11-17,pablo garza,odds_frame
martin kampmann,1982-04-17,2012-11-17,martin kampmann,odds_frame
azamat gashimov,1990-04-07,2012-11-17,azamat gashimov,odds_frame
rodrigo damm,1980-02-03,2012-11-17,rodrigo damm,odds_frame
john makdessi,1985-05-03,2012-11-17,john makdessi,odds_frame
darren elkins,1984-05-16,2012-11-17,darren elkins,odds_frame
alessio sakara,1981-09-02,2012-11-17,alessio sakara,odds_frame
chad griggs,1978-05-15,2012-11-17,chad griggs,odds_frame
tom lawlor,1983-05-15,2012-11-17,tom lawlor,odds_frame
mark hominick,1982-07-22,2012-11-17,mark hominick,odds_frame
steven siler,1987-02-15,2012-11-17,steven siler,odds_frame
antonio carvalho,1979-05-30,2012-11-17,antonio carvalho,odds_frame
sam stout,1984-04-23,2012-11-17,sam stout,odds_frame
cyrille diabate,1973-10-06,2012-11-17,cyrille diabate,odds_frame
ivan menjivar,1982-05-30,2012-11-17,ivan menjivar,odds_frame
mark bocek,1981-10-24,2012-11-17,mark bocek,odds_frame
francis carmont,1981-10-11,2012-11-17,francis carmont,odds_frame
johny hendricks,1983-09-12,2012-11-17,johny hendricks,odds_frame
georges st-pierre,1981-05-19,2012-11-17,georges st pierre,odds_frame
carlos condit,1984-04-26,2012-11-17,carlos condit,odds_frame
patrick cote,1980-02-29,2012-11-17,patrick cote,odds_frame
nate diaz,1985-04-16,2012-12-08,nate diaz,odds_frame
matt brown,1981-01-10,2012-12-08,matt brown,odds_frame
alexander gustafsson,1987-01-15,2012-12-08,alexander gustafsson,odds_frame
yves edwards,1976-09-30,2012-12-08,yves edwards,odds_frame
jeremy stephens,1986-05-25,2012-12-08,jeremy stephens,odds_frame
mike easton,1984-01-25,2012-12-08,mike easton,odds_frame
nam phan,1983-03-13,2012-12-08,nam phan,odds_frame
abel trujillo,1983-09-18,2012-12-08,abel trujillo,odds_frame
henry martinez,1983-08-07,2012-12-08,henry martinez,odds_frame
joe proctor,1985-08-10,2012-12-08,joe proctor,odds_frame
mike swick,1979-06-19,2012-12-08,mike swick,odds_frame
rory macdonald,1989-07-22,2012-12-08,rory macdonald,odds_frame
mauricio rua,1981-11-25,2012-12-08,mauricio rua,odds_frame
benson henderson,1983-11-16,2012-12-08,benson henderson,odds_frame
scott jorgensen,1982-09-17,2012-12-08,scott jorgensen,odds_frame
ramsey nijem,1988-04-01,2012-12-08,ramsey nijem,odds_frame
daron cruickshank,1985-06-11,2012-12-08,daron cruickshank,odds_frame
marcus levesseur,1982-07-17,2012-12-08,marcus levesseur,odds_frame
dennis siver,1979-01-13,2012-12-08,dennis siver,odds_frame
raphael assuncao,1982-07-19,2012-12-08,raphael assuncao,odds_frame
john albert,1986-10-13,2012-12-08,john albert,odds_frame
bj penn,1978-12-13,2012-12-08,bj penn,odds_frame
rousimar palhares,1980-02-26,2012-12-14,rousimar palhares,odds_frame
norman parke,1986-12-22,2012-12-14,norman parke,odds_frame
yaotzin meza,1981-02-04,2012-12-14,yaotzin meza,odds_frame
chad mendes,1985-05-01,2012-12-14,chad mendes,odds_frame
colin fletcher,1983-01-08,2012-12-14,colin fletcher,odds_frame
manuel rodriguez,1985-04-25,2012-12-14,manuel rodriguez,odds_frame
mike wilkinson,1987-09-15,2012-12-14,mike wilkinson,odds_frame
cody donovan,1981-02-20,2012-12-14,cody donovan,odds_frame
joey beltran,1981-12-08,2012-12-14,joey beltran,odds_frame
george sotiropoulos,1977-07-09,2012-12-14,george sotiropoulos,odds_frame
robert whittaker,1990-12-20,2012-12-14,robert whittaker,odds_frame
seth baczynski,1981-10-26,2012-12-14,seth baczynski,odds_frame
hector lombard,1978-02-02,2012-12-14,hector lombard,odds_frame
ross pearson,1984-09-26,2012-12-14,ross pearson,odds_frame
mike pierce,1980-09-01,2012-12-14,mike pierce,odds_frame
ben alloway,1981-02-19,2012-12-14,ben alloway,odds_frame
brendan loughnane,1989-12-05,2012-12-14,brendan loughnane,odds_frame
nick penner,1980-03-26,2012-12-14,nick penner,odds_frame
igor pokrajac,1979-01-02,2012-12-14,igor pokrajac,odds_frame
brad scott,1989-06-24,2012-12-14,brad scott,odds_frame
john cofer,1984-04-29,2012-12-15,john cofer,odds_frame
tim elliott,1986-12-24,2012-12-15,tim elliott,odds_frame
rustam khabilov,1986-11-04,2012-12-15,rustam khabilov,odds_frame
marcos vinicius,1979-12-05,2012-12-15,marcos vinicius,odds_frame
nick catone,1981-09-01,2012-12-15,nick catone,odds_frame
hugo viana,1982-09-26,2012-12-15,hugo viana,odds_frame
james head,1984-02-09,2012-12-15,james head,odds_frame
reuben duran,1983-07-02,2012-12-15,reuben duran,odds_frame
mike rio,1981-07-06,2012-12-15,mike rio,odds_frame
jared papazian,1988-02-01,2012-12-15,jared papazian,odds_frame
vinc pichel,1982-11-23,2012-12-15,vinc pichel,odds_frame
colton smith,1987-08-14,2012-12-15,colton smith,odds_frame
mike ricci,1986-03-18,2012-12-15,mike ricci,odds_frame
johnny bedford,1983-01-06,2012-12-15,johnny bedford,odds_frame
mike pyle,1975-09-18,2012-12-15,mike pyle,odds_frame
tj waldburger,1988-04-25,2012-12-15,tj waldburger,odds_frame
pat barry,1979-07-07,2012-12-15,pat barry,odds_frame
dustin poirier,1989-01-19,2012-12-15,dustin poirier,odds_frame
roy nelson,1976-06-20,2012-12-15,roy nelson,odds_frame
shane del rosario,1983-09-23,2012-12-15,shane del rosario,odds_frame
jonathan brookins,1985-08-13,2012-12-15,jonathan brookins,odds_frame
matt mitrione,1978-07-15,2012-12-15,matt mitrione,odds_frame
todd duffee,1985-12-06,2012-12-29,todd duffee,odds_frame
jamie varner,1984-10-12,2012-12-29,jamie varner,odds_frame
byron bloodworth,1983-08-16,2012-12-29,byron bloodworth,odds_frame
eddie wineland,1984-06-26,2012-12-29,eddie wineland,odds_frame
derek brunson,1984-01-04,2012-12-29,derek brunson,odds_frame
max holloway,1991-12-04,2012-12-29,max holloway,odds_frame
myles jury,1988-10-31,2012-12-29,myles jury,odds_frame
constantinos philippou,1979-11-29,2012-12-29,constantinos philippou,odds_frame
leonard garcia,1979-07-14,2012-12-29,leonard garcia,odds_frame
joe lauzon,1984-05-22,2012-12-29,joe lauzon,odds_frame
cain velasquez,1982-07-28,2012-12-29,cain velasquez,odds_frame
john moraga,1984-03-20,2012-12-29,john moraga,odds_frame
alan belcher,1984-04-24,2012-12-29,alan belcher,odds_frame
junior dos santos,1984-01-30,2012-12-29,junior dos santos,odds_frame
jim miller,1983-08-30,2012-12-29,jim miller,odds_frame
chris cariaso,1981-05-27,2012-12-29,chris cariaso,odds_frame
yushin okami,1981-07-21,2012-12-29,yushin okami,odds_frame
brad pickett,1978-09-24,2012-12-29,brad pickett,odds_frame
erik perez,1989-11-19,2012-12-29,erik perez,odds_frame
melvin guillard,1983-03-30,2012-12-29,melvin guillard,odds_frame
michael johnson,1986-06-04,2012-12-29,michael johnson,odds_frame
philip de fries,1986-04-21,2012-12-29,philip de fries,odds_frame
tim boetsch,1981-01-28,2012-12-29,tim boetsch,odds_frame
chris leben,1980-07-21,2012-12-29,chris leben,odds_frame
nik lentz,1984-08-13,2013-01-19,nik lentz,odds_frame
andrew craig,1986-01-15,2013-01-19,andrew craig,odds_frame
lucas martins,1988-11-11,2013-01-19,lucas martins,odds_frame
ben rothwell,1981-10-17,2013-01-19,ben rothwell,odds_frame
cb dollaway,1983-08-10,2013-01-19,cb dollaway,odds_frame
michael bisping,1979-02-28,2013-01-19,michael bisping,odds_frame
ildemar alcantara,1982-11-18,2013-01-19,ildemar alcantara,odds_frame
gabriel gonzaga,1979-05-18,2013-01-19,gabriel gonzaga,odds_frame
thiago tavares,1984-11-08,2013-01-19,thiago tavares,odds_frame
diego nunes,1982-11-30,2013-01-19,diego nunes,odds_frame
ronny markes,1988-04-21,2013-01-19,ronny markes,odds_frame
khabib nurmagomedov,1988-09-20,2013-01-19,khabib nurmagomedov,odds_frame
edson barboza,1986-01-21,2013-01-19,edson barboza,odds_frame
wagner prado,1986-12-30,2013-01-19,wagner prado,odds_frame
daniel sarafian,1982-08-21,2013-01-19,daniel sarafian,odds_frame
vitor belfort,1977-04-01,2013-01-19,vitor belfort,odds_frame
shawn jordan,1984-10-21,2013-01-26,shawn jordan,odds_frame
mike russow,1976-09-11,2013-01-26,mike russow,odds_frame
sean spencer,1987-06-25,2013-01-26,sean spencer,odds_frame
erik koch,1988-10-04,2013-01-26,erik koch,odds_frame
demetrious johnson,1986-08-13,2013-01-26,demetrious johnson,odds_frame
quinton jackson,1978-06-20,2013-01-26,quinton jackson,odds_frame
anthony pettis,1987-01-27,2013-01-26,anthony pettis,odds_frame
tj grant,1984-02-26,2013-01-26,tj grant,odds_frame
mike stumpf,1986-08-01,2013-01-26,mike stumpf,odds_frame
clay guida,1981-12-08,2013-01-26,clay guida,odds_frame
simeon thoresen,1984-03-14,2013-01-26,simeon thoresen,odds_frame
david mitchell,1979-10-24,2013-01-26,david mitchell,odds_frame
rafael natal,1982-12-25,2013-01-26,rafael natal,odds_frame
ryan bader,1983-06-07,2013-01-26,ryan bader,odds_frame
matt wiman,1983-09-19,2013-01-26,matt wiman,odds_frame
pascal krauss,1987-04-19,2013-01-26,pascal krauss,odds_frame
vladimir matyushenko,1971-01-04,2013-01-26,vladimir matyushenko,odds_frame
donald cerrone,1983-03-29,2013-01-26,donald cerrone,odds_frame
glover teixeira,1979-10-28,2013-01-26,glover teixeira,odds_frame
john dodson,1984-09-26,2013-01-26,john dodson,odds_frame
ricardo lamas,1982-05-21,2013-01-26,ricardo lamas,odds_frame
hatsu hioki,1983-07-18,2013-01-26,hatsu hioki,odds_frame
francisco rivera,1981-10-08,2013-02-02,francisco rivera,odds_frame
dustin kimura,1989-05-21,2013-02-02,dustin kimura,odds_frame
jay hieron,1976-07-29,2013-02-02,jay hieron,odds_frame
evan dunham,1981-12-18,2013-02-02,evan dunham,odds_frame
demian maia,1977-11-06,2013-02-02,demian maia,odds_frame
antonio silva,1979-09-14,2013-02-02,antonio silva,odds_frame
rogerio nogueira,1976-06-02,2013-02-02,rogerio nogueira,odds_frame
frankie edgar,1981-10-16,2013-02-02,frankie edgar,odds_frame
isaac vallie-flagg,1978-04-08,2013-02-02,isaac vallie flagg,odds_frame
edwin figueroa,1984-07-31,2013-02-02,edwin figueroa,odds_frame
ian mccall,1984-05-07,2013-02-02,ian mccall,odds_frame
yves edwards,1976-09-30,2013-02-02,yves edwards,odds_frame
chico camus,1985-01-26,2013-02-02,chico camus,odds_frame
joseph benavidez,1984-07-31,2013-02-02,joseph benavidez,odds_frame
jose aldo,1986-09-09,2013-02-02,jose aldo,odds_frame
rashad evans,1979-09-25,2013-02-02,rashad evans,odds_frame
alistair overeem,1980-05-17,2013-02-02,alistair overeem,odds_frame
jon fitch,1978-02-24,2013-02-02,jon fitch,odds_frame
gleison tibau,1983-10-07,2013-02-02,gleison tibau,odds_frame
tyron woodley,1982-04-07,2013-02-02,tyron woodley,odds_frame
paul sass,1988-08-04,2013-02-16,paul sass,odds_frame
che mills,1982-09-29,2013-02-16,che mills,odds_frame
gunnar nelson,1988-07-28,2013-02-16,gunnar nelson,odds_frame
phil harris,1983-09-04,2013-02-16,phil harris,odds_frame
stanislav nedkov,1981-12-09,2013-02-16,stanislav nedkov,odds_frame
josh grispi,1988-10-14,2013-02-16,josh grispi,odds_frame
ulysses gomez,1983-05-25,2013-02-16,ulysses gomez,odds_frame
matthew riddle,1986-01-14,2013-02-16,matthew riddle,odds_frame
danny castillo,1979-08-25,2013-02-16,danny castillo,odds_frame
renee forte,1987-03-27,2013-02-16,renee forte,odds_frame
jorge santiago,1980-10-09,2013-02-16,jorge santiago,odds_frame
cyrille diabate,1973-10-06,2013-02-16,cyrille diabate,odds_frame
dustin poirier,1989-01-19,2013-02-16,dustin poirier,odds_frame
michael mcdonald,1991-01-15,2013-02-16,michael mcdonald,odds_frame
motonobu tezuka,1987-08-29,2013-02-16,motonobu tezuka,odds_frame
jimi manuwa,1980-02-18,2013-02-16,jimi manuwa,odds_frame
terry etim,1986-01-11,2013-02-16,terry etim,odds_frame
renan barao,1987-01-31,2013-02-16,renan barao,odds_frame
vaughan lee,1982-10-15,2013-02-16,vaughan lee,odds_frame
ryan jimmo,1981-11-27,2013-02-16,ryan jimmo,odds_frame
cub swanson,1983-11-02,2013-02-16,cub swanson,odds_frame
andy ogle,1989-02-16,2013-02-16,andy ogle,odds_frame
james te huna,1981-09-29,2013-02-16,james te huna,odds_frame
tom watson,1982-07-13,2013-02-16,tom watson,odds_frame
anton kuivanen,1984-05-01,2013-02-23,anton kuivanen,odds_frame
lyoto machida,1978-05-30,2013-02-23,lyoto machida,odds_frame
urijah faber,1979-05-14,2013-02-23,urijah faber,odds_frame
court mcgee,1984-12-12,2013-02-23,court mcgee,odds_frame
brendan schaub,1983-03-18,2013-02-23,brendan schaub,odds_frame
josh koscheck,1977-11-30,2013-02-23,josh koscheck,odds_frame
dennis bermudez,1986-12-13,2013-02-23,dennis bermudez,odds_frame
sam stout,1984-04-23,2013-02-23,sam stout,odds_frame
kenny robertson,1984-02-14,2013-02-23,kenny robertson,odds_frame
jon manley,1986-07-07,2013-02-23,jon manley,odds_frame
dan henderson,1970-08-24,2013-02-23,dan henderson,odds_frame
michael chiesa,1987-12-07,2013-02-23,michael chiesa,odds_frame
josh neer,1983-03-24,2013-02-23,josh neer,odds_frame
lavar johnson,1977-06-11,2013-02-23,lavar johnson,odds_frame
robbie lawler,1982-03-20,2013-02-23,robbie lawler,odds_frame
matt grice,1981-07-29,2013-02-23,matt grice,odds_frame
caros fodor,1984-01-07,2013-02-23,caros fodor,odds_frame
brock jardine,1985-07-10,2013-02-23,brock jardine,odds_frame
neil magny,1987-08-03,2013-02-23,neil magny,odds_frame
yuri villefort,1991-03-23,2013-02-23,yuri villefort,odds_frame
nah-shon burrell,1990-02-05,2013-02-23,nah shon burrell,odds_frame
ivan menjivar,1982-05-30,2013-02-23,ivan menjivar,odds_frame
riki fukuda,1981-01-06,2013-03-02,riki fukuda,odds_frame
brian stann,1980-09-24,2013-03-02,brian stann,odds_frame
alex caceres,1988-06-20,2013-03-02,alex caceres,odds_frame
cristiano marcello,1977-12-03,2013-03-02,cristiano marcello,odds_frame
takeya mizugaki,1983-12-16,2013-03-02,takeya mizugaki,odds_frame
mizuto hirota,1981-05-05,2013-03-02,mizuto hirota,odds_frame
takanori gomi,1978-09-22,2013-03-02,takanori gomi,odds_frame
dong hyun kim,1981-11-17,2013-03-02,dong hyun kim,odds_frame
wanderlei silva,1976-07-03,2013-03-02,wanderlei silva,odds_frame
yushin okami,1981-07-21,2013-03-02,yushin okami,odds_frame
hector lombard,1978-02-02,2013-03-02,hector lombard,odds_frame
marcelo guimaraes,1983-06-25,2013-03-02,marcelo guimaraes,odds_frame
hyun gyu lim,1985-01-16,2013-03-02,hyun gyu lim,odds_frame
kyung ho kang,1987-09-09,2013-03-02,kyung ho kang,odds_frame
kazuki tokudome,1987-03-04,2013-03-02,kazuki tokudome,odds_frame
bryan caraway,1984-08-04,2013-03-02,bryan caraway,odds_frame
rani yahya,1984-09-12,2013-03-02,rani yahya,odds_frame
diego sanchez,1981-12-31,2013-03-02,diego sanchez,odds_frame
siyar bahadurzada,1984-04-17,2013-03-02,siyar bahadurzada,odds_frame
mark hunt,1974-03-23,2013-03-02,mark hunt,odds_frame
brad tavares,1987-12-21,2013-03-02,brad tavares,odds_frame
stefan struve,1988-02-18,2013-03-02,stefan struve,odds_frame
quinn mulhern,1984-09-20,2013-03-16,quinn mulhern,odds_frame
johny hendricks,1983-09-12,2013-03-16,johny hendricks,odds_frame
georges st-pierre,1981-05-19,2013-03-16,georges st pierre,odds_frame
carlos condit,1984-04-26,2013-03-16,carlos condit,odds_frame
jake ellenberger,1985-03-28,2013-03-16,jake ellenberger,odds_frame
nick ring,1979-02-10,2013-03-16,nick ring,odds_frame
nick diaz,1983-08-02,2013-03-16,nick diaz,odds_frame
tj dillashaw,1986-02-07,2013-03-16,tj dillashaw,odds_frame
rick story,1984-08-28,2013-03-16,rick story,odds_frame
john makdessi,1985-05-03,2013-03-16,john makdessi,odds_frame
dan miller,1981-06-30,2013-03-16,dan miller,odds_frame
patrick cote,1980-02-29,2013-03-16,patrick cote,odds_frame
antonio carvalho,1979-05-30,2013-03-16,antonio carvalho,odds_frame
darren elkins,1984-05-16,2013-03-16,darren elkins,odds_frame
nate marquardt,1979-04-20,2013-03-16,nate marquardt,odds_frame
chris camozzi,1986-11-20,2013-03-16,chris camozzi,odds_frame
mike ricci,1986-03-18,2013-03-16,mike ricci,odds_frame
bobby voelker,1979-04-26,2013-03-16,bobby voelker,odds_frame
colin fletcher,1983-01-08,2013-03-16,colin fletcher,odds_frame
jordan mein,1989-10-10,2013-03-16,jordan mein,odds_frame
daron cruickshank,1985-06-11,2013-03-16,daron cruickshank,odds_frame
issei tamura,1984-03-12,2013-03-16,issei tamura,odds_frame
reuben duran,1983-07-02,2013-03-16,reuben duran,odds_frame
george roop,1981-11-10,2013-03-16,george roop,odds_frame
ryan couture,1982-08-27,2013-04-06,ryan couture,odds_frame
matt mitrione,1978-07-15,2013-04-06,matt mitrione,odds_frame
brad pickett,1978-09-24,2013-04-06,brad pickett,odds_frame
diego brandao,1987-05-27,2013-04-06,diego brandao,odds_frame
akira corassani,1982-08-27,2013-04-06,akira corassani,odds_frame
tor troeng,1983-01-25,2013-04-06,tor troeng,odds_frame
papy abedi,1978-06-30,2013-04-06,papy abedi,odds_frame
michael kuiper,1989-06-07,2013-04-06,michael kuiper,odds_frame
ben alloway,1981-02-19,2013-04-06,ben alloway,odds_frame
marcus brimage,1985-04-06,2013-04-06,marcus brimage,odds_frame
gegard mousasi,1985-08-01,2013-04-06,gegard mousasi,odds_frame
reza madadi,1978-06-20,2013-04-06,reza madadi,odds_frame
ilir latifi,1982-07-28,2013-04-06,ilir latifi,odds_frame
adam cella,1985-06-26,2013-04-06,adam cella,odds_frame
chris spang,1987-11-26,2013-04-06,chris spang,odds_frame
tom lawlor,1983-05-15,2013-04-06,tom lawlor,odds_frame
ryan laflare,1983-10-01,2013-04-06,ryan laflare,odds_frame
conor mcgregor,1988-07-14,2013-04-06,conor mcgregor,odds_frame
adlan amagov,1986-10-30,2013-04-06,adlan amagov,odds_frame
besam yousef,1985-03-25,2013-04-06,besam yousef,odds_frame
robert peralta,1986-03-14,2013-04-06,robert peralta,odds_frame
pablo garza,1983-09-16,2013-04-06,pablo garza,odds_frame
mike easton,1984-01-25,2013-04-06,mike easton,odds_frame
philip de fries,1986-04-21,2013-04-06,philip de fries,odds_frame
ross pearson,1984-09-26,2013-04-06,ross pearson,odds_frame
michael johnson,1986-06-04,2013-04-06,michael johnson,odds_frame
bristol marunde,1982-04-20,2013-04-13,bristol marunde,odds_frame
dylan andrews,1979-11-15,2013-04-13,dylan andrews,odds_frame
luke barnatt,1988-04-13,2013-04-13,luke barnatt,odds_frame
josh samman,1988-03-14,2013-04-13,josh samman,odds_frame
robert mcdaniel,1983-05-03,2013-04-13,robert mcdaniel,odds_frame
travis browne,1982-07-17,2013-04-13,travis browne,odds_frame
urijah faber,1979-05-14,2013-04-13,urijah faber,odds_frame
sam sicilia,1986-02-01,2013-04-13,sam sicilia,odds_frame
justin lawrence,1990-05-15,2013-04-13,justin lawrence,odds_frame
maximo blanco,1983-10-16,2013-04-13,maximo blanco,odds_frame
daniel pineda,1985-08-06,2013-04-13,daniel pineda,odds_frame
scott jorgensen,1982-09-17,2013-04-13,scott jorgensen,odds_frame
gabriel gonzaga,1979-05-18,2013-04-13,gabriel gonzaga,odds_frame
gilbert smith,1981-10-19,2013-04-13,gilbert smith,odds_frame
kevin casey,1981-06-15,2013-04-13,kevin casey,odds_frame
collin hart,1989-10-12,2013-04-13,collin hart,odds_frame
jimmy quinlan,1986-05-25,2013-04-13,jimmy quinlan,odds_frame
clint hester,1986-11-21,2013-04-13,clint hester,odds_frame
bart palaszewski,1983-05-30,2013-04-13,bart palaszewski,odds_frame
cole miller,1984-04-26,2013-04-13,cole miller,odds_frame
benson henderson,1983-11-16,2013-04-20,benson henderson,odds_frame
frank mir,1979-05-24,2013-04-20,frank mir,odds_frame
nate diaz,1985-04-16,2013-04-20,nate diaz,odds_frame
matt brown,1981-01-10,2013-04-20,matt brown,odds_frame
chad mendes,1985-05-01,2013-04-20,chad mendes,odds_frame
ramsey nijem,1988-04-01,2013-04-20,ramsey nijem,odds_frame
joseph benavidez,1984-07-31,2013-04-20,joseph benavidez,odds_frame
tim means,1984-02-20,2013-04-20,tim means,odds_frame
anthony njokuani,1980-03-01,2013-04-20,anthony njokuani,odds_frame
tj dillashaw,1986-02-07,2013-04-20,tj dillashaw,odds_frame
myles jury,1988-10-31,2013-04-20,myles jury,odds_frame
yoel romero,1977-04-30,2013-04-20,yoel romero,odds_frame
roger bowling,1982-12-05,2013-04-20,roger bowling,odds_frame
hugo viana,1982-09-26,2013-04-20,hugo viana,odds_frame
jorge masvidal,1984-11-12,2013-04-20,jorge masvidal,odds_frame
darren uyenoyama,1979-10-15,2013-04-20,darren uyenoyama,odds_frame
clifford starks,1981-04-25,2013-04-20,clifford starks,odds_frame
darren elkins,1984-05-16,2013-04-20,darren elkins,odds_frame
jordan mein,1989-10-10,2013-04-20,jordan mein,odds_frame
josh thomson,1978-09-21,2013-04-20,josh thomson,odds_frame
daniel cormier,1979-03-20,2013-04-20,daniel cormier,odds_frame
gilbert melendez,1982-04-12,2013-04-20,gilbert melendez,odds_frame
lorenz larkin,1986-09-03,2013-04-20,lorenz larkin,odds_frame
francis carmont,1981-10-11,2013-04-20,francis carmont,odds_frame
cody mckenzie,1987-12-16,2013-04-27,cody mckenzie,odds_frame
jon jones,1987-07-19,2013-04-27,jon jones,odds_frame
yancy medeiros,1987-09-07,2013-04-27,yancy medeiros,odds_frame
chael sonnen,1977-04-03,2013-04-27,chael sonnen,odds_frame
alan belcher,1984-04-24,2013-04-27,alan belcher,odds_frame
cheick kongo,1975-05-17,2013-04-27,cheick kongo,odds_frame
vinny magalhaes,1984-07-02,2013-04-27,vinny magalhaes,odds_frame
ovince saint preux,1983-04-08,2013-04-27,ovince saint preux,odds_frame
rustam khabilov,1986-11-04,2013-04-27,rustam khabilov,odds_frame
kurt holobaugh,1986-09-08,2013-04-27,kurt holobaugh,odds_frame
pat healy,1983-07-20,2013-04-27,pat healy,odds_frame
johnny bedford,1983-01-06,2013-04-27,johnny bedford,odds_frame
jim miller,1983-08-30,2013-04-27,jim miller,odds_frame
steven siler,1987-02-15,2013-04-27,steven siler,odds_frame
leonard garcia,1979-07-14,2013-04-27,leonard garcia,odds_frame
bryan caraway,1984-08-04,2013-04-27,bryan caraway,odds_frame
gian villante,1985-08-18,2013-04-27,gian villante,odds_frame
phil davis,1984-09-25,2013-04-27,phil davis,odds_frame
roy nelson,1976-06-20,2013-04-27,roy nelson,odds_frame
michael bisping,1979-02-28,2013-04-27,michael bisping,odds_frame
hacran dias,1984-06-16,2013-05-18,hacran dias,odds_frame
vitor belfort,1977-04-01,2013-05-18,vitor belfort,odds_frame
gleison tibau,1983-10-07,2013-05-18,gleison tibau,odds_frame
paulo thiago,1981-01-25,2013-05-18,paulo thiago,odds_frame
fabio maldonado,1980-03-17,2013-05-18,fabio maldonado,odds_frame
john lineker,1990-06-12,2013-05-18,john lineker,odds_frame
jacare souza,1979-12-07,2013-05-18,jacare souza,odds_frame
rafael dos anjos,1984-10-26,2013-05-18,rafael dos anjos,odds_frame
francisco trinaldo,1978-08-24,2013-05-18,francisco trinaldo,odds_frame
lucas martins,1988-11-11,2013-05-18,lucas martins,odds_frame
mike rio,1981-07-06,2013-05-18,mike rio,odds_frame
azamat gashimov,1990-04-07,2013-05-18,azamat gashimov,odds_frame
roger hollett,1978-10-08,2013-05-18,roger hollett,odds_frame
michel prazeres,1981-07-25,2013-05-18,michel prazeres,odds_frame
john cholish,1983-12-17,2013-05-18,john cholish,odds_frame
luke rockhold,1984-10-17,2013-05-18,luke rockhold,odds_frame
nik lentz,1984-08-13,2013-05-18,nik lentz,odds_frame
chris camozzi,1986-11-20,2013-05-18,chris camozzi,odds_frame
joao zeferino,1986-01-15,2013-05-18,joao zeferino,odds_frame
evan dunham,1981-12-18,2013-05-18,evan dunham,odds_frame
jeremy larsen,1984-05-18,2013-05-18,jeremy larsen,odds_frame
rafael natal,1982-12-25,2013-05-18,rafael natal,odds_frame
brian bowles,1980-06-22,2013-05-25,brian bowles,odds_frame
abel trujillo,1983-09-18,2013-05-25,abel trujillo,odds_frame
nah-shon burrell,1990-02-05,2013-05-25,nah shon burrell,odds_frame
george roop,1981-11-10,2013-05-25,george roop,odds_frame
estevan payan,1982-03-14,2013-05-25,estevan payan,odds_frame
rick story,1984-08-28,2013-05-25,rick story,odds_frame
robert whittaker,1990-12-20,2013-05-25,robert whittaker,odds_frame
stephen thompson,1983-02-11,2013-05-25,stephen thompson,odds_frame
colton smith,1987-08-14,2013-05-25,colton smith,odds_frame
dennis bermudez,1986-12-13,2013-05-25,dennis bermudez,odds_frame
donald cerrone,1983-03-29,2013-05-25,donald cerrone,odds_frame
gray maynard,1979-05-09,2013-05-25,gray maynard,odds_frame
glover teixeira,1979-10-28,2013-05-25,glover teixeira,odds_frame
junior dos santos,1984-01-30,2013-05-25,junior dos santos,odds_frame
khabib nurmagomedov,1988-09-20,2013-05-25,khabib nurmagomedov,odds_frame
max holloway,1991-12-04,2013-05-25,max holloway,odds_frame
kj noons,1982-12-07,2013-05-25,kj noons,odds_frame
tj grant,1984-02-26,2013-05-25,tj grant,odds_frame
james te huna,1981-09-29,2013-05-25,james te huna,odds_frame
mark hunt,1974-03-23,2013-05-25,mark hunt,odds_frame
antonio silva,1979-09-14,2013-05-25,antonio silva,odds_frame
cain velasquez,1982-07-28,2013-05-25,cain velasquez,odds_frame
mike pyle,1975-09-18,2013-05-25,mike pyle,odds_frame
jeremy stephens,1986-05-25,2013-05-25,jeremy stephens,odds_frame
thiago silva,1982-11-12,2013-06-08,thiago silva,odds_frame
ildemar alcantara,1982-11-18,2013-06-08,ildemar alcantara,odds_frame
rodrigo damm,1980-02-03,2013-06-08,rodrigo damm,odds_frame
caio magalhaes,1987-12-14,2013-06-08,caio magalhaes,odds_frame
antonio braga neto,1987-10-29,2013-06-08,antonio braga neto,odds_frame
raphael assuncao,1982-07-19,2013-06-08,raphael assuncao,odds_frame
antonio rodrigo nogueira,1976-06-02,2013-06-08,antonio rodrigo nogueira,odds_frame
daniel sarafian,1982-08-21,2013-06-08,daniel sarafian,odds_frame
rony jason,1984-03-21,2013-06-08,rony jason,odds_frame
erick silva,1984-06-21,2013-06-08,erick silva,odds_frame
anthony smith,1988-07-26,2013-06-08,anthony smith,odds_frame
eddie mendez,1984-01-16,2013-06-08,eddie mendez,odds_frame
fabricio werdum,1977-07-30,2013-06-08,fabricio werdum,odds_frame
jason high,1981-10-12,2013-06-08,jason high,odds_frame
mike wilkinson,1987-09-15,2013-06-08,mike wilkinson,odds_frame
rafael cavalcante,1980-04-14,2013-06-08,rafael cavalcante,odds_frame
leandro silva,1985-11-11,2013-06-08,leandro silva,odds_frame
mizuto hirota,1981-05-05,2013-06-08,mizuto hirota,odds_frame
karlos vemola,1985-07-03,2013-06-08,karlos vemola,odds_frame
vaughan lee,1982-10-15,2013-06-08,vaughan lee,odds_frame
ryan jimmo,1981-11-27,2013-06-15,ryan jimmo,odds_frame
pat barry,1979-07-07,2013-06-15,pat barry,odds_frame
jake shields,1979-01-09,2013-06-15,jake shields,odds_frame
sean pierson,1976-03-10,2013-06-15,sean pierson,odds_frame
stipe miocic,1982-08-19,2013-06-15,stipe miocic,odds_frame
mitch clarke,1985-11-24,2013-06-15,mitch clarke,odds_frame
yves jabouin,1979-05-30,2013-06-15,yves jabouin,odds_frame
roy nelson,1976-06-20,2013-06-15,roy nelson,odds_frame
dan henderson,1970-08-24,2013-06-15,dan henderson,odds_frame
roland delorme,1983-12-18,2013-06-15,roland delorme,odds_frame
rashad evans,1979-09-25,2013-06-15,rashad evans,odds_frame
sam stout,1984-04-23,2013-06-15,sam stout,odds_frame
john maguire,1983-05-19,2013-06-15,john maguire,odds_frame
edwin figueroa,1984-07-31,2013-06-15,edwin figueroa,odds_frame
kenny robertson,1984-02-14,2013-06-15,kenny robertson,odds_frame
james krause,1986-06-04,2013-06-15,james krause,odds_frame
tyron woodley,1982-04-07,2013-06-15,tyron woodley,odds_frame
shawn jordan,1984-10-21,2013-06-15,shawn jordan,odds_frame
igor pokrajac,1979-01-02,2013-06-15,igor pokrajac,odds_frame
dustin pague,1987-08-05,2013-06-15,dustin pague,odds_frame
gabriel gonzaga,1979-05-18,2013-07-06,gabriel gonzaga,odds_frame
mike pierce,1980-09-01,2013-07-06,mike pierce,odds_frame
cub swanson,1983-11-02,2013-07-06,cub swanson,odds_frame
mark munoz,1978-02-09,2013-07-06,mark munoz,odds_frame
tim kennedy,1979-09-01,2013-07-06,tim kennedy,odds_frame
tim boetsch,1981-01-28,2013-07-06,tim boetsch,odds_frame
dennis siver,1979-01-13,2013-07-06,dennis siver,odds_frame
david mitchell,1979-10-24,2013-07-06,david mitchell,odds_frame
kazuki tokudome,1987-03-04,2013-07-06,kazuki tokudome,odds_frame
dave herman,1984-10-03,2013-07-06,dave herman,odds_frame
rafaello oliveira,1982-01-26,2013-07-06,rafaello oliveira,odds_frame
brian melancon,1982-05-28,2013-07-06,brian melancon,odds_frame
andrew craig,1986-01-15,2013-07-06,andrew craig,odds_frame
frankie edgar,1981-10-16,2013-07-06,frankie edgar,odds_frame
roger gracie,1981-09-26,2013-07-06,roger gracie,odds_frame
norman parke,1986-12-22,2013-07-06,norman parke,odds_frame
edson barboza,1986-01-21,2013-07-06,edson barboza,odds_frame
seth baczynski,1981-10-26,2013-07-06,seth baczynski,odds_frame
chris leben,1980-07-21,2013-07-06,chris leben,odds_frame
charles oliveira,1989-10-17,2013-07-06,charles oliveira,odds_frame
john moraga,1984-03-20,2013-07-27,john moraga,odds_frame
mac danzig,1980-01-02,2013-07-27,mac danzig,odds_frame
john albert,1986-10-13,2013-07-27,john albert,odds_frame
aaron riley,1980-12-09,2013-07-27,aaron riley,odds_frame
ed herman,1980-10-02,2013-07-27,ed herman,odds_frame
yves edwards,1976-09-30,2013-07-27,yves edwards,odds_frame
danny castillo,1979-08-25,2013-07-27,danny castillo,odds_frame
michael chiesa,1987-12-07,2013-07-27,michael chiesa,odds_frame
rory macdonald,1989-07-22,2013-07-27,rory macdonald,odds_frame
demetrious johnson,1986-08-13,2013-07-27,demetrious johnson,odds_frame
jorge masvidal,1984-11-12,2013-07-27,jorge masvidal,odds_frame
robbie lawler,1982-03-20,2013-07-27,robbie lawler,odds_frame
jake ellenberger,1985-03-28,2013-07-27,jake ellenberger,odds_frame
tim means,1984-02-20,2013-07-27,tim means,odds_frame
justin salas,1982-03-13,2013-07-27,justin salas,odds_frame
bobby voelker,1979-04-26,2013-07-27,bobby voelker,odds_frame
daron cruickshank,1985-06-11,2013-07-27,daron cruickshank,odds_frame
trevor smith,1981-01-05,2013-07-27,trevor smith,odds_frame
yaotzin meza,1981-02-04,2013-07-27,yaotzin meza,odds_frame
melvin guillard,1983-03-30,2013-07-27,melvin guillard,odds_frame
jose aldo,1986-09-09,2013-08-03,jose aldo,odds_frame
lyoto machida,1978-05-30,2013-08-03,lyoto machida,odds_frame
chan sung jung,1987-03-17,2013-08-03,chan sung jung,odds_frame
thiago santos,1984-01-07,2013-08-03,thiago santos,odds_frame
tom watson,1982-07-13,2013-08-03,tom watson,odds_frame
neil magny,1987-08-03,2013-08-03,neil magny,odds_frame
iliarde santos,1980-09-25,2013-08-03,iliarde santos,odds_frame
josh clopton,1981-07-11,2013-08-03,josh clopton,odds_frame
bristol marunde,1982-04-20,2013-08-03,bristol marunde,odds_frame
phil davis,1984-09-25,2013-08-03,phil davis,odds_frame
anthony perosh,1972-10-05,2013-08-03,anthony perosh,odds_frame
cezar ferreira,1985-02-15,2013-08-03,cezar ferreira,odds_frame
sergio moraes,1982-07-23,2013-08-03,sergio moraes,odds_frame
ian mccall,1984-05-07,2013-08-03,ian mccall,odds_frame
rani yahya,1984-09-12,2013-08-03,rani yahya,odds_frame
viscardi andrade,1984-03-08,2013-08-03,viscardi andrade,odds_frame
vinny magalhaes,1984-07-02,2013-08-03,vinny magalhaes,odds_frame
thales leites,1981-09-06,2013-08-03,thales leites,odds_frame
mike brown,1975-09-08,2013-08-17,mike brown,odds_frame
diego brandao,1987-05-27,2013-08-17,diego brandao,odds_frame
cody donovan,1981-02-20,2013-08-17,cody donovan,odds_frame
ramsey nijem,1988-04-01,2013-08-17,ramsey nijem,odds_frame
matt brown,1981-01-10,2013-08-17,matt brown,odds_frame
joe lauzon,1984-05-22,2013-08-17,joe lauzon,odds_frame
alistair overeem,1980-05-17,2013-08-17,alistair overeem,odds_frame
mauricio rua,1981-11-25,2013-08-17,mauricio rua,odds_frame
uriah hall,1984-07-31,2013-08-17,uriah hall,odds_frame
brad pickett,1978-09-24,2013-08-17,brad pickett,odds_frame
john howard,1983-03-01,2013-08-17,john howard,odds_frame
manvel gamburyan,1981-05-08,2013-08-17,manvel gamburyan,odds_frame
travis browne,1982-07-17,2013-08-17,travis browne,odds_frame
mike pyle,1975-09-18,2013-08-17,mike pyle,odds_frame
michael johnson,1986-06-04,2013-08-17,michael johnson,odds_frame
cole miller,1984-04-26,2013-08-17,cole miller,odds_frame
max holloway,1991-12-04,2013-08-17,max holloway,odds_frame
steven siler,1987-02-15,2013-08-17,steven siler,odds_frame
daniel pineda,1985-08-06,2013-08-17,daniel pineda,odds_frame
ovince saint preux,1983-04-08,2013-08-17,ovince saint preux,odds_frame
james vick,1987-02-23,2013-08-17,james vick,odds_frame
michael mcdonald,1991-01-15,2013-08-17,michael mcdonald,odds_frame
chael sonnen,1977-04-03,2013-08-17,chael sonnen,odds_frame
conor mcgregor,1988-07-14,2013-08-17,conor mcgregor,odds_frame
carlos condit,1984-04-26,2013-08-28,carlos condit,odds_frame
donald cerrone,1983-03-29,2013-08-28,donald cerrone,odds_frame
kelvin gastelum,1991-10-24,2013-08-28,kelvin gastelum,odds_frame
darren elkins,1984-05-16,2013-08-28,darren elkins,odds_frame
zak cummings,1984-08-02,2013-08-28,zak cummings,odds_frame
dylan andrews,1979-11-15,2013-08-28,dylan andrews,odds_frame
justin edwards,1983-01-26,2013-08-28,justin edwards,odds_frame
court mcgee,1984-12-12,2013-08-28,court mcgee,odds_frame
james head,1984-02-09,2013-08-28,james head,odds_frame
takeya mizugaki,1983-12-16,2013-08-28,takeya mizugaki,odds_frame
robert mcdaniel,1983-05-03,2013-08-28,robert mcdaniel,odds_frame
hatsu hioki,1983-07-18,2013-08-28,hatsu hioki,odds_frame
ben alloway,1981-02-19,2013-08-28,ben alloway,odds_frame
robert whittaker,1990-12-20,2013-08-28,robert whittaker,odds_frame
martin kampmann,1982-04-17,2013-08-28,martin kampmann,odds_frame
rafael dos anjos,1984-10-26,2013-08-28,rafael dos anjos,odds_frame
brian melancon,1982-05-28,2013-08-28,brian melancon,odds_frame
erik perez,1989-11-19,2013-08-28,erik perez,odds_frame
abel trujillo,1983-09-18,2013-08-28,abel trujillo,odds_frame
brad tavares,1987-12-21,2013-08-28,brad tavares,odds_frame
brandon thatch,1985-07-11,2013-08-28,brandon thatch,odds_frame
roger bowling,1982-12-05,2013-08-28,roger bowling,odds_frame
jason high,1981-10-12,2013-08-28,jason high,odds_frame
papy abedi,1978-06-30,2013-08-28,papy abedi,odds_frame
kyung ho kang,1987-09-09,2013-08-31,kyung ho kang,odds_frame
hyun gyu lim,1985-01-16,2013-08-31,hyun gyu lim,odds_frame
brandon vera,1977-10-10,2013-08-31,brandon vera,odds_frame
tim elliott,1986-12-24,2013-08-31,tim elliott,odds_frame
dustin poirier,1989-01-19,2013-08-31,dustin poirier,odds_frame
jamie varner,1984-10-12,2013-08-31,jamie varner,odds_frame
frank mir,1979-05-24,2013-08-31,frank mir,odds_frame
josh barnett,1977-11-10,2013-08-31,josh barnett,odds_frame
anthony pettis,1987-01-27,2013-08-31,anthony pettis,odds_frame
gleison tibau,1983-10-07,2013-08-31,gleison tibau,odds_frame
magnus cedenblad,1982-04-10,2013-08-31,magnus cedenblad,odds_frame
al iaquinta,1987-04-30,2013-08-31,al iaquinta,odds_frame
nikita krylov,1992-03-07,2013-08-31,nikita krylov,odds_frame
jared hamman,1982-03-07,2013-08-31,jared hamman,odds_frame
ryan couture,1982-08-27,2013-08-31,ryan couture,odds_frame
soa palelei,1977-07-12,2013-08-31,soa palelei,odds_frame
chico camus,1985-01-26,2013-08-31,chico camus,odds_frame
pascal krauss,1987-04-19,2013-08-31,pascal krauss,odds_frame
louis gaudinot,1984-08-28,2013-08-31,louis gaudinot,odds_frame
erik koch,1988-10-04,2013-08-31,erik koch,odds_frame
ben rothwell,1981-10-17,2013-08-31,ben rothwell,odds_frame
chad mendes,1985-05-01,2013-08-31,chad mendes,odds_frame
benson henderson,1983-11-16,2013-08-31,benson henderson,odds_frame
clay guida,1981-12-08,2013-08-31,clay guida,odds_frame
ramiro hernandez,1986-07-22,2013-09-04,ramiro hernandez,odds_frame
glover teixeira,1979-10-28,2013-09-04,glover teixeira,odds_frame
elias silverio,1986-09-22,2013-09-04,elias silverio,odds_frame
ali bagautinov,1985-06-10,2013-09-04,ali bagautinov,odds_frame
ivan jorge,1980-11-07,2013-09-04,ivan jorge,odds_frame
edimilson souza,1984-10-17,2013-09-04,edimilson souza,odds_frame
sean spencer,1987-06-25,2013-09-04,sean spencer,odds_frame
jacare souza,1979-12-07,2013-09-04,jacare souza,odds_frame
ryan bader,1983-06-07,2013-09-04,ryan bader,odds_frame
piotr hallmann,1987-08-25,2013-09-04,piotr hallmann,odds_frame
tor troeng,1983-01-25,2013-09-04,tor troeng,odds_frame
lucas martins,1988-11-11,2013-09-04,lucas martins,odds_frame
marcos vinicius,1979-12-05,2013-09-04,marcos vinicius,odds_frame
keith wisniewski,1981-10-25,2013-09-04,keith wisniewski,odds_frame
felipe arantes,1988-02-09,2013-09-04,felipe arantes,odds_frame
yuri villefort,1991-03-23,2013-09-04,yuri villefort,odds_frame
rafael natal,1982-12-25,2013-09-04,rafael natal,odds_frame
yushin okami,1981-07-21,2013-09-04,yushin okami,odds_frame
joao zeferino,1986-01-15,2013-09-04,joao zeferino,odds_frame
francisco trinaldo,1978-08-24,2013-09-04,francisco trinaldo,odds_frame
matt mitrione,1978-07-15,2013-09-21,matt mitrione,odds_frame
alexander gustafsson,1987-01-15,2013-09-21,alexander gustafsson,odds_frame
dustin kimura,1989-05-21,2013-09-21,dustin kimura,odds_frame
stephen thompson,1983-02-11,2013-09-21,stephen thompson,odds_frame
khabib nurmagomedov,1988-09-20,2013-09-21,khabib nurmagomedov,odds_frame
myles jury,1988-10-31,2013-09-21,myles jury,odds_frame
francis carmont,1981-10-11,2013-09-21,francis carmont,odds_frame
renee forte,1987-03-27,2013-09-21,renee forte,odds_frame
jesse ronson,1985-12-24,2013-09-21,jesse ronson,odds_frame
jon jones,1987-07-19,2013-09-21,jon jones,odds_frame
renan barao,1987-01-31,2013-09-21,renan barao,odds_frame
brendan schaub,1983-03-18,2013-09-21,brendan schaub,odds_frame
constantinos philippou,1979-11-29,2013-09-21,constantinos philippou,odds_frame
eddie wineland,1984-06-26,2013-09-21,eddie wineland,odds_frame
pat healy,1983-07-20,2013-09-21,pat healy,odds_frame
chris clements,1976-02-09,2013-09-21,chris clements,odds_frame
mike ricci,1986-03-18,2013-09-21,mike ricci,odds_frame
john makdessi,1985-05-03,2013-09-21,john makdessi,odds_frame
michel prazeres,1981-07-25,2013-09-21,michel prazeres,odds_frame
roland delorme,1983-12-18,2013-09-21,roland delorme,odds_frame
nandor guelmino,1975-12-20,2013-09-21,nandor guelmino,odds_frame
ivan menjivar,1982-05-30,2013-09-21,ivan menjivar,odds_frame
daniel omielanczuk,1982-08-31,2013-09-21,daniel omielanczuk,odds_frame
alex caceres,1988-06-20,2013-09-21,alex caceres,odds_frame
mitch gagnon,1984-10-10,2013-09-21,mitch gagnon,odds_frame
wilson reis,1985-01-06,2013-09-21,wilson reis,odds_frame
jake shields,1979-01-09,2013-10-09,jake shields,odds_frame
dong hyun kim,1981-11-17,2013-10-09,dong hyun kim,odds_frame
matt hamill,1976-10-05,2013-10-09,matt hamill,odds_frame
joey beltran,1981-12-08,2013-10-09,joey beltran,odds_frame
tj dillashaw,1986-02-07,2013-10-09,tj dillashaw,odds_frame
igor araujo,1980-12-06,2013-10-09,igor araujo,odds_frame
ildemar alcantara,1982-11-18,2013-10-09,ildemar alcantara,odds_frame
erick silva,1984-06-21,2013-10-09,erick silva,odds_frame
mike pierce,1980-09-01,2013-10-09,mike pierce,odds_frame
garett whiteley,1980-12-13,2013-10-09,garett whiteley,odds_frame
demian maia,1977-11-06,2013-10-09,demian maia,odds_frame
rousimar palhares,1980-02-26,2013-10-09,rousimar palhares,odds_frame
alan patrick,1983-07-19,2013-10-09,alan patrick,odds_frame
david mitchell,1979-10-24,2013-10-09,david mitchell,odds_frame
yan cabral,1983-05-13,2013-10-09,yan cabral,odds_frame
thiago silva,1982-11-12,2013-10-09,thiago silva,odds_frame
iliarde santos,1980-09-25,2013-10-09,iliarde santos,odds_frame
raphael assuncao,1982-07-19,2013-10-09,raphael assuncao,odds_frame
fabio maldonado,1980-03-17,2013-10-09,fabio maldonado,odds_frame
chris cariaso,1981-05-27,2013-10-09,chris cariaso,odds_frame
gabriel gonzaga,1979-05-18,2013-10-19,gabriel gonzaga,odds_frame
mike rio,1981-07-06,2013-10-19,mike rio,odds_frame
adlan amagov,1986-10-30,2013-10-19,adlan amagov,odds_frame
kj noons,1982-12-07,2013-10-19,kj noons,odds_frame
hector lombard,1978-02-02,2013-10-19,hector lombard,odds_frame
darrell montague,1987-11-03,2013-10-19,darrell montague,odds_frame
shawn jordan,1984-10-21,2013-10-19,shawn jordan,odds_frame
diego sanchez,1981-12-31,2013-10-19,diego sanchez,odds_frame
cb dollaway,1983-08-10,2013-10-19,cb dollaway,odds_frame
andre fili,1990-06-25,2013-10-19,andre fili,odds_frame
roy nelson,1976-06-20,2013-10-19,roy nelson,odds_frame
junior dos santos,1984-01-30,2013-10-19,junior dos santos,odds_frame
cain velasquez,1982-07-28,2013-10-19,cain velasquez,odds_frame
tim boetsch,1981-01-28,2013-10-19,tim boetsch,odds_frame
jeremy larsen,1984-05-18,2013-10-19,jeremy larsen,odds_frame
daniel cormier,1979-03-20,2013-10-19,daniel cormier,odds_frame
tj waldburger,1988-04-25,2013-10-19,tj waldburger,odds_frame
george sotiropoulos,1977-07-09,2013-10-19,george sotiropoulos,odds_frame
nate marquardt,1979-04-20,2013-10-19,nate marquardt,odds_frame
john dodson,1984-09-26,2013-10-19,john dodson,odds_frame
gilbert melendez,1982-04-12,2013-10-19,gilbert melendez,odds_frame
tony ferguson,1984-02-12,2013-10-19,tony ferguson,odds_frame
cole miller,1984-04-26,2013-10-26,cole miller,odds_frame
robert whiteford,1983-04-12,2013-10-26,robert whiteford,odds_frame
jimi manuwa,1980-02-18,2013-10-26,jimi manuwa,odds_frame
norman parke,1986-12-22,2013-10-26,norman parke,odds_frame
al iaquinta,1987-04-30,2013-10-26,al iaquinta,odds_frame
luke barnatt,1988-04-13,2013-10-26,luke barnatt,odds_frame
andy ogle,1989-02-16,2013-10-26,andy ogle,odds_frame
jimy hettes,1987-06-09,2013-10-26,jimy hettes,odds_frame
brad scott,1989-06-24,2013-10-26,brad scott,odds_frame
phil harris,1983-09-04,2013-10-26,phil harris,odds_frame
john lineker,1990-06-12,2013-10-26,john lineker,odds_frame
michael kuiper,1989-06-07,2013-10-26,michael kuiper,odds_frame
mark munoz,1978-02-09,2013-10-26,mark munoz,odds_frame
melvin guillard,1983-03-30,2013-10-26,melvin guillard,odds_frame
ryan jimmo,1981-11-27,2013-10-26,ryan jimmo,odds_frame
jon tuck,1984-08-28,2013-10-26,jon tuck,odds_frame
nicholas musoke,1986-04-05,2013-10-26,nicholas musoke,odds_frame
piotr hallmann,1987-08-25,2013-10-26,piotr hallmann,odds_frame
andrew craig,1986-01-15,2013-10-26,andrew craig,odds_frame
ross pearson,1984-09-26,2013-10-26,ross pearson,odds_frame
lyoto machida,1978-05-30,2013-10-26,lyoto machida,odds_frame
alessio sakara,1981-09-02,2013-10-26,alessio sakara,odds_frame
francisco rivera,1981-10-08,2013-11-06,francisco rivera,odds_frame
seth baczynski,1981-10-26,2013-11-06,seth baczynski,odds_frame
yancy medeiros,1987-09-07,2013-11-06,yancy medeiros,odds_frame
lorenz larkin,1986-09-03,2013-11-06,lorenz larkin,odds_frame
steven siler,1987-02-15,2013-11-06,steven siler,odds_frame
ronny markes,1988-04-21,2013-11-06,ronny markes,odds_frame
michael chiesa,1987-12-07,2013-11-06,michael chiesa,odds_frame
rustam khabilov,1986-11-04,2013-11-06,rustam khabilov,odds_frame
yoel romero,1977-04-30,2013-11-06,yoel romero,odds_frame
brian houston,1981-04-26,2013-11-06,brian houston,odds_frame
rafael natal,1982-12-25,2013-11-06,rafael natal,odds_frame
neil magny,1987-08-03,2013-11-06,neil magny,odds_frame
derek brunson,1984-01-04,2013-11-06,derek brunson,odds_frame
dennis bermudez,1986-12-13,2013-11-06,dennis bermudez,odds_frame
george roop,1981-11-10,2013-11-06,george roop,odds_frame
colton smith,1987-08-14,2013-11-06,colton smith,odds_frame
jorge masvidal,1984-11-12,2013-11-06,jorge masvidal,odds_frame
tim kennedy,1979-09-01,2013-11-06,tim kennedy,odds_frame
yves edwards,1976-09-30,2013-11-06,yves edwards,odds_frame
chris camozzi,1986-11-20,2013-11-06,chris camozzi,odds_frame
thiago tavares,1984-11-08,2013-11-09,thiago tavares,odds_frame
rony jason,1984-03-21,2013-11-09,rony jason,odds_frame
rafael cavalcante,1980-04-14,2013-11-09,rafael cavalcante,odds_frame
paulo thiago,1981-01-25,2013-11-09,paulo thiago,odds_frame
santiago ponzinibbio,1986-09-26,2013-11-09,santiago ponzinibbio,odds_frame
cezar ferreira,1985-02-15,2013-11-09,cezar ferreira,odds_frame
godofredo pepey,1987-07-02,2013-11-09,godofredo pepey,odds_frame
vitor belfort,1977-04-01,2013-11-09,vitor belfort,odds_frame
thiago perpetuo,1987-12-14,2013-11-09,thiago perpetuo,odds_frame
adriano martins,1982-12-16,2013-11-09,adriano martins,odds_frame
daron cruickshank,1985-06-11,2013-11-09,daron cruickshank,odds_frame
sam sicilia,1986-02-01,2013-11-09,sam sicilia,odds_frame
daniel sarafian,1982-08-21,2013-11-09,daniel sarafian,odds_frame
ryan laflare,1983-10-01,2013-11-09,ryan laflare,odds_frame
justin salas,1982-03-13,2013-11-09,justin salas,odds_frame
brandon thatch,1985-07-11,2013-11-09,brandon thatch,odds_frame
igor pokrajac,1979-01-02,2013-11-09,igor pokrajac,odds_frame
omari akhmedov,1987-10-12,2013-11-09,omari akhmedov,odds_frame
dan henderson,1970-08-24,2013-11-09,dan henderson,odds_frame
jeremy stephens,1986-05-25,2013-11-09,jeremy stephens,odds_frame
jason high,1981-10-12,2013-11-16,jason high,odds_frame
brian ebersole,1980-11-27,2013-11-16,brian ebersole,odds_frame
josh koscheck,1977-11-30,2013-11-16,josh koscheck,odds_frame
donald cerrone,1983-03-29,2013-11-16,donald cerrone,odds_frame
tim elliott,1986-12-24,2013-11-16,tim elliott,odds_frame
rory macdonald,1989-07-22,2013-11-16,rory macdonald,odds_frame
rashad evans,1979-09-25,2013-11-16,rashad evans,odds_frame
georges st-pierre,1981-05-19,2013-11-16,georges st pierre,odds_frame
ed herman,1980-10-02,2013-11-16,ed herman,odds_frame
cody donovan,1981-02-20,2013-11-16,cody donovan,odds_frame
will campuzano,1986-05-27,2013-11-16,will campuzano,odds_frame
erik perez,1989-11-19,2013-11-16,erik perez,odds_frame
johny hendricks,1983-09-12,2013-11-16,johny hendricks,odds_frame
chael sonnen,1977-04-03,2013-11-16,chael sonnen,odds_frame
robbie lawler,1982-03-20,2013-11-16,robbie lawler,odds_frame
ali bagautinov,1985-06-10,2013-11-16,ali bagautinov,odds_frame
evan dunham,1981-12-18,2013-11-16,evan dunham,odds_frame
tyron woodley,1982-04-07,2013-11-16,tyron woodley,odds_frame
rick story,1984-08-28,2013-11-16,rick story,odds_frame
edwin figueroa,1984-07-31,2013-11-16,edwin figueroa,odds_frame
anthony lapsley,1980-02-13,2013-11-16,anthony lapsley,odds_frame
sergio pettis,1993-08-18,2013-11-16,sergio pettis,odds_frame
thales leites,1981-09-06,2013-11-16,thales leites,odds_frame
gian villante,1985-08-18,2013-11-16,gian villante,odds_frame
tom niinimaki,1982-07-25,2013-11-30,tom niinimaki,odds_frame
davey grant,1985-12-18,2013-11-30,davey grant,odds_frame
gray maynard,1979-05-09,2013-11-30,gray maynard,odds_frame
sean spencer,1987-06-25,2013-11-30,sean spencer,odds_frame
nate diaz,1985-04-16,2013-11-30,nate diaz,odds_frame
akira corassani,1982-08-27,2013-11-30,akira corassani,odds_frame
rani yahya,1984-09-12,2013-11-30,rani yahya,odds_frame
maximo blanco,1983-10-16,2013-11-30,maximo blanco,odds_frame
chris holdsworth,1987-10-24,2013-11-30,chris holdsworth,odds_frame
drew dober,1988-10-19,2013-11-30,drew dober,odds_frame
justin scoggins,1992-05-02,2013-12-06,justin scoggins,odds_frame
caio magalhaes,1987-12-14,2013-12-06,caio magalhaes,odds_frame
antonio silva,1979-09-14,2013-12-06,antonio silva,odds_frame
james te huna,1981-09-29,2013-12-06,james te huna,odds_frame
soa palelei,1977-07-12,2013-12-06,soa palelei,odds_frame
clint hester,1986-11-21,2013-12-06,clint hester,odds_frame
anthony perosh,1972-10-05,2013-12-06,anthony perosh,odds_frame
pat barry,1979-07-07,2013-12-06,pat barry,odds_frame
nam phan,1983-03-13,2013-12-06,nam phan,odds_frame
alex garcia,1987-07-14,2013-12-06,alex garcia,odds_frame
krzysztof jotko,1989-08-19,2013-12-06,krzysztof jotko,odds_frame
mauricio rua,1981-11-25,2013-12-06,mauricio rua,odds_frame
mark hunt,1974-03-23,2013-12-06,mark hunt,odds_frame
dylan andrews,1979-11-15,2013-12-06,dylan andrews,odds_frame
ryan bader,1983-06-07,2013-12-06,ryan bader,odds_frame
nick ring,1979-02-10,2013-12-06,nick ring,odds_frame
richie vaculik,1983-06-19,2013-12-06,richie vaculik,odds_frame
bruno santos,1987-07-17,2013-12-06,bruno santos,odds_frame
ben wall,1989-03-25,2013-12-06,ben wall,odds_frame
takeya mizugaki,1983-12-16,2013-12-06,takeya mizugaki,odds_frame
edson barboza,1986-01-21,2013-12-14,edson barboza,odds_frame
michael mcdonald,1991-01-15,2013-12-14,michael mcdonald,odds_frame
nik lentz,1984-08-13,2013-12-14,nik lentz,odds_frame
mac danzig,1980-01-02,2013-12-14,mac danzig,odds_frame
ryan laflare,1983-10-01,2013-12-14,ryan laflare,odds_frame
joseph benavidez,1984-07-31,2013-12-14,joseph benavidez,odds_frame
zach makovsky,1983-04-19,2013-12-14,zach makovsky,odds_frame
cody mckenzie,1987-12-16,2013-12-14,cody mckenzie,odds_frame
roger bowling,1982-12-05,2013-12-14,roger bowling,odds_frame
danny castillo,1979-08-25,2013-12-14,danny castillo,odds_frame
alptekin ozkilic,1986-03-27,2013-12-14,alptekin ozkilic,odds_frame
joe lauzon,1984-05-22,2013-12-14,joe lauzon,odds_frame
darren uyenoyama,1979-10-15,2013-12-14,darren uyenoyama,odds_frame
court mcgee,1984-12-12,2013-12-14,court mcgee,odds_frame
demetrious johnson,1986-08-13,2013-12-14,demetrious johnson,odds_frame
scott jorgensen,1982-09-17,2013-12-14,scott jorgensen,odds_frame
sam stout,1984-04-23,2013-12-14,sam stout,odds_frame
abel trujillo,1983-09-18,2013-12-14,abel trujillo,odds_frame
chad mendes,1985-05-01,2013-12-14,chad mendes,odds_frame
urijah faber,1979-05-14,2013-12-14,urijah faber,odds_frame
diego brandao,1987-05-27,2013-12-28,diego brandao,odds_frame
uriah hall,1984-07-31,2013-12-28,uriah hall,odds_frame
siyar bahadurzada,1984-04-17,2013-12-28,siyar bahadurzada,odds_frame
bobby voelker,1979-04-26,2013-12-28,bobby voelker,odds_frame
estevan payan,1982-03-14,2013-12-28,estevan payan,odds_frame
michael johnson,1986-06-04,2013-12-28,michael johnson,odds_frame
fabricio camoes,1978-12-23,2013-12-28,fabricio camoes,odds_frame
travis browne,1982-07-17,2013-12-28,travis browne,odds_frame
chris weidman,1984-06-17,2013-12-28,chris weidman,odds_frame
gleison tibau,1983-10-07,2013-12-28,gleison tibau,odds_frame
robert peralta,1986-03-14,2013-12-28,robert peralta,odds_frame
john howard,1983-03-01,2013-12-28,john howard,odds_frame
chris leben,1980-07-21,2013-12-28,chris leben,odds_frame
dustin poirier,1989-01-19,2013-12-28,dustin poirier,odds_frame
jim miller,1983-08-30,2013-12-28,jim miller,odds_frame
josh barnett,1977-11-10,2013-12-28,josh barnett,odds_frame
anderson silva,1975-04-14,2013-12-28,anderson silva,odds_frame
william macario,1991-07-01,2013-12-28,william macario,odds_frame
shunichi shimizu,1985-01-31,2014-01-04,shunichi shimizu,odds_frame
luiz dutra,1982-05-06,2014-01-04,luiz dutra,odds_frame
hyun gyu lim,1985-01-16,2014-01-04,hyun gyu lim,odds_frame
sean soriano,1989-10-06,2014-01-04,sean soriano,odds_frame
will chope,1990-09-08,2014-01-04,will chope,odds_frame
tarec saffiedine,1986-09-06,2014-01-04,tarec saffiedine,odds_frame
kiichi kunimoto,1981-05-01,2014-01-04,kiichi kunimoto,odds_frame
tatsuya kawajiri,1978-05-08,2014-01-04,tatsuya kawajiri,odds_frame
kyung ho kang,1987-09-09,2014-01-04,kyung ho kang,odds_frame
dustin kimura,1989-05-21,2014-01-04,dustin kimura,odds_frame
katsunori kikuno,1981-10-31,2014-01-04,katsunori kikuno,odds_frame
mairbek taisumov,1988-08-08,2014-01-04,mairbek taisumov,odds_frame
leandro issa,1983-09-19,2014-01-04,leandro issa,odds_frame
max holloway,1991-12-04,2014-01-04,max holloway,odds_frame
russell doane,1986-08-13,2014-01-04,russell doane,odds_frame
tae hyun bang,1983-04-15,2014-01-04,tae hyun bang,odds_frame
quinn mulhern,1984-09-20,2014-01-04,quinn mulhern,odds_frame
jon delos reyes,1987-08-19,2014-01-04,jon delos reyes,odds_frame
isaac vallie-flagg,1978-04-08,2014-01-15,isaac vallie flagg,odds_frame
luke rockhold,1984-10-17,2014-01-15,luke rockhold,odds_frame
cole miller,1984-04-26,2014-01-15,cole miller,odds_frame
yoel romero,1977-04-30,2014-01-15,yoel romero,odds_frame
tj dillashaw,1986-02-07,2014-01-15,tj dillashaw,odds_frame
lorenz larkin,1986-09-03,2014-01-15,lorenz larkin,odds_frame
john moraga,1984-03-20,2014-01-15,john moraga,odds_frame
constantinos philippou,1979-11-29,2014-01-15,constantinos philippou,odds_frame
brad tavares,1987-12-21,2014-01-15,brad tavares,odds_frame
vinc pichel,1982-11-23,2014-01-15,vinc pichel,odds_frame
mike easton,1984-01-25,2014-01-15,mike easton,odds_frame
derek brunson,1984-01-04,2014-01-15,derek brunson,odds_frame
sam sicilia,1986-02-01,2014-01-15,sam sicilia,odds_frame
dustin ortiz,1988-12-25,2014-01-15,dustin ortiz,odds_frame
elias silverio,1986-09-22,2014-01-15,elias silverio,odds_frame
brian houston,1981-04-26,2014-01-15,brian houston,odds_frame
louis smolka,1991-07-16,2014-01-15,louis smolka,odds_frame
garett whiteley,1980-12-13,2014-01-15,garett whiteley,odds_frame
justin edwards,1983-01-26,2014-01-15,justin edwards,odds_frame
ramsey nijem,1988-04-01,2014-01-15,ramsey nijem,odds_frame
charlie brenneman,1981-02-09,2014-01-15,charlie brenneman,odds_frame
beneil dariush,1989-05-06,2014-01-15,beneil dariush,odds_frame
alptekin ozkilic,1986-03-27,2014-01-15,alptekin ozkilic,odds_frame
trevor smith,1981-01-05,2014-01-15,trevor smith,odds_frame
mike rio,1981-07-06,2014-01-25,mike rio,odds_frame
josh thomson,1978-09-21,2014-01-25,josh thomson,odds_frame
gabriel gonzaga,1979-05-18,2014-01-25,gabriel gonzaga,odds_frame
adriano martins,1982-12-16,2014-01-25,adriano martins,odds_frame
jeremy stephens,1986-05-25,2014-01-25,jeremy stephens,odds_frame
sergio pettis,1993-08-18,2014-01-25,sergio pettis,odds_frame
yves jabouin,1979-05-30,2014-01-25,yves jabouin,odds_frame
nikita krylov,1992-03-07,2014-01-25,nikita krylov,odds_frame
yaotzin meza,1981-02-04,2014-01-25,yaotzin meza,odds_frame
hugo viana,1982-09-26,2014-01-25,hugo viana,odds_frame
mike rhodes,1989-12-04,2014-01-25,mike rhodes,odds_frame
ramiro hernandez,1986-07-22,2014-01-25,ramiro hernandez,odds_frame
george sullivan,1981-03-13,2014-01-25,george sullivan,odds_frame
walt harris,1983-06-10,2014-01-25,walt harris,odds_frame
donald cerrone,1983-03-29,2014-01-25,donald cerrone,odds_frame
benson henderson,1983-11-16,2014-01-25,benson henderson,odds_frame
eddie wineland,1984-06-26,2014-01-25,eddie wineland,odds_frame
stipe miocic,1982-08-19,2014-01-25,stipe miocic,odds_frame
alex caceres,1988-06-20,2014-01-25,alex caceres,odds_frame
chico camus,1985-01-26,2014-01-25,chico camus,odds_frame
daron cruickshank,1985-06-11,2014-01-25,daron cruickshank,odds_frame
darren elkins,1984-05-16,2014-01-25,darren elkins,odds_frame
ricardo lamas,1982-05-21,2014-02-01,ricardo lamas,odds_frame
kevin lee,1992-09-04,2014-02-01,kevin lee,odds_frame
tom watson,1982-07-13,2014-02-01,tom watson,odds_frame
danny martinez,1985-06-14,2014-02-01,danny martinez,odds_frame
abel trujillo,1983-09-18,2014-02-01,abel trujillo,odds_frame
ali bagautinov,1985-06-10,2014-02-01,ali bagautinov,odds_frame
alistair overeem,1980-05-17,2014-02-01,alistair overeem,odds_frame
urijah faber,1979-05-14,2014-02-01,urijah faber,odds_frame
john makdessi,1985-05-03,2014-02-01,john makdessi,odds_frame
john lineker,1990-06-12,2014-02-01,john lineker,odds_frame
jamie varner,1984-10-12,2014-02-01,jamie varner,odds_frame
andy enz,1991-08-15,2014-02-01,andy enz,odds_frame
chris cariaso,1981-05-27,2014-02-01,chris cariaso,odds_frame
nick catone,1981-09-01,2014-02-01,nick catone,odds_frame
al iaquinta,1987-04-30,2014-02-01,al iaquinta,odds_frame
clint hester,1986-11-21,2014-02-01,clint hester,odds_frame
neil magny,1987-08-03,2014-02-01,neil magny,odds_frame
frank mir,1979-05-24,2014-02-01,frank mir,odds_frame
gasan umalatov,1982-09-11,2014-02-01,gasan umalatov,odds_frame
alan patrick,1983-07-19,2014-02-01,alan patrick,odds_frame
renan barao,1987-01-31,2014-02-01,renan barao,odds_frame
jose aldo,1986-09-09,2014-02-01,jose aldo,odds_frame
francis carmont,1981-10-11,2014-02-15,francis carmont,odds_frame
cristiano marcello,1977-12-03,2014-02-15,cristiano marcello,odds_frame
ildemar alcantara,1982-11-18,2014-02-15,ildemar alcantara,odds_frame
felipe arantes,1988-02-09,2014-02-15,felipe arantes,odds_frame
francisco trinaldo,1978-08-24,2014-02-15,francisco trinaldo,odds_frame
rodrigo damm,1980-02-03,2014-02-15,rodrigo damm,odds_frame
erick silva,1984-06-21,2014-02-15,erick silva,odds_frame
charles oliveira,1989-10-17,2014-02-15,charles oliveira,odds_frame
viscardi andrade,1984-03-08,2014-02-15,viscardi andrade,odds_frame
jacare souza,1979-12-07,2014-02-15,jacare souza,odds_frame
gegard mousasi,1985-08-01,2014-02-15,gegard mousasi,odds_frame
lyoto machida,1978-05-30,2014-02-15,lyoto machida,odds_frame
ivan jorge,1980-11-07,2014-02-15,ivan jorge,odds_frame
nicholas musoke,1986-04-05,2014-02-15,nicholas musoke,odds_frame
takenori sato,1985-06-08,2014-02-15,takenori sato,odds_frame
jesse ronson,1985-12-24,2014-02-15,jesse ronson,odds_frame
maximo blanco,1983-10-16,2014-02-15,maximo blanco,odds_frame
albert tumenov,1991-12-26,2014-02-15,albert tumenov,odds_frame
joe proctor,1985-08-10,2014-02-15,joe proctor,odds_frame
andy ogle,1989-02-16,2014-02-15,andy ogle,odds_frame
tj waldburger,1988-04-25,2014-02-22,tj waldburger,odds_frame
ernest chavez,1983-06-27,2014-02-22,ernest chavez,odds_frame
rafaello oliveira,1982-01-26,2014-02-22,rafaello oliveira,odds_frame
zach makovsky,1983-04-19,2014-02-22,zach makovsky,odds_frame
cody gibson,1987-09-11,2014-02-22,cody gibson,odds_frame
rory macdonald,1989-07-22,2014-02-22,rory macdonald,odds_frame
robert whittaker,1990-12-20,2014-02-22,robert whittaker,odds_frame
mike pyle,1975-09-18,2014-02-22,mike pyle,odds_frame
daniel cormier,1979-03-20,2014-02-22,daniel cormier,odds_frame
erik koch,1988-10-04,2014-02-22,erik koch,odds_frame
raphael assuncao,1982-07-19,2014-02-22,raphael assuncao,odds_frame
yosdenis cedeno,1985-02-12,2014-02-22,yosdenis cedeno,odds_frame
aljamain sterling,1989-07-31,2014-02-22,aljamain sterling,odds_frame
pedro munhoz,1986-09-07,2014-02-22,pedro munhoz,odds_frame
demian maia,1977-11-06,2014-02-22,demian maia,odds_frame
stephen thompson,1983-02-11,2014-02-22,stephen thompson,odds_frame
patrick cummins,1980-11-16,2014-02-22,patrick cummins,odds_frame
josh sampo,1984-07-24,2014-02-22,josh sampo,odds_frame
jumabieke tuerxun,1986-04-17,2014-03-01,jumabieke tuerxun,odds_frame
anying wang,1991-04-04,2014-03-01,anying wang,odds_frame
mark eddiva,1986-02-16,2014-03-01,mark eddiva,odds_frame
dong hyun kim,1981-11-17,2014-03-01,dong hyun kim,odds_frame
matt mitrione,1978-07-15,2014-03-01,matt mitrione,odds_frame
hatsu hioki,1983-07-18,2014-03-01,hatsu hioki,odds_frame
kazuki tokudome,1987-03-04,2014-03-01,kazuki tokudome,odds_frame
nam phan,1983-03-13,2014-03-01,nam phan,odds_frame
albert cheng,1985-02-07,2014-03-01,albert cheng,odds_frame
ivan menjivar,1982-05-30,2014-03-01,ivan menjivar,odds_frame
vaughan lee,1982-10-15,2014-03-01,vaughan lee,odds_frame
yui chul nam,1981-07-16,2014-03-01,yui chul nam,odds_frame
shawn jordan,1984-10-21,2014-03-01,shawn jordan,odds_frame
john hathaway,1987-07-23,2014-03-01,john hathaway,odds_frame
cyrille diabate,1973-10-06,2014-03-08,cyrille diabate,odds_frame
phil harris,1983-09-04,2014-03-08,phil harris,odds_frame
igor araujo,1980-12-06,2014-03-08,igor araujo,odds_frame
luke barnatt,1988-04-13,2014-03-08,luke barnatt,odds_frame
brad pickett,1978-09-24,2014-03-08,brad pickett,odds_frame
gunnar nelson,1988-07-28,2014-03-08,gunnar nelson,odds_frame
michael johnson,1986-06-04,2014-03-08,michael johnson,odds_frame
alexander gustafsson,1987-01-15,2014-03-08,alexander gustafsson,odds_frame
melvin guillard,1983-03-30,2014-03-08,melvin guillard,odds_frame
jimi manuwa,1980-02-18,2014-03-08,jimi manuwa,odds_frame
omari akhmedov,1987-10-12,2014-03-08,omari akhmedov,odds_frame
danny mitchell,1986-08-08,2014-03-08,danny mitchell,odds_frame
neil seery,1979-08-30,2014-03-08,neil seery,odds_frame
ilir latifi,1982-07-28,2014-03-08,ilir latifi,odds_frame
louis gaudinot,1984-08-28,2014-03-08,louis gaudinot,odds_frame
mats nilsson,1983-12-05,2014-03-08,mats nilsson,odds_frame
robert mcdaniel,1983-05-03,2014-03-15,robert mcdaniel,odds_frame
will campuzano,1986-05-27,2014-03-15,will campuzano,odds_frame
sean spencer,1987-06-25,2014-03-15,sean spencer,odds_frame
dennis bermudez,1986-12-13,2014-03-15,dennis bermudez,odds_frame
ovince saint preux,1983-04-08,2014-03-15,ovince saint preux,odds_frame
jake shields,1979-01-09,2014-03-15,jake shields,odds_frame
diego sanchez,1981-12-31,2014-03-15,diego sanchez,odds_frame
carlos condit,1984-04-26,2014-03-15,carlos condit,odds_frame
johny hendricks,1983-09-12,2014-03-15,johny hendricks,odds_frame
rick story,1984-08-28,2014-03-15,rick story,odds_frame
robbie lawler,1982-03-20,2014-03-15,robbie lawler,odds_frame
tyron woodley,1982-04-07,2014-03-15,tyron woodley,odds_frame
myles jury,1988-10-31,2014-03-15,myles jury,odds_frame
hector lombard,1978-02-02,2014-03-15,hector lombard,odds_frame
nikita krylov,1992-03-07,2014-03-15,nikita krylov,odds_frame
jimy hettes,1987-06-09,2014-03-15,jimy hettes,odds_frame
alex garcia,1987-07-14,2014-03-15,alex garcia,odds_frame
justin scoggins,1992-05-02,2014-03-15,justin scoggins,odds_frame
sean strickland,1991-02-27,2014-03-15,sean strickland,odds_frame
daniel pineda,1985-08-06,2014-03-15,daniel pineda,odds_frame
robert whiteford,1983-04-12,2014-03-15,robert whiteford,odds_frame
kelvin gastelum,1991-10-24,2014-03-15,kelvin gastelum,odds_frame
norman parke,1986-12-22,2014-03-23,norman parke,odds_frame
mauricio rua,1981-11-25,2014-03-23,mauricio rua,odds_frame
scott jorgensen,1982-09-17,2014-03-23,scott jorgensen,odds_frame
kenny robertson,1984-02-14,2014-03-23,kenny robertson,odds_frame
hans stringer,1987-07-06,2014-03-23,hans stringer,odds_frame
noad lahat,1984-06-08,2014-03-23,noad lahat,odds_frame
steven siler,1987-02-15,2014-03-23,steven siler,odds_frame
mairbek taisumov,1988-08-08,2014-03-23,mairbek taisumov,odds_frame
fabio maldonado,1980-03-17,2014-03-23,fabio maldonado,odds_frame
dan henderson,1970-08-24,2014-03-23,dan henderson,odds_frame
thiago santos,1984-01-07,2014-03-23,thiago santos,odds_frame
gian villante,1985-08-18,2014-03-23,gian villante,odds_frame
godofredo pepey,1987-07-02,2014-03-23,godofredo pepey,odds_frame
francimar barroso,1980-02-28,2014-03-23,francimar barroso,odds_frame
thiago perpetuo,1987-12-14,2014-03-23,thiago perpetuo,odds_frame
jussier formiga,1985-04-14,2014-03-23,jussier formiga,odds_frame
ronny markes,1988-04-21,2014-03-23,ronny markes,odds_frame
cezar ferreira,1985-02-15,2014-03-23,cezar ferreira,odds_frame
michel prazeres,1981-07-25,2014-03-23,michel prazeres,odds_frame
leonardo santos,1980-02-05,2014-03-23,leonardo santos,odds_frame
rony jason,1984-03-21,2014-03-23,rony jason,odds_frame
cb dollaway,1983-08-10,2014-03-23,cb dollaway,odds_frame
ramsey nijem,1988-04-01,2014-04-11,ramsey nijem,odds_frame
john howard,1983-03-01,2014-04-11,john howard,odds_frame
antonio rodrigo nogueira,1976-06-02,2014-04-11,antonio rodrigo nogueira,odds_frame
jared rosholt,1986-08-04,2014-04-11,jared rosholt,odds_frame
clay guida,1981-12-08,2014-04-11,clay guida,odds_frame
alan omer,1988-09-14,2014-04-11,alan omer,odds_frame
thales leites,1981-09-06,2014-04-11,thales leites,odds_frame
tatsuya kawajiri,1978-05-08,2014-04-11,tatsuya kawajiri,odds_frame
ryan laflare,1983-10-01,2014-04-11,ryan laflare,odds_frame
beneil dariush,1989-05-06,2014-04-11,beneil dariush,odds_frame
daniel omielanczuk,1982-08-31,2014-04-11,daniel omielanczuk,odds_frame
trevor smith,1981-01-05,2014-04-11,trevor smith,odds_frame
jim alers,1986-10-14,2014-04-11,jim alers,odds_frame
johnny bedford,1983-01-06,2014-04-11,johnny bedford,odds_frame
rani yahya,1984-09-12,2014-04-11,rani yahya,odds_frame
roy nelson,1976-06-20,2014-04-11,roy nelson,odds_frame
kyle noke,1980-03-18,2014-04-16,kyle noke,odds_frame
michael bisping,1979-02-28,2014-04-16,michael bisping,odds_frame
akira corassani,1982-08-27,2014-04-16,akira corassani,odds_frame
tim gorman,1983-04-29,2014-04-16,tim gorman,odds_frame
sean o'connell,1983-09-02,2014-04-16,sean o connell,odds_frame
dustin kimura,1989-05-21,2014-04-16,dustin kimura,odds_frame
mike de la torre,1986-09-22,2014-04-16,mike de la torre,odds_frame
vik grujic,1977-02-06,2014-04-16,vik grujic,odds_frame
chris indich,1987-04-22,2014-04-16,chris indich,odds_frame
kj noons,1982-12-07,2014-04-16,kj noons,odds_frame
olivier aubin-mercier,1989-02-23,2014-04-16,olivier aubin mercier,odds_frame
elias theodorou,1988-05-31,2014-04-16,elias theodorou,odds_frame
tim kennedy,1979-09-01,2014-04-16,tim kennedy,odds_frame
patrick cote,1980-02-29,2014-04-16,patrick cote,odds_frame
sam stout,1984-04-23,2014-04-16,sam stout,odds_frame
richard walsh,1988-12-01,2014-04-16,richard walsh,odds_frame
nordine taleb,1981-06-10,2014-04-16,nordine taleb,odds_frame
mark bocek,1981-10-24,2014-04-16,mark bocek,odds_frame
george roop,1981-11-10,2014-04-16,george roop,odds_frame
ryan jimmo,1981-11-27,2014-04-16,ryan jimmo,odds_frame
mitch gagnon,1984-10-10,2014-04-16,mitch gagnon,odds_frame
chad laprise,1986-07-23,2014-04-16,chad laprise,odds_frame
sheldon westcott,1984-08-20,2014-04-16,sheldon westcott,odds_frame
dustin poirier,1989-01-19,2014-04-16,dustin poirier,odds_frame
seth baczynski,1981-10-26,2014-04-19,seth baczynski,odds_frame
derrick lewis,1985-02-07,2014-04-19,derrick lewis,odds_frame
estevan payan,1982-03-14,2014-04-19,estevan payan,odds_frame
caio magalhaes,1987-12-14,2014-04-19,caio magalhaes,odds_frame
donald cerrone,1983-03-29,2014-04-19,donald cerrone,odds_frame
jorge masvidal,1984-11-12,2014-04-19,jorge masvidal,odds_frame
fabricio werdum,1977-07-30,2014-04-19,fabricio werdum,odds_frame
thiago alves,1983-10-03,2014-04-19,thiago alves,odds_frame
rafael dos anjos,1984-10-26,2014-04-19,rafael dos anjos,odds_frame
hernani perpetuo,1985-05-24,2014-04-19,hernani perpetuo,odds_frame
travis browne,1982-07-17,2014-04-19,travis browne,odds_frame
ray borg,1993-08-04,2014-04-19,ray borg,odds_frame
chas skelly,1985-05-11,2014-04-19,chas skelly,odds_frame
jack may,1981-04-14,2014-04-19,jack may,odds_frame
alex white,1988-10-22,2014-04-19,alex white,odds_frame
luke zachrich,1981-12-19,2014-04-19,luke zachrich,odds_frame
mirsad bektic,1991-02-16,2014-04-19,mirsad bektic,odds_frame
edson barboza,1986-01-21,2014-04-19,edson barboza,odds_frame
pat healy,1983-07-20,2014-04-19,pat healy,odds_frame
dustin ortiz,1988-12-25,2014-04-19,dustin ortiz,odds_frame
khabib nurmagomedov,1988-09-20,2014-04-19,khabib nurmagomedov,odds_frame
yoel romero,1977-04-30,2014-04-19,yoel romero,odds_frame
brad tavares,1987-12-21,2014-04-19,brad tavares,odds_frame
jordan mein,1989-10-10,2014-04-19,jordan mein,odds_frame
andre fili,1990-06-25,2014-04-26,andre fili,odds_frame
isaac vallie-flagg,1978-04-08,2014-04-26,isaac vallie flagg,odds_frame
yancy medeiros,1987-09-07,2014-04-26,yancy medeiros,odds_frame
patrick williams,1981-09-07,2014-04-26,patrick williams,odds_frame
tim boetsch,1981-01-28,2014-04-26,tim boetsch,odds_frame
anthony johnson,1984-03-06,2014-04-26,anthony johnson,odds_frame
glover teixeira,1979-10-28,2014-04-26,glover teixeira,odds_frame
charlie brenneman,1981-02-09,2014-04-26,charlie brenneman,odds_frame
danny castillo,1979-08-25,2014-04-26,danny castillo,odds_frame
jon jones,1987-07-19,2014-04-26,jon jones,odds_frame
phil davis,1984-09-25,2014-04-26,phil davis,odds_frame
chris beal,1985-08-06,2014-04-26,chris beal,odds_frame
max holloway,1991-12-04,2014-04-26,max holloway,odds_frame
jim miller,1983-08-30,2014-04-26,jim miller,odds_frame
luke rockhold,1984-10-17,2014-04-26,luke rockhold,odds_frame
takanori gomi,1978-09-22,2014-04-26,takanori gomi,odds_frame
matt brown,1981-01-10,2014-05-10,matt brown,odds_frame
rafael natal,1982-12-25,2014-05-10,rafael natal,odds_frame
albert tumenov,1991-12-26,2014-05-10,albert tumenov,odds_frame
ruan potts,1978-02-23,2014-05-10,ruan potts,odds_frame
tim means,1984-02-20,2014-05-10,tim means,odds_frame
lorenz larkin,1986-09-03,2014-05-10,lorenz larkin,odds_frame
erick silva,1984-06-21,2014-05-10,erick silva,odds_frame
yan cabral,1983-05-13,2014-05-10,yan cabral,odds_frame
kyoji horiguchi,1990-10-12,2014-05-10,kyoji horiguchi,odds_frame
chris cariaso,1981-05-27,2014-05-10,chris cariaso,odds_frame
justin salas,1982-03-13,2014-05-10,justin salas,odds_frame
ed herman,1980-10-02,2014-05-10,ed herman,odds_frame
anthony lapsley,1980-02-13,2014-05-10,anthony lapsley,odds_frame
soa palelei,1977-07-12,2014-05-10,soa palelei,odds_frame
neil magny,1987-08-03,2014-05-10,neil magny,odds_frame
erik koch,1988-10-04,2014-05-10,erik koch,odds_frame
ben wall,1989-03-25,2014-05-10,ben wall,odds_frame
constantinos philippou,1979-11-29,2014-05-10,constantinos philippou,odds_frame
eddie wineland,1984-06-26,2014-05-10,eddie wineland,odds_frame
johnny eduardo,1978-08-03,2014-05-10,johnny eduardo,odds_frame
daron cruickshank,1985-06-11,2014-05-10,daron cruickshank,odds_frame
darrell montague,1987-11-03,2014-05-10,darrell montague,odds_frame
zak cummings,1984-08-02,2014-05-10,zak cummings,odds_frame
louis smolka,1991-07-16,2014-05-10,louis smolka,odds_frame
daniel cormier,1979-03-20,2014-05-24,daniel cormier,odds_frame
robbie lawler,1982-03-20,2014-05-24,robbie lawler,odds_frame
takeya mizugaki,1983-12-16,2014-05-24,takeya mizugaki,odds_frame
jamie varner,1984-10-12,2014-05-24,jamie varner,odds_frame
renan barao,1987-01-31,2014-05-24,renan barao,odds_frame
tony ferguson,1984-02-12,2014-05-24,tony ferguson,odds_frame
chris holdsworth,1987-10-24,2014-05-24,chris holdsworth,odds_frame
al iaquinta,1987-04-30,2014-05-24,al iaquinta,odds_frame
anthony njokuani,1980-03-01,2014-05-24,anthony njokuani,odds_frame
aaron phillips,1989-08-05,2014-05-24,aaron phillips,odds_frame
francisco trinaldo,1978-08-24,2014-05-24,francisco trinaldo,odds_frame
mitch clarke,1985-11-24,2014-05-24,mitch clarke,odds_frame
sam sicilia,1986-02-01,2014-05-24,sam sicilia,odds_frame
chico camus,1985-01-26,2014-05-24,chico camus,odds_frame
katsunori kikuno,1981-10-31,2014-05-24,katsunori kikuno,odds_frame
tj dillashaw,1986-02-07,2014-05-24,tj dillashaw,odds_frame
james krause,1986-06-04,2014-05-24,james krause,odds_frame
michael chiesa,1987-12-07,2014-05-24,michael chiesa,odds_frame
francisco rivera,1981-10-08,2014-05-24,francisco rivera,odds_frame
jake ellenberger,1985-03-28,2014-05-24,jake ellenberger,odds_frame
dan henderson,1970-08-24,2014-05-24,dan henderson,odds_frame
vinc pichel,1982-11-23,2014-05-24,vinc pichel,odds_frame
maximo blanco,1983-10-16,2014-05-31,maximo blanco,odds_frame
krzysztof jotko,1989-08-19,2014-05-31,krzysztof jotko,odds_frame
matt hobar,1987-01-07,2014-05-31,matt hobar,odds_frame
ruslan magomedov,1986-11-26,2014-05-31,ruslan magomedov,odds_frame
pawel pawlak,1989-02-08,2014-05-31,pawel pawlak,odds_frame
richardson moreira,1984-03-31,2014-05-31,richardson moreira,odds_frame
drew dober,1988-10-19,2014-05-31,drew dober,odds_frame
ricardo abreu,1984-04-27,2014-05-31,ricardo abreu,odds_frame
vitor miranda,1979-03-10,2014-05-31,vitor miranda,odds_frame
wagner silva,1987-02-07,2014-05-31,wagner silva,odds_frame
fabio maldonado,1980-03-17,2014-05-31,fabio maldonado,odds_frame
antonio carlos junior,1990-03-16,2014-05-31,antonio carlos junior,odds_frame
warlley alves,1991-01-04,2014-05-31,warlley alves,odds_frame
alexander yakovlev,1984-07-18,2014-05-31,alexander yakovlev,odds_frame
robert peralta,1986-03-14,2014-05-31,robert peralta,odds_frame
rashid magomedov,1984-11-29,2014-05-31,rashid magomedov,odds_frame
ernest chavez,1983-06-27,2014-05-31,ernest chavez,odds_frame
gasan umalatov,1982-09-11,2014-05-31,gasan umalatov,odds_frame
niklas backstrom,1989-08-22,2014-05-31,niklas backstrom,odds_frame
gegard mousasi,1985-08-01,2014-05-31,gegard mousasi,odds_frame
cb dollaway,1983-08-10,2014-05-31,cb dollaway,odds_frame
sean strickland,1991-02-27,2014-05-31,sean strickland,odds_frame
iuri alcantara,1980-08-04,2014-05-31,iuri alcantara,odds_frame
stipe miocic,1982-08-19,2014-05-31,stipe miocic,odds_frame
marcio alexandre junior,1989-05-05,2014-05-31,marcio alexandre junior,odds_frame
elias silverio,1986-09-22,2014-05-31,elias silverio,odds_frame
demian maia,1977-11-06,2014-05-31,demian maia,odds_frame
rony jason,1984-03-21,2014-05-31,rony jason,odds_frame
rodrigo damm,1980-02-03,2014-05-31,rodrigo damm,odds_frame
paulo thiago,1981-01-25,2014-05-31,paulo thiago,odds_frame
marcos rogerio de lima,1985-06-25,2014-05-31,marcos rogerio de lima,odds_frame
tom niinimaki,1982-07-25,2014-05-31,tom niinimaki,odds_frame
mark munoz,1978-02-09,2014-05-31,mark munoz,odds_frame
francis carmont,1981-10-11,2014-05-31,francis carmont,odds_frame
luke barnatt,1988-04-13,2014-05-31,luke barnatt,odds_frame
nick hein,1984-04-24,2014-05-31,nick hein,odds_frame
vaughan lee,1982-10-15,2014-05-31,vaughan lee,odds_frame
peter sobotta,1987-01-11,2014-05-31,peter sobotta,odds_frame
andy ogle,1989-02-16,2014-05-31,andy ogle,odds_frame
pedro munhoz,1986-09-07,2014-05-31,pedro munhoz,odds_frame
magnus cedenblad,1982-04-10,2014-05-31,magnus cedenblad,odds_frame
viktor pesta,1990-07-15,2014-05-31,viktor pesta,odds_frame
diego sanchez,1981-12-31,2014-06-07,diego sanchez,odds_frame
lance benoist,1988-08-26,2014-06-07,lance benoist,odds_frame
rafael dos anjos,1984-10-26,2014-06-07,rafael dos anjos,odds_frame
bryan caraway,1984-08-04,2014-06-07,bryan caraway,odds_frame
sergio pettis,1993-08-18,2014-06-07,sergio pettis,odds_frame
piotr hallmann,1987-08-25,2014-06-07,piotr hallmann,odds_frame
john moraga,1984-03-20,2014-06-07,john moraga,odds_frame
ross pearson,1984-09-26,2014-06-07,ross pearson,odds_frame
rustam khabilov,1986-11-04,2014-06-07,rustam khabilov,odds_frame
jason high,1981-10-12,2014-06-07,jason high,odds_frame
jon tuck,1984-08-28,2014-06-07,jon tuck,odds_frame
scott jorgensen,1982-09-17,2014-06-07,scott jorgensen,odds_frame
bobby voelker,1979-04-26,2014-06-07,bobby voelker,odds_frame
patrick cummins,1980-11-16,2014-06-07,patrick cummins,odds_frame
erik perez,1989-11-19,2014-06-07,erik perez,odds_frame
yaotzin meza,1981-02-04,2014-06-07,yaotzin meza,odds_frame
yves edwards,1976-09-30,2014-06-07,yves edwards,odds_frame
john dodson,1984-09-26,2014-06-07,john dodson,odds_frame
danny martinez,1985-06-14,2014-06-07,danny martinez,odds_frame
jake lindsey,1986-06-21,2014-06-07,jake lindsey,odds_frame
roger narvaez,1983-09-09,2014-06-07,roger narvaez,odds_frame
benson henderson,1983-11-16,2014-06-07,benson henderson,odds_frame
roland delorme,1983-12-18,2014-06-14,roland delorme,odds_frame
jason saggo,1985-11-23,2014-06-14,jason saggo,odds_frame
ryan bader,1983-06-07,2014-06-14,ryan bader,odds_frame
andrei arlovski,1979-02-04,2014-06-14,andrei arlovski,odds_frame
demetrious johnson,1986-08-13,2014-06-14,demetrious johnson,odds_frame
daniel sarafian,1982-08-21,2014-06-14,daniel sarafian,odds_frame
yves jabouin,1979-05-30,2014-06-14,yves jabouin,odds_frame
kajan johnson,1984-04-21,2014-06-14,kajan johnson,odds_frame
ali bagautinov,1985-06-10,2014-06-14,ali bagautinov,odds_frame
rory macdonald,1989-07-22,2014-06-14,rory macdonald,odds_frame
brendan schaub,1983-03-18,2014-06-14,brendan schaub,odds_frame
michinori tanaka,1990-10-04,2014-06-14,michinori tanaka,odds_frame
rafael cavalcante,1980-04-14,2014-06-14,rafael cavalcante,odds_frame
josh shockley,1989-11-15,2014-06-14,josh shockley,odds_frame
kiichi kunimoto,1981-05-01,2014-06-14,kiichi kunimoto,odds_frame
mike easton,1984-01-25,2014-06-14,mike easton,odds_frame
tae hyun bang,1983-04-15,2014-06-14,tae hyun bang,odds_frame
ryan jimmo,1981-11-27,2014-06-14,ryan jimmo,odds_frame
ovince saint preux,1983-04-08,2014-06-14,ovince saint preux,odds_frame
tyron woodley,1982-04-07,2014-06-14,tyron woodley,odds_frame
diego ferreira,1985-01-18,2014-06-28,diego ferreira,odds_frame
jeremy stephens,1986-05-25,2014-06-28,jeremy stephens,odds_frame
andy enz,1991-08-15,2014-06-28,andy enz,odds_frame
nicholas musoke,1986-04-05,2014-06-28,nicholas musoke,odds_frame
antonio braga neto,1987-10-29,2014-06-28,antonio braga neto,odds_frame
hacran dias,1984-06-16,2014-06-28,hacran dias,odds_frame
james moontasri,1988-04-10,2014-06-28,james moontasri,odds_frame
cody gibson,1987-09-11,2014-06-28,cody gibson,odds_frame
shane howell,1983-11-28,2014-06-28,shane howell,odds_frame
nate marquardt,1979-04-20,2014-06-28,nate marquardt,odds_frame
jared rosholt,1986-08-04,2014-06-28,jared rosholt,odds_frame
charles oliveira,1989-10-17,2014-06-28,charles oliveira,odds_frame
mike rhodes,1989-12-04,2014-06-28,mike rhodes,odds_frame
dashon johnson,1988-01-25,2014-06-28,dashon johnson,odds_frame
andrew craig,1986-01-15,2014-06-28,andrew craig,odds_frame
sean o'connell,1983-09-02,2014-06-28,sean o connell,odds_frame
soa palelei,1977-07-12,2014-06-28,soa palelei,odds_frame
ray borg,1993-08-04,2014-06-28,ray borg,odds_frame
johnny bedford,1983-01-06,2014-06-28,johnny bedford,odds_frame
joe ellenberger,1985-03-28,2014-06-28,joe ellenberger,odds_frame
clint hester,1986-11-21,2014-06-28,clint hester,odds_frame
ricardo lamas,1982-05-21,2014-06-28,ricardo lamas,odds_frame
cezar ferreira,1985-02-15,2014-06-28,cezar ferreira,odds_frame
kelvin gastelum,1991-10-24,2014-06-28,kelvin gastelum,odds_frame
cub swanson,1983-11-02,2014-06-28,cub swanson,odds_frame
hatsu hioki,1983-07-18,2014-06-28,hatsu hioki,odds_frame
robert whittaker,1990-12-20,2014-06-28,robert whittaker,odds_frame
jake matthews,1994-08-19,2014-06-28,jake matthews,odds_frame
james te huna,1981-09-29,2014-06-28,james te huna,odds_frame
chris indich,1987-04-22,2014-06-28,chris indich,odds_frame
marcelo guimaraes,1983-06-25,2014-06-28,marcelo guimaraes,odds_frame
colton smith,1987-08-14,2014-06-28,colton smith,odds_frame
gian villante,1985-08-18,2014-06-28,gian villante,odds_frame
vik grujic,1977-02-06,2014-06-28,vik grujic,odds_frame
chris weidman,1984-06-17,2014-07-05,chris weidman,odds_frame
uriah hall,1984-07-31,2014-07-05,uriah hall,odds_frame
marcus brimage,1985-04-06,2014-07-05,marcus brimage,odds_frame
chris camozzi,1986-11-20,2014-07-05,chris camozzi,odds_frame
kenny robertson,1984-02-14,2014-07-05,kenny robertson,odds_frame
george roop,1981-11-10,2014-07-05,george roop,odds_frame
luke zachrich,1981-12-19,2014-07-05,luke zachrich,odds_frame
urijah faber,1979-05-14,2014-07-05,urijah faber,odds_frame
bruno santos,1987-07-17,2014-07-05,bruno santos,odds_frame
russell doane,1986-08-13,2014-07-05,russell doane,odds_frame
alex caceres,1988-06-20,2014-07-05,alex caceres,odds_frame
ildemar alcantara,1982-11-18,2014-07-05,ildemar alcantara,odds_frame
guilherme vasconcelos,1986-03-23,2014-07-05,guilherme vasconcelos,odds_frame
lyoto machida,1978-05-30,2014-07-05,lyoto machida,odds_frame
thiago santos,1984-01-07,2014-07-05,thiago santos,odds_frame
rob font,1987-06-25,2014-07-05,rob font,odds_frame
bj penn,1978-12-13,2014-07-06,bj penn,odds_frame
sarah moras,1988-04-30,2014-07-06,sarah moras,odds_frame
adriano martins,1982-12-16,2014-07-06,adriano martins,odds_frame
justin scoggins,1992-05-02,2014-07-06,justin scoggins,odds_frame
robert drysdale,1981-10-05,2014-07-06,robert drysdale,odds_frame
jumabieke tuerxun,1986-04-17,2014-07-06,jumabieke tuerxun,odds_frame
jesse ronson,1985-12-24,2014-07-06,jesse ronson,odds_frame
derrick lewis,1985-02-07,2014-07-06,derrick lewis,odds_frame
guto inocente,1986-05-29,2014-07-06,guto inocente,odds_frame
kevin lee,1992-09-04,2014-07-06,kevin lee,odds_frame
frankie edgar,1981-10-16,2014-07-06,frankie edgar,odds_frame
matt van buren,1986-06-12,2014-07-06,matt van buren,odds_frame
eddie gordon,1983-07-22,2014-07-06,eddie gordon,odds_frame
alexis dufresne,1990-08-31,2014-07-06,alexis dufresne,odds_frame
juan manuel puig,1989-04-23,2014-07-06,juan manuel puig,odds_frame
dustin ortiz,1988-12-25,2014-07-06,dustin ortiz,odds_frame
keith berish,1985-11-14,2014-07-06,keith berish,odds_frame
leandro issa,1983-09-19,2014-07-06,leandro issa,odds_frame
corey anderson,1989-09-22,2014-07-06,corey anderson,odds_frame
dhiego lima,1989-01-31,2014-07-06,dhiego lima,odds_frame
hugo viana,1982-09-26,2014-07-16,hugo viana,odds_frame
aljamain sterling,1989-07-31,2014-07-16,aljamain sterling,odds_frame
pat healy,1983-07-20,2014-07-16,pat healy,odds_frame
alptekin ozkilic,1986-03-27,2014-07-16,alptekin ozkilic,odds_frame
joe proctor,1985-08-10,2014-07-16,joe proctor,odds_frame
jerrod sanders,1979-10-01,2014-07-16,jerrod sanders,odds_frame
alex white,1988-10-22,2014-07-16,alex white,odds_frame
evan dunham,1981-12-18,2014-07-16,evan dunham,odds_frame
donald cerrone,1983-03-29,2014-07-16,donald cerrone,odds_frame
yosdenis cedeno,1985-02-12,2014-07-16,yosdenis cedeno,odds_frame
jim miller,1983-08-30,2014-07-16,jim miller,odds_frame
lucas martins,1988-11-11,2014-07-16,lucas martins,odds_frame
gleison tibau,1983-10-07,2014-07-16,gleison tibau,odds_frame
john lineker,1990-06-12,2014-07-16,john lineker,odds_frame
leonardo mafra,1989-04-25,2014-07-16,leonardo mafra,odds_frame
justin salas,1982-03-13,2014-07-16,justin salas,odds_frame
rick story,1984-08-28,2014-07-16,rick story,odds_frame
edson barboza,1986-01-21,2014-07-16,edson barboza,odds_frame
nikita krylov,1992-03-07,2014-07-19,nikita krylov,odds_frame
diego brandao,1987-05-27,2014-07-19,diego brandao,odds_frame
zak cummings,1984-08-02,2014-07-19,zak cummings,odds_frame
ian mccall,1984-05-07,2014-07-19,ian mccall,odds_frame
naoyuki kotani,1981-12-08,2014-07-19,naoyuki kotani,odds_frame
phil harris,1983-09-04,2014-07-19,phil harris,odds_frame
mike king,1983-08-04,2014-07-19,mike king,odds_frame
chris dempsey,1987-09-08,2014-07-19,chris dempsey,odds_frame
trevor smith,1981-01-05,2014-07-19,trevor smith,odds_frame
tor troeng,1983-01-25,2014-07-19,tor troeng,odds_frame
conor mcgregor,1988-07-14,2014-07-19,conor mcgregor,odds_frame
norman parke,1986-12-22,2014-07-19,norman parke,odds_frame
neil seery,1979-08-30,2014-07-19,neil seery,odds_frame
cathal pendred,1987-09-02,2014-07-19,cathal pendred,odds_frame
ilir latifi,1982-07-28,2014-07-19,ilir latifi,odds_frame
cody donovan,1981-02-20,2014-07-19,cody donovan,odds_frame
brad pickett,1978-09-24,2014-07-19,brad pickett,odds_frame
gunnar nelson,1988-07-28,2014-07-19,gunnar nelson,odds_frame
robbie lawler,1982-03-20,2014-07-26,robbie lawler,odds_frame
anthony johnson,1984-03-06,2014-07-26,anthony johnson,odds_frame
dennis bermudez,1986-12-13,2014-07-26,dennis bermudez,odds_frame
rogerio nogueira,1976-06-02,2014-07-26,rogerio nogueira,odds_frame
jorge masvidal,1984-11-12,2014-07-26,jorge masvidal,odds_frame
brian ortega,1991-02-21,2014-07-26,brian ortega,odds_frame
tim means,1984-02-20,2014-07-26,tim means,odds_frame
patrick cummins,1980-11-16,2014-07-26,patrick cummins,odds_frame
gilbert burns,1986-07-20,2014-07-26,gilbert burns,odds_frame
noad lahat,1984-06-08,2014-07-26,noad lahat,odds_frame
daron cruickshank,1985-06-11,2014-07-26,daron cruickshank,odds_frame
clay guida,1981-12-08,2014-07-26,clay guida,odds_frame
matt brown,1981-01-10,2014-07-26,matt brown,odds_frame
mike de la torre,1986-09-22,2014-07-26,mike de la torre,odds_frame
andreas stahl,1988-05-20,2014-07-26,andreas stahl,odds_frame
kyle kingsbury,1982-03-22,2014-07-26,kyle kingsbury,odds_frame
hernani perpetuo,1985-05-24,2014-07-26,hernani perpetuo,odds_frame
steven siler,1987-02-15,2014-07-26,steven siler,odds_frame
tom watson,1982-07-13,2014-08-16,tom watson,odds_frame
tim boetsch,1981-01-28,2014-08-16,tim boetsch,odds_frame
seth baczynski,1981-10-26,2014-08-16,seth baczynski,odds_frame
shawn jordan,1984-10-21,2014-08-16,shawn jordan,odds_frame
jussier formiga,1985-04-14,2014-08-16,jussier formiga,odds_frame
nolan ticman,1988-05-17,2014-08-16,nolan ticman,odds_frame
frankie saenz,1980-08-12,2014-08-16,frankie saenz,odds_frame
sam alvey,1986-05-06,2014-08-16,sam alvey,odds_frame
zach makovsky,1983-04-19,2014-08-16,zach makovsky,odds_frame
ryan bader,1983-06-07,2014-08-16,ryan bader,odds_frame
alan jouban,1981-11-25,2014-08-16,alan jouban,odds_frame
brad tavares,1987-12-21,2014-08-16,brad tavares,odds_frame
jack may,1981-04-14,2014-08-16,jack may,odds_frame
ross pearson,1984-09-26,2014-08-16,ross pearson,odds_frame
ovince saint preux,1983-04-08,2014-08-16,ovince saint preux,odds_frame
gray maynard,1979-05-09,2014-08-16,gray maynard,odds_frame
chas skelly,1985-05-11,2014-08-23,chas skelly,odds_frame
neil magny,1987-08-03,2014-08-23,neil magny,odds_frame
max holloway,1991-12-04,2014-08-23,max holloway,odds_frame
ben saunders,1983-04-13,2014-08-23,ben saunders,odds_frame
michael bisping,1979-02-28,2014-08-23,michael bisping,odds_frame
francis carmont,1981-10-11,2014-08-23,francis carmont,odds_frame
mike pyle,1975-09-18,2014-08-23,mike pyle,odds_frame
tyron woodley,1982-04-07,2014-08-23,tyron woodley,odds_frame
benson henderson,1983-11-16,2014-08-23,benson henderson,odds_frame
zhang lipeng,1990-03-10,2014-08-23,zhang lipeng,odds_frame
alberto mina,1982-05-02,2014-08-23,alberto mina,odds_frame
roland delorme,1983-12-18,2014-08-23,roland delorme,odds_frame
yao zhikui,1991-02-07,2014-08-23,yao zhikui,odds_frame
alex garcia,1987-07-14,2014-08-23,alex garcia,odds_frame
tom niinimaki,1982-07-25,2014-08-23,tom niinimaki,odds_frame
wilson reis,1985-01-06,2014-08-23,wilson reis,odds_frame
thales leites,1981-09-06,2014-08-23,thales leites,odds_frame
clay collard,1993-03-10,2014-08-23,clay collard,odds_frame
matt hobar,1987-01-07,2014-08-23,matt hobar,odds_frame
joby sanchez,1991-06-24,2014-08-23,joby sanchez,odds_frame
royston wee,1986-11-15,2014-08-23,royston wee,odds_frame
yuta sasaki,1989-10-07,2014-08-23,yuta sasaki,odds_frame
shinsho anzai,1985-12-01,2014-08-23,shinsho anzai,odds_frame
brendan o'reilly,1987-06-24,2014-08-23,brendan o reilly,odds_frame
dong hyun kim,1981-11-17,2014-08-23,dong hyun kim,odds_frame
cung le,1972-05-25,2014-08-23,cung le,odds_frame
chris heatherly,1987-11-24,2014-08-23,chris heatherly,odds_frame
aaron phillips,1989-08-05,2014-08-23,aaron phillips,odds_frame
jordan mein,1989-10-10,2014-08-23,jordan mein,odds_frame
rafael dos anjos,1984-10-26,2014-08-23,rafael dos anjos,odds_frame
derek brunson,1984-01-04,2014-08-30,derek brunson,odds_frame
lorenz larkin,1986-09-03,2014-08-30,lorenz larkin,odds_frame
ramsey nijem,1988-04-01,2014-08-30,ramsey nijem,odds_frame
tony ferguson,1984-02-12,2014-08-30,tony ferguson,odds_frame
tj dillashaw,1986-02-07,2014-08-30,tj dillashaw,odds_frame
yancy medeiros,1987-09-07,2014-08-30,yancy medeiros,odds_frame
joe soto,1987-03-22,2014-08-30,joe soto,odds_frame
danny castillo,1979-08-25,2014-08-30,danny castillo,odds_frame
diego ferreira,1985-01-18,2014-08-30,diego ferreira,odds_frame
ruan potts,1978-02-23,2014-08-30,ruan potts,odds_frame
chris wade,1987-09-30,2014-08-30,chris wade,odds_frame
cain carrizosa,1986-07-22,2014-08-30,cain carrizosa,odds_frame
damon jackson,1988-08-08,2014-08-30,damon jackson,odds_frame
anthony hamilton,1980-04-14,2014-08-30,anthony hamilton,odds_frame
jacare souza,1979-12-07,2014-09-05,jacare souza,odds_frame
alistair overeem,1980-05-17,2014-09-05,alistair overeem,odds_frame
joe lauzon,1984-05-22,2014-09-05,joe lauzon,odds_frame
sean soriano,1989-10-06,2014-09-05,sean soriano,odds_frame
al iaquinta,1987-04-30,2014-09-05,al iaquinta,odds_frame
rafael natal,1982-12-25,2014-09-05,rafael natal,odds_frame
chris camozzi,1986-11-20,2014-09-05,chris camozzi,odds_frame
tateki matsuda,1986-02-27,2014-09-05,tateki matsuda,odds_frame
derrick lewis,1985-02-07,2014-09-05,derrick lewis,odds_frame
gegard mousasi,1985-08-01,2014-09-05,gegard mousasi,odds_frame
ben rothwell,1981-10-17,2014-09-05,ben rothwell,odds_frame
michael chiesa,1987-12-07,2014-09-05,michael chiesa,odds_frame
chas skelly,1985-05-11,2014-09-05,chas skelly,odds_frame
rodrigo damm,1980-02-03,2014-09-05,rodrigo damm,odds_frame
chris beal,1985-08-06,2014-09-05,chris beal,odds_frame
john moraga,1984-03-20,2014-09-05,john moraga,odds_frame
matt mitrione,1978-07-15,2014-09-05,matt mitrione,odds_frame
justin scoggins,1992-05-02,2014-09-05,justin scoggins,odds_frame
andrei arlovski,1979-02-04,2014-09-13,andrei arlovski,odds_frame
piotr hallmann,1987-08-25,2014-09-13,piotr hallmann,odds_frame
wendell oliveira marques,1983-06-01,2014-09-13,wendell oliveira marques,odds_frame
johnny bedford,1983-01-06,2014-09-13,johnny bedford,odds_frame
russell doane,1986-08-13,2014-09-13,russell doane,odds_frame
leandro silva,1985-11-11,2014-09-13,leandro silva,odds_frame
george sullivan,1981-03-13,2014-09-13,george sullivan,odds_frame
dashon johnson,1988-01-25,2014-09-13,dashon johnson,odds_frame
leonardo santos,1980-02-05,2014-09-13,leonardo santos,odds_frame
efrain escudero,1986-01-15,2014-09-13,efrain escudero,odds_frame
gleison tibau,1983-10-07,2014-09-13,gleison tibau,odds_frame
santiago ponzinibbio,1986-09-26,2014-09-13,santiago ponzinibbio,odds_frame
rani yahya,1984-09-12,2014-09-13,rani yahya,odds_frame
sean spencer,1987-06-25,2014-09-13,sean spencer,odds_frame
igor araujo,1980-12-06,2014-09-13,igor araujo,odds_frame
godofredo pepey,1987-07-02,2014-09-13,godofredo pepey,odds_frame
iuri alcantara,1980-08-04,2014-09-13,iuri alcantara,odds_frame
antonio silva,1979-09-14,2014-09-13,antonio silva,odds_frame
francisco trinaldo,1978-08-24,2014-09-13,francisco trinaldo,odds_frame
paulo thiago,1981-01-25,2014-09-13,paulo thiago,odds_frame
kazuki tokudome,1987-03-04,2014-09-20,kazuki tokudome,odds_frame
alex caceres,1988-06-20,2014-09-20,alex caceres,odds_frame
michinori tanaka,1990-10-04,2014-09-20,michinori tanaka,odds_frame
hyun gyu lim,1985-01-16,2014-09-20,hyun gyu lim,odds_frame
katsunori kikuno,1981-10-31,2014-09-20,katsunori kikuno,odds_frame
masanori kanehara,1982-11-19,2014-09-20,masanori kanehara,odds_frame
kyung ho kang,1987-09-09,2014-09-20,kyung ho kang,odds_frame
takenori sato,1985-06-08,2014-09-20,takenori sato,odds_frame
sam sicilia,1986-02-01,2014-09-20,sam sicilia,odds_frame
roy nelson,1976-06-20,2014-09-20,roy nelson,odds_frame
johnny case,1989-06-28,2014-09-20,johnny case,odds_frame
kyoji horiguchi,1990-10-12,2014-09-20,kyoji horiguchi,odds_frame
kiichi kunimoto,1981-05-01,2014-09-20,kiichi kunimoto,odds_frame
yoshihiro akiyama,1975-07-29,2014-09-20,yoshihiro akiyama,odds_frame
mark hunt,1974-03-23,2014-09-20,mark hunt,odds_frame
jon delos reyes,1987-08-19,2014-09-20,jon delos reyes,odds_frame
amir sadollah,1980-08-27,2014-09-20,amir sadollah,odds_frame
richard walsh,1988-12-01,2014-09-20,richard walsh,odds_frame
brian ebersole,1980-11-27,2014-09-27,brian ebersole,odds_frame
stephen thompson,1983-02-11,2014-09-27,stephen thompson,odds_frame
james krause,1986-06-04,2014-09-27,james krause,odds_frame
yoel romero,1977-04-30,2014-09-27,yoel romero,odds_frame
tim kennedy,1979-09-01,2014-09-27,tim kennedy,odds_frame
conor mcgregor,1988-07-14,2014-09-27,conor mcgregor,odds_frame
eddie alvarez,1984-01-11,2014-09-27,eddie alvarez,odds_frame
chris cariaso,1981-05-27,2014-09-27,chris cariaso,odds_frame
dustin poirier,1989-01-19,2014-09-27,dustin poirier,odds_frame
donald cerrone,1983-03-29,2014-09-27,donald cerrone,odds_frame
demetrious johnson,1986-08-13,2014-09-27,demetrious johnson,odds_frame
takeya mizugaki,1983-12-16,2014-09-27,takeya mizugaki,odds_frame
jorge masvidal,1984-11-12,2014-09-27,jorge masvidal,odds_frame
kevin lee,1992-09-04,2014-09-27,kevin lee,odds_frame
patrick cote,1980-02-29,2014-09-27,patrick cote,odds_frame
dominick cruz,1985-03-09,2014-09-27,dominick cruz,odds_frame
jon tuck,1984-08-28,2014-09-27,jon tuck,odds_frame
john howard,1983-03-01,2014-09-27,john howard,odds_frame
tor troeng,1983-01-25,2014-10-04,tor troeng,odds_frame
niklas backstrom,1989-08-22,2014-10-04,niklas backstrom,odds_frame
ilir latifi,1982-07-28,2014-10-04,ilir latifi,odds_frame
akira corassani,1982-08-27,2014-10-04,akira corassani,odds_frame
magnus cedenblad,1982-04-10,2014-10-04,magnus cedenblad,odds_frame
cathal pendred,1987-09-02,2014-10-04,cathal pendred,odds_frame
pedro munhoz,1986-09-07,2014-10-04,pedro munhoz,odds_frame
mairbek taisumov,1988-08-08,2014-10-04,mairbek taisumov,odds_frame
elias theodorou,1988-05-31,2014-10-04,elias theodorou,odds_frame
mitch gagnon,1984-10-10,2014-10-04,mitch gagnon,odds_frame
daron cruickshank,1985-06-11,2014-10-04,daron cruickshank,odds_frame
olivier aubin-mercier,1989-02-23,2014-10-04,olivier aubin mercier,odds_frame
gunnar nelson,1988-07-28,2014-10-04,gunnar nelson,odds_frame
albert tumenov,1991-12-26,2014-10-04,albert tumenov,odds_frame
raphael assuncao,1982-07-19,2014-10-04,raphael assuncao,odds_frame
jason saggo,1985-11-23,2014-10-04,jason saggo,odds_frame
chad laprise,1986-07-23,2014-10-04,chad laprise,odds_frame
ernest chavez,1983-06-27,2014-10-04,ernest chavez,odds_frame
rory macdonald,1989-07-22,2014-10-04,rory macdonald,odds_frame
zubaira tukhugov,1991-01-15,2014-10-04,zubaira tukhugov,odds_frame
scott askham,1988-05-20,2014-10-04,scott askham,odds_frame
max holloway,1991-12-04,2014-10-04,max holloway,odds_frame
jan blachowicz,1983-02-24,2014-10-04,jan blachowicz,odds_frame
mike wilkinson,1987-09-15,2014-10-04,mike wilkinson,odds_frame
krzysztof jotko,1989-08-19,2014-10-04,krzysztof jotko,odds_frame
alexander yakovlev,1984-07-18,2014-10-04,alexander yakovlev,odds_frame
charles rosa,1986-08-24,2014-10-04,charles rosa,odds_frame
gasan umalatov,1982-09-11,2014-10-04,gasan umalatov,odds_frame
jerrod sanders,1979-10-01,2014-10-04,jerrod sanders,odds_frame
dennis siver,1979-01-13,2014-10-04,dennis siver,odds_frame
rick story,1984-08-28,2014-10-04,rick story,odds_frame
marcin bandel,1989-10-10,2014-10-04,marcin bandel,odds_frame
matt dwyer,1989-12-17,2014-10-04,matt dwyer,odds_frame
paul felder,1984-04-25,2014-10-04,paul felder,odds_frame
jake lindsey,1986-06-21,2014-10-04,jake lindsey,odds_frame
anthony njokuani,1980-03-01,2014-10-04,anthony njokuani,odds_frame
roman salazar,1988-02-21,2014-10-04,roman salazar,odds_frame
bruno santos,1987-07-17,2014-10-04,bruno santos,odds_frame
yosdenis cedeno,1985-02-12,2014-10-04,yosdenis cedeno,odds_frame
bryan caraway,1984-08-04,2014-10-04,bryan caraway,odds_frame
tarec saffiedine,1986-09-06,2014-10-04,tarec saffiedine,odds_frame
nicholas musoke,1986-04-05,2014-10-04,nicholas musoke,odds_frame
hans stringer,1987-07-06,2014-10-25,hans stringer,odds_frame
lucas martins,1988-11-11,2014-10-25,lucas martins,odds_frame
glover teixeira,1979-10-28,2014-10-25,glover teixeira,odds_frame
wilson reis,1985-01-06,2014-10-25,wilson reis,odds_frame
andre fili,1990-06-25,2014-10-25,andre fili,odds_frame
beneil dariush,1989-05-06,2014-10-25,beneil dariush,odds_frame
neil magny,1987-08-03,2014-10-25,neil magny,odds_frame
jose aldo,1986-09-09,2014-10-25,jose aldo,odds_frame
chad mendes,1985-05-01,2014-10-25,chad mendes,odds_frame
phil davis,1984-09-25,2014-10-25,phil davis,odds_frame
diego ferreira,1985-01-18,2014-10-25,diego ferreira,odds_frame
felipe arantes,1988-02-09,2014-10-25,felipe arantes,odds_frame
scott jorgensen,1982-09-17,2014-10-25,scott jorgensen,odds_frame
yan cabral,1983-05-13,2014-10-25,yan cabral,odds_frame
gilbert burns,1986-07-20,2014-10-25,gilbert burns,odds_frame
william macario,1991-07-01,2014-10-25,william macario,odds_frame
fabio maldonado,1980-03-17,2014-10-25,fabio maldonado,odds_frame
darren elkins,1984-05-16,2014-10-25,darren elkins,odds_frame
naoyuki kotani,1981-12-08,2014-10-25,naoyuki kotani,odds_frame
christos giagos,1990-01-23,2014-10-25,christos giagos,odds_frame
soa palelei,1977-07-12,2014-11-07,soa palelei,odds_frame
robert whittaker,1990-12-20,2014-11-07,robert whittaker,odds_frame
luke rockhold,1984-10-17,2014-11-07,luke rockhold,odds_frame
dylan andrews,1979-11-15,2014-11-07,dylan andrews,odds_frame
ross pearson,1984-09-26,2014-11-07,ross pearson,odds_frame
richie vaculik,1983-06-19,2014-11-07,richie vaculik,odds_frame
luke zachrich,1981-12-19,2014-11-07,luke zachrich,odds_frame
marcus brimage,1985-04-06,2014-11-07,marcus brimage,odds_frame
vagner rocha,1982-06-06,2014-11-07,vagner rocha,odds_frame
daniel kelly,1977-10-31,2014-11-07,daniel kelly,odds_frame
chris clements,1976-02-09,2014-11-07,chris clements,odds_frame
anthony perosh,1972-10-05,2014-11-07,anthony perosh,odds_frame
louis smolka,1991-07-16,2014-11-07,louis smolka,odds_frame
guto inocente,1986-05-29,2014-11-07,guto inocente,odds_frame
walt harris,1983-06-10,2014-11-07,walt harris,odds_frame
clint hester,1986-11-21,2014-11-07,clint hester,odds_frame
al iaquinta,1987-04-30,2014-11-07,al iaquinta,odds_frame
michael bisping,1979-02-28,2014-11-07,michael bisping,odds_frame
jumabieke tuerxun,1986-04-17,2014-11-07,jumabieke tuerxun,odds_frame
jake matthews,1994-08-19,2014-11-07,jake matthews,odds_frame
sam alvey,1986-05-06,2014-11-07,sam alvey,odds_frame
vik grujic,1977-02-06,2014-11-07,vik grujic,odds_frame
ovince saint preux,1983-04-08,2014-11-08,ovince saint preux,odds_frame
alan jouban,1981-11-25,2014-11-08,alan jouban,odds_frame
charlie brenneman,1981-02-09,2014-11-08,charlie brenneman,odds_frame
tim gorman,1983-04-29,2014-11-08,tim gorman,odds_frame
trevor smith,1981-01-05,2014-11-08,trevor smith,odds_frame
colby covington,1988-02-22,2014-11-08,colby covington,odds_frame
wagner silva,1987-02-07,2014-11-08,wagner silva,odds_frame
caio magalhaes,1987-12-14,2014-11-08,caio magalhaes,odds_frame
thomas almeida,1991-07-31,2014-11-08,thomas almeida,odds_frame
leandro silva,1985-11-11,2014-11-08,leandro silva,odds_frame
warlley alves,1991-01-04,2014-11-08,warlley alves,odds_frame
mauricio rua,1981-11-25,2014-11-08,mauricio rua,odds_frame
yair rodriguez,1992-10-06,2014-11-15,yair rodriguez,odds_frame
ricardo lamas,1982-05-21,2014-11-15,ricardo lamas,odds_frame
fabricio werdum,1977-07-30,2014-11-15,fabricio werdum,odds_frame
augusto montano,1984-10-25,2014-11-15,augusto montano,odds_frame
jake ellenberger,1985-03-28,2014-11-15,jake ellenberger,odds_frame
edgar garcia,1984-02-22,2014-11-15,edgar garcia,odds_frame
guido cannetti,1979-12-19,2014-11-15,guido cannetti,odds_frame
hector urbina,1987-09-17,2014-11-15,hector urbina,odds_frame
jose quinonez,1990-07-28,2014-11-15,jose quinonez,odds_frame
leonardo morales,1992-12-22,2014-11-15,leonardo morales,odds_frame
chris heatherly,1987-11-24,2014-11-15,chris heatherly,odds_frame
dennis bermudez,1986-12-13,2014-11-15,dennis bermudez,odds_frame
kelvin gastelum,1991-10-24,2014-11-15,kelvin gastelum,odds_frame
mark hunt,1974-03-23,2014-11-15,mark hunt,odds_frame
henry briones,1980-10-22,2014-11-15,henry briones,odds_frame
alejandro perez,1989-09-02,2014-11-15,alejandro perez,odds_frame
matt wiman,1983-09-19,2014-11-22,matt wiman,odds_frame
ruslan magomedov,1986-11-26,2014-11-22,ruslan magomedov,odds_frame
luke barnatt,1988-04-13,2014-11-22,luke barnatt,odds_frame
yves edwards,1976-09-30,2014-11-22,yves edwards,odds_frame
joseph benavidez,1984-07-31,2014-11-22,joseph benavidez,odds_frame
james vick,1987-02-23,2014-11-22,james vick,odds_frame
nick hein,1984-04-24,2014-11-22,nick hein,odds_frame
cub swanson,1983-11-02,2014-11-22,cub swanson,odds_frame
chico camus,1985-01-26,2014-11-22,chico camus,odds_frame
dustin ortiz,1988-12-25,2014-11-22,dustin ortiz,odds_frame
isaac vallie-flagg,1978-04-08,2014-11-22,isaac vallie flagg,odds_frame
josh copeland,1982-10-20,2014-11-22,josh copeland,odds_frame
roger narvaez,1983-09-09,2014-11-22,roger narvaez,odds_frame
brad pickett,1978-09-24,2014-11-22,brad pickett,odds_frame
frankie edgar,1981-10-16,2014-11-22,frankie edgar,odds_frame
akbarh arreola,1983-01-14,2014-11-22,akbarh arreola,odds_frame
johny hendricks,1983-09-12,2014-12-06,johny hendricks,odds_frame
abel trujillo,1983-09-18,2014-12-06,abel trujillo,odds_frame
clay collard,1993-03-10,2014-12-06,clay collard,odds_frame
francisco rivera,1981-10-08,2014-12-06,francisco rivera,odds_frame
josh samman,1988-03-14,2014-12-06,josh samman,odds_frame
robbie lawler,1982-03-20,2014-12-06,robbie lawler,odds_frame
anthony hamilton,1980-04-14,2014-12-06,anthony hamilton,odds_frame
brendan schaub,1983-03-18,2014-12-06,brendan schaub,odds_frame
justin jones,1987-09-06,2014-12-06,justin jones,odds_frame
gilbert melendez,1982-04-12,2014-12-06,gilbert melendez,odds_frame
todd duffee,1985-12-06,2014-12-06,todd duffee,odds_frame
eddie gordon,1983-07-22,2014-12-06,eddie gordon,odds_frame
urijah faber,1979-05-14,2014-12-06,urijah faber,odds_frame
alex white,1988-10-22,2014-12-06,alex white,odds_frame
tony ferguson,1984-02-12,2014-12-06,tony ferguson,odds_frame
corey anderson,1989-09-22,2014-12-06,corey anderson,odds_frame
sergio pettis,1993-08-18,2014-12-06,sergio pettis,odds_frame
travis browne,1982-07-17,2014-12-06,travis browne,odds_frame
matt hobar,1987-01-07,2014-12-06,matt hobar,odds_frame
anthony pettis,1987-01-27,2014-12-06,anthony pettis,odds_frame
kj noons,1982-12-07,2014-12-12,kj noons,odds_frame
jeremy stephens,1986-05-25,2014-12-12,jeremy stephens,odds_frame
yancy medeiros,1987-09-07,2014-12-12,yancy medeiros,odds_frame
daron cruickshank,1985-06-11,2014-12-12,daron cruickshank,odds_frame
charles oliveira,1989-10-17,2014-12-12,charles oliveira,odds_frame
joe proctor,1985-08-10,2014-12-12,joe proctor,odds_frame
junior dos santos,1984-01-30,2014-12-13,junior dos santos,odds_frame
joe riggs,1982-09-23,2014-12-13,joe riggs,odds_frame
jamie varner,1984-10-12,2014-12-13,jamie varner,odds_frame
david michaud,1988-11-10,2014-12-13,david michaud,odds_frame
joe ellenberger,1985-03-28,2014-12-13,joe ellenberger,odds_frame
garett whiteley,1980-12-13,2014-12-13,garett whiteley,odds_frame
john moraga,1984-03-20,2014-12-13,john moraga,odds_frame
gabriel gonzaga,1979-05-18,2014-12-13,gabriel gonzaga,odds_frame
alistair overeem,1980-05-17,2014-12-13,alistair overeem,odds_frame
rafael dos anjos,1984-10-26,2014-12-13,rafael dos anjos,odds_frame
anthony birchak,1986-05-16,2014-12-13,anthony birchak,odds_frame
henry cejudo,1987-02-09,2014-12-13,henry cejudo,odds_frame
ben saunders,1983-04-13,2014-12-13,ben saunders,odds_frame
ian entwistle,1986-11-19,2014-12-13,ian entwistle,odds_frame
dustin kimura,1989-05-21,2014-12-13,dustin kimura,odds_frame
stipe miocic,1982-08-19,2014-12-13,stipe miocic,odds_frame
nate diaz,1985-04-16,2014-12-13,nate diaz,odds_frame
stefan struve,1988-02-18,2014-12-13,stefan struve,odds_frame
matt mitrione,1978-07-15,2014-12-13,matt mitrione,odds_frame
willie gates,1987-01-21,2014-12-13,willie gates,odds_frame
bryan barberena,1989-05-03,2014-12-13,bryan barberena,odds_frame
drew dober,1988-10-19,2014-12-13,drew dober,odds_frame
leandro issa,1983-09-19,2014-12-20,leandro issa,odds_frame
antonio carlos junior,1990-03-16,2014-12-20,antonio carlos junior,odds_frame
renan barao,1987-01-31,2014-12-20,renan barao,odds_frame
elias silverio,1986-09-22,2014-12-20,elias silverio,odds_frame
marcos rogerio de lima,1985-06-25,2014-12-20,marcos rogerio de lima,odds_frame
mitch gagnon,1984-10-10,2014-12-20,mitch gagnon,odds_frame
vitor miranda,1979-03-10,2014-12-20,vitor miranda,odds_frame
daniel sarafian,1982-08-21,2014-12-20,daniel sarafian,odds_frame
darren elkins,1984-05-16,2014-12-20,darren elkins,odds_frame
lyoto machida,1978-05-30,2014-12-20,lyoto machida,odds_frame
erick silva,1984-06-21,2014-12-20,erick silva,odds_frame
cb dollaway,1983-08-10,2014-12-20,cb dollaway,odds_frame
rashid magomedov,1984-11-29,2014-12-20,rashid magomedov,odds_frame
yuta sasaki,1989-10-07,2014-12-20,yuta sasaki,odds_frame
jake collier,1988-10-25,2014-12-20,jake collier,odds_frame
mike rhodes,1989-12-04,2014-12-20,mike rhodes,odds_frame
igor pokrajac,1979-01-02,2014-12-20,igor pokrajac,odds_frame
patrick cummins,1980-11-16,2014-12-20,patrick cummins,odds_frame
hacran dias,1984-06-16,2014-12-20,hacran dias,odds_frame
antonio dos santos,1988-07-21,2014-12-20,antonio dos santos,odds_frame
shawn jordan,1984-10-21,2015-01-03,shawn jordan,odds_frame
danny castillo,1979-08-25,2015-01-03,danny castillo,odds_frame
omari akhmedov,1987-10-12,2015-01-03,omari akhmedov,odds_frame
hector lombard,1978-02-02,2015-01-03,hector lombard,odds_frame
myles jury,1988-10-31,2015-01-03,myles jury,odds_frame
kyoji horiguchi,1990-10-12,2015-01-03,kyoji horiguchi,odds_frame
brad tavares,1987-12-21,2015-01-03,brad tavares,odds_frame
donald cerrone,1983-03-29,2015-01-03,donald cerrone,odds_frame
jon jones,1987-07-19,2015-01-03,jon jones,odds_frame
marcus brimage,1985-04-06,2015-01-03,marcus brimage,odds_frame
evan dunham,1981-12-18,2015-01-03,evan dunham,odds_frame
daniel cormier,1979-03-20,2015-01-03,daniel cormier,odds_frame
rodrigo damm,1980-02-03,2015-01-03,rodrigo damm,odds_frame
nate marquardt,1979-04-20,2015-01-03,nate marquardt,odds_frame
louis gaudinot,1984-08-28,2015-01-03,louis gaudinot,odds_frame
mats nilsson,1983-12-05,2015-01-03,mats nilsson,odds_frame
paul felder,1984-04-25,2015-01-03,paul felder,odds_frame
cody garbrandt,1991-07-07,2015-01-03,cody garbrandt,odds_frame
jared cannonier,1984-03-16,2015-01-03,jared cannonier,odds_frame
joshua burkman,1980-04-10,2015-01-03,joshua burkman,odds_frame
tateki matsuda,1986-02-27,2015-01-18,tateki matsuda,odds_frame
matt van buren,1986-06-12,2015-01-18,matt van buren,odds_frame
johnny case,1989-06-28,2015-01-18,johnny case,odds_frame
zhang lipeng,1990-03-10,2015-01-18,zhang lipeng,odds_frame
charles rosa,1986-08-24,2015-01-18,charles rosa,odds_frame
cathal pendred,1987-09-02,2015-01-18,cathal pendred,odds_frame
norman parke,1986-12-22,2015-01-18,norman parke,odds_frame
sean soriano,1989-10-06,2015-01-18,sean soriano,odds_frame
donald cerrone,1983-03-29,2015-01-18,donald cerrone,odds_frame
lorenz larkin,1986-09-03,2015-01-18,lorenz larkin,odds_frame
joby sanchez,1991-06-24,2015-01-18,joby sanchez,odds_frame
sean o'connell,1983-09-02,2015-01-18,sean o connell,odds_frame
benson henderson,1983-11-16,2015-01-18,benson henderson,odds_frame
frankie perez,1989-05-11,2015-01-18,frankie perez,odds_frame
chris wade,1987-09-30,2015-01-18,chris wade,odds_frame
conor mcgregor,1988-07-14,2015-01-18,conor mcgregor,odds_frame
john howard,1983-03-01,2015-01-18,john howard,odds_frame
dennis siver,1979-01-13,2015-01-18,dennis siver,odds_frame
gleison tibau,1983-10-07,2015-01-18,gleison tibau,odds_frame
sean spencer,1987-06-25,2015-01-18,sean spencer,odds_frame
alexander gustafsson,1987-01-15,2015-01-24,alexander gustafsson,odds_frame
paul redmond,1986-10-20,2015-01-24,paul redmond,odds_frame
chris beal,1985-08-06,2015-01-24,chris beal,odds_frame
stanislav nedkov,1981-12-09,2015-01-24,stanislav nedkov,odds_frame
makwan amirkhani,1988-11-08,2015-01-24,makwan amirkhani,odds_frame
anthony christodoulou,1987-07-30,2015-01-24,anthony christodoulou,odds_frame
sam sicilia,1986-02-01,2015-01-24,sam sicilia,odds_frame
gegard mousasi,1985-08-01,2015-01-24,gegard mousasi,odds_frame
anthony johnson,1984-03-06,2015-01-24,anthony johnson,odds_frame
konstantin erokhin,1983-01-31,2015-01-24,konstantin erokhin,odds_frame
ryan bader,1983-06-07,2015-01-24,ryan bader,odds_frame
akira corassani,1982-08-27,2015-01-24,akira corassani,odds_frame
mairbek taisumov,1988-08-08,2015-01-24,mairbek taisumov,odds_frame
andy ogle,1989-02-16,2015-01-24,andy ogle,odds_frame
nikita krylov,1992-03-07,2015-01-24,nikita krylov,odds_frame
neil seery,1979-08-30,2015-01-24,neil seery,odds_frame
mirsad bektic,1991-02-16,2015-01-24,mirsad bektic,odds_frame
viktor pesta,1990-07-15,2015-01-24,viktor pesta,odds_frame
kenny robertson,1984-02-14,2015-01-24,kenny robertson,odds_frame
dan henderson,1970-08-24,2015-01-24,dan henderson,odds_frame
sultan aliev,1984-09-17,2015-01-24,sultan aliev,odds_frame
phil davis,1984-09-25,2015-01-24,phil davis,odds_frame
tyron woodley,1982-04-07,2015-01-31,tyron woodley,odds_frame
joe lauzon,1984-05-22,2015-01-31,joe lauzon,odds_frame
thales leites,1981-09-06,2015-01-31,thales leites,odds_frame
jordan mein,1989-10-10,2015-01-31,jordan mein,odds_frame
ian mccall,1984-05-07,2015-01-31,ian mccall,odds_frame
rafael natal,1982-12-25,2015-01-31,rafael natal,odds_frame
richardson moreira,1984-03-31,2015-01-31,richardson moreira,odds_frame
thiago santos,1984-01-07,2015-01-31,thiago santos,odds_frame
ed herman,1980-10-02,2015-01-31,ed herman,odds_frame
nick diaz,1983-08-02,2015-01-31,nick diaz,odds_frame
kelvin gastelum,1991-10-24,2015-01-31,kelvin gastelum,odds_frame
anderson silva,1975-04-14,2015-01-31,anderson silva,odds_frame
tim boetsch,1981-01-28,2015-01-31,tim boetsch,odds_frame
derek brunson,1984-01-04,2015-01-31,derek brunson,odds_frame
andy enz,1991-08-15,2015-01-31,andy enz,odds_frame
ildemar alcantara,1982-11-18,2015-01-31,ildemar alcantara,odds_frame
tom watson,1982-07-13,2015-01-31,tom watson,odds_frame
al iaquinta,1987-04-30,2015-01-31,al iaquinta,odds_frame
john lineker,1990-06-12,2015-01-31,john lineker,odds_frame
thiago alves,1983-10-03,2015-01-31,thiago alves,odds_frame
daniel kelly,1977-10-31,2015-02-14,daniel kelly,odds_frame
efrain escudero,1986-01-15,2015-02-14,efrain escudero,odds_frame
rodrigo de lima,1991-03-12,2015-02-14,rodrigo de lima,odds_frame
michel prazeres,1981-07-25,2015-02-14,michel prazeres,odds_frame
benson henderson,1983-11-16,2015-02-14,benson henderson,odds_frame
zach makovsky,1983-04-19,2015-02-14,zach makovsky,odds_frame
james moontasri,1988-04-10,2015-02-14,james moontasri,odds_frame
chas skelly,1985-05-11,2015-02-14,chas skelly,odds_frame
neil magny,1987-08-03,2015-02-14,neil magny,odds_frame
ray borg,1993-08-04,2015-02-14,ray borg,odds_frame
max holloway,1991-12-04,2015-02-14,max holloway,odds_frame
patrick walsh,1988-11-28,2015-02-14,patrick walsh,odds_frame
brandon thatch,1985-07-11,2015-02-14,brandon thatch,odds_frame
kiichi kunimoto,1981-05-01,2015-02-14,kiichi kunimoto,odds_frame
cole miller,1984-04-26,2015-02-14,cole miller,odds_frame
chris kelades,1981-02-21,2015-02-14,chris kelades,odds_frame
kevin lee,1992-09-04,2015-02-14,kevin lee,odds_frame
tim elliott,1986-12-24,2015-02-14,tim elliott,odds_frame
cody pfister,1990-07-12,2015-02-14,cody pfister,odds_frame
jim alers,1986-10-14,2015-02-14,jim alers,odds_frame
sam alvey,1986-05-06,2015-02-22,sam alvey,odds_frame
santiago ponzinibbio,1986-09-26,2015-02-22,santiago ponzinibbio,odds_frame
antonio silva,1979-09-14,2015-02-22,antonio silva,odds_frame
sean strickland,1991-02-27,2015-02-22,sean strickland,odds_frame
cezar ferreira,1985-02-15,2015-02-22,cezar ferreira,odds_frame
iuri alcantara,1980-08-04,2015-02-22,iuri alcantara,odds_frame
frankie saenz,1980-08-12,2015-02-22,frankie saenz,odds_frame
edson barboza,1986-01-21,2015-02-22,edson barboza,odds_frame
michael johnson,1986-06-04,2015-02-22,michael johnson,odds_frame
frank mir,1979-05-24,2015-02-22,frank mir,odds_frame
matt dwyer,1989-12-17,2015-02-22,matt dwyer,odds_frame
adriano martins,1982-12-16,2015-02-22,adriano martins,odds_frame
cody gibson,1987-09-11,2015-02-22,cody gibson,odds_frame
rustam khabilov,1986-11-04,2015-02-22,rustam khabilov,odds_frame
josh shockley,1989-11-15,2015-02-22,josh shockley,odds_frame
ivan jorge,1980-11-07,2015-02-22,ivan jorge,odds_frame
douglas silva de andrade,1985-06-22,2015-02-22,douglas silva de andrade,odds_frame
william macario,1991-07-01,2015-02-22,william macario,odds_frame
james krause,1986-06-04,2015-02-28,james krause,odds_frame
tony ferguson,1984-02-12,2015-02-28,tony ferguson,odds_frame
derrick lewis,1985-02-07,2015-02-28,derrick lewis,odds_frame
dhiego lima,1989-01-31,2015-02-28,dhiego lima,odds_frame
roman salazar,1988-02-21,2015-02-28,roman salazar,odds_frame
mark munoz,1978-02-09,2015-02-28,mark munoz,odds_frame
jake ellenberger,1985-03-28,2015-02-28,jake ellenberger,odds_frame
roan carneiro,1978-06-02,2015-02-28,roan carneiro,odds_frame
gleison tibau,1983-10-07,2015-02-28,gleison tibau,odds_frame
masio fullen,1986-10-06,2015-02-28,masio fullen,odds_frame
alex torres,1988-05-29,2015-02-28,alex torres,odds_frame
richard walsh,1988-12-01,2015-02-28,richard walsh,odds_frame
valmir lazaro,1985-08-15,2015-02-28,valmir lazaro,odds_frame
ruan potts,1978-02-23,2015-02-28,ruan potts,odds_frame
tim means,1984-02-20,2015-02-28,tim means,odds_frame
alan jouban,1981-11-25,2015-02-28,alan jouban,odds_frame
norifumi yamamoto,1977-03-15,2015-02-28,norifumi yamamoto,odds_frame
josh koscheck,1977-11-30,2015-02-28,josh koscheck,odds_frame
rafael dos anjos,1984-10-26,2015-03-14,rafael dos anjos,odds_frame
jared rosholt,1986-08-04,2015-03-14,jared rosholt,odds_frame
ross pearson,1984-09-26,2015-03-14,ross pearson,odds_frame
sergio pettis,1993-08-18,2015-03-14,sergio pettis,odds_frame
daron cruickshank,1985-06-11,2015-03-14,daron cruickshank,odds_frame
elias theodorou,1988-05-31,2015-03-14,elias theodorou,odds_frame
anthony pettis,1987-01-27,2015-03-14,anthony pettis,odds_frame
chris cariaso,1981-05-27,2015-03-14,chris cariaso,odds_frame
roy nelson,1976-06-20,2015-03-14,roy nelson,odds_frame
johny hendricks,1983-09-12,2015-03-14,johny hendricks,odds_frame
beneil dariush,1989-05-06,2015-03-14,beneil dariush,odds_frame
alistair overeem,1980-05-17,2015-03-14,alistair overeem,odds_frame
matt brown,1981-01-10,2015-03-14,matt brown,odds_frame
roger narvaez,1983-09-09,2015-03-14,roger narvaez,odds_frame
ryan benoit,1989-08-25,2015-03-14,ryan benoit,odds_frame
sam stout,1984-04-23,2015-03-14,sam stout,odds_frame
josh copeland,1982-10-20,2015-03-14,josh copeland,odds_frame
henry cejudo,1987-02-09,2015-03-14,henry cejudo,odds_frame
bentley syler,1982-12-22,2015-03-21,bentley syler,odds_frame
demian maia,1977-11-06,2015-03-21,demian maia,odds_frame
erick silva,1984-06-21,2015-03-21,erick silva,odds_frame
gilbert burns,1986-07-20,2015-03-21,gilbert burns,odds_frame
godofredo pepey,1987-07-02,2015-03-21,godofredo pepey,odds_frame
francisco trinaldo,1978-08-24,2015-03-21,francisco trinaldo,odds_frame
leandro silva,1985-11-11,2015-03-21,leandro silva,odds_frame
leonardo mafra,1989-04-25,2015-03-21,leonardo mafra,odds_frame
jorge de oliveira,1980-01-22,2015-03-21,jorge de oliveira,odds_frame
drew dober,1988-10-19,2015-03-21,drew dober,odds_frame
akbarh arreola,1983-01-14,2015-03-21,akbarh arreola,odds_frame
andre fili,1990-06-25,2015-03-21,andre fili,odds_frame
christos giagos,1990-01-23,2015-03-21,christos giagos,odds_frame
alex oliveira,1988-02-21,2015-03-21,alex oliveira,odds_frame
josh koscheck,1977-11-30,2015-03-21,josh koscheck,odds_frame
ryan laflare,1983-10-01,2015-03-21,ryan laflare,odds_frame
cain carrizosa,1986-07-22,2015-03-21,cain carrizosa,odds_frame
fredy serrano,1979-09-22,2015-03-21,fredy serrano,odds_frame
chad mendes,1985-05-01,2015-04-04,chad mendes,odds_frame
diego ferreira,1985-01-18,2015-04-04,diego ferreira,odds_frame
mitch clarke,1985-11-24,2015-04-04,mitch clarke,odds_frame
dustin poirier,1989-01-19,2015-04-04,dustin poirier,odds_frame
jorge masvidal,1984-11-12,2015-04-04,jorge masvidal,odds_frame
ricardo lamas,1982-05-21,2015-04-04,ricardo lamas,odds_frame
al iaquinta,1987-04-30,2015-04-04,al iaquinta,odds_frame
justin jones,1987-09-06,2015-04-04,justin jones,odds_frame
alexander yakovlev,1984-07-18,2015-04-04,alexander yakovlev,odds_frame
michael chiesa,1987-12-07,2015-04-04,michael chiesa,odds_frame
ron stallings,1983-01-25,2015-04-04,ron stallings,odds_frame
gray maynard,1979-05-09,2015-04-04,gray maynard,odds_frame
jimi manuwa,1980-02-18,2015-04-11,jimi manuwa,odds_frame
seth baczynski,1981-10-26,2015-04-11,seth baczynski,odds_frame
garreth mclellan,1982-09-01,2015-04-11,garreth mclellan,odds_frame
sergio moraes,1982-07-23,2015-04-11,sergio moraes,odds_frame
stevie ray,1990-03-25,2015-04-11,stevie ray,odds_frame
leon edwards,1991-08-25,2015-04-11,leon edwards,odds_frame
mirko filipovic,1974-09-10,2015-04-11,mirko filipovic,odds_frame
marcin bandel,1989-10-10,2015-04-11,marcin bandel,odds_frame
anthony hamilton,1980-04-14,2015-04-11,anthony hamilton,odds_frame
daniel omielanczuk,1982-08-31,2015-04-11,daniel omielanczuk,odds_frame
damian stasiak,1990-02-20,2015-04-11,damian stasiak,odds_frame
yaotzin meza,1981-02-04,2015-04-11,yaotzin meza,odds_frame
bartosz fabinski,1986-04-26,2015-04-11,bartosz fabinski,odds_frame
sheldon westcott,1984-08-20,2015-04-11,sheldon westcott,odds_frame
pawel pawlak,1989-02-08,2015-04-11,pawel pawlak,odds_frame
mickael lebout,1987-08-16,2015-04-11,mickael lebout,odds_frame
jan blachowicz,1983-02-24,2015-04-11,jan blachowicz,odds_frame
rocky lee,1987-04-08,2015-04-11,rocky lee,odds_frame
gabriel gonzaga,1979-05-18,2015-04-11,gabriel gonzaga,odds_frame
taylor lapilus,1992-04-08,2015-04-11,taylor lapilus,odds_frame
lyoto machida,1978-05-30,2015-04-18,lyoto machida,odds_frame
corey anderson,1989-09-22,2015-04-18,corey anderson,odds_frame
george sullivan,1981-03-13,2015-04-18,george sullivan,odds_frame
jim miller,1983-08-30,2015-04-18,jim miller,odds_frame
cub swanson,1983-11-02,2015-04-18,cub swanson,odds_frame
jacare souza,1979-12-07,2015-04-18,jacare souza,odds_frame
eddie gordon,1983-07-22,2015-04-18,eddie gordon,odds_frame
ovince saint preux,1983-04-08,2015-04-18,ovince saint preux,odds_frame
takeya mizugaki,1983-12-16,2015-04-18,takeya mizugaki,odds_frame
patrick cummins,1980-11-16,2015-04-18,patrick cummins,odds_frame
diego brandao,1987-05-27,2015-04-18,diego brandao,odds_frame
luke rockhold,1984-10-17,2015-04-18,luke rockhold,odds_frame
beneil dariush,1989-05-06,2015-04-18,beneil dariush,odds_frame
max holloway,1991-12-04,2015-04-18,max holloway,odds_frame
aljamain sterling,1989-07-31,2015-04-18,aljamain sterling,odds_frame
tim means,1984-02-20,2015-04-18,tim means,odds_frame
gian villante,1985-08-18,2015-04-18,gian villante,odds_frame
jimy hettes,1987-06-09,2015-04-18,jimy hettes,odds_frame
chris dempsey,1987-09-08,2015-04-18,chris dempsey,odds_frame
chris camozzi,1986-11-20,2015-04-18,chris camozzi,odds_frame
bryan barberena,1989-05-03,2015-04-25,bryan barberena,odds_frame
john makdessi,1985-05-03,2015-04-25,john makdessi,odds_frame
patrick cote,1980-02-29,2015-04-25,patrick cote,odds_frame
cb dollaway,1983-08-10,2015-04-25,cb dollaway,odds_frame
quinton jackson,1978-06-20,2015-04-25,quinton jackson,odds_frame
demetrious johnson,1986-08-13,2015-04-25,demetrious johnson,odds_frame
michael bisping,1979-02-28,2015-04-25,michael bisping,odds_frame
david michaud,1988-11-10,2015-04-25,david michaud,odds_frame
chad laprise,1986-07-23,2015-04-25,chad laprise,odds_frame
shane campbell,1987-01-21,2015-04-25,shane campbell,odds_frame
thomas almeida,1991-07-31,2015-04-25,thomas almeida,odds_frame
joe riggs,1982-09-23,2015-04-25,joe riggs,odds_frame
fabio maldonado,1980-03-17,2015-04-25,fabio maldonado,odds_frame
nordine taleb,1981-06-10,2015-04-25,nordine taleb,odds_frame
olivier aubin-mercier,1989-02-23,2015-04-25,olivier aubin mercier,odds_frame
kyoji horiguchi,1990-10-12,2015-04-25,kyoji horiguchi,odds_frame
yves jabouin,1979-05-30,2015-04-25,yves jabouin,odds_frame
chris clements,1976-02-09,2015-04-25,chris clements,odds_frame
dylan andrews,1979-11-15,2015-05-09,dylan andrews,odds_frame
daniel kelly,1977-10-31,2015-05-09,daniel kelly,odds_frame
james vick,1987-02-23,2015-05-09,james vick,odds_frame
kyle noke,1980-03-18,2015-05-09,kyle noke,odds_frame
jake matthews,1994-08-19,2015-05-09,jake matthews,odds_frame
jonavin webb,1989-04-28,2015-05-09,jonavin webb,odds_frame
anthony perosh,1972-10-05,2015-05-09,anthony perosh,odds_frame
brad tavares,1987-12-21,2015-05-09,brad tavares,odds_frame
sam alvey,1986-05-06,2015-05-09,sam alvey,odds_frame
stipe miocic,1982-08-19,2015-05-09,stipe miocic,odds_frame
brad scott,1989-06-24,2015-05-09,brad scott,odds_frame
brendan o'reilly,1987-06-24,2015-05-09,brendan o reilly,odds_frame
ben nguyen,1988-08-03,2015-05-09,ben nguyen,odds_frame
mark hunt,1974-03-23,2015-05-09,mark hunt,odds_frame
robert whittaker,1990-12-20,2015-05-09,robert whittaker,odds_frame
alptekin ozkilic,1986-03-27,2015-05-09,alptekin ozkilic,odds_frame
vik grujic,1977-02-06,2015-05-09,vik grujic,odds_frame
sean o'connell,1983-09-02,2015-05-09,sean o connell,odds_frame
mark eddiva,1986-02-16,2015-05-16,mark eddiva,odds_frame
frankie edgar,1981-10-16,2015-05-16,frankie edgar,odds_frame
mark munoz,1978-02-09,2015-05-16,mark munoz,odds_frame
li jingliang,1988-03-20,2015-05-16,li jingliang,odds_frame
phillipe nover,1984-02-03,2015-05-16,phillipe nover,odds_frame
hyun gyu lim,1985-01-16,2015-05-16,hyun gyu lim,odds_frame
tae hyun bang,1983-04-15,2015-05-16,tae hyun bang,odds_frame
dhiego lima,1989-01-31,2015-05-16,dhiego lima,odds_frame
levan makashvili,1989-01-07,2015-05-16,levan makashvili,odds_frame
jon tuck,1984-08-28,2015-05-16,jon tuck,odds_frame
urijah faber,1979-05-14,2015-05-16,urijah faber,odds_frame
yui chul nam,1981-07-16,2015-05-16,yui chul nam,odds_frame
neil magny,1987-08-03,2015-05-16,neil magny,odds_frame
luke barnatt,1988-04-13,2015-05-16,luke barnatt,odds_frame
leo kuntz,1983-10-03,2015-05-23,leo kuntz,odds_frame
justin scoggins,1992-05-02,2015-05-23,justin scoggins,odds_frame
islam makhachev,1991-10-27,2015-05-23,islam makhachev,odds_frame
josh sampo,1984-07-24,2015-05-23,josh sampo,odds_frame
zach makovsky,1983-04-19,2015-05-23,zach makovsky,odds_frame
anthony johnson,1984-03-06,2015-05-23,anthony johnson,odds_frame
andrei arlovski,1979-02-04,2015-05-23,andrei arlovski,odds_frame
dong hyun kim,1981-11-17,2015-05-23,dong hyun kim,odds_frame
john moraga,1984-03-20,2015-05-23,john moraga,odds_frame
joseph benavidez,1984-07-31,2015-05-23,joseph benavidez,odds_frame
john makdessi,1985-05-03,2015-05-23,john makdessi,odds_frame
joshua burkman,1980-04-10,2015-05-23,joshua burkman,odds_frame
daniel cormier,1979-03-20,2015-05-23,daniel cormier,odds_frame
john dodson,1984-09-26,2015-05-23,john dodson,odds_frame
colby covington,1988-02-22,2015-05-23,colby covington,odds_frame
vitor belfort,1977-04-01,2015-05-23,vitor belfort,odds_frame
uriah hall,1984-07-31,2015-05-23,uriah hall,odds_frame
rafael natal,1982-12-25,2015-05-23,rafael natal,odds_frame
donald cerrone,1983-03-29,2015-05-23,donald cerrone,odds_frame
mike pyle,1975-09-18,2015-05-23,mike pyle,odds_frame
chris weidman,1984-06-17,2015-05-23,chris weidman,odds_frame
travis browne,1982-07-17,2015-05-23,travis browne,odds_frame
lucas martins,1988-11-11,2015-05-30,lucas martins,odds_frame
jussier formiga,1985-04-14,2015-05-30,jussier formiga,odds_frame
kj noons,1982-12-07,2015-05-30,kj noons,odds_frame
luiz dutra,1982-05-06,2015-05-30,luiz dutra,odds_frame
rony jason,1984-03-21,2015-05-30,rony jason,odds_frame
francisco trinaldo,1978-08-24,2015-05-30,francisco trinaldo,odds_frame
nik lentz,1984-08-13,2015-05-30,nik lentz,odds_frame
charles oliveira,1989-10-17,2015-05-30,charles oliveira,odds_frame
carlos condit,1984-04-26,2015-05-30,carlos condit,odds_frame
tom breese,1991-09-26,2015-05-30,tom breese,odds_frame
mirsad bektic,1991-02-16,2015-05-30,mirsad bektic,odds_frame
wilson reis,1985-01-06,2015-05-30,wilson reis,odds_frame
damon jackson,1988-08-08,2015-05-30,damon jackson,odds_frame
ryan jimmo,1981-11-27,2015-05-30,ryan jimmo,odds_frame
thiago alves,1983-10-03,2015-05-30,thiago alves,odds_frame
alex oliveira,1988-02-21,2015-05-30,alex oliveira,odds_frame
francimar barroso,1980-02-28,2015-05-30,francimar barroso,odds_frame
norman parke,1986-12-22,2015-05-30,norman parke,odds_frame
tim boetsch,1981-01-28,2015-06-06,tim boetsch,odds_frame
brian ebersole,1980-11-27,2015-06-06,brian ebersole,odds_frame
francisco rivera,1981-10-08,2015-06-06,francisco rivera,odds_frame
thiago tavares,1984-11-08,2015-06-06,thiago tavares,odds_frame
dustin poirier,1989-01-19,2015-06-06,dustin poirier,odds_frame
ben rothwell,1981-10-17,2015-06-06,ben rothwell,odds_frame
dan henderson,1970-08-24,2015-06-06,dan henderson,odds_frame
joe soto,1987-03-22,2015-06-06,joe soto,odds_frame
derrick lewis,1985-02-07,2015-06-06,derrick lewis,odds_frame
leonardo morales,1992-12-22,2015-06-06,leonardo morales,odds_frame
justin edwards,1983-01-26,2015-06-06,justin edwards,odds_frame
christos giagos,1990-01-23,2015-06-06,christos giagos,odds_frame
omari akhmedov,1987-10-12,2015-06-06,omari akhmedov,odds_frame
alex caceres,1988-06-20,2015-06-06,alex caceres,odds_frame
brian ortega,1991-02-21,2015-06-06,brian ortega,odds_frame
yancy medeiros,1987-09-07,2015-06-06,yancy medeiros,odds_frame
matt mitrione,1978-07-15,2015-06-06,matt mitrione,odds_frame
chris wade,1987-09-30,2015-06-06,chris wade,odds_frame
joe proctor,1985-08-10,2015-06-06,joe proctor,odds_frame
jake collier,1988-10-25,2015-06-06,jake collier,odds_frame
anthony birchak,1986-05-16,2015-06-06,anthony birchak,odds_frame
shawn jordan,1984-10-21,2015-06-06,shawn jordan,odds_frame
ricardo abreu,1984-04-27,2015-06-06,ricardo abreu,odds_frame
jose quinonez,1990-07-28,2015-06-06,jose quinonez,odds_frame
gabriel benitez,1988-06-15,2015-06-13,gabriel benitez,odds_frame
henry cejudo,1987-02-09,2015-06-13,henry cejudo,odds_frame
efrain escudero,1986-01-15,2015-06-13,efrain escudero,odds_frame
kelvin gastelum,1991-10-24,2015-06-13,kelvin gastelum,odds_frame
patrick williams,1981-09-07,2015-06-13,patrick williams,odds_frame
charles rosa,1986-08-24,2015-06-13,charles rosa,odds_frame
eddie alvarez,1984-01-11,2015-06-13,eddie alvarez,odds_frame
yair rodriguez,1992-10-06,2015-06-13,yair rodriguez,odds_frame
clay collard,1993-03-10,2015-06-13,clay collard,odds_frame
drew dober,1988-10-19,2015-06-13,drew dober,odds_frame
cain velasquez,1982-07-28,2015-06-13,cain velasquez,odds_frame
johnny case,1989-06-28,2015-06-13,johnny case,odds_frame
cathal pendred,1987-09-02,2015-06-13,cathal pendred,odds_frame
alejandro perez,1989-09-02,2015-06-13,alejandro perez,odds_frame
chico camus,1985-01-26,2015-06-13,chico camus,odds_frame
gilbert melendez,1982-04-12,2015-06-13,gilbert melendez,odds_frame
nate marquardt,1979-04-20,2015-06-13,nate marquardt,odds_frame
fabricio werdum,1977-07-30,2015-06-13,fabricio werdum,odds_frame
francisco trevino,1981-12-17,2015-06-13,francisco trevino,odds_frame
augusto montano,1984-10-25,2015-06-13,augusto montano,odds_frame
yuta sasaki,1989-10-07,2015-06-20,yuta sasaki,odds_frame
piotr hallmann,1987-08-25,2015-06-20,piotr hallmann,odds_frame
antonio dos santos,1988-07-21,2015-06-20,antonio dos santos,odds_frame
noad lahat,1984-06-08,2015-06-20,noad lahat,odds_frame
lukasz sajewski,1990-11-27,2015-06-20,lukasz sajewski,odds_frame
steve kennedy,1983-03-07,2015-06-20,steve kennedy,odds_frame
alan patrick,1983-07-19,2015-06-20,alan patrick,odds_frame
masio fullen,1986-10-06,2015-06-20,masio fullen,odds_frame
tatsuya kawajiri,1978-05-08,2015-06-20,tatsuya kawajiri,odds_frame
arnold allen,1994-01-22,2015-06-20,arnold allen,odds_frame
magomed mustafaev,1988-08-02,2015-06-20,magomed mustafaev,odds_frame
scott askham,1988-05-20,2015-06-20,scott askham,odds_frame
alan omer,1988-09-14,2015-06-20,alan omer,odds_frame
taylor lapilus,1992-04-08,2015-06-20,taylor lapilus,odds_frame
niklas backstrom,1989-08-22,2015-06-20,niklas backstrom,odds_frame
nick hein,1984-04-24,2015-06-20,nick hein,odds_frame
makwan amirkhani,1988-11-08,2015-06-20,makwan amirkhani,odds_frame
mairbek taisumov,1988-08-08,2015-06-20,mairbek taisumov,odds_frame
dennis siver,1979-01-13,2015-06-20,dennis siver,odds_frame
peter sobotta,1987-01-11,2015-06-20,peter sobotta,odds_frame
steve bosse,1981-07-29,2015-06-27,steve bosse,odds_frame
danny martinez,1985-06-14,2015-06-27,danny martinez,odds_frame
santiago ponzinibbio,1986-09-26,2015-06-27,santiago ponzinibbio,odds_frame
alex oliveira,1988-02-21,2015-06-27,alex oliveira,odds_frame
leandro silva,1985-11-11,2015-06-27,leandro silva,odds_frame
steve montgomery,1990-12-19,2015-06-27,steve montgomery,odds_frame
hacran dias,1984-06-16,2015-06-27,hacran dias,odds_frame
sirwan kakai,1989-10-03,2015-06-27,sirwan kakai,odds_frame
levan makashvili,1989-01-07,2015-06-27,levan makashvili,odds_frame
joe merritt,1984-03-07,2015-06-27,joe merritt,odds_frame
lorenz larkin,1986-09-03,2015-06-27,lorenz larkin,odds_frame
tony sims,1985-10-14,2015-06-27,tony sims,odds_frame
eddie gordon,1983-07-22,2015-06-27,eddie gordon,odds_frame
yoel romero,1977-04-30,2015-06-27,yoel romero,odds_frame
antonio carlos junior,1990-03-16,2015-06-27,antonio carlos junior,odds_frame
lyoto machida,1978-05-30,2015-06-27,lyoto machida,odds_frame
lewis gonzalez,1987-09-19,2015-06-27,lewis gonzalez,odds_frame
thiago santos,1984-01-07,2015-06-27,thiago santos,odds_frame
gunnar nelson,1988-07-28,2015-07-11,gunnar nelson,odds_frame
jeremy stephens,1986-05-25,2015-07-11,jeremy stephens,odds_frame
conor mcgregor,1988-07-14,2015-07-11,conor mcgregor,odds_frame
brandon thatch,1985-07-11,2015-07-11,brandon thatch,odds_frame
rory macdonald,1989-07-22,2015-07-11,rory macdonald,odds_frame
matt brown,1981-01-10,2015-07-11,matt brown,odds_frame
alex garcia,1987-07-14,2015-07-11,alex garcia,odds_frame
robbie lawler,1982-03-20,2015-07-11,robbie lawler,odds_frame
louis smolka,1991-07-16,2015-07-11,louis smolka,odds_frame
brad pickett,1978-09-24,2015-07-11,brad pickett,odds_frame
henry briones,1980-10-22,2015-07-11,henry briones,odds_frame
mike swick,1979-06-19,2015-07-11,mike swick,odds_frame
john howard,1983-03-01,2015-07-11,john howard,odds_frame
cody pfister,1990-07-12,2015-07-11,cody pfister,odds_frame
cody garbrandt,1991-07-07,2015-07-11,cody garbrandt,odds_frame
chad mendes,1985-05-01,2015-07-11,chad mendes,odds_frame
yosdenis cedeno,1985-02-12,2015-07-11,yosdenis cedeno,odds_frame
thomas almeida,1991-07-31,2015-07-11,thomas almeida,odds_frame
cathal pendred,1987-09-02,2015-07-11,cathal pendred,odds_frame
dennis bermudez,1986-12-13,2015-07-11,dennis bermudez,odds_frame
tim means,1984-02-20,2015-07-11,tim means,odds_frame
neil seery,1979-08-30,2015-07-11,neil seery,odds_frame
dominic waters,1989-04-11,2015-07-12,dominic waters,odds_frame
mike de la torre,1986-09-22,2015-07-12,mike de la torre,odds_frame
willie gates,1987-01-21,2015-07-12,willie gates,odds_frame
trevor smith,1981-01-05,2015-07-12,trevor smith,odds_frame
jerrod sanders,1979-10-01,2015-07-12,jerrod sanders,odds_frame
cezar ferreira,1985-02-15,2015-07-12,cezar ferreira,odds_frame
hayder hassan,1982-10-20,2015-07-12,hayder hassan,odds_frame
stephen thompson,1983-02-11,2015-07-12,stephen thompson,odds_frame
darrell montague,1987-11-03,2015-07-12,darrell montague,odds_frame
dan miller,1981-06-30,2015-07-12,dan miller,odds_frame
russell doane,1986-08-13,2015-07-12,russell doane,odds_frame
josh samman,1988-03-14,2015-07-12,josh samman,odds_frame
maximo blanco,1983-10-16,2015-07-12,maximo blanco,odds_frame
jorge masvidal,1984-11-12,2015-07-12,jorge masvidal,odds_frame
jake ellenberger,1985-03-28,2015-07-12,jake ellenberger,odds_frame
kamaru usman,1987-05-11,2015-07-12,kamaru usman,odds_frame
caio magalhaes,1987-12-14,2015-07-12,caio magalhaes,odds_frame
george sullivan,1981-03-13,2015-07-12,george sullivan,odds_frame
kevin lee,1992-09-04,2015-07-15,kevin lee,odds_frame
tony ferguson,1984-02-12,2015-07-15,tony ferguson,odds_frame
alan jouban,1981-11-25,2015-07-15,alan jouban,odds_frame
frank mir,1979-05-24,2015-07-15,frank mir,odds_frame
kevin casey,1981-06-15,2015-07-15,kevin casey,odds_frame
igor araujo,1980-12-06,2015-07-15,igor araujo,odds_frame
josh thomson,1978-09-21,2015-07-15,josh thomson,odds_frame
rani yahya,1984-09-12,2015-07-15,rani yahya,odds_frame
yaotzin meza,1981-02-04,2015-07-15,yaotzin meza,odds_frame
james moontasri,1988-04-10,2015-07-15,james moontasri,odds_frame
andrew craig,1986-01-15,2015-07-15,andrew craig,odds_frame
matt dwyer,1989-12-17,2015-07-15,matt dwyer,odds_frame
sam sicilia,1986-02-01,2015-07-15,sam sicilia,odds_frame
todd duffee,1985-12-06,2015-07-15,todd duffee,odds_frame
sean strickland,1991-02-27,2015-07-15,sean strickland,odds_frame
masanori kanehara,1982-11-19,2015-07-15,masanori kanehara,odds_frame
ildemar alcantara,1982-11-18,2015-07-15,ildemar alcantara,odds_frame
lyman good,1985-05-26,2015-07-15,lyman good,odds_frame
teemu packalen,1987-05-22,2015-07-18,teemu packalen,odds_frame
jimmie rivera,1989-06-29,2015-07-18,jimmie rivera,odds_frame
vaughan lee,1982-10-15,2015-07-18,vaughan lee,odds_frame
ross pearson,1984-09-26,2015-07-18,ross pearson,odds_frame
leonardo mafra,1989-04-25,2015-07-18,leonardo mafra,odds_frame
michael bisping,1979-02-28,2015-07-18,michael bisping,odds_frame
evan dunham,1981-12-18,2015-07-18,evan dunham,odds_frame
paddy holohan,1988-05-03,2015-07-18,paddy holohan,odds_frame
daniel omielanczuk,1982-08-31,2015-07-18,daniel omielanczuk,odds_frame
marcus brimage,1985-04-06,2015-07-18,marcus brimage,odds_frame
robert whiteford,1983-04-12,2015-07-18,robert whiteford,odds_frame
thales leites,1981-09-06,2015-07-18,thales leites,odds_frame
mickael lebout,1987-08-16,2015-07-18,mickael lebout,odds_frame
ilir latifi,1982-07-28,2015-07-18,ilir latifi,odds_frame
leon edwards,1991-08-25,2015-07-18,leon edwards,odds_frame
paul redmond,1986-10-20,2015-07-18,paul redmond,odds_frame
pawel pawlak,1989-02-08,2015-07-18,pawel pawlak,odds_frame
stevie ray,1990-03-25,2015-07-18,stevie ray,odds_frame
hans stringer,1987-07-06,2015-07-18,hans stringer,odds_frame
chris de la rocha,1979-05-15,2015-07-18,chris de la rocha,odds_frame
ramsey nijem,1988-04-01,2015-07-25,ramsey nijem,odds_frame
eddie wineland,1984-06-26,2015-07-25,eddie wineland,odds_frame
kenny robertson,1984-02-14,2015-07-25,kenny robertson,odds_frame
renan barao,1987-01-31,2015-07-25,renan barao,odds_frame
jim miller,1983-08-30,2015-07-25,jim miller,odds_frame
gian villante,1985-08-18,2015-07-25,gian villante,odds_frame
joe lauzon,1984-05-22,2015-07-25,joe lauzon,odds_frame
edson barboza,1986-01-21,2015-07-25,edson barboza,odds_frame
tj dillashaw,1986-02-07,2015-07-25,tj dillashaw,odds_frame
paul felder,1984-04-25,2015-07-25,paul felder,odds_frame
ben saunders,1983-04-13,2015-07-25,ben saunders,odds_frame
takanori gomi,1978-09-22,2015-07-25,takanori gomi,odds_frame
dominique steele,1988-01-27,2015-07-25,dominique steele,odds_frame
andrew holbrook,1986-02-06,2015-07-25,andrew holbrook,odds_frame
james krause,1986-06-04,2015-07-25,james krause,odds_frame
daron cruickshank,1985-06-11,2015-07-25,daron cruickshank,odds_frame
danny castillo,1979-08-25,2015-07-25,danny castillo,odds_frame
tom lawlor,1983-05-15,2015-07-25,tom lawlor,odds_frame
zak cummings,1984-08-02,2015-07-25,zak cummings,odds_frame
bryan caraway,1984-08-04,2015-07-25,bryan caraway,odds_frame
demian maia,1977-11-06,2015-08-01,demian maia,odds_frame
hugo viana,1982-09-26,2015-08-01,hugo viana,odds_frame
iuri alcantara,1980-08-04,2015-08-01,iuri alcantara,odds_frame
warlley alves,1991-01-04,2015-08-01,warlley alves,odds_frame
rafael cavalcante,1980-04-14,2015-08-01,rafael cavalcante,odds_frame
vitor miranda,1979-03-10,2015-08-01,vitor miranda,odds_frame
antonio silva,1979-09-14,2015-08-01,antonio silva,odds_frame
stefan struve,1988-02-18,2015-08-01,stefan struve,odds_frame
reginaldo vieira,1982-11-26,2015-08-01,reginaldo vieira,odds_frame
neil magny,1987-08-03,2015-08-01,neil magny,odds_frame
leandro issa,1983-09-19,2015-08-01,leandro issa,odds_frame
nordine taleb,1981-06-10,2015-08-01,nordine taleb,odds_frame
patrick cummins,1980-11-16,2015-08-01,patrick cummins,odds_frame
clint hester,1986-11-21,2015-08-01,clint hester,odds_frame
soa palelei,1977-07-12,2015-08-01,soa palelei,odds_frame
antonio rodrigo nogueira,1976-06-02,2015-08-01,antonio rodrigo nogueira,odds_frame
dileno lopes,1984-09-26,2015-08-01,dileno lopes,odds_frame
guido cannetti,1979-12-19,2015-08-01,guido cannetti,odds_frame
rogerio nogueira,1976-06-02,2015-08-01,rogerio nogueira,odds_frame
mauricio rua,1981-11-25,2015-08-01,mauricio rua,odds_frame
beneil dariush,1989-05-06,2015-08-08,beneil dariush,odds_frame
sam alvey,1986-05-06,2015-08-08,sam alvey,odds_frame
ovince saint preux,1983-04-08,2015-08-08,ovince saint preux,odds_frame
timothy johnson,1985-03-13,2015-08-08,timothy johnson,odds_frame
jared rosholt,1986-08-04,2015-08-08,jared rosholt,odds_frame
derek brunson,1984-01-04,2015-08-08,derek brunson,odds_frame
dustin ortiz,1988-12-25,2015-08-08,dustin ortiz,odds_frame
geane herrera,1990-05-27,2015-08-08,geane herrera,odds_frame
sirwan kakai,1989-10-03,2015-08-08,sirwan kakai,odds_frame
roman salazar,1988-02-21,2015-08-08,roman salazar,odds_frame
marlon vera,1992-12-02,2015-08-08,marlon vera,odds_frame
uriah hall,1984-07-31,2015-08-08,uriah hall,odds_frame
frankie saenz,1980-08-12,2015-08-08,frankie saenz,odds_frame
chris camozzi,1986-11-20,2015-08-08,chris camozzi,odds_frame
tom watson,1982-07-13,2015-08-08,tom watson,odds_frame
michael johnson,1986-06-04,2015-08-08,michael johnson,odds_frame
scott holtzman,1983-09-30,2015-08-08,scott holtzman,odds_frame
jonathan wilson,1987-07-17,2015-08-08,jonathan wilson,odds_frame
ray borg,1993-08-04,2015-08-08,ray borg,odds_frame
oluwale bamgbose,1987-08-04,2015-08-08,oluwale bamgbose,odds_frame
willie gates,1987-01-21,2015-08-08,willie gates,odds_frame
anthony christodoulou,1987-07-30,2015-08-08,anthony christodoulou,odds_frame
chris dempsey,1987-09-08,2015-08-08,chris dempsey,odds_frame
glover teixeira,1979-10-28,2015-08-08,glover teixeira,odds_frame
chris beal,1985-08-06,2015-08-23,chris beal,odds_frame
sam stout,1984-04-23,2015-08-23,sam stout,odds_frame
yves jabouin,1979-05-30,2015-08-23,yves jabouin,odds_frame
misha cirkunov,1987-02-27,2015-08-23,misha cirkunov,odds_frame
marcos rogerio de lima,1985-06-25,2015-08-23,marcos rogerio de lima,odds_frame
frankie perez,1989-05-11,2015-08-23,frankie perez,odds_frame
felipe arantes,1988-02-09,2015-08-23,felipe arantes,odds_frame
chris kelades,1981-02-21,2015-08-23,chris kelades,odds_frame
nikita krylov,1992-03-07,2015-08-23,nikita krylov,odds_frame
patrick cote,1980-02-29,2015-08-23,patrick cote,odds_frame
shane campbell,1987-01-21,2015-08-23,shane campbell,odds_frame
neil magny,1987-08-03,2015-08-23,neil magny,odds_frame
francisco trinaldo,1978-08-24,2015-08-23,francisco trinaldo,odds_frame
max holloway,1991-12-04,2015-08-23,max holloway,odds_frame
joshua burkman,1980-04-10,2015-08-23,joshua burkman,odds_frame
olivier aubin-mercier,1989-02-23,2015-08-23,olivier aubin mercier,odds_frame
erick silva,1984-06-21,2015-08-23,erick silva,odds_frame
tony sims,1985-10-14,2015-08-23,tony sims,odds_frame
chad laprise,1986-07-23,2015-08-23,chad laprise,odds_frame
daniel jolly,1984-09-03,2015-08-23,daniel jolly,odds_frame
charles oliveira,1989-10-17,2015-08-23,charles oliveira,odds_frame
elias silverio,1986-09-22,2015-08-23,elias silverio,odds_frame
ross pearson,1984-09-26,2015-09-05,ross pearson,odds_frame
ron stallings,1983-01-25,2015-09-05,ron stallings,odds_frame
john lineker,1990-06-12,2015-09-05,john lineker,odds_frame
jan blachowicz,1983-02-24,2015-09-05,jan blachowicz,odds_frame
andrei arlovski,1979-02-04,2015-09-05,andrei arlovski,odds_frame
paul felder,1984-04-25,2015-09-05,paul felder,odds_frame
anthony johnson,1984-03-06,2015-09-05,anthony johnson,odds_frame
demetrious johnson,1986-08-13,2015-09-05,demetrious johnson,odds_frame
joaquim silva,1989-02-05,2015-09-05,joaquim silva,odds_frame
nazareno malegarie,1986-05-16,2015-09-05,nazareno malegarie,odds_frame
jimi manuwa,1980-02-18,2015-09-05,jimi manuwa,odds_frame
frank mir,1979-05-24,2015-09-05,frank mir,odds_frame
corey anderson,1989-09-22,2015-09-05,corey anderson,odds_frame
john dodson,1984-09-26,2015-09-05,john dodson,odds_frame
joe riggs,1982-09-23,2015-09-05,joe riggs,odds_frame
francisco rivera,1981-10-08,2015-09-05,francisco rivera,odds_frame
josh barnett,1977-11-10,2015-09-26,josh barnett,odds_frame
mizuto hirota,1981-05-05,2015-09-26,mizuto hirota,odds_frame
chico camus,1985-01-26,2015-09-26,chico camus,odds_frame
george roop,1981-11-10,2015-09-26,george roop,odds_frame
diego brandao,1987-05-27,2015-09-26,diego brandao,odds_frame
teruto ishihara,1991-07-23,2015-09-26,teruto ishihara,odds_frame
takeya mizugaki,1983-12-16,2015-09-26,takeya mizugaki,odds_frame
katsunori kikuno,1981-10-31,2015-09-26,katsunori kikuno,odds_frame
keita nakamura,1984-05-22,2015-09-26,keita nakamura,odds_frame
nick hein,1984-04-24,2015-09-26,nick hein,odds_frame
naoyuki kotani,1981-12-08,2015-09-26,naoyuki kotani,odds_frame
shinsho anzai,1985-12-01,2015-09-26,shinsho anzai,odds_frame
li jingliang,1988-03-20,2015-09-26,li jingliang,odds_frame
yusuke kasuya,1989-11-16,2015-09-26,yusuke kasuya,odds_frame
kajan johnson,1984-04-21,2015-09-26,kajan johnson,odds_frame
roger zapata,1986-05-09,2015-09-26,roger zapata,odds_frame
roy nelson,1976-06-20,2015-09-26,roy nelson,odds_frame
kyoji horiguchi,1990-10-12,2015-09-26,kyoji horiguchi,odds_frame
viktor pesta,1990-07-15,2015-10-03,viktor pesta,odds_frame
islam makhachev,1991-10-27,2015-10-03,islam makhachev,odds_frame
ali bagautinov,1985-06-10,2015-10-03,ali bagautinov,odds_frame
sergio pettis,1993-08-18,2015-10-03,sergio pettis,odds_frame
albert tumenov,1991-12-26,2015-10-03,albert tumenov,odds_frame
sage northcutt,1996-03-01,2015-10-03,sage northcutt,odds_frame
ruslan magomedov,1986-11-26,2015-10-03,ruslan magomedov,odds_frame
alexander gustafsson,1987-01-15,2015-10-03,alexander gustafsson,odds_frame
rashad evans,1979-09-25,2015-10-03,rashad evans,odds_frame
daniel cormier,1979-03-20,2015-10-03,daniel cormier,odds_frame
ryan bader,1983-06-07,2015-10-03,ryan bader,odds_frame
shawn jordan,1984-10-21,2015-10-03,shawn jordan,odds_frame
alan jouban,1981-11-25,2015-10-03,alan jouban,odds_frame
adriano martins,1982-12-16,2015-10-03,adriano martins,odds_frame
chris cariaso,1981-05-27,2015-10-03,chris cariaso,odds_frame
derrick lewis,1985-02-07,2015-10-03,derrick lewis,odds_frame
joseph benavidez,1984-07-31,2015-10-03,joseph benavidez,odds_frame
francisco trevino,1981-12-17,2015-10-03,francisco trevino,odds_frame
robert whiteford,1983-04-12,2015-10-24,robert whiteford,odds_frame
darren till,1992-12-24,2015-10-24,darren till,odds_frame
paddy holohan,1988-05-03,2015-10-24,paddy holohan,odds_frame
norman parke,1986-12-22,2015-10-24,norman parke,odds_frame
garreth mclellan,1982-09-01,2015-10-24,garreth mclellan,odds_frame
krzysztof jotko,1989-08-19,2015-10-24,krzysztof jotko,odds_frame
nicolas dalby,1984-11-16,2015-10-24,nicolas dalby,odds_frame
neil seery,1979-08-30,2015-10-24,neil seery,odds_frame
jon delos reyes,1987-08-19,2015-10-24,jon delos reyes,odds_frame
scott askham,1988-05-20,2015-10-24,scott askham,odds_frame
bubba bush,1985-07-24,2015-10-24,bubba bush,odds_frame
tom breese,1991-09-26,2015-10-24,tom breese,odds_frame
cathal pendred,1987-09-02,2015-10-24,cathal pendred,odds_frame
mickael lebout,1987-08-16,2015-10-24,mickael lebout,odds_frame
darren elkins,1984-05-16,2015-10-24,darren elkins,odds_frame
stevie ray,1990-03-25,2015-10-24,stevie ray,odds_frame
reza madadi,1978-06-20,2015-10-24,reza madadi,odds_frame
louis smolka,1991-07-16,2015-10-24,louis smolka,odds_frame
thiago tavares,1984-11-08,2015-11-07,thiago tavares,odds_frame
johnny case,1989-06-28,2015-11-07,johnny case,odds_frame
patrick cummins,1980-11-16,2015-11-07,patrick cummins,odds_frame
corey anderson,1989-09-22,2015-11-07,corey anderson,odds_frame
anthony birchak,1986-05-16,2015-11-07,anthony birchak,odds_frame
piotr hallmann,1987-08-25,2015-11-07,piotr hallmann,odds_frame
rashid magomedov,1984-11-29,2015-11-07,rashid magomedov,odds_frame
jimmie rivera,1989-06-29,2015-11-07,jimmie rivera,odds_frame
yan cabral,1983-05-13,2015-11-07,yan cabral,odds_frame
gleison tibau,1983-10-07,2015-11-07,gleison tibau,odds_frame
matheus nicolau,1993-01-06,2015-11-07,matheus nicolau,odds_frame
bruno korea,1991-06-28,2015-11-07,bruno korea,odds_frame
pedro munhoz,1986-09-07,2015-11-07,pedro munhoz,odds_frame
viscardi andrade,1984-03-08,2015-11-07,viscardi andrade,odds_frame
vitor belfort,1977-04-01,2015-11-07,vitor belfort,odds_frame
glover teixeira,1979-10-28,2015-11-07,glover teixeira,odds_frame
thomas almeida,1991-07-31,2015-11-07,thomas almeida,odds_frame
alex oliveira,1988-02-21,2015-11-07,alex oliveira,odds_frame
gilbert burns,1986-07-20,2015-11-07,gilbert burns,odds_frame
fabio maldonado,1980-03-17,2015-11-07,fabio maldonado,odds_frame
dan henderson,1970-08-24,2015-11-07,dan henderson,odds_frame
abel trujillo,1983-09-18,2015-11-07,abel trujillo,odds_frame
gasan umalatov,1982-09-11,2015-11-07,gasan umalatov,odds_frame
clay guida,1981-12-08,2015-11-07,clay guida,odds_frame
mark hunt,1974-03-23,2015-11-14,mark hunt,odds_frame
jake matthews,1994-08-19,2015-11-14,jake matthews,odds_frame
anthony perosh,1972-10-05,2015-11-14,anthony perosh,odds_frame
akbarh arreola,1983-01-14,2015-11-14,akbarh arreola,odds_frame
kyle noke,1980-03-18,2015-11-14,kyle noke,odds_frame
daniel kelly,1977-10-31,2015-11-14,daniel kelly,odds_frame
richard walsh,1988-12-01,2015-11-14,richard walsh,odds_frame
james moontasri,1988-04-10,2015-11-14,james moontasri,odds_frame
ben nguyen,1988-08-03,2015-11-14,ben nguyen,odds_frame
richie vaculik,1983-06-19,2015-11-14,richie vaculik,odds_frame
antonio silva,1979-09-14,2015-11-14,antonio silva,odds_frame
stefan struve,1988-02-18,2015-11-14,stefan struve,odds_frame
danny martinez,1985-06-14,2015-11-14,danny martinez,odds_frame
steve kennedy,1983-03-07,2015-11-14,steve kennedy,odds_frame
steve montgomery,1990-12-19,2015-11-14,steve montgomery,odds_frame
peter sobotta,1987-01-11,2015-11-14,peter sobotta,odds_frame
jared rosholt,1986-08-04,2015-11-14,jared rosholt,odds_frame
gian villante,1985-08-18,2015-11-14,gian villante,odds_frame
ryan benoit,1989-08-25,2015-11-14,ryan benoit,odds_frame
anton zafir,1987-05-10,2015-11-14,anton zafir,odds_frame
jussier formiga,1985-04-14,2015-11-21,jussier formiga,odds_frame
enrique marin,1986-09-02,2015-11-21,enrique marin,odds_frame
erik perez,1989-11-19,2015-11-21,erik perez,odds_frame
hector urbina,1987-09-17,2015-11-21,hector urbina,odds_frame
alejandro perez,1989-09-02,2015-11-21,alejandro perez,odds_frame
valmir lazaro,1985-08-15,2015-11-21,valmir lazaro,odds_frame
gabriel benitez,1988-06-15,2015-11-21,gabriel benitez,odds_frame
efrain escudero,1986-01-15,2015-11-21,efrain escudero,odds_frame
horacio gutierrez,1990-09-15,2015-11-21,horacio gutierrez,odds_frame
erick montano,1985-11-19,2015-11-21,erick montano,odds_frame
neil magny,1987-08-03,2015-11-21,neil magny,odds_frame
enrique barzola,1989-04-28,2015-11-21,enrique barzola,odds_frame
henry cejudo,1987-02-09,2015-11-21,henry cejudo,odds_frame
bartosz fabinski,1986-04-26,2015-11-21,bartosz fabinski,odds_frame
leandro silva,1985-11-11,2015-11-21,leandro silva,odds_frame
kelvin gastelum,1991-10-24,2015-11-21,kelvin gastelum,odds_frame
ricardo lamas,1982-05-21,2015-11-21,ricardo lamas,odds_frame
taylor lapilus,1992-04-08,2015-11-21,taylor lapilus,odds_frame
scott jorgensen,1982-09-17,2015-11-21,scott jorgensen,odds_frame
andre fili,1990-06-25,2015-11-21,andre fili,odds_frame
diego sanchez,1981-12-31,2015-11-21,diego sanchez,odds_frame
michel prazeres,1981-07-25,2015-11-21,michel prazeres,odds_frame
fredy serrano,1979-09-22,2015-11-28,fredy serrano,odds_frame
jake collier,1988-10-25,2015-11-28,jake collier,odds_frame
dominique steele,1988-01-27,2015-11-28,dominique steele,odds_frame
yao zhikui,1991-02-07,2015-11-28,yao zhikui,odds_frame
yui chul nam,1981-07-16,2015-11-28,yui chul nam,odds_frame
jorge masvidal,1984-11-12,2015-11-28,jorge masvidal,odds_frame
dong hyun ma,1988-09-09,2015-11-28,dong hyun ma,odds_frame
dong hyun kim,1981-11-17,2015-11-28,dong hyun kim,odds_frame
yoshihiro akiyama,1975-07-29,2015-11-28,yoshihiro akiyama,odds_frame
dooho choi,1991-04-10,2015-11-28,dooho choi,odds_frame
benson henderson,1983-11-16,2015-11-28,benson henderson,odds_frame
tae hyun bang,1983-04-15,2015-11-28,tae hyun bang,odds_frame
dominic waters,1989-04-11,2015-11-28,dominic waters,odds_frame
alberto mina,1982-05-02,2015-11-28,alberto mina,odds_frame
dongi yang,1984-12-07,2015-11-28,dongi yang,odds_frame
sam sicilia,1986-02-01,2015-11-28,sam sicilia,odds_frame
mike de la torre,1986-09-22,2015-11-28,mike de la torre,odds_frame
leo kuntz,1983-10-03,2015-11-28,leo kuntz,odds_frame
zubaira tukhugov,1991-01-15,2015-12-10,zubaira tukhugov,odds_frame
tim means,1984-02-20,2015-12-10,tim means,odds_frame
sage northcutt,1996-03-01,2015-12-10,sage northcutt,odds_frame
jim miller,1983-08-30,2015-12-10,jim miller,odds_frame
elias theodorou,1988-05-31,2015-12-10,elias theodorou,odds_frame
antonio carlos junior,1990-03-16,2015-12-10,antonio carlos junior,odds_frame
aljamain sterling,1989-07-31,2015-12-10,aljamain sterling,odds_frame
omari akhmedov,1987-10-12,2015-12-10,omari akhmedov,odds_frame
sergio moraes,1982-07-23,2015-12-10,sergio moraes,odds_frame
nathan coy,1978-07-24,2015-12-10,nathan coy,odds_frame
danny roberts,1987-07-14,2015-12-10,danny roberts,odds_frame
johnny eduardo,1978-08-03,2015-12-10,johnny eduardo,odds_frame
kevin casey,1981-06-15,2015-12-10,kevin casey,odds_frame
phillipe nover,1984-02-03,2015-12-10,phillipe nover,odds_frame
john howard,1983-03-01,2015-12-10,john howard,odds_frame
cody pfister,1990-07-12,2015-12-10,cody pfister,odds_frame
michael chiesa,1987-12-07,2015-12-10,michael chiesa,odds_frame
thiago santos,1984-01-07,2015-12-10,thiago santos,odds_frame
santiago ponzinibbio,1986-09-26,2015-12-10,santiago ponzinibbio,odds_frame
andreas stahl,1988-05-20,2015-12-10,andreas stahl,odds_frame
tatsuya kawajiri,1978-05-08,2015-12-11,tatsuya kawajiri,odds_frame
jason knight,1992-07-14,2015-12-11,jason knight,odds_frame
abner lloveras,1982-09-04,2015-12-11,abner lloveras,odds_frame
geane herrera,1990-05-27,2015-12-11,geane herrera,odds_frame
mike pierce,1980-09-01,2015-12-11,mike pierce,odds_frame
konstantin erokhin,1983-01-31,2015-12-11,konstantin erokhin,odds_frame
marcin wrzosek,1987-10-14,2015-12-11,marcin wrzosek,odds_frame
tony ferguson,1984-02-12,2015-12-11,tony ferguson,odds_frame
ryan hall,1985-02-22,2015-12-11,ryan hall,odds_frame
chad mendes,1985-05-01,2015-12-11,chad mendes,odds_frame
evan dunham,1981-12-18,2015-12-11,evan dunham,odds_frame
artem lobov,1986-08-11,2015-12-11,artem lobov,odds_frame
frankie edgar,1981-10-16,2015-12-11,frankie edgar,odds_frame
joby sanchez,1991-06-24,2015-12-11,joby sanchez,odds_frame
ryan laflare,1983-10-01,2015-12-11,ryan laflare,odds_frame
gabriel gonzaga,1979-05-18,2015-12-11,gabriel gonzaga,odds_frame
chris gruetzemacher,1986-06-16,2015-12-11,chris gruetzemacher,odds_frame
edson barboza,1986-01-21,2015-12-11,edson barboza,odds_frame
joe lauzon,1984-05-22,2015-12-11,joe lauzon,odds_frame
julian erosa,1989-07-31,2015-12-11,julian erosa,odds_frame
yoel romero,1977-04-30,2015-12-12,yoel romero,odds_frame
luke rockhold,1984-10-17,2015-12-12,luke rockhold,odds_frame
gunnar nelson,1988-07-28,2015-12-12,gunnar nelson,odds_frame
frankie saenz,1980-08-12,2015-12-12,frankie saenz,odds_frame
yancy medeiros,1987-09-07,2015-12-12,yancy medeiros,odds_frame
conor mcgregor,1988-07-14,2015-12-12,conor mcgregor,odds_frame
magomed mustafaev,1988-08-02,2015-12-12,magomed mustafaev,odds_frame
kevin lee,1992-09-04,2015-12-12,kevin lee,odds_frame
jeremy stephens,1986-05-25,2015-12-12,jeremy stephens,odds_frame
leonardo santos,1980-02-05,2015-12-12,leonardo santos,odds_frame
urijah faber,1979-05-14,2015-12-12,urijah faber,odds_frame
joe proctor,1985-08-10,2015-12-12,joe proctor,odds_frame
warlley alves,1991-01-04,2015-12-12,warlley alves,odds_frame
max holloway,1991-12-04,2015-12-12,max holloway,odds_frame
demian maia,1977-11-06,2015-12-12,demian maia,odds_frame
john makdessi,1985-05-03,2015-12-12,john makdessi,odds_frame
jacare souza,1979-12-07,2015-12-12,jacare souza,odds_frame
colby covington,1988-02-22,2015-12-12,colby covington,odds_frame
chris weidman,1984-06-17,2015-12-12,chris weidman,odds_frame
jose aldo,1986-09-09,2015-12-12,jose aldo,odds_frame
cole miller,1984-04-26,2015-12-19,cole miller,odds_frame
michael johnson,1986-06-04,2015-12-19,michael johnson,odds_frame
kamaru usman,1987-05-11,2015-12-19,kamaru usman,odds_frame
junior dos santos,1984-01-30,2015-12-19,junior dos santos,odds_frame
josh samman,1988-03-14,2015-12-19,josh samman,odds_frame
charles oliveira,1989-10-17,2015-12-19,charles oliveira,odds_frame
nik lentz,1984-08-13,2015-12-19,nik lentz,odds_frame
hayder hassan,1982-10-20,2015-12-19,hayder hassan,odds_frame
danny castillo,1979-08-25,2015-12-19,danny castillo,odds_frame
jim alers,1986-10-14,2015-12-19,jim alers,odds_frame
leon edwards,1991-08-25,2015-12-19,leon edwards,odds_frame
vicente luque,1991-11-27,2015-12-19,vicente luque,odds_frame
rafael dos anjos,1984-10-26,2015-12-19,rafael dos anjos,odds_frame
cb dollaway,1983-08-10,2015-12-19,cb dollaway,odds_frame
nate marquardt,1979-04-20,2015-12-19,nate marquardt,odds_frame
myles jury,1988-10-31,2015-12-19,myles jury,odds_frame
donald cerrone,1983-03-29,2015-12-19,donald cerrone,odds_frame
alistair overeem,1980-05-17,2015-12-19,alistair overeem,odds_frame
nate diaz,1985-04-16,2015-12-19,nate diaz,odds_frame
tamdan mccrory,1986-11-05,2015-12-19,tamdan mccrory,odds_frame
carlos condit,1984-04-26,2016-01-02,carlos condit,odds_frame
andrei arlovski,1979-02-04,2016-01-02,andrei arlovski,odds_frame
brian ortega,1991-02-21,2016-01-02,brian ortega,odds_frame
michinori tanaka,1990-10-04,2016-01-02,michinori tanaka,odds_frame
masanori kanehara,1982-11-19,2016-01-02,masanori kanehara,odds_frame
edgar garcia,1984-02-22,2016-01-02,edgar garcia,odds_frame
tony sims,1985-10-14,2016-01-02,tony sims,odds_frame
drew dober,1988-10-19,2016-01-02,drew dober,odds_frame
robbie lawler,1982-03-20,2016-01-02,robbie lawler,odds_frame
lorenz larkin,1986-09-03,2016-01-02,lorenz larkin,odds_frame
sheldon westcott,1984-08-20,2016-01-02,sheldon westcott,odds_frame
stipe miocic,1982-08-19,2016-01-02,stipe miocic,odds_frame
diego brandao,1987-05-27,2016-01-02,diego brandao,odds_frame
joe soto,1987-03-22,2016-01-02,joe soto,odds_frame
michael mcdonald,1991-01-15,2016-01-02,michael mcdonald,odds_frame
albert tumenov,1991-12-26,2016-01-02,albert tumenov,odds_frame
kyle noke,1980-03-18,2016-01-02,kyle noke,odds_frame
scott holtzman,1983-09-30,2016-01-02,scott holtzman,odds_frame
alex morono,1990-08-16,2016-01-02,alex morono,odds_frame
abel trujillo,1983-09-18,2016-01-02,abel trujillo,odds_frame
maximo blanco,1983-10-16,2016-01-17,maximo blanco,odds_frame
tj dillashaw,1986-02-07,2016-01-17,tj dillashaw,odds_frame
tim boetsch,1981-01-28,2016-01-17,tim boetsch,odds_frame
rob font,1987-06-25,2016-01-17,rob font,odds_frame
ross pearson,1984-09-26,2016-01-17,ross pearson,odds_frame
paul felder,1984-04-25,2016-01-17,paul felder,odds_frame
anthony pettis,1987-01-27,2016-01-17,anthony pettis,odds_frame
travis browne,1982-07-17,2016-01-17,travis browne,odds_frame
chris wade,1987-09-30,2016-01-17,chris wade,odds_frame
patrick cote,1980-02-29,2016-01-17,patrick cote,odds_frame
ilir latifi,1982-07-28,2016-01-17,ilir latifi,odds_frame
charles rosa,1986-08-24,2016-01-17,charles rosa,odds_frame
francimar barroso,1980-02-28,2016-01-17,francimar barroso,odds_frame
eddie alvarez,1984-01-11,2016-01-17,eddie alvarez,odds_frame
dominick cruz,1985-03-09,2016-01-17,dominick cruz,odds_frame
luke sanders,1985-12-12,2016-01-17,luke sanders,odds_frame
ed herman,1980-10-02,2016-01-17,ed herman,odds_frame
ben saunders,1983-04-13,2016-01-17,ben saunders,odds_frame
mehdi baghdad,1985-04-13,2016-01-17,mehdi baghdad,odds_frame
francisco trinaldo,1978-08-24,2016-01-17,francisco trinaldo,odds_frame
daron cruickshank,1985-06-11,2016-01-17,daron cruickshank,odds_frame
matt mitrione,1978-07-15,2016-01-17,matt mitrione,odds_frame
kyle bochniak,1987-02-05,2016-01-17,kyle bochniak,odds_frame
elvis mutapcic,1986-07-19,2016-01-17,elvis mutapcic,odds_frame
joey gomez,1989-08-29,2016-01-17,joey gomez,odds_frame
sean o'connell,1983-09-02,2016-01-17,sean o connell,odds_frame
josh barnett,1977-11-10,2016-01-30,josh barnett,odds_frame
iuri alcantara,1980-08-04,2016-01-30,iuri alcantara,odds_frame
ryan bader,1983-06-07,2016-01-30,ryan bader,odds_frame
bryan barberena,1989-05-03,2016-01-30,bryan barberena,odds_frame
sage northcutt,1996-03-01,2016-01-30,sage northcutt,odds_frame
anthony johnson,1984-03-06,2016-01-30,anthony johnson,odds_frame
dustin ortiz,1988-12-25,2016-01-30,dustin ortiz,odds_frame
wilson reis,1985-01-06,2016-01-30,wilson reis,odds_frame
kevin casey,1981-06-15,2016-01-30,kevin casey,odds_frame
levan makashvili,1989-01-07,2016-01-30,levan makashvili,odds_frame
randy brown,1990-07-08,2016-01-30,randy brown,odds_frame
masio fullen,1986-10-06,2016-01-30,masio fullen,odds_frame
alexander yakovlev,1984-07-18,2016-01-30,alexander yakovlev,odds_frame
tarec saffiedine,1986-09-06,2016-01-30,tarec saffiedine,odds_frame
diego ferreira,1985-01-18,2016-01-30,diego ferreira,odds_frame
ben rothwell,1981-10-17,2016-01-30,ben rothwell,odds_frame
olivier aubin-mercier,1989-02-23,2016-01-30,olivier aubin mercier,odds_frame
jimmie rivera,1989-06-29,2016-01-30,jimmie rivera,odds_frame
jake ellenberger,1985-03-28,2016-01-30,jake ellenberger,odds_frame
alex caceres,1988-06-20,2016-01-30,alex caceres,odds_frame
damon jackson,1988-08-08,2016-01-30,damon jackson,odds_frame
matt dwyer,1989-12-17,2016-01-30,matt dwyer,odds_frame
rafael natal,1982-12-25,2016-01-30,rafael natal,odds_frame
george sullivan,1981-03-13,2016-01-30,george sullivan,odds_frame
artem lobov,1986-08-11,2016-02-06,artem lobov,odds_frame
mike pyle,1975-09-18,2016-02-06,mike pyle,odds_frame
misha cirkunov,1987-02-27,2016-02-06,misha cirkunov,odds_frame
joshua burkman,1980-04-10,2016-02-06,joshua burkman,odds_frame
derrick lewis,1985-02-07,2016-02-06,derrick lewis,odds_frame
rafael cavalcante,1980-04-14,2016-02-06,rafael cavalcante,odds_frame
stephen thompson,1983-02-11,2016-02-06,stephen thompson,odds_frame
jared rosholt,1986-08-04,2016-02-06,jared rosholt,odds_frame
ray borg,1993-08-04,2016-02-06,ray borg,odds_frame
zach makovsky,1983-04-19,2016-02-06,zach makovsky,odds_frame
noad lahat,1984-06-08,2016-02-06,noad lahat,odds_frame
kj noons,1982-12-07,2016-02-06,kj noons,odds_frame
sean spencer,1987-06-25,2016-02-06,sean spencer,odds_frame
damian grabowski,1980-05-12,2016-02-06,damian grabowski,odds_frame
justin scoggins,1992-05-02,2016-02-06,justin scoggins,odds_frame
diego rivas,1991-11-11,2016-02-06,diego rivas,odds_frame
alex white,1988-10-22,2016-02-06,alex white,odds_frame
alex nicholson,1990-05-02,2016-02-06,alex nicholson,odds_frame
mickey gall,1992-01-22,2016-02-06,mickey gall,odds_frame
joseph benavidez,1984-07-31,2016-02-06,joseph benavidez,odds_frame
roy nelson,1976-06-20,2016-02-06,roy nelson,odds_frame
johny hendricks,1983-09-12,2016-02-06,johny hendricks,odds_frame
ovince saint preux,1983-04-08,2016-02-06,ovince saint preux,odds_frame
mike jackson,1985-03-22,2016-02-06,mike jackson,odds_frame
shamil abdurakhimov,1981-09-02,2016-02-21,shamil abdurakhimov,odds_frame
roan carneiro,1978-06-02,2016-02-21,roan carneiro,odds_frame
joe riggs,1982-09-23,2016-02-21,joe riggs,odds_frame
nathan coy,1978-07-24,2016-02-21,nathan coy,odds_frame
oluwale bamgbose,1987-08-04,2016-02-21,oluwale bamgbose,odds_frame
chris camozzi,1986-11-20,2016-02-21,chris camozzi,odds_frame
anthony hamilton,1980-04-14,2016-02-21,anthony hamilton,odds_frame
jonavin webb,1989-04-28,2016-02-21,jonavin webb,odds_frame
daniel sarafian,1982-08-21,2016-02-21,daniel sarafian,odds_frame
alex oliveira,1988-02-21,2016-02-21,alex oliveira,odds_frame
sean strickland,1991-02-27,2016-02-21,sean strickland,odds_frame
dennis bermudez,1986-12-13,2016-02-21,dennis bermudez,odds_frame
cody garbrandt,1991-07-07,2016-02-21,cody garbrandt,odds_frame
derek brunson,1984-01-04,2016-02-21,derek brunson,odds_frame
donald cerrone,1983-03-29,2016-02-21,donald cerrone,odds_frame
tatsuya kawajiri,1978-05-08,2016-02-21,tatsuya kawajiri,odds_frame
augusto mendes,1983-03-03,2016-02-21,augusto mendes,odds_frame
shane campbell,1987-01-21,2016-02-21,shane campbell,odds_frame
alex garcia,1987-07-14,2016-02-21,alex garcia,odds_frame
james krause,1986-06-04,2016-02-21,james krause,odds_frame
davey grant,1985-12-18,2016-02-27,davey grant,odds_frame
tom breese,1991-09-26,2016-02-27,tom breese,odds_frame
francisco rivera,1981-10-08,2016-02-27,francisco rivera,odds_frame
mike wilkinson,1987-09-15,2016-02-27,mike wilkinson,odds_frame
teemu packalen,1987-05-22,2016-02-27,teemu packalen,odds_frame
marlon vera,1992-12-02,2016-02-27,marlon vera,odds_frame
thibault gouti,1987-02-27,2016-02-27,thibault gouti,odds_frame
martin svensson,1985-04-25,2016-02-27,martin svensson,odds_frame
jarjis danho,1983-10-15,2016-02-27,jarjis danho,odds_frame
rustam khabilov,1986-11-04,2016-02-27,rustam khabilov,odds_frame
krzysztof jotko,1989-08-19,2016-02-27,krzysztof jotko,odds_frame
gegard mousasi,1985-08-01,2016-02-27,gegard mousasi,odds_frame
yaotzin meza,1981-02-04,2016-02-27,yaotzin meza,odds_frame
makwan amirkhani,1988-11-08,2016-02-27,makwan amirkhani,odds_frame
brad pickett,1978-09-24,2016-02-27,brad pickett,odds_frame
keita nakamura,1984-05-22,2016-02-27,keita nakamura,odds_frame
thales leites,1981-09-06,2016-02-27,thales leites,odds_frame
michael bisping,1979-02-28,2016-02-27,michael bisping,odds_frame
david teymur,1989-05-01,2016-02-27,david teymur,odds_frame
scott askham,1988-05-20,2016-02-27,scott askham,odds_frame
arnold allen,1994-01-22,2016-02-27,arnold allen,odds_frame
brad scott,1989-06-24,2016-02-27,brad scott,odds_frame
norman parke,1986-12-22,2016-02-27,norman parke,odds_frame
chris dempsey,1987-09-08,2016-02-27,chris dempsey,odds_frame
anderson silva,1975-04-14,2016-02-27,anderson silva,odds_frame
daniel omielanczuk,1982-08-31,2016-02-27,daniel omielanczuk,odds_frame
jim miller,1983-08-30,2016-03-05,jim miller,odds_frame
justin salas,1982-03-13,2016-03-05,justin salas,odds_frame
chas skelly,1985-05-11,2016-03-05,chas skelly,odds_frame
marcelo guimaraes,1983-06-25,2016-03-05,marcelo guimaraes,odds_frame
nordine taleb,1981-06-10,2016-03-05,nordine taleb,odds_frame
tom lawlor,1983-05-15,2016-03-05,tom lawlor,odds_frame
ilir latifi,1982-07-28,2016-03-05,ilir latifi,odds_frame
nate diaz,1985-04-16,2016-03-05,nate diaz,odds_frame
teruto ishihara,1991-07-23,2016-03-05,teruto ishihara,odds_frame
brandon thatch,1985-07-11,2016-03-05,brandon thatch,odds_frame
siyar bahadurzada,1984-04-17,2016-03-05,siyar bahadurzada,odds_frame
gian villante,1985-08-18,2016-03-05,gian villante,odds_frame
vitor miranda,1979-03-10,2016-03-05,vitor miranda,odds_frame
julian erosa,1989-07-31,2016-03-05,julian erosa,odds_frame
conor mcgregor,1988-07-14,2016-03-05,conor mcgregor,odds_frame
corey anderson,1989-09-22,2016-03-05,corey anderson,odds_frame
erick silva,1984-06-21,2016-03-05,erick silva,odds_frame
jason saggo,1985-11-23,2016-03-05,jason saggo,odds_frame
diego sanchez,1981-12-31,2016-03-05,diego sanchez,odds_frame
darren elkins,1984-05-16,2016-03-05,darren elkins,odds_frame
neil magny,1987-08-03,2016-03-19,neil magny,odds_frame
alan jouban,1981-11-25,2016-03-19,alan jouban,odds_frame
chad laprise,1986-07-23,2016-03-19,chad laprise,odds_frame
damien brown,1984-12-25,2016-03-19,damien brown,odds_frame
frank mir,1979-05-24,2016-03-19,frank mir,odds_frame
steve bosse,1981-07-29,2016-03-19,steve bosse,odds_frame
johnny case,1989-06-28,2016-03-19,johnny case,odds_frame
antonio carlos junior,1990-03-16,2016-03-19,antonio carlos junior,odds_frame
viscardi andrade,1984-03-08,2016-03-19,viscardi andrade,odds_frame
richard walsh,1988-12-01,2016-03-19,richard walsh,odds_frame
hector lombard,1978-02-02,2016-03-19,hector lombard,odds_frame
brendan o'reilly,1987-06-24,2016-03-19,brendan o reilly,odds_frame
ross pearson,1984-09-26,2016-03-19,ross pearson,odds_frame
james te huna,1981-09-29,2016-03-19,james te huna,odds_frame
daniel kelly,1977-10-31,2016-03-19,daniel kelly,odds_frame
jake matthews,1994-08-19,2016-03-19,jake matthews,odds_frame
mark hunt,1974-03-23,2016-03-19,mark hunt,odds_frame
alan patrick,1983-07-19,2016-03-19,alan patrick,odds_frame
igor pokrajac,1979-01-02,2016-04-10,igor pokrajac,odds_frame
curtis blaydes,1991-02-18,2016-04-10,curtis blaydes,odds_frame
gabriel gonzaga,1979-05-18,2016-04-10,gabriel gonzaga,odds_frame
junior dos santos,1984-01-30,2016-04-10,junior dos santos,odds_frame
bojan velickovic,1988-12-18,2016-04-10,bojan velickovic,odds_frame
damir hadzovic,1986-08-08,2016-04-10,damir hadzovic,odds_frame
zak cummings,1984-08-02,2016-04-10,zak cummings,odds_frame
alejandro perez,1989-09-02,2016-04-10,alejandro perez,odds_frame
cyril asker,1985-12-24,2016-04-10,cyril asker,odds_frame
damian stasiak,1990-02-20,2016-04-10,damian stasiak,odds_frame
lucas martins,1988-11-11,2016-04-10,lucas martins,odds_frame
jan blachowicz,1983-02-24,2016-04-10,jan blachowicz,odds_frame
timothy johnson,1985-03-13,2016-04-10,timothy johnson,odds_frame
marcin tybura,1985-11-09,2016-04-10,marcin tybura,odds_frame
mairbek taisumov,1988-08-08,2016-04-10,mairbek taisumov,odds_frame
ian entwistle,1986-11-19,2016-04-10,ian entwistle,odds_frame
jared cannonier,1984-03-16,2016-04-10,jared cannonier,odds_frame
filip pejic,1992-07-21,2016-04-10,filip pejic,odds_frame
nicolas dalby,1984-11-16,2016-04-10,nicolas dalby,odds_frame
derrick lewis,1985-02-07,2016-04-10,derrick lewis,odds_frame
francis ngannou,1986-09-05,2016-04-10,francis ngannou,odds_frame
alessio di chirico,1989-12-12,2016-04-10,alessio di chirico,odds_frame
robert whiteford,1983-04-12,2016-04-10,robert whiteford,odds_frame
ben rothwell,1981-10-17,2016-04-10,ben rothwell,odds_frame
hacran dias,1984-06-16,2016-04-16,hacran dias,odds_frame
santiago ponzinibbio,1986-09-26,2016-04-16,santiago ponzinibbio,odds_frame
beneil dariush,1989-05-06,2016-04-16,beneil dariush,odds_frame
glover teixeira,1979-10-28,2016-04-16,glover teixeira,odds_frame
court mcgee,1984-12-12,2016-04-16,court mcgee,odds_frame
khabib nurmagomedov,1988-09-20,2016-04-16,khabib nurmagomedov,odds_frame
randy brown,1990-07-08,2016-04-16,randy brown,odds_frame
oluwale bamgbose,1987-08-04,2016-04-16,oluwale bamgbose,odds_frame
rashad evans,1979-09-25,2016-04-16,rashad evans,odds_frame
cub swanson,1983-11-02,2016-04-16,cub swanson,odds_frame
cezar ferreira,1985-02-15,2016-04-16,cezar ferreira,odds_frame
michael graves,1991-01-08,2016-04-16,michael graves,odds_frame
michael chiesa,1987-12-07,2016-04-16,michael chiesa,odds_frame
darrell horcher,1987-07-28,2016-04-16,darrell horcher,odds_frame
sergio pettis,1993-08-18,2016-04-23,sergio pettis,odds_frame
jon jones,1987-07-19,2016-04-23,jon jones,odds_frame
robert whittaker,1990-12-20,2016-04-23,robert whittaker,odds_frame
demetrious johnson,1986-08-13,2016-04-23,demetrious johnson,odds_frame
danny roberts,1987-07-14,2016-04-23,danny roberts,odds_frame
marcos rogerio de lima,1985-06-25,2016-04-23,marcos rogerio de lima,odds_frame
efrain escudero,1986-01-15,2016-04-23,efrain escudero,odds_frame
yair rodriguez,1992-10-06,2016-04-23,yair rodriguez,odds_frame
anthony pettis,1987-01-27,2016-04-23,anthony pettis,odds_frame
walt harris,1983-06-10,2016-04-23,walt harris,odds_frame
ovince saint preux,1983-04-08,2016-04-23,ovince saint preux,odds_frame
dominique steele,1988-01-27,2016-04-23,dominique steele,odds_frame
kevin lee,1992-09-04,2016-04-23,kevin lee,odds_frame
henry cejudo,1987-02-09,2016-04-23,henry cejudo,odds_frame
edson barboza,1986-01-21,2016-04-23,edson barboza,odds_frame
andre fili,1990-06-25,2016-04-23,andre fili,odds_frame
cody east,1988-06-29,2016-04-23,cody east,odds_frame
chris kelades,1981-02-21,2016-04-23,chris kelades,odds_frame
rafael natal,1982-12-25,2016-04-23,rafael natal,odds_frame
clint hester,1986-11-21,2016-04-23,clint hester,odds_frame
gunnar nelson,1988-07-28,2016-05-08,gunnar nelson,odds_frame
stefan struve,1988-02-18,2016-05-08,stefan struve,odds_frame
magnus cedenblad,1982-04-10,2016-05-08,magnus cedenblad,odds_frame
nikita krylov,1992-03-07,2016-05-08,nikita krylov,odds_frame
francimar barroso,1980-02-28,2016-05-08,francimar barroso,odds_frame
andrei arlovski,1979-02-04,2016-05-08,andrei arlovski,odds_frame
josh emmett,1985-03-04,2016-05-08,josh emmett,odds_frame
dominic waters,1989-04-11,2016-05-08,dominic waters,odds_frame
neil seery,1979-08-30,2016-05-08,neil seery,odds_frame
garreth mclellan,1982-09-01,2016-05-08,garreth mclellan,odds_frame
leon edwards,1991-08-25,2016-05-08,leon edwards,odds_frame
yan cabral,1983-05-13,2016-05-08,yan cabral,odds_frame
jon tuck,1984-08-28,2016-05-08,jon tuck,odds_frame
kyoji horiguchi,1990-10-12,2016-05-08,kyoji horiguchi,odds_frame
yuta sasaki,1989-10-07,2016-05-08,yuta sasaki,odds_frame
rustam khabilov,1986-11-04,2016-05-08,rustam khabilov,odds_frame
albert tumenov,1991-12-26,2016-05-08,albert tumenov,odds_frame
antonio silva,1979-09-14,2016-05-08,antonio silva,odds_frame
chris wade,1987-09-30,2016-05-08,chris wade,odds_frame
alistair overeem,1980-05-17,2016-05-08,alistair overeem,odds_frame
reza madadi,1978-06-20,2016-05-08,reza madadi,odds_frame
willie gates,1987-01-21,2016-05-08,willie gates,odds_frame
cristiane justino,1985-07-09,2016-05-14,cristiane justino,odds_frame
mauricio rua,1981-11-25,2016-05-14,mauricio rua,odds_frame
renato moicano,1989-05-21,2016-05-14,renato moicano,odds_frame
warlley alves,1991-01-04,2016-05-14,warlley alves,odds_frame
thiago santos,1984-01-07,2016-05-14,thiago santos,odds_frame
demian maia,1977-11-06,2016-05-14,demian maia,odds_frame
stipe miocic,1982-08-19,2016-05-14,stipe miocic,odds_frame
francisco trinaldo,1978-08-24,2016-05-14,francisco trinaldo,odds_frame
john lineker,1990-06-12,2016-05-14,john lineker,odds_frame
rogerio nogueira,1976-06-02,2016-05-14,rogerio nogueira,odds_frame
fabricio werdum,1977-07-30,2016-05-14,fabricio werdum,odds_frame
jacare souza,1979-12-07,2016-05-14,jacare souza,odds_frame
sergio moraes,1982-07-23,2016-05-14,sergio moraes,odds_frame
vitor belfort,1977-04-01,2016-05-14,vitor belfort,odds_frame
luan chagas,1993-06-17,2016-05-14,luan chagas,odds_frame
corey anderson,1989-09-22,2016-05-14,corey anderson,odds_frame
zubaira tukhugov,1991-01-15,2016-05-14,zubaira tukhugov,odds_frame
matt brown,1981-01-10,2016-05-14,matt brown,odds_frame
patrick cummins,1980-11-16,2016-05-14,patrick cummins,odds_frame
leslie smith,1982-08-17,2016-05-14,leslie smith,odds_frame
bryan barberena,1989-05-03,2016-05-14,bryan barberena,odds_frame
yancy medeiros,1987-09-07,2016-05-14,yancy medeiros,odds_frame
nate marquardt,1979-04-20,2016-05-14,nate marquardt,odds_frame
rob font,1987-06-25,2016-05-14,rob font,odds_frame
lorenz larkin,1986-09-03,2016-05-29,lorenz larkin,odds_frame
erik koch,1988-10-04,2016-05-29,erik koch,odds_frame
chris camozzi,1986-11-20,2016-05-29,chris camozzi,odds_frame
abel trujillo,1983-09-18,2016-05-29,abel trujillo,odds_frame
shane campbell,1987-01-21,2016-05-29,shane campbell,odds_frame
vitor miranda,1979-03-10,2016-05-29,vitor miranda,odds_frame
bryan caraway,1984-08-04,2016-05-29,bryan caraway,odds_frame
jordan rinaldi,1987-09-25,2016-05-29,jordan rinaldi,odds_frame
jeremy stephens,1986-05-25,2016-05-29,jeremy stephens,odds_frame
paul felder,1984-04-25,2016-05-29,paul felder,odds_frame
renan barao,1987-01-31,2016-05-29,renan barao,odds_frame
thomas almeida,1991-07-31,2016-05-29,thomas almeida,odds_frame
rick story,1984-08-28,2016-05-29,rick story,odds_frame
tarec saffiedine,1986-09-06,2016-05-29,tarec saffiedine,odds_frame
cody garbrandt,1991-07-07,2016-05-29,cody garbrandt,odds_frame
jorge masvidal,1984-11-12,2016-05-29,jorge masvidal,odds_frame
joshua burkman,1980-04-10,2016-05-29,joshua burkman,odds_frame
aljamain sterling,1989-07-31,2016-05-29,aljamain sterling,odds_frame
beneil dariush,1989-05-06,2016-06-04,beneil dariush,odds_frame
max holloway,1991-12-04,2016-06-04,max holloway,odds_frame
ricardo lamas,1982-05-21,2016-06-04,ricardo lamas,odds_frame
dominick cruz,1985-03-09,2016-06-04,dominick cruz,odds_frame
luke rockhold,1984-10-17,2016-06-04,luke rockhold,odds_frame
brian ortega,1991-02-21,2016-06-04,brian ortega,odds_frame
clay guida,1981-12-08,2016-06-04,clay guida,odds_frame
cole miller,1984-04-26,2016-06-04,cole miller,odds_frame
tom breese,1991-09-26,2016-06-04,tom breese,odds_frame
james vick,1987-02-23,2016-06-04,james vick,odds_frame
michael bisping,1979-02-28,2016-06-04,michael bisping,odds_frame
dan henderson,1970-08-24,2016-06-04,dan henderson,odds_frame
kevin casey,1981-06-15,2016-06-04,kevin casey,odds_frame
sean strickland,1991-02-27,2016-06-04,sean strickland,odds_frame
urijah faber,1979-05-14,2016-06-04,urijah faber,odds_frame
alex caceres,1988-06-20,2016-06-04,alex caceres,odds_frame
elvis mutapcic,1986-07-19,2016-06-04,elvis mutapcic,odds_frame
hector lombard,1978-02-02,2016-06-04,hector lombard,odds_frame
ali bagautinov,1985-06-10,2016-06-18,ali bagautinov,odds_frame
stephen thompson,1983-02-11,2016-06-18,stephen thompson,odds_frame
colby covington,1988-02-22,2016-06-18,colby covington,odds_frame
elias theodorou,1988-05-31,2016-06-18,elias theodorou,odds_frame
tamdan mccrory,1986-11-05,2016-06-18,tamdan mccrory,odds_frame
misha cirkunov,1987-02-27,2016-06-18,misha cirkunov,odds_frame
chris beal,1985-08-06,2016-06-18,chris beal,odds_frame
olivier aubin-mercier,1989-02-23,2016-06-18,olivier aubin mercier,odds_frame
donald cerrone,1983-03-29,2016-06-18,donald cerrone,odds_frame
rory macdonald,1989-07-22,2016-06-18,rory macdonald,odds_frame
sean o'connell,1983-09-02,2016-06-18,sean o connell,odds_frame
steve bosse,1981-07-29,2016-06-18,steve bosse,odds_frame
geane herrera,1990-05-27,2016-06-18,geane herrera,odds_frame
jonathan meunier,1987-08-04,2016-06-18,jonathan meunier,odds_frame
sam alvey,1986-05-06,2016-06-18,sam alvey,odds_frame
krzysztof jotko,1989-08-19,2016-06-18,krzysztof jotko,odds_frame
ion cutelaba,1993-12-14,2016-06-18,ion cutelaba,odds_frame
joe soto,1987-03-22,2016-06-18,joe soto,odds_frame
thibault gouti,1987-02-27,2016-06-18,thibault gouti,odds_frame
patrick cote,1980-02-29,2016-06-18,patrick cote,odds_frame
jason saggo,1985-11-23,2016-06-18,jason saggo,odds_frame
leandro silva,1985-11-11,2016-06-18,leandro silva,odds_frame
roy nelson,1976-06-20,2016-07-07,roy nelson,odds_frame
eddie alvarez,1984-01-11,2016-07-07,eddie alvarez,odds_frame
rafael dos anjos,1984-10-26,2016-07-07,rafael dos anjos,odds_frame
alan jouban,1981-11-25,2016-07-07,alan jouban,odds_frame
marco beltran,1986-05-18,2016-07-07,marco beltran,odds_frame
anthony birchak,1986-05-16,2016-07-07,anthony birchak,odds_frame
russell doane,1986-08-13,2016-07-07,russell doane,odds_frame
felipe arantes,1988-02-09,2016-07-07,felipe arantes,odds_frame
vicente luque,1991-11-27,2016-07-07,vicente luque,odds_frame
gilbert burns,1986-07-20,2016-07-07,gilbert burns,odds_frame
john makdessi,1985-05-03,2016-07-07,john makdessi,odds_frame
belal muhammad,1988-07-09,2016-07-07,belal muhammad,odds_frame
mike pyle,1975-09-18,2016-07-07,mike pyle,odds_frame
alvaro herrera mendoza,1990-05-14,2016-07-07,alvaro herrera mendoza,odds_frame
reginaldo vieira,1982-11-26,2016-07-07,reginaldo vieira,odds_frame
dileno lopes,1984-09-26,2016-07-07,dileno lopes,odds_frame
pedro munhoz,1986-09-07,2016-07-07,pedro munhoz,odds_frame
jerrod sanders,1979-10-01,2016-07-07,jerrod sanders,odds_frame
lukasz sajewski,1990-11-27,2016-07-07,lukasz sajewski,odds_frame
mehdi baghdad,1985-04-13,2016-07-07,mehdi baghdad,odds_frame
alberto mina,1982-05-02,2016-07-07,alberto mina,odds_frame
derrick lewis,1985-02-07,2016-07-07,derrick lewis,odds_frame
cory hendricks,1988-05-10,2016-07-08,cory hendricks,odds_frame
dooho choi,1991-04-10,2016-07-08,dooho choi,odds_frame
ross pearson,1984-09-26,2016-07-08,ross pearson,odds_frame
cezar ferreira,1985-02-15,2016-07-08,cezar ferreira,odds_frame
jake matthews,1994-08-19,2016-07-08,jake matthews,odds_frame
li jingliang,1988-03-20,2016-07-08,li jingliang,odds_frame
john moraga,1984-03-20,2016-07-08,john moraga,odds_frame
will brooks,1986-10-08,2016-07-08,will brooks,odds_frame
thiago tavares,1984-11-08,2016-07-08,thiago tavares,odds_frame
gray maynard,1979-05-09,2016-07-08,gray maynard,odds_frame
joaquim silva,1989-02-05,2016-07-08,joaquim silva,odds_frame
andrew holbrook,1986-02-06,2016-07-08,andrew holbrook,odds_frame
kevin lee,1992-09-04,2016-07-08,kevin lee,odds_frame
anthony smith,1988-07-26,2016-07-08,anthony smith,odds_frame
anton zafir,1987-05-10,2016-07-08,anton zafir,odds_frame
fernando bruno,1982-02-24,2016-07-08,fernando bruno,odds_frame
matheus nicolau,1993-01-06,2016-07-08,matheus nicolau,odds_frame
josh stansbury,1984-11-19,2016-07-08,josh stansbury,odds_frame
anderson silva,1975-04-14,2016-07-09,anderson silva,odds_frame
mark hunt,1974-03-23,2016-07-09,mark hunt,odds_frame
frankie edgar,1981-10-16,2016-07-09,frankie edgar,odds_frame
takanori gomi,1978-09-22,2016-07-09,takanori gomi,odds_frame
kelvin gastelum,1991-10-24,2016-07-09,kelvin gastelum,odds_frame
thiago santos,1984-01-07,2016-07-09,thiago santos,odds_frame
joe lauzon,1984-05-22,2016-07-09,joe lauzon,odds_frame
travis browne,1982-07-17,2016-07-09,travis browne,odds_frame
enrique marin,1986-09-02,2016-07-09,enrique marin,odds_frame
raphael assuncao,1982-07-19,2016-07-09,raphael assuncao,odds_frame
daniel cormier,1979-03-20,2016-07-09,daniel cormier,odds_frame
brock lesnar,1977-07-12,2016-07-09,brock lesnar,odds_frame
jose aldo,1986-09-09,2016-07-09,jose aldo,odds_frame
jim miller,1983-08-30,2016-07-09,jim miller,odds_frame
johny hendricks,1983-09-12,2016-07-09,johny hendricks,odds_frame
gegard mousasi,1985-08-01,2016-07-09,gegard mousasi,odds_frame
diego sanchez,1981-12-31,2016-07-09,diego sanchez,odds_frame
cain velasquez,1982-07-28,2016-07-09,cain velasquez,odds_frame
sage northcutt,1996-03-01,2016-07-09,sage northcutt,odds_frame
tj dillashaw,1986-02-07,2016-07-09,tj dillashaw,odds_frame
matthew lopez,1987-01-21,2016-07-13,matthew lopez,odds_frame
kyle noke,1980-03-18,2016-07-13,kyle noke,odds_frame
scott holtzman,1983-09-30,2016-07-13,scott holtzman,odds_frame
eric spicely,1986-09-29,2016-07-13,eric spicely,odds_frame
louis smolka,1991-07-16,2016-07-13,louis smolka,odds_frame
michael mcdonald,1991-01-15,2016-07-13,michael mcdonald,odds_frame
tim boetsch,1981-01-28,2016-07-13,tim boetsch,odds_frame
john lineker,1990-06-12,2016-07-13,john lineker,odds_frame
rani yahya,1984-09-12,2016-07-13,rani yahya,odds_frame
alex nicholson,1990-05-02,2016-07-13,alex nicholson,odds_frame
devin clark,1990-04-12,2016-07-13,devin clark,odds_frame
josh samman,1988-03-14,2016-07-13,josh samman,odds_frame
ben nguyen,1988-08-03,2016-07-13,ben nguyen,odds_frame
cody pfister,1990-07-12,2016-07-13,cody pfister,odds_frame
sam alvey,1986-05-06,2016-07-13,sam alvey,odds_frame
keita nakamura,1984-05-22,2016-07-13,keita nakamura,odds_frame
james moontasri,1988-04-10,2016-07-23,james moontasri,odds_frame
alexander yakovlev,1984-07-18,2016-07-23,alexander yakovlev,odds_frame
gilbert melendez,1982-04-12,2016-07-23,gilbert melendez,odds_frame
bojan mihajlovic,1980-03-30,2016-07-23,bojan mihajlovic,odds_frame
eddie wineland,1984-06-26,2016-07-23,eddie wineland,odds_frame
godofredo pepey,1987-07-02,2016-07-23,godofredo pepey,odds_frame
jc cottrell,1989-11-04,2016-07-23,jc cottrell,odds_frame
jason knight,1992-07-14,2016-07-23,jason knight,odds_frame
jim alers,1986-10-14,2016-07-23,jim alers,odds_frame
alex oliveira,1988-02-21,2016-07-23,alex oliveira,odds_frame
darren elkins,1984-05-16,2016-07-23,darren elkins,odds_frame
frankie saenz,1980-08-12,2016-07-23,frankie saenz,odds_frame
francis ngannou,1986-09-05,2016-07-23,francis ngannou,odds_frame
edson barboza,1986-01-21,2016-07-23,edson barboza,odds_frame
kamaru usman,1987-05-11,2016-07-23,kamaru usman,odds_frame
michel prazeres,1981-07-25,2016-07-23,michel prazeres,odds_frame
damian grabowski,1980-05-12,2016-07-30,damian grabowski,odds_frame
jake ellenberger,1985-03-28,2016-07-30,jake ellenberger,odds_frame
robbie lawler,1982-03-20,2016-07-30,robbie lawler,odds_frame
hector sandoval,1986-07-19,2016-07-30,hector sandoval,odds_frame
ryan benoit,1989-08-25,2016-07-30,ryan benoit,odds_frame
fredy serrano,1979-09-22,2016-07-30,fredy serrano,odds_frame
matt brown,1981-01-10,2016-07-30,matt brown,odds_frame
bojan velickovic,1988-12-18,2016-07-30,bojan velickovic,odds_frame
anthony hamilton,1980-04-14,2016-07-30,anthony hamilton,odds_frame
damien brown,1984-12-25,2016-07-30,damien brown,odds_frame
michael graves,1991-01-08,2016-07-30,michael graves,odds_frame
wilson reis,1985-01-06,2016-07-30,wilson reis,odds_frame
ed herman,1980-10-02,2016-07-30,ed herman,odds_frame
jorge masvidal,1984-11-12,2016-07-30,jorge masvidal,odds_frame
cesar arzamendia,1991-01-31,2016-07-30,cesar arzamendia,odds_frame
ross pearson,1984-09-26,2016-07-30,ross pearson,odds_frame
nikita krylov,1992-03-07,2016-07-30,nikita krylov,odds_frame
francisco rivera,1981-10-08,2016-07-30,francisco rivera,odds_frame
erik perez,1989-11-19,2016-07-30,erik perez,odds_frame
tyron woodley,1982-04-07,2016-07-30,tyron woodley,odds_frame
marcin tybura,1985-11-09,2016-08-06,marcin tybura,odds_frame
joseph gigliotti,1993-08-13,2016-08-06,joseph gigliotti,odds_frame
rony jason,1984-03-21,2016-08-06,rony jason,odds_frame
chris camozzi,1986-11-20,2016-08-06,chris camozzi,odds_frame
zak cummings,1984-08-02,2016-08-06,zak cummings,odds_frame
justin ledet,1988-09-28,2016-08-06,justin ledet,odds_frame
tatsuya kawajiri,1978-05-08,2016-08-06,tatsuya kawajiri,odds_frame
horacio gutierrez,1990-09-15,2016-08-06,horacio gutierrez,odds_frame
jason novelli,1979-06-08,2016-08-06,jason novelli,odds_frame
david teymur,1989-05-01,2016-08-06,david teymur,odds_frame
viktor pesta,1990-07-15,2016-08-06,viktor pesta,odds_frame
santiago ponzinibbio,1986-09-26,2016-08-06,santiago ponzinibbio,odds_frame
trevor smith,1981-01-05,2016-08-06,trevor smith,odds_frame
yair rodriguez,1992-10-06,2016-08-06,yair rodriguez,odds_frame
dennis bermudez,1986-12-13,2016-08-06,dennis bermudez,odds_frame
court mcgee,1984-12-12,2016-08-06,court mcgee,odds_frame
chase sherman,1989-11-16,2016-08-06,chase sherman,odds_frame
cub swanson,1983-11-02,2016-08-06,cub swanson,odds_frame
teruto ishihara,1991-07-23,2016-08-06,teruto ishihara,odds_frame
alex caceres,1988-06-20,2016-08-06,alex caceres,odds_frame
dominique steele,1988-01-27,2016-08-06,dominique steele,odds_frame
thales leites,1981-09-06,2016-08-06,thales leites,odds_frame
anthony johnson,1984-03-06,2016-08-20,anthony johnson,odds_frame
sabah homasi,1988-10-19,2016-08-20,sabah homasi,odds_frame
max griffin,1985-11-29,2016-08-20,max griffin,odds_frame
neil magny,1987-08-03,2016-08-20,neil magny,odds_frame
artem lobov,1986-08-11,2016-08-20,artem lobov,odds_frame
colby covington,1988-02-22,2016-08-20,colby covington,odds_frame
tim means,1984-02-20,2016-08-20,tim means,odds_frame
cody garbrandt,1991-07-07,2016-08-20,cody garbrandt,odds_frame
takeya mizugaki,1983-12-16,2016-08-20,takeya mizugaki,odds_frame
chris avila,1993-01-16,2016-08-20,chris avila,odds_frame
marvin vettori,1993-09-20,2016-08-20,marvin vettori,odds_frame
glover teixeira,1979-10-28,2016-08-20,glover teixeira,odds_frame
rick story,1984-08-28,2016-08-20,rick story,odds_frame
donald cerrone,1983-03-29,2016-08-20,donald cerrone,odds_frame
conor mcgregor,1988-07-14,2016-08-20,conor mcgregor,odds_frame
lorenz larkin,1986-09-03,2016-08-20,lorenz larkin,odds_frame
hyun gyu lim,1985-01-16,2016-08-20,hyun gyu lim,odds_frame
nate diaz,1985-04-16,2016-08-20,nate diaz,odds_frame
mike perry,1991-09-15,2016-08-20,mike perry,odds_frame
alberto uda,1984-08-08,2016-08-20,alberto uda,odds_frame
kevin casey,1981-06-15,2016-08-27,kevin casey,odds_frame
felipe silva,1984-05-08,2016-08-27,felipe silva,odds_frame
jeremy kennedy,1992-09-16,2016-08-27,jeremy kennedy,odds_frame
enrique barzola,1989-04-28,2016-08-27,enrique barzola,odds_frame
jim miller,1983-08-30,2016-08-27,jim miller,odds_frame
sam alvey,1986-05-06,2016-08-27,sam alvey,odds_frame
thibault gouti,1987-02-27,2016-08-27,thibault gouti,odds_frame
shane campbell,1987-01-21,2016-08-27,shane campbell,odds_frame
garreth mclellan,1982-09-01,2016-08-27,garreth mclellan,odds_frame
chad laprise,1986-07-23,2016-08-27,chad laprise,odds_frame
joe lauzon,1984-05-22,2016-08-27,joe lauzon,odds_frame
charles oliveira,1989-10-17,2016-08-27,charles oliveira,odds_frame
anthony pettis,1987-01-27,2016-08-27,anthony pettis,odds_frame
alex ricci,1982-07-21,2016-08-27,alex ricci,odds_frame
kyle bochniak,1987-02-05,2016-08-27,kyle bochniak,odds_frame
alessio di chirico,1989-12-12,2016-08-27,alessio di chirico,odds_frame
leandro silva,1985-11-11,2016-09-03,leandro silva,odds_frame
jim wallhead,1984-03-14,2016-09-03,jim wallhead,odds_frame
jack hermansson,1988-06-10,2016-09-03,jack hermansson,odds_frame
tae hyun bang,1983-04-15,2016-09-03,tae hyun bang,odds_frame
jan blachowicz,1983-02-24,2016-09-03,jan blachowicz,odds_frame
ryan bader,1983-06-07,2016-09-03,ryan bader,odds_frame
andrei arlovski,1979-02-04,2016-09-03,andrei arlovski,odds_frame
alexander gustafsson,1987-01-15,2016-09-03,alexander gustafsson,odds_frame
nick hein,1984-04-24,2016-09-03,nick hein,odds_frame
scott askham,1988-05-20,2016-09-03,scott askham,odds_frame
peter sobotta,1987-01-11,2016-09-03,peter sobotta,odds_frame
taylor lapilus,1992-04-08,2016-09-03,taylor lapilus,odds_frame
jarjis danho,1983-10-15,2016-09-03,jarjis danho,odds_frame
rustam khabilov,1986-11-04,2016-09-03,rustam khabilov,odds_frame
jessin ayari,1992-05-31,2016-09-03,jessin ayari,odds_frame
nicolas dalby,1984-11-16,2016-09-03,nicolas dalby,odds_frame
ilir latifi,1982-07-28,2016-09-03,ilir latifi,odds_frame
josh barnett,1977-11-10,2016-09-03,josh barnett,odds_frame
leandro issa,1983-09-19,2016-09-03,leandro issa,odds_frame
christian colombo,1980-07-01,2016-09-03,christian colombo,odds_frame
cm punk,1978-10-26,2016-09-10,cm punk,odds_frame
stipe miocic,1982-08-19,2016-09-10,stipe miocic,odds_frame
brad tavares,1987-12-21,2016-09-10,brad tavares,odds_frame
urijah faber,1979-05-14,2016-09-10,urijah faber,odds_frame
yancy medeiros,1987-09-07,2016-09-10,yancy medeiros,odds_frame
nik lentz,1984-08-13,2016-09-10,nik lentz,odds_frame
fabricio werdum,1977-07-30,2016-09-10,fabricio werdum,odds_frame
alistair overeem,1980-05-17,2016-09-10,alistair overeem,odds_frame
travis browne,1982-07-17,2016-09-10,travis browne,odds_frame
jason gonzalez,1990-02-28,2016-09-10,jason gonzalez,odds_frame
mickey gall,1992-01-22,2016-09-10,mickey gall,odds_frame
jimmie rivera,1989-06-29,2016-09-10,jimmie rivera,odds_frame
drew dober,1988-10-19,2016-09-10,drew dober,odds_frame
caio magalhaes,1987-12-14,2016-09-10,caio magalhaes,odds_frame
michael mcbride,1986-03-09,2016-09-10,michael mcbride,odds_frame
sean spencer,1987-06-25,2016-09-10,sean spencer,odds_frame
derek brunson,1984-01-04,2016-09-17,derek brunson,odds_frame
sam sicilia,1986-02-01,2016-09-17,sam sicilia,odds_frame
augusto montano,1984-10-25,2016-09-17,augusto montano,odds_frame
ricky glenn,1989-04-12,2016-09-17,ricky glenn,odds_frame
evan dunham,1981-12-18,2016-09-17,evan dunham,odds_frame
joey gomez,1989-08-29,2016-09-17,joey gomez,odds_frame
belal muhammad,1988-07-09,2016-09-17,belal muhammad,odds_frame
erick montano,1985-11-19,2016-09-17,erick montano,odds_frame
jose quinonez,1990-07-28,2016-09-17,jose quinonez,odds_frame
chas skelly,1985-05-11,2016-09-17,chas skelly,odds_frame
alejandro perez,1989-09-02,2016-09-17,alejandro perez,odds_frame
uriah hall,1984-07-31,2016-09-17,uriah hall,odds_frame
michael johnson,1986-06-04,2016-09-17,michael johnson,odds_frame
dustin poirier,1989-01-19,2016-09-17,dustin poirier,odds_frame
randy brown,1990-07-08,2016-09-17,randy brown,odds_frame
albert morales,1991-05-25,2016-09-17,albert morales,odds_frame
kenny robertson,1984-02-14,2016-09-17,kenny robertson,odds_frame
chris wade,1987-09-30,2016-09-17,chris wade,odds_frame
islam makhachev,1991-10-27,2016-09-17,islam makhachev,odds_frame
gabriel benitez,1988-06-15,2016-09-17,gabriel benitez,odds_frame
maximo blanco,1983-10-16,2016-09-17,maximo blanco,odds_frame
roan carneiro,1978-06-02,2016-09-17,roan carneiro,odds_frame
phillipe nover,1984-02-03,2016-09-24,phillipe nover,odds_frame
paul felder,1984-04-25,2016-09-24,paul felder,odds_frame
francisco trinaldo,1978-08-24,2016-09-24,francisco trinaldo,odds_frame
renan barao,1987-01-31,2016-09-24,renan barao,odds_frame
hector urbina,1987-09-17,2016-09-24,hector urbina,odds_frame
mike de la torre,1986-09-22,2016-09-24,mike de la torre,odds_frame
gilbert burns,1986-07-20,2016-09-24,gilbert burns,odds_frame
luan chagas,1993-06-17,2016-09-24,luan chagas,odds_frame
jussier formiga,1985-04-14,2016-09-24,jussier formiga,odds_frame
erick silva,1984-06-21,2016-09-24,erick silva,odds_frame
godofredo pepey,1987-07-02,2016-09-24,godofredo pepey,odds_frame
dustin ortiz,1988-12-25,2016-09-24,dustin ortiz,odds_frame
vicente luque,1991-11-27,2016-09-24,vicente luque,odds_frame
michinori tanaka,1990-10-04,2016-09-24,michinori tanaka,odds_frame
antonio silva,1979-09-14,2016-09-24,antonio silva,odds_frame
michel prazeres,1981-07-25,2016-09-24,michel prazeres,odds_frame
rani yahya,1984-09-12,2016-09-24,rani yahya,odds_frame
stevie ray,1990-03-25,2016-09-24,stevie ray,odds_frame
alan patrick,1983-07-19,2016-09-24,alan patrick,odds_frame
thiago santos,1984-01-07,2016-09-24,thiago santos,odds_frame
roy nelson,1976-06-20,2016-09-24,roy nelson,odds_frame
eric spicely,1986-09-29,2016-09-24,eric spicely,odds_frame
tamdan mccrory,1986-11-05,2016-10-01,tamdan mccrory,odds_frame
walt harris,1983-06-10,2016-10-01,walt harris,odds_frame
cody east,1988-06-29,2016-10-01,cody east,odds_frame
andre fili,1990-06-25,2016-10-01,andre fili,odds_frame
brandon moreno,1993-12-07,2016-10-01,brandon moreno,odds_frame
zak ottow,1986-12-22,2016-10-01,zak ottow,odds_frame
alex oliveira,1988-02-21,2016-10-01,alex oliveira,odds_frame
john dodson,1984-09-26,2016-10-01,john dodson,odds_frame
curtis blaydes,1991-02-18,2016-10-01,curtis blaydes,odds_frame
john lineker,1990-06-12,2016-10-01,john lineker,odds_frame
will brooks,1986-10-08,2016-10-01,will brooks,odds_frame
joshua burkman,1980-04-10,2016-10-01,joshua burkman,odds_frame
louis smolka,1991-07-16,2016-10-01,louis smolka,odds_frame
hacran dias,1984-06-16,2016-10-01,hacran dias,odds_frame
ion cutelaba,1993-12-14,2016-10-01,ion cutelaba,odds_frame
shamil abdurakhimov,1981-09-02,2016-10-01,shamil abdurakhimov,odds_frame
jonathan wilson,1987-07-17,2016-10-01,jonathan wilson,odds_frame
nate marquardt,1979-04-20,2016-10-01,nate marquardt,odds_frame
dan henderson,1970-08-24,2016-10-08,dan henderson,odds_frame
vitor belfort,1977-04-01,2016-10-08,vitor belfort,odds_frame
gegard mousasi,1985-08-01,2016-10-08,gegard mousasi,odds_frame
jimi manuwa,1980-02-18,2016-10-08,jimi manuwa,odds_frame
daniel omielanczuk,1982-08-31,2016-10-08,daniel omielanczuk,odds_frame
marc diakiese,1993-03-16,2016-10-08,marc diakiese,odds_frame
iuri alcantara,1980-08-04,2016-10-08,iuri alcantara,odds_frame
damian stasiak,1990-02-20,2016-10-08,damian stasiak,odds_frame
albert tumenov,1991-12-26,2016-10-08,albert tumenov,odds_frame
mike perry,1991-09-15,2016-10-08,mike perry,odds_frame
adriano martins,1982-12-16,2016-10-08,adriano martins,odds_frame
russell doane,1986-08-13,2016-10-08,russell doane,odds_frame
michael bisping,1979-02-28,2016-10-08,michael bisping,odds_frame
danny roberts,1987-07-14,2016-10-08,danny roberts,odds_frame
ovince saint preux,1983-04-08,2016-10-08,ovince saint preux,odds_frame
stefan struve,1988-02-18,2016-10-08,stefan struve,odds_frame
lukasz sajewski,1990-11-27,2016-10-08,lukasz sajewski,odds_frame
brad pickett,1978-09-24,2016-10-08,brad pickett,odds_frame
davey grant,1985-12-18,2016-10-08,davey grant,odds_frame
leon edwards,1991-08-25,2016-10-08,leon edwards,odds_frame
leonardo santos,1980-02-05,2016-10-08,leonardo santos,odds_frame
mirsad bektic,1991-02-16,2016-10-08,mirsad bektic,odds_frame
beneil dariush,1989-05-06,2016-11-05,beneil dariush,odds_frame
martin bravo,1993-09-21,2016-11-05,martin bravo,odds_frame
rafael dos anjos,1984-10-26,2016-11-05,rafael dos anjos,odds_frame
claudio puelles,1996-04-21,2016-11-05,claudio puelles,odds_frame
tony ferguson,1984-02-12,2016-11-05,tony ferguson,odds_frame
marcin held,1992-01-18,2016-11-05,marcin held,odds_frame
charles oliveira,1989-10-17,2016-11-05,charles oliveira,odds_frame
rashid magomedov,1984-11-29,2016-11-05,rashid magomedov,odds_frame
joe soto,1987-03-22,2016-11-05,joe soto,odds_frame
max griffin,1985-11-29,2016-11-05,max griffin,odds_frame
chris avila,1993-01-16,2016-11-05,chris avila,odds_frame
alex nicholson,1990-05-02,2016-11-05,alex nicholson,odds_frame
diego sanchez,1981-12-31,2016-11-05,diego sanchez,odds_frame
felipe arantes,1988-02-09,2016-11-05,felipe arantes,odds_frame
erik perez,1989-11-19,2016-11-05,erik perez,odds_frame
marco polo reyes,1984-11-07,2016-11-05,marco polo reyes,odds_frame
sam alvey,1986-05-06,2016-11-05,sam alvey,odds_frame
enrique barzola,1989-04-28,2016-11-05,enrique barzola,odds_frame
erick montano,1985-11-19,2016-11-05,erick montano,odds_frame
marco beltran,1986-05-18,2016-11-05,marco beltran,odds_frame
henry briones,1980-10-22,2016-11-05,henry briones,odds_frame
ricardo lamas,1982-05-21,2016-11-05,ricardo lamas,odds_frame
jason novelli,1979-06-08,2016-11-05,jason novelli,odds_frame
douglas silva de andrade,1985-06-22,2016-11-05,douglas silva de andrade,odds_frame
rafael natal,1982-12-25,2016-11-12,rafael natal,odds_frame
jeremy stephens,1986-05-25,2016-11-12,jeremy stephens,odds_frame
thiago alves,1983-10-03,2016-11-12,thiago alves,odds_frame
belal muhammad,1988-07-09,2016-11-12,belal muhammad,odds_frame
tim boetsch,1981-01-28,2016-11-12,tim boetsch,odds_frame
frankie edgar,1981-10-16,2016-11-12,frankie edgar,odds_frame
vicente luque,1991-11-27,2016-11-12,vicente luque,odds_frame
khabib nurmagomedov,1988-09-20,2016-11-12,khabib nurmagomedov,odds_frame
jim miller,1983-08-30,2016-11-12,jim miller,odds_frame
chris weidman,1984-06-17,2016-11-12,chris weidman,odds_frame
tyron woodley,1982-04-07,2016-11-12,tyron woodley,odds_frame
michael johnson,1986-06-04,2016-11-12,michael johnson,odds_frame
conor mcgregor,1988-07-14,2016-11-12,conor mcgregor,odds_frame
yoel romero,1977-04-30,2016-11-12,yoel romero,odds_frame
stephen thompson,1983-02-11,2016-11-12,stephen thompson,odds_frame
eddie alvarez,1984-01-11,2016-11-12,eddie alvarez,odds_frame
gadzhimurad antigulov,1987-02-09,2016-11-19,gadzhimurad antigulov,odds_frame
alexander volkov,1988-10-24,2016-11-19,alexander volkov,odds_frame
stevie ray,1990-03-25,2016-11-19,stevie ray,odds_frame
uriah hall,1984-07-31,2016-11-19,uriah hall,odds_frame
magomed mustafaev,1988-08-02,2016-11-19,magomed mustafaev,odds_frame
justin scoggins,1992-05-02,2016-11-19,justin scoggins,odds_frame
jack hermansson,1988-06-10,2016-11-19,jack hermansson,odds_frame
francimar barroso,1980-02-28,2016-11-19,francimar barroso,odds_frame
kamaru usman,1987-05-11,2016-11-19,kamaru usman,odds_frame
christian colombo,1980-07-01,2016-11-19,christian colombo,odds_frame
krzysztof jotko,1989-08-19,2016-11-19,krzysztof jotko,odds_frame
albert morales,1991-05-25,2016-11-19,albert morales,odds_frame
rogerio nogueira,1976-06-02,2016-11-19,rogerio nogueira,odds_frame
teruto ishihara,1991-07-23,2016-11-19,teruto ishihara,odds_frame
zak ottow,1986-12-22,2016-11-19,zak ottow,odds_frame
jack marshman,1989-12-19,2016-11-19,jack marshman,odds_frame
kwan ho kwak,1989-06-18,2016-11-19,kwan ho kwak,odds_frame
mark godbeer,1983-11-22,2016-11-19,mark godbeer,odds_frame
brett johns,1992-02-21,2016-11-19,brett johns,odds_frame
zak cummings,1984-08-02,2016-11-19,zak cummings,odds_frame
justin ledet,1988-09-28,2016-11-19,justin ledet,odds_frame
kyoji horiguchi,1990-10-12,2016-11-19,kyoji horiguchi,odds_frame
ryan bader,1983-06-07,2016-11-19,ryan bader,odds_frame
thomas almeida,1991-07-31,2016-11-19,thomas almeida,odds_frame
thales leites,1981-09-06,2016-11-19,thales leites,odds_frame
luis henrique,1993-08-21,2016-11-19,luis henrique,odds_frame
warlley alves,1991-01-04,2016-11-19,warlley alves,odds_frame
sergio moraes,1982-07-23,2016-11-19,sergio moraes,odds_frame
ali bagautinov,1985-06-10,2016-11-19,ali bagautinov,odds_frame
cezar ferreira,1985-02-15,2016-11-19,cezar ferreira,odds_frame
pedro munhoz,1986-09-07,2016-11-19,pedro munhoz,odds_frame
gegard mousasi,1985-08-01,2016-11-19,gegard mousasi,odds_frame
ross pearson,1984-09-26,2016-11-19,ross pearson,odds_frame
timothy johnson,1985-03-13,2016-11-19,timothy johnson,odds_frame
artem lobov,1986-08-11,2016-11-19,artem lobov,odds_frame
magnus cedenblad,1982-04-10,2016-11-19,magnus cedenblad,odds_frame
abdul razak alhassan,1985-08-11,2016-11-19,abdul razak alhassan,odds_frame
darren stewart,1990-12-30,2016-11-19,darren stewart,odds_frame
charlie ward,1980-12-17,2016-11-19,charlie ward,odds_frame
alexander yakovlev,1984-07-18,2016-11-19,alexander yakovlev,odds_frame
marcos rogerio de lima,1985-06-25,2016-11-19,marcos rogerio de lima,odds_frame
kevin lee,1992-09-04,2016-11-19,kevin lee,odds_frame
robert whittaker,1990-12-20,2016-11-26,robert whittaker,odds_frame
andrew holbrook,1986-02-06,2016-11-26,andrew holbrook,odds_frame
jake matthews,1994-08-19,2016-11-26,jake matthews,odds_frame
daniel kelly,1977-10-31,2016-11-26,daniel kelly,odds_frame
derek brunson,1984-01-04,2016-11-26,derek brunson,odds_frame
dan hooker,1990-02-13,2016-11-26,dan hooker,odds_frame
richard walsh,1988-12-01,2016-11-26,richard walsh,odds_frame
damien brown,1984-12-25,2016-11-26,damien brown,odds_frame
ben nguyen,1988-08-03,2016-11-26,ben nguyen,odds_frame
yao zhikui,1991-02-07,2016-11-26,yao zhikui,odds_frame
chris camozzi,1986-11-20,2016-11-26,chris camozzi,odds_frame
jenel lausa,1988-08-01,2016-11-26,jenel lausa,odds_frame
jason knight,1992-07-14,2016-11-26,jason knight,odds_frame
jonathan meunier,1987-08-04,2016-11-26,jonathan meunier,odds_frame
jon tuck,1984-08-28,2016-11-26,jon tuck,odds_frame
geane herrera,1990-05-27,2016-11-26,geane herrera,odds_frame
omari akhmedov,1987-10-12,2016-11-26,omari akhmedov,odds_frame
kyle noke,1980-03-18,2016-11-26,kyle noke,odds_frame
josh stansbury,1984-11-19,2016-12-03,josh stansbury,odds_frame
elvis mutapcic,1986-07-19,2016-12-03,elvis mutapcic,odds_frame
rob font,1987-06-25,2016-12-03,rob font,odds_frame
joseph benavidez,1984-07-31,2016-12-03,joseph benavidez,odds_frame
dong hyun ma,1988-09-09,2016-12-03,dong hyun ma,odds_frame
ion cutelaba,1993-12-14,2016-12-03,ion cutelaba,odds_frame
demetrious johnson,1986-08-13,2016-12-03,demetrious johnson,odds_frame
jake ellenberger,1985-03-28,2016-12-03,jake ellenberger,odds_frame
gray maynard,1979-05-09,2016-12-03,gray maynard,odds_frame
brandon moreno,1993-12-07,2016-12-03,brandon moreno,odds_frame
ryan benoit,1989-08-25,2016-12-03,ryan benoit,odds_frame
jorge masvidal,1984-11-12,2016-12-03,jorge masvidal,odds_frame
tim elliott,1986-12-24,2016-12-03,tim elliott,odds_frame
henry cejudo,1987-02-09,2016-12-03,henry cejudo,odds_frame
jared cannonier,1984-03-16,2016-12-03,jared cannonier,odds_frame
brendan o'reilly,1987-06-24,2016-12-03,brendan o reilly,odds_frame
ryan hall,1985-02-22,2016-12-03,ryan hall,odds_frame
matt schnell,1990-01-15,2016-12-03,matt schnell,odds_frame
anthony smith,1988-07-26,2016-12-03,anthony smith,odds_frame
devin clark,1990-04-12,2016-12-03,devin clark,odds_frame
andrew sanchez,1988-04-08,2016-12-09,andrew sanchez,odds_frame
randy brown,1990-07-08,2016-12-09,randy brown,odds_frame
ryan janes,1981-08-22,2016-12-09,ryan janes,odds_frame
trevor smith,1981-01-05,2016-12-09,trevor smith,odds_frame
brian camozzi,1991-06-24,2016-12-09,brian camozzi,odds_frame
sean o'connell,1983-09-02,2016-12-09,sean o connell,odds_frame
anthony hamilton,1980-04-14,2016-12-09,anthony hamilton,odds_frame
shamil abdurakhimov,1981-09-02,2016-12-09,shamil abdurakhimov,odds_frame
derrick lewis,1985-02-07,2016-12-09,derrick lewis,odds_frame
corey anderson,1989-09-22,2016-12-09,corey anderson,odds_frame
keith berish,1985-11-14,2016-12-09,keith berish,odds_frame
frankie perez,1989-05-11,2016-12-09,frankie perez,odds_frame
marc diakiese,1993-03-16,2016-12-09,marc diakiese,odds_frame
francis ngannou,1986-09-05,2016-12-09,francis ngannou,odds_frame
nikita krylov,1992-03-07,2016-12-10,nikita krylov,odds_frame
matt brown,1981-01-10,2016-12-10,matt brown,odds_frame
john makdessi,1985-05-03,2016-12-10,john makdessi,odds_frame
mitch gagnon,1984-10-10,2016-12-10,mitch gagnon,odds_frame
max holloway,1991-12-04,2016-12-10,max holloway,odds_frame
donald cerrone,1983-03-29,2016-12-10,donald cerrone,odds_frame
cub swanson,1983-11-02,2016-12-10,cub swanson,odds_frame
anthony pettis,1987-01-27,2016-12-10,anthony pettis,odds_frame
tim kennedy,1979-09-01,2016-12-10,tim kennedy,odds_frame
olivier aubin-mercier,1989-02-23,2016-12-10,olivier aubin mercier,odds_frame
jordan mein,1989-10-10,2016-12-10,jordan mein,odds_frame
zach makovsky,1983-04-19,2016-12-10,zach makovsky,odds_frame
misha cirkunov,1987-02-27,2016-12-10,misha cirkunov,odds_frame
dooho choi,1991-04-10,2016-12-10,dooho choi,odds_frame
kelvin gastelum,1991-10-24,2016-12-10,kelvin gastelum,odds_frame
drew dober,1988-10-19,2016-12-10,drew dober,odds_frame
dustin ortiz,1988-12-25,2016-12-10,dustin ortiz,odds_frame
rustam khabilov,1986-11-04,2016-12-10,rustam khabilov,odds_frame
emil meek,1988-08-20,2016-12-10,emil meek,odds_frame
lando vannata,1992-03-14,2016-12-10,lando vannata,odds_frame
matthew lopez,1987-01-21,2016-12-10,matthew lopez,odds_frame
jason saggo,1985-11-23,2016-12-10,jason saggo,odds_frame
fredy serrano,1979-09-22,2016-12-17,fredy serrano,odds_frame
sultan aliev,1984-09-17,2016-12-17,sultan aliev,odds_frame
colby covington,1988-02-22,2016-12-17,colby covington,odds_frame
mizuto hirota,1981-05-05,2016-12-17,mizuto hirota,odds_frame
mike perry,1991-09-15,2016-12-17,mike perry,odds_frame
brad pickett,1978-09-24,2016-12-17,brad pickett,odds_frame
mickey gall,1992-01-22,2016-12-17,mickey gall,odds_frame
sage northcutt,1996-03-01,2016-12-17,sage northcutt,odds_frame
urijah faber,1979-05-14,2016-12-17,urijah faber,odds_frame
alan jouban,1981-11-25,2016-12-17,alan jouban,odds_frame
alex morono,1990-08-16,2016-12-17,alex morono,odds_frame
bryan barberena,1989-05-03,2016-12-17,bryan barberena,odds_frame
takeya mizugaki,1983-12-16,2016-12-17,takeya mizugaki,odds_frame
scott holtzman,1983-09-30,2016-12-17,scott holtzman,odds_frame
bojan velickovic,1988-12-18,2016-12-17,bojan velickovic,odds_frame
hector sandoval,1986-07-19,2016-12-17,hector sandoval,odds_frame
cole miller,1984-04-26,2016-12-17,cole miller,odds_frame
josh emmett,1985-03-04,2016-12-17,josh emmett,odds_frame
eddie wineland,1984-06-26,2016-12-17,eddie wineland,odds_frame
james moontasri,1988-04-10,2016-12-17,james moontasri,odds_frame
mike pyle,1975-09-18,2016-12-30,mike pyle,odds_frame
dong hyun kim,1981-11-17,2016-12-30,dong hyun kim,odds_frame
louis smolka,1991-07-16,2016-12-30,louis smolka,odds_frame
dominick cruz,1985-03-09,2016-12-30,dominick cruz,odds_frame
antonio carlos junior,1990-03-16,2016-12-30,antonio carlos junior,odds_frame
brandon thatch,1985-07-11,2016-12-30,brandon thatch,odds_frame
alex oliveira,1988-02-21,2016-12-30,alex oliveira,odds_frame
johny hendricks,1983-09-12,2016-12-30,johny hendricks,odds_frame
tj dillashaw,1986-02-07,2016-12-30,tj dillashaw,odds_frame
john lineker,1990-06-12,2016-12-30,john lineker,odds_frame
tarec saffiedine,1986-09-06,2016-12-30,tarec saffiedine,odds_frame
cody garbrandt,1991-07-07,2016-12-30,cody garbrandt,odds_frame
alex garcia,1987-07-14,2016-12-30,alex garcia,odds_frame
neil magny,1987-08-03,2016-12-30,neil magny,odds_frame
marvin vettori,1993-09-20,2016-12-30,marvin vettori,odds_frame
niko price,1989-09-29,2016-12-30,niko price,odds_frame
tim means,1984-02-20,2016-12-30,tim means,odds_frame
ray borg,1993-08-04,2016-12-30,ray borg,odds_frame
john moraga,1984-03-20,2017-01-15,john moraga,odds_frame
ben saunders,1983-04-13,2017-01-15,ben saunders,odds_frame
bj penn,1978-12-13,2017-01-15,bj penn,odds_frame
marcin held,1992-01-18,2017-01-15,marcin held,odds_frame
sergio pettis,1993-08-18,2017-01-15,sergio pettis,odds_frame
chase sherman,1989-11-16,2017-01-15,chase sherman,odds_frame
augusto mendes,1983-03-03,2017-01-15,augusto mendes,odds_frame
drakkar klose,1988-03-09,2017-01-15,drakkar klose,odds_frame
cyril asker,1985-12-24,2017-01-15,cyril asker,odds_frame
viktor pesta,1990-07-15,2017-01-15,viktor pesta,odds_frame
joachim christensen,1978-11-07,2017-01-15,joachim christensen,odds_frame
bojan mihajlovic,1980-03-30,2017-01-15,bojan mihajlovic,odds_frame
aleksei oleinik,1977-06-20,2017-01-15,aleksei oleinik,odds_frame
dmitrii smoliakov,1982-08-05,2017-01-15,dmitrii smoliakov,odds_frame
devin powell,1988-03-01,2017-01-15,devin powell,odds_frame
court mcgee,1984-12-12,2017-01-15,court mcgee,odds_frame
yair rodriguez,1992-10-06,2017-01-15,yair rodriguez,odds_frame
joe lauzon,1984-05-22,2017-01-15,joe lauzon,odds_frame
walt harris,1983-06-10,2017-01-15,walt harris,odds_frame
frankie saenz,1980-08-12,2017-01-15,frankie saenz,odds_frame
alex caceres,1988-06-20,2017-01-28,alex caceres,odds_frame
donald cerrone,1983-03-29,2017-01-28,donald cerrone,odds_frame
andrei arlovski,1979-02-04,2017-01-28,andrei arlovski,odds_frame
bobby nash,1990-03-26,2017-01-28,bobby nash,odds_frame
eric spicely,1986-09-29,2017-01-28,eric spicely,odds_frame
raphael assuncao,1982-07-19,2017-01-28,raphael assuncao,odds_frame
nate marquardt,1979-04-20,2017-01-28,nate marquardt,odds_frame
alessio di chirico,1989-12-12,2017-01-28,alessio di chirico,odds_frame
eric shelton,1991-02-02,2017-01-28,eric shelton,odds_frame
marcos rogerio de lima,1985-06-25,2017-01-28,marcos rogerio de lima,odds_frame
jc cottrell,1989-11-04,2017-01-28,jc cottrell,odds_frame
alexandre pantoja,1990-04-16,2017-01-28,alexandre pantoja,odds_frame
aljamain sterling,1989-07-31,2017-01-28,aljamain sterling,odds_frame
jorge masvidal,1984-11-12,2017-01-28,jorge masvidal,odds_frame
jason gonzalez,1990-02-28,2017-01-28,jason gonzalez,odds_frame
jason knight,1992-07-14,2017-01-28,jason knight,odds_frame
sam alvey,1986-05-06,2017-01-28,sam alvey,odds_frame
li jingliang,1988-03-20,2017-01-28,li jingliang,odds_frame
jeremy kimball,1991-01-03,2017-01-28,jeremy kimball,odds_frame
francis ngannou,1986-09-05,2017-01-28,francis ngannou,odds_frame
adam milstead,1987-07-03,2017-02-04,adam milstead,odds_frame
anthony hamilton,1980-04-14,2017-02-04,anthony hamilton,odds_frame
dennis bermudez,1986-12-13,2017-02-04,dennis bermudez,odds_frame
abel trujillo,1983-09-18,2017-02-04,abel trujillo,odds_frame
alex morono,1990-08-16,2017-02-04,alex morono,odds_frame
chas skelly,1985-05-11,2017-02-04,chas skelly,odds_frame
chris gruetzemacher,1986-06-16,2017-02-04,chris gruetzemacher,odds_frame
volkan oezdemir,1989-09-19,2017-02-04,volkan oezdemir,odds_frame
curtis blaydes,1991-02-18,2017-02-04,curtis blaydes,odds_frame
marcel fortuna,1985-10-22,2017-02-04,marcel fortuna,odds_frame
chan sung jung,1987-03-17,2017-02-04,chan sung jung,odds_frame
james vick,1987-02-23,2017-02-04,james vick,odds_frame
niko price,1989-09-29,2017-02-04,niko price,odds_frame
ovince saint preux,1983-04-08,2017-02-04,ovince saint preux,odds_frame
tim boetsch,1981-01-28,2017-02-11,tim boetsch,odds_frame
phillipe nover,1984-02-03,2017-02-11,phillipe nover,odds_frame
anderson silva,1975-04-14,2017-02-11,anderson silva,odds_frame
roan carneiro,1978-06-02,2017-02-11,roan carneiro,odds_frame
jacare souza,1979-12-07,2017-02-11,jacare souza,odds_frame
glover teixeira,1979-10-28,2017-02-11,glover teixeira,odds_frame
dustin poirier,1989-01-19,2017-02-11,dustin poirier,odds_frame
randy brown,1990-07-08,2017-02-11,randy brown,odds_frame
wilson reis,1985-01-06,2017-02-11,wilson reis,odds_frame
nik lentz,1984-08-13,2017-02-11,nik lentz,odds_frame
ryan laflare,1983-10-01,2017-02-11,ryan laflare,odds_frame
ricky glenn,1989-04-12,2017-02-11,ricky glenn,odds_frame
jim miller,1983-08-30,2017-02-11,jim miller,odds_frame
derek brunson,1984-01-04,2017-02-11,derek brunson,odds_frame
jared cannonier,1984-03-16,2017-02-11,jared cannonier,odds_frame
belal muhammad,1988-07-09,2017-02-11,belal muhammad,odds_frame
islam makhachev,1991-10-27,2017-02-11,islam makhachev,odds_frame
yuta sasaki,1989-10-07,2017-02-11,yuta sasaki,odds_frame
derrick lewis,1985-02-07,2017-02-19,derrick lewis,odds_frame
sam sicilia,1986-02-01,2017-02-19,sam sicilia,odds_frame
aiemann zahabi,1987-11-19,2017-02-19,aiemann zahabi,odds_frame
jack marshman,1989-12-19,2017-02-19,jack marshman,odds_frame
thiago santos,1984-01-07,2017-02-19,thiago santos,odds_frame
elias theodorou,1988-05-31,2017-02-19,elias theodorou,odds_frame
gerald meerschaert,1987-12-18,2017-02-19,gerald meerschaert,odds_frame
travis browne,1982-07-17,2017-02-19,travis browne,odds_frame
hector lombard,1978-02-02,2017-02-19,hector lombard,odds_frame
johny hendricks,1983-09-12,2017-02-19,johny hendricks,odds_frame
gavin tucker,1986-06-17,2017-02-19,gavin tucker,odds_frame
santiago ponzinibbio,1986-09-26,2017-02-19,santiago ponzinibbio,odds_frame
nordine taleb,1981-06-10,2017-02-19,nordine taleb,odds_frame
ryan janes,1981-08-22,2017-02-19,ryan janes,odds_frame
cezar ferreira,1985-02-15,2017-02-19,cezar ferreira,odds_frame
reginaldo vieira,1982-11-26,2017-02-19,reginaldo vieira,odds_frame
rashad evans,1979-09-25,2017-03-04,rashad evans,odds_frame
stephen thompson,1983-02-11,2017-03-04,stephen thompson,odds_frame
david teymur,1989-05-01,2017-03-04,david teymur,odds_frame
mark hunt,1974-03-23,2017-03-04,mark hunt,odds_frame
luke sanders,1985-12-12,2017-03-04,luke sanders,odds_frame
darren elkins,1984-05-16,2017-03-04,darren elkins,odds_frame
daniel spitz,1990-07-31,2017-03-04,daniel spitz,odds_frame
paul craig,1987-11-27,2017-03-04,paul craig,odds_frame
andre soukhamthath,1988-10-23,2017-03-04,andre soukhamthath,odds_frame
luis henrique,1993-08-21,2017-03-04,luis henrique,odds_frame
marcin tybura,1985-11-09,2017-03-04,marcin tybura,odds_frame
albert morales,1991-05-25,2017-03-04,albert morales,odds_frame
tyson pedro,1991-09-17,2017-03-04,tyson pedro,odds_frame
mark godbeer,1983-11-22,2017-03-04,mark godbeer,odds_frame
mirsad bektic,1991-02-16,2017-03-04,mirsad bektic,odds_frame
iuri alcantara,1980-08-04,2017-03-04,iuri alcantara,odds_frame
alistair overeem,1980-05-17,2017-03-04,alistair overeem,odds_frame
lando vannata,1992-03-14,2017-03-04,lando vannata,odds_frame
tyron woodley,1982-04-07,2017-03-04,tyron woodley,odds_frame
daniel kelly,1977-10-31,2017-03-04,daniel kelly,odds_frame
kelvin gastelum,1991-10-24,2017-03-11,kelvin gastelum,odds_frame
rani yahya,1984-09-12,2017-03-11,rani yahya,odds_frame
francisco trinaldo,1978-08-24,2017-03-11,francisco trinaldo,odds_frame
garreth mclellan,1982-09-01,2017-03-11,garreth mclellan,odds_frame
rony jason,1984-03-21,2017-03-11,rony jason,odds_frame
michel prazeres,1981-07-25,2017-03-11,michel prazeres,odds_frame
gian villante,1985-08-18,2017-03-11,gian villante,odds_frame
sergio moraes,1982-07-23,2017-03-11,sergio moraes,odds_frame
alex oliveira,1988-02-21,2017-03-11,alex oliveira,odds_frame
jussier formiga,1985-04-14,2017-03-11,jussier formiga,odds_frame
edson barboza,1986-01-21,2017-03-11,edson barboza,odds_frame
mauricio rua,1981-11-25,2017-03-11,mauricio rua,odds_frame
vitor belfort,1977-04-01,2017-03-11,vitor belfort,odds_frame
ray borg,1993-08-04,2017-03-11,ray borg,odds_frame
beneil dariush,1989-05-06,2017-03-11,beneil dariush,odds_frame
tim means,1984-02-20,2017-03-11,tim means,odds_frame
davi ramos,1986-11-05,2017-03-11,davi ramos,odds_frame
joshua burkman,1980-04-10,2017-03-11,joshua burkman,odds_frame
jeremy kennedy,1992-09-16,2017-03-11,jeremy kennedy,odds_frame
paulo costa,1991-04-21,2017-03-11,paulo costa,odds_frame
kevin lee,1992-09-04,2017-03-11,kevin lee,odds_frame
joe soto,1987-03-22,2017-03-11,joe soto,odds_frame
darren stewart,1990-12-30,2017-03-18,darren stewart,odds_frame
daniel omielanczuk,1982-08-31,2017-03-18,daniel omielanczuk,odds_frame
brad pickett,1978-09-24,2017-03-18,brad pickett,odds_frame
gunnar nelson,1988-07-28,2017-03-18,gunnar nelson,odds_frame
jimi manuwa,1980-02-18,2017-03-18,jimi manuwa,odds_frame
leon edwards,1991-08-25,2017-03-18,leon edwards,odds_frame
brad scott,1989-06-24,2017-03-18,brad scott,odds_frame
arnold allen,1994-01-22,2017-03-18,arnold allen,odds_frame
marc diakiese,1993-03-16,2017-03-18,marc diakiese,odds_frame
corey anderson,1989-09-22,2017-03-18,corey anderson,odds_frame
alan jouban,1981-11-25,2017-03-18,alan jouban,odds_frame
marlon vera,1992-12-02,2017-03-18,marlon vera,odds_frame
timothy johnson,1985-03-13,2017-03-18,timothy johnson,odds_frame
francimar barroso,1980-02-28,2017-03-18,francimar barroso,odds_frame
scott askham,1988-05-20,2017-03-18,scott askham,odds_frame
makwan amirkhani,1988-11-08,2017-03-18,makwan amirkhani,odds_frame
teemu packalen,1987-05-22,2017-03-18,teemu packalen,odds_frame
vicente luque,1991-11-27,2017-03-18,vicente luque,odds_frame
gegard mousasi,1985-08-01,2017-04-08,gegard mousasi,odds_frame
jan blachowicz,1983-02-24,2017-04-08,jan blachowicz,odds_frame
mike de la torre,1986-09-22,2017-04-08,mike de la torre,odds_frame
andrew holbrook,1986-02-06,2017-04-08,andrew holbrook,odds_frame
daniel cormier,1979-03-20,2017-04-08,daniel cormier,odds_frame
chris weidman,1984-06-17,2017-04-08,chris weidman,odds_frame
thiago alves,1983-10-03,2017-04-08,thiago alves,odds_frame
will brooks,1986-10-08,2017-04-08,will brooks,odds_frame
josh emmett,1985-03-04,2017-04-08,josh emmett,odds_frame
kamaru usman,1987-05-11,2017-04-08,kamaru usman,odds_frame
shane burgos,1991-03-19,2017-04-08,shane burgos,odds_frame
patrick cummins,1980-11-16,2017-04-08,patrick cummins,odds_frame
gregor gillespie,1986-11-13,2017-04-08,gregor gillespie,odds_frame
charles rosa,1986-08-24,2017-04-08,charles rosa,odds_frame
sean strickland,1991-02-27,2017-04-08,sean strickland,odds_frame
desmond green,1989-10-11,2017-04-08,desmond green,odds_frame
charles oliveira,1989-10-17,2017-04-08,charles oliveira,odds_frame
patrick cote,1980-02-29,2017-04-08,patrick cote,odds_frame
anthony johnson,1984-03-06,2017-04-08,anthony johnson,odds_frame
myles jury,1988-10-31,2017-04-08,myles jury,odds_frame
andrew sanchez,1988-04-08,2017-04-15,andrew sanchez,odds_frame
aljamain sterling,1989-07-31,2017-04-15,aljamain sterling,odds_frame
patrick williams,1981-09-07,2017-04-15,patrick williams,odds_frame
zak cummings,1984-08-02,2017-04-15,zak cummings,odds_frame
anthony smith,1988-07-26,2017-04-15,anthony smith,odds_frame
devin clark,1990-04-12,2017-04-15,devin clark,odds_frame
tom duquesnoy,1993-06-21,2017-04-15,tom duquesnoy,odds_frame
louis smolka,1991-07-16,2017-04-15,louis smolka,odds_frame
alexander volkov,1988-10-24,2017-04-15,alexander volkov,odds_frame
jeremy stephens,1986-05-25,2017-04-15,jeremy stephens,odds_frame
jacare souza,1979-12-07,2017-04-15,jacare souza,odds_frame
demetrious johnson,1986-08-13,2017-04-15,demetrious johnson,odds_frame
roy nelson,1976-06-20,2017-04-15,roy nelson,odds_frame
robert whittaker,1990-12-20,2017-04-15,robert whittaker,odds_frame
renato moicano,1989-05-21,2017-04-15,renato moicano,odds_frame
tim elliott,1986-12-24,2017-04-15,tim elliott,odds_frame
augusto mendes,1983-03-03,2017-04-15,augusto mendes,odds_frame
jake collier,1988-10-25,2017-04-15,jake collier,odds_frame
nathan coy,1978-07-24,2017-04-15,nathan coy,odds_frame
wilson reis,1985-01-06,2017-04-15,wilson reis,odds_frame
scott holtzman,1983-09-30,2017-04-22,scott holtzman,odds_frame
hector sandoval,1986-07-19,2017-04-22,hector sandoval,odds_frame
bryan barberena,1989-05-03,2017-04-22,bryan barberena,odds_frame
jake ellenberger,1985-03-28,2017-04-22,jake ellenberger,odds_frame
joe lauzon,1984-05-22,2017-04-22,joe lauzon,odds_frame
john dodson,1984-09-26,2017-04-22,john dodson,odds_frame
ovince saint preux,1983-04-08,2017-04-22,ovince saint preux,odds_frame
cub swanson,1983-11-02,2017-04-22,cub swanson,odds_frame
artem lobov,1986-08-11,2017-04-22,artem lobov,odds_frame
diego sanchez,1981-12-31,2017-04-22,diego sanchez,odds_frame
eddie wineland,1984-06-26,2017-04-22,eddie wineland,odds_frame
dustin ortiz,1988-12-25,2017-04-22,dustin ortiz,odds_frame
al iaquinta,1987-04-30,2017-04-22,al iaquinta,odds_frame
marcos rogerio de lima,1985-06-25,2017-04-22,marcos rogerio de lima,odds_frame
stevie ray,1990-03-25,2017-04-22,stevie ray,odds_frame
thales leites,1981-09-06,2017-04-22,thales leites,odds_frame
mike perry,1991-09-15,2017-04-22,mike perry,odds_frame
sam alvey,1986-05-06,2017-04-22,sam alvey,odds_frame
brandon moreno,1993-12-07,2017-04-22,brandon moreno,odds_frame
joe proctor,1985-08-10,2017-04-22,joe proctor,odds_frame
matt schnell,1990-01-15,2017-04-22,matt schnell,odds_frame
michael mcbride,1986-03-09,2017-04-22,michael mcbride,odds_frame
yair rodriguez,1992-10-06,2017-05-13,yair rodriguez,odds_frame
david branch,1981-09-26,2017-05-13,david branch,odds_frame
dustin poirier,1989-01-19,2017-05-13,dustin poirier,odds_frame
jason knight,1992-07-14,2017-05-13,jason knight,odds_frame
rashad coulter,1981-11-27,2017-05-13,rashad coulter,odds_frame
marco polo reyes,1984-11-07,2017-05-13,marco polo reyes,odds_frame
enrique barzola,1989-04-28,2017-05-13,enrique barzola,odds_frame
gadzhimurad antigulov,1987-02-09,2017-05-13,gadzhimurad antigulov,odds_frame
jorge masvidal,1984-11-12,2017-05-13,jorge masvidal,odds_frame
junior dos santos,1984-01-30,2017-05-13,junior dos santos,odds_frame
james vick,1987-02-23,2017-05-13,james vick,odds_frame
stipe miocic,1982-08-19,2017-05-13,stipe miocic,odds_frame
demian maia,1977-11-06,2017-05-13,demian maia,odds_frame
frankie edgar,1981-10-16,2017-05-13,frankie edgar,odds_frame
krzysztof jotko,1989-08-19,2017-05-13,krzysztof jotko,odds_frame
eddie alvarez,1984-01-11,2017-05-13,eddie alvarez,odds_frame
chas skelly,1985-05-11,2017-05-13,chas skelly,odds_frame
chase sherman,1989-11-16,2017-05-13,chase sherman,odds_frame
joachim christensen,1978-11-07,2017-05-13,joachim christensen,odds_frame
gabriel benitez,1988-06-15,2017-05-13,gabriel benitez,odds_frame
nordine taleb,1981-06-10,2017-05-28,nordine taleb,odds_frame
omari akhmedov,1987-10-12,2017-05-28,omari akhmedov,odds_frame
oliver enkamp,1991-08-10,2017-05-28,oliver enkamp,odds_frame
glover teixeira,1979-10-28,2017-05-28,glover teixeira,odds_frame
misha cirkunov,1987-02-27,2017-05-28,misha cirkunov,odds_frame
ben saunders,1983-04-13,2017-05-28,ben saunders,odds_frame
damian stasiak,1990-02-20,2017-05-28,damian stasiak,odds_frame
damir hadzovic,1986-08-08,2017-05-28,damir hadzovic,odds_frame
jessin ayari,1992-05-31,2017-05-28,jessin ayari,odds_frame
alex nicholson,1990-05-02,2017-05-28,alex nicholson,odds_frame
joaquim silva,1989-02-05,2017-05-28,joaquim silva,odds_frame
chris camozzi,1986-11-20,2017-05-28,chris camozzi,odds_frame
alexander gustafsson,1987-01-15,2017-05-28,alexander gustafsson,odds_frame
peter sobotta,1987-01-11,2017-05-28,peter sobotta,odds_frame
reza madadi,1978-06-20,2017-05-28,reza madadi,odds_frame
jack hermansson,1988-06-10,2017-05-28,jack hermansson,odds_frame
darren till,1992-12-24,2017-05-28,darren till,odds_frame
marcin held,1992-01-18,2017-05-28,marcin held,odds_frame
pedro munhoz,1986-09-07,2017-05-28,pedro munhoz,odds_frame
volkan oezdemir,1989-09-19,2017-05-28,volkan oezdemir,odds_frame
abdul razak alhassan,1985-08-11,2017-05-28,abdul razak alhassan,odds_frame
trevor smith,1981-01-05,2017-05-28,trevor smith,odds_frame
oluwale bamgbose,1987-08-04,2017-06-03,oluwale bamgbose,odds_frame
brian kelleher,1986-08-19,2017-06-03,brian kelleher,odds_frame
nate marquardt,1979-04-20,2017-06-03,nate marquardt,odds_frame
matthew lopez,1987-01-21,2017-06-03,matthew lopez,odds_frame
eric spicely,1986-09-29,2017-06-03,eric spicely,odds_frame
jim wallhead,1984-03-14,2017-06-03,jim wallhead,odds_frame
max holloway,1991-12-04,2017-06-03,max holloway,odds_frame
yancy medeiros,1987-09-07,2017-06-03,yancy medeiros,odds_frame
johnny eduardo,1978-08-03,2017-06-03,johnny eduardo,odds_frame
vitor belfort,1977-04-01,2017-06-03,vitor belfort,odds_frame
jose aldo,1986-09-09,2017-06-03,jose aldo,odds_frame
raphael assuncao,1982-07-19,2017-06-03,raphael assuncao,odds_frame
antonio carlos junior,1990-03-16,2017-06-03,antonio carlos junior,odds_frame
paulo costa,1991-04-21,2017-06-03,paulo costa,odds_frame
marlon moraes,1988-04-26,2017-06-03,marlon moraes,odds_frame
erick silva,1984-06-21,2017-06-03,erick silva,odds_frame
luan chagas,1993-06-17,2017-06-03,luan chagas,odds_frame
iuri alcantara,1980-08-04,2017-06-03,iuri alcantara,odds_frame
ross pearson,1984-09-26,2017-06-10,ross pearson,odds_frame
john moraga,1984-03-20,2017-06-10,john moraga,odds_frame
damien brown,1984-12-25,2017-06-10,damien brown,odds_frame
tim elliott,1986-12-24,2017-06-10,tim elliott,odds_frame
luke jumeau,1988-02-12,2017-06-10,luke jumeau,odds_frame
dan hooker,1990-02-13,2017-06-10,dan hooker,odds_frame
mark hunt,1974-03-23,2017-06-10,mark hunt,odds_frame
daniel kelly,1977-10-31,2017-06-10,daniel kelly,odds_frame
dominique steele,1988-01-27,2017-06-10,dominique steele,odds_frame
ben nguyen,1988-08-03,2017-06-10,ben nguyen,odds_frame
vinc pichel,1982-11-23,2017-06-10,vinc pichel,odds_frame
ashkan mokhtarian,1985-09-15,2017-06-10,ashkan mokhtarian,odds_frame
zak ottow,1986-12-22,2017-06-10,zak ottow,odds_frame
henrique da silva,1989-09-01,2017-06-10,henrique da silva,odds_frame
derek brunson,1984-01-04,2017-06-10,derek brunson,odds_frame
derrick lewis,1985-02-07,2017-06-10,derrick lewis,odds_frame
kiichi kunimoto,1981-05-01,2017-06-10,kiichi kunimoto,odds_frame
ion cutelaba,1993-12-14,2017-06-10,ion cutelaba,odds_frame
tarec saffiedine,1986-09-06,2017-06-17,tarec saffiedine,odds_frame
frank camacho,1989-05-18,2017-06-17,frank camacho,odds_frame
andrei arlovski,1979-02-04,2017-06-17,andrei arlovski,odds_frame
dong hyun kim,1981-11-17,2017-06-17,dong hyun kim,odds_frame
russell doane,1986-08-13,2017-06-17,russell doane,odds_frame
li jingliang,1988-03-20,2017-06-17,li jingliang,odds_frame
alex caceres,1988-06-20,2017-06-17,alex caceres,odds_frame
cyril asker,1985-12-24,2017-06-17,cyril asker,odds_frame
rolando dy,1990-08-11,2017-06-17,rolando dy,odds_frame
justin scoggins,1992-05-02,2017-06-17,justin scoggins,odds_frame
kwan ho kwak,1989-06-18,2017-06-17,kwan ho kwak,odds_frame
yuta sasaki,1989-10-07,2017-06-17,yuta sasaki,odds_frame
carls john de tomas,1996-08-28,2017-06-17,carls john de tomas,odds_frame
walt harris,1983-06-10,2017-06-17,walt harris,odds_frame
rafael dos anjos,1984-10-26,2017-06-17,rafael dos anjos,odds_frame
marcin tybura,1985-11-09,2017-06-17,marcin tybura,odds_frame
colby covington,1988-02-22,2017-06-17,colby covington,odds_frame
jon tuck,1984-08-28,2017-06-17,jon tuck,odds_frame
takanori gomi,1978-09-22,2017-06-17,takanori gomi,odds_frame
naoki inoue,1997-06-14,2017-06-17,naoki inoue,odds_frame
marvin vettori,1993-09-20,2017-06-25,marvin vettori,odds_frame
johny hendricks,1983-09-12,2017-06-25,johny hendricks,odds_frame
dominick reyes,1989-12-26,2017-06-25,dominick reyes,odds_frame
jeremy kimball,1991-01-03,2017-06-25,jeremy kimball,odds_frame
michel quinones,1984-12-22,2017-06-25,michel quinones,odds_frame
erik koch,1988-10-04,2017-06-25,erik koch,odds_frame
dennis siver,1979-01-13,2017-06-25,dennis siver,odds_frame
alex garcia,1987-07-14,2017-06-25,alex garcia,odds_frame
josh stansbury,1984-11-19,2017-06-25,josh stansbury,odds_frame
jared gordon,1988-09-06,2017-06-25,jared gordon,odds_frame
vitor miranda,1979-03-10,2017-06-25,vitor miranda,odds_frame
clay guida,1981-12-08,2017-06-25,clay guida,odds_frame
bj penn,1978-12-13,2017-06-25,bj penn,odds_frame
joachim christensen,1978-11-07,2017-06-25,joachim christensen,odds_frame
tim boetsch,1981-01-28,2017-06-25,tim boetsch,odds_frame
michael chiesa,1987-12-07,2017-06-25,michael chiesa,odds_frame
kevin lee,1992-09-04,2017-06-25,kevin lee,odds_frame
tim means,1984-02-20,2017-06-25,tim means,odds_frame
justin gaethje,1988-11-14,2017-07-07,justin gaethje,odds_frame
marc diakiese,1993-03-16,2017-07-07,marc diakiese,odds_frame
michael johnson,1986-06-04,2017-07-07,michael johnson,odds_frame
dhiego lima,1989-01-31,2017-07-07,dhiego lima,odds_frame
jared cannonier,1984-03-16,2017-07-07,jared cannonier,odds_frame
jordan johnson,1988-11-18,2017-07-07,jordan johnson,odds_frame
james krause,1986-06-04,2017-07-07,james krause,odds_frame
ed herman,1980-10-02,2017-07-07,ed herman,odds_frame
brad tavares,1987-12-21,2017-07-07,brad tavares,odds_frame
gray maynard,1979-05-09,2017-07-07,gray maynard,odds_frame
teruto ishihara,1991-07-23,2017-07-07,teruto ishihara,odds_frame
elias theodorou,1988-05-31,2017-07-07,elias theodorou,odds_frame
cb dollaway,1983-08-10,2017-07-07,cb dollaway,odds_frame
tom gallicchio,1986-09-23,2017-07-07,tom gallicchio,odds_frame
marcel fortuna,1985-10-22,2017-07-07,marcel fortuna,odds_frame
nick roehrick,1987-07-06,2017-07-07,nick roehrick,odds_frame
jesse taylor,1983-01-02,2017-07-07,jesse taylor,odds_frame
drakkar klose,1988-03-09,2017-07-07,drakkar klose,odds_frame
robert whittaker,1990-12-20,2017-07-08,robert whittaker,odds_frame
alistair overeem,1980-05-17,2017-07-08,alistair overeem,odds_frame
thiago santos,1984-01-07,2017-07-08,thiago santos,odds_frame
trevin giles,1992-08-06,2017-07-08,trevin giles,odds_frame
cody stamann,1989-11-09,2017-07-08,cody stamann,odds_frame
jordan mein,1989-10-10,2017-07-08,jordan mein,odds_frame
curtis blaydes,1991-02-18,2017-07-08,curtis blaydes,odds_frame
chad laprise,1986-07-23,2017-07-08,chad laprise,odds_frame
rob font,1987-06-25,2017-07-08,rob font,odds_frame
anthony pettis,1987-01-27,2017-07-08,anthony pettis,odds_frame
daniel omielanczuk,1982-08-31,2017-07-08,daniel omielanczuk,odds_frame
fabricio werdum,1977-07-30,2017-07-08,fabricio werdum,odds_frame
yoel romero,1977-04-30,2017-07-08,yoel romero,odds_frame
douglas silva de andrade,1985-06-22,2017-07-08,douglas silva de andrade,odds_frame
jim miller,1983-08-30,2017-07-08,jim miller,odds_frame
brian camozzi,1991-06-24,2017-07-08,brian camozzi,odds_frame
gerald meerschaert,1987-12-18,2017-07-08,gerald meerschaert,odds_frame
terrion ware,1986-03-31,2017-07-08,terrion ware,odds_frame
james bochnovic,1989-02-13,2017-07-08,james bochnovic,odds_frame
belal muhammad,1988-07-09,2017-07-08,belal muhammad,odds_frame
charlie ward,1980-12-17,2017-07-16,charlie ward,odds_frame
alexandre pantoja,1990-04-16,2017-07-16,alexandre pantoja,odds_frame
danny roberts,1987-07-14,2017-07-16,danny roberts,odds_frame
brett johns,1992-02-21,2017-07-16,brett johns,odds_frame
jack marshman,1989-12-19,2017-07-16,jack marshman,odds_frame
stevie ray,1990-03-25,2017-07-16,stevie ray,odds_frame
gunnar nelson,1988-07-28,2017-07-16,gunnar nelson,odds_frame
danny henry,1988-07-17,2017-07-16,danny henry,odds_frame
albert morales,1991-05-25,2017-07-16,albert morales,odds_frame
santiago ponzinibbio,1986-09-26,2017-07-16,santiago ponzinibbio,odds_frame
justin willis,1987-07-19,2017-07-16,justin willis,odds_frame
ryan janes,1981-08-22,2017-07-16,ryan janes,odds_frame
paul felder,1984-04-25,2017-07-16,paul felder,odds_frame
bobby nash,1990-03-26,2017-07-16,bobby nash,odds_frame
neil seery,1979-08-30,2017-07-16,neil seery,odds_frame
galore bofando,1982-05-22,2017-07-16,galore bofando,odds_frame
daniel teymur,1988-02-03,2017-07-16,daniel teymur,odds_frame
james mulheron,1988-02-20,2017-07-16,james mulheron,odds_frame
frankie perez,1989-05-11,2017-07-22,frankie perez,odds_frame
brian kelleher,1986-08-19,2017-07-22,brian kelleher,odds_frame
kyle bochniak,1987-02-05,2017-07-22,kyle bochniak,odds_frame
damian grabowski,1980-05-12,2017-07-22,damian grabowski,odds_frame
timothy johnson,1985-03-13,2017-07-22,timothy johnson,odds_frame
patrick cummins,1980-11-16,2017-07-22,patrick cummins,odds_frame
dennis bermudez,1986-12-13,2017-07-22,dennis bermudez,odds_frame
chris weidman,1984-06-17,2017-07-22,chris weidman,odds_frame
jimmie rivera,1989-06-29,2017-07-22,jimmie rivera,odds_frame
chris wade,1987-09-30,2017-07-22,chris wade,odds_frame
eryk anders,1987-04-21,2017-07-22,eryk anders,odds_frame
junior albini,1991-03-15,2017-07-22,junior albini,odds_frame
chase sherman,1989-11-16,2017-07-22,chase sherman,odds_frame
jeremy kennedy,1992-09-16,2017-07-22,jeremy kennedy,odds_frame
marlon vera,1992-12-02,2017-07-22,marlon vera,odds_frame
shane burgos,1991-03-19,2017-07-22,shane burgos,odds_frame
godofredo pepey,1987-07-02,2017-07-22,godofredo pepey,odds_frame
alex oliveira,1988-02-21,2017-07-22,alex oliveira,odds_frame
gian villante,1985-08-18,2017-07-22,gian villante,odds_frame
ryan laflare,1983-10-01,2017-07-22,ryan laflare,odds_frame
rafael natal,1982-12-25,2017-07-22,rafael natal,odds_frame
thomas almeida,1991-07-31,2017-07-22,thomas almeida,odds_frame
kelvin gastelum,1991-10-24,2017-07-22,kelvin gastelum,odds_frame
darren elkins,1984-05-16,2017-07-22,darren elkins,odds_frame
donald cerrone,1983-03-29,2017-07-29,donald cerrone,odds_frame
brian ortega,1991-02-21,2017-07-29,brian ortega,odds_frame
ricardo lamas,1982-05-21,2017-07-29,ricardo lamas,odds_frame
jimi manuwa,1980-02-18,2017-07-29,jimi manuwa,odds_frame
robbie lawler,1982-03-20,2017-07-29,robbie lawler,odds_frame
tyron woodley,1982-04-07,2017-07-29,tyron woodley,odds_frame
daniel cormier,1979-03-20,2017-07-29,daniel cormier,odds_frame
jarred brooks,1993-05-02,2017-07-29,jarred brooks,odds_frame
demian maia,1977-11-06,2017-07-29,demian maia,odds_frame
andre fili,1990-06-25,2017-07-29,andre fili,odds_frame
volkan oezdemir,1989-09-19,2017-07-29,volkan oezdemir,odds_frame
jason knight,1992-07-14,2017-07-29,jason knight,odds_frame
renato moicano,1989-05-21,2017-07-29,renato moicano,odds_frame
renan barao,1987-01-31,2017-07-29,renan barao,odds_frame
drew dober,1988-10-19,2017-07-29,drew dober,odds_frame
jon jones,1987-07-19,2017-07-29,jon jones,odds_frame
eric shelton,1991-02-02,2017-07-29,eric shelton,odds_frame
calvin kattar,1988-03-26,2017-07-29,calvin kattar,odds_frame
aljamain sterling,1989-07-31,2017-07-29,aljamain sterling,odds_frame
joshua burkman,1980-04-10,2017-07-29,joshua burkman,odds_frame
alvaro herrera mendoza,1990-05-14,2017-08-05,alvaro herrera mendoza,odds_frame
joseph morales,1994-08-22,2017-08-05,joseph morales,odds_frame
andre soukhamthath,1988-10-23,2017-08-05,andre soukhamthath,odds_frame
jordan rinaldi,1987-09-25,2017-08-05,jordan rinaldi,odds_frame
alejandro perez,1989-09-02,2017-08-05,alejandro perez,odds_frame
rani yahya,1984-09-12,2017-08-05,rani yahya,odds_frame
hector sandoval,1986-07-19,2017-08-05,hector sandoval,odds_frame
jack hermansson,1988-06-10,2017-08-05,jack hermansson,odds_frame
henry briones,1980-10-22,2017-08-05,henry briones,odds_frame
diego rivas,1991-11-11,2017-08-05,diego rivas,odds_frame
rashad evans,1979-09-25,2017-08-05,rashad evans,odds_frame
robert sanchez,1986-03-05,2017-08-05,robert sanchez,odds_frame
humberto bandenay,1994-09-04,2017-08-05,humberto bandenay,odds_frame
brandon moreno,1993-12-07,2017-08-05,brandon moreno,odds_frame
sergio pettis,1993-08-18,2017-08-05,sergio pettis,odds_frame
dustin ortiz,1988-12-25,2017-08-05,dustin ortiz,odds_frame
brad scott,1989-06-24,2017-08-05,brad scott,odds_frame
jose quinonez,1990-07-28,2017-08-05,jose quinonez,odds_frame
sam alvey,1986-05-06,2017-08-05,sam alvey,odds_frame
martin bravo,1993-09-21,2017-08-05,martin bravo,odds_frame
alan jouban,1981-11-25,2017-08-05,alan jouban,odds_frame
niko price,1989-09-29,2017-08-05,niko price,odds_frame
darren till,1992-12-24,2017-09-02,darren till,odds_frame
michel prazeres,1981-07-25,2017-09-02,michel prazeres,odds_frame
felipe silva,1984-05-08,2017-09-02,felipe silva,odds_frame
andrew holbrook,1986-02-06,2017-09-02,andrew holbrook,odds_frame
abdul-kerim edilov,1991-11-25,2017-09-02,abdul kerim edilov,odds_frame
mads burnell,1994-03-06,2017-09-02,mads burnell,odds_frame
aleksandar rakic,1992-02-06,2017-09-02,aleksandar rakic,odds_frame
desmond green,1989-10-11,2017-09-02,desmond green,odds_frame
bojan velickovic,1988-12-18,2017-09-02,bojan velickovic,odds_frame
bryan barberena,1989-05-03,2017-09-02,bryan barberena,odds_frame
rob wilkinson,1992-02-22,2017-09-02,rob wilkinson,odds_frame
stefan struve,1988-02-18,2017-09-02,stefan struve,odds_frame
francimar barroso,1980-02-28,2017-09-02,francimar barroso,odds_frame
rustam khabilov,1986-11-04,2017-09-02,rustam khabilov,odds_frame
zabit magomedsharipov,1991-03-01,2017-09-02,zabit magomedsharipov,odds_frame
leon edwards,1991-08-25,2017-09-02,leon edwards,odds_frame
mike santiago,1989-07-28,2017-09-02,mike santiago,odds_frame
siyar bahadurzada,1984-04-17,2017-09-02,siyar bahadurzada,odds_frame
thibault gouti,1987-02-27,2017-09-02,thibault gouti,odds_frame
mairbek taisumov,1988-08-08,2017-09-02,mairbek taisumov,odds_frame
alexander volkov,1988-10-24,2017-09-02,alexander volkov,odds_frame
bojan mihajlovic,1980-03-30,2017-09-02,bojan mihajlovic,odds_frame
ricky glenn,1989-04-12,2017-09-09,ricky glenn,odds_frame
alex white,1988-10-22,2017-09-09,alex white,odds_frame
arjan bhullar,1986-05-13,2017-09-09,arjan bhullar,odds_frame
adriano martins,1982-12-16,2017-09-09,adriano martins,odds_frame
gilbert melendez,1982-04-12,2017-09-09,gilbert melendez,odds_frame
rafael dos anjos,1984-10-26,2017-09-09,rafael dos anjos,odds_frame
jeremy stephens,1986-05-25,2017-09-09,jeremy stephens,odds_frame
wilson reis,1985-01-06,2017-09-09,wilson reis,odds_frame
tyson pedro,1991-09-17,2017-09-09,tyson pedro,odds_frame
neil magny,1987-08-03,2017-09-09,neil magny,odds_frame
gavin tucker,1986-06-17,2017-09-09,gavin tucker,odds_frame
luis henrique,1993-08-21,2017-09-09,luis henrique,odds_frame
kajan johnson,1984-04-21,2017-09-09,kajan johnson,odds_frame
ilir latifi,1982-07-28,2017-09-09,ilir latifi,odds_frame
henry cejudo,1987-02-09,2017-09-09,henry cejudo,odds_frame
mitch clarke,1985-11-24,2017-09-09,mitch clarke,odds_frame
anthony hamilton,1980-04-14,2017-09-16,anthony hamilton,odds_frame
justin ledet,1988-09-28,2017-09-16,justin ledet,odds_frame
kamaru usman,1987-05-11,2017-09-16,kamaru usman,odds_frame
mike perry,1991-09-15,2017-09-16,mike perry,odds_frame
hector lombard,1978-02-02,2017-09-16,hector lombard,odds_frame
jason saggo,1985-11-23,2017-09-16,jason saggo,odds_frame
krzysztof jotko,1989-08-19,2017-09-16,krzysztof jotko,odds_frame
anthony smith,1988-07-26,2017-09-16,anthony smith,odds_frame
gregor gillespie,1986-11-13,2017-09-16,gregor gillespie,odds_frame
jason gonzalez,1990-02-28,2017-09-16,jason gonzalez,odds_frame
david branch,1981-09-26,2017-09-16,david branch,odds_frame
azunna anyanwu,1981-08-05,2017-09-16,azunna anyanwu,odds_frame
daniel spitz,1990-07-31,2017-09-16,daniel spitz,odds_frame
uriah hall,1984-07-31,2017-09-16,uriah hall,odds_frame
gilbert burns,1986-07-20,2017-09-16,gilbert burns,odds_frame
sergio moraes,1982-07-23,2017-09-16,sergio moraes,odds_frame
alex reyes,1986-10-02,2017-09-16,alex reyes,odds_frame
luke rockhold,1984-10-17,2017-09-16,luke rockhold,odds_frame
gokhan saki,1983-10-19,2017-09-22,gokhan saki,odds_frame
yushin okami,1981-07-21,2017-09-22,yushin okami,odds_frame
daichi abe,1991-11-27,2017-09-22,daichi abe,odds_frame
shinsho anzai,1985-12-01,2017-09-22,shinsho anzai,odds_frame
keita nakamura,1984-05-22,2017-09-22,keita nakamura,odds_frame
hyun gyu lim,1985-01-16,2017-09-22,hyun gyu lim,odds_frame
luke jumeau,1988-02-12,2017-09-22,luke jumeau,odds_frame
alex morono,1990-08-16,2017-09-22,alex morono,odds_frame
yuta sasaki,1989-10-07,2017-09-22,yuta sasaki,odds_frame
rolando dy,1990-08-11,2017-09-22,rolando dy,odds_frame
jussier formiga,1985-04-14,2017-09-22,jussier formiga,odds_frame
teruto ishihara,1991-07-23,2017-09-22,teruto ishihara,odds_frame
ovince saint preux,1983-04-08,2017-09-22,ovince saint preux,odds_frame
takanori gomi,1978-09-22,2017-09-22,takanori gomi,odds_frame
dong hyun ma,1988-09-09,2017-09-22,dong hyun ma,odds_frame
henrique da silva,1989-09-01,2017-09-22,henrique da silva,odds_frame
marco beltran,1986-05-18,2017-10-07,marco beltran,odds_frame
fabricio werdum,1977-07-30,2017-10-07,fabricio werdum,odds_frame
thales leites,1981-09-06,2017-10-07,thales leites,odds_frame
matt schnell,1990-01-15,2017-10-07,matt schnell,odds_frame
demetrious johnson,1986-08-13,2017-10-07,demetrious johnson,odds_frame
beneil dariush,1989-05-06,2017-10-07,beneil dariush,odds_frame
tom duquesnoy,1993-06-21,2017-10-07,tom duquesnoy,odds_frame
tony ferguson,1984-02-12,2017-10-07,tony ferguson,odds_frame
walt harris,1983-06-10,2017-10-07,walt harris,odds_frame
kevin lee,1992-09-04,2017-10-07,kevin lee,odds_frame
cody stamann,1989-11-09,2017-10-07,cody stamann,odds_frame
brad tavares,1987-12-21,2017-10-07,brad tavares,odds_frame
ray borg,1993-08-04,2017-10-07,ray borg,odds_frame
evan dunham,1981-12-18,2017-10-07,evan dunham,odds_frame
jan blachowicz,1983-02-24,2017-10-21,jan blachowicz,odds_frame
donald cerrone,1983-03-29,2017-10-21,donald cerrone,odds_frame
damian stasiak,1990-02-20,2017-10-21,damian stasiak,odds_frame
sam alvey,1986-05-06,2017-10-21,sam alvey,odds_frame
artem lobov,1986-08-11,2017-10-21,artem lobov,odds_frame
salim touahri,1989-09-28,2017-10-21,salim touahri,odds_frame
felipe arantes,1988-02-09,2017-10-21,felipe arantes,odds_frame
jonathan wilson,1987-07-17,2017-10-21,jonathan wilson,odds_frame
brian kelleher,1986-08-19,2017-10-21,brian kelleher,odds_frame
ramazan emeev,1987-05-23,2017-10-21,ramazan emeev,odds_frame
andre fili,1990-06-25,2017-10-21,andre fili,odds_frame
warlley alves,1991-01-04,2017-10-21,warlley alves,odds_frame
darren till,1992-12-24,2017-10-21,darren till,odds_frame
josh emmett,1985-03-04,2017-10-21,josh emmett,odds_frame
oskar piechota,1990-01-24,2017-10-21,oskar piechota,odds_frame
nasrat haqparast,1995-08-22,2017-10-21,nasrat haqparast,odds_frame
devin clark,1990-04-12,2017-10-21,devin clark,odds_frame
marcin held,1992-01-18,2017-10-21,marcin held,odds_frame
antonio carlos junior,1990-03-16,2017-10-28,antonio carlos junior,odds_frame
demian maia,1977-11-06,2017-10-28,demian maia,odds_frame
john lineker,1990-06-12,2017-10-28,john lineker,odds_frame
marlon vera,1992-12-02,2017-10-28,marlon vera,odds_frame
jack marshman,1989-12-19,2017-10-28,jack marshman,odds_frame
rob font,1987-06-25,2017-10-28,rob font,odds_frame
marcelo golm,1992-09-15,2017-10-28,marcelo golm,odds_frame
derek brunson,1984-01-04,2017-10-28,derek brunson,odds_frame
jarred brooks,1993-05-02,2017-10-28,jarred brooks,odds_frame
jared gordon,1988-09-06,2017-10-28,jared gordon,odds_frame
colby covington,1988-02-22,2017-10-28,colby covington,odds_frame
hacran dias,1984-06-16,2017-10-28,hacran dias,odds_frame
jim miller,1983-08-30,2017-10-28,jim miller,odds_frame
pedro munhoz,1986-09-07,2017-10-28,pedro munhoz,odds_frame
christian colombo,1980-07-01,2017-10-28,christian colombo,odds_frame
niko price,1989-09-29,2017-10-28,niko price,odds_frame
jack hermansson,1988-06-10,2017-10-28,jack hermansson,odds_frame
vicente luque,1991-11-27,2017-10-28,vicente luque,odds_frame
francisco trinaldo,1978-08-24,2017-10-28,francisco trinaldo,odds_frame
lyoto machida,1978-05-30,2017-10-28,lyoto machida,odds_frame
thiago santos,1984-01-07,2017-10-28,thiago santos,odds_frame
deiveson figueiredo,1987-12-18,2017-10-28,deiveson figueiredo,odds_frame
cody garbrandt,1991-07-07,2017-11-04,cody garbrandt,odds_frame
johny hendricks,1983-09-12,2017-11-04,johny hendricks,odds_frame
stephen thompson,1983-02-11,2017-11-04,stephen thompson,odds_frame
mickey gall,1992-01-22,2017-11-04,mickey gall,odds_frame
tj dillashaw,1986-02-07,2017-11-04,tj dillashaw,odds_frame
jorge masvidal,1984-11-12,2017-11-04,jorge masvidal,odds_frame
ricardo ramos,1995-08-01,2017-11-04,ricardo ramos,odds_frame
mark godbeer,1983-11-22,2017-11-04,mark godbeer,odds_frame
michael bisping,1979-02-28,2017-11-04,michael bisping,odds_frame
aleksei oleinik,1977-06-20,2017-11-04,aleksei oleinik,odds_frame
aiemann zahabi,1987-11-19,2017-11-04,aiemann zahabi,odds_frame
curtis blaydes,1991-02-18,2017-11-04,curtis blaydes,odds_frame
ovince saint preux,1983-04-08,2017-11-04,ovince saint preux,odds_frame
georges st-pierre,1981-05-19,2017-11-04,georges st pierre,odds_frame
randy brown,1990-07-08,2017-11-04,randy brown,odds_frame
walt harris,1983-06-10,2017-11-04,walt harris,odds_frame
paulo costa,1991-04-21,2017-11-04,paulo costa,odds_frame
corey anderson,1989-09-22,2017-11-04,corey anderson,odds_frame
court mcgee,1984-12-12,2017-11-11,court mcgee,odds_frame
sage northcutt,1996-03-01,2017-11-11,sage northcutt,odds_frame
john dodson,1984-09-26,2017-11-11,john dodson,odds_frame
raphael assuncao,1982-07-19,2017-11-11,raphael assuncao,odds_frame
anthony pettis,1987-01-27,2017-11-11,anthony pettis,odds_frame
nate marquardt,1979-04-20,2017-11-11,nate marquardt,odds_frame
matthew lopez,1987-01-21,2017-11-11,matthew lopez,odds_frame
junior albini,1991-03-15,2017-11-11,junior albini,odds_frame
matt brown,1981-01-10,2017-11-11,matt brown,odds_frame
dustin poirier,1989-01-19,2017-11-11,dustin poirier,odds_frame
cezar ferreira,1985-02-15,2017-11-11,cezar ferreira,odds_frame
marlon moraes,1988-04-26,2017-11-11,marlon moraes,odds_frame
andrei arlovski,1979-02-04,2017-11-11,andrei arlovski,odds_frame
diego sanchez,1981-12-31,2017-11-11,diego sanchez,odds_frame
karl roberson,1990-10-04,2017-11-11,karl roberson,odds_frame
clay guida,1981-12-08,2017-11-11,clay guida,odds_frame
marcel fortuna,1985-10-22,2017-11-11,marcel fortuna,odds_frame
joe lauzon,1984-05-22,2017-11-11,joe lauzon,odds_frame
michel quinones,1984-12-22,2017-11-11,michel quinones,odds_frame
darren stewart,1990-12-30,2017-11-11,darren stewart,odds_frame
jake collier,1988-10-25,2017-11-11,jake collier,odds_frame
sean strickland,1991-02-27,2017-11-11,sean strickland,odds_frame
ryan benoit,1989-08-25,2017-11-18,ryan benoit,odds_frame
anthony hamilton,1980-04-14,2017-11-18,anthony hamilton,odds_frame
jenel lausa,1988-08-01,2017-11-18,jenel lausa,odds_frame
damien brown,1984-12-25,2017-11-18,damien brown,odds_frame
rashad coulter,1981-11-27,2017-11-18,rashad coulter,odds_frame
nik lentz,1984-08-13,2017-11-18,nik lentz,odds_frame
tim means,1984-02-20,2017-11-18,tim means,odds_frame
marcin tybura,1985-11-09,2017-11-18,marcin tybura,odds_frame
elias theodorou,1988-05-31,2017-11-18,elias theodorou,odds_frame
bojan velickovic,1988-12-18,2017-11-18,bojan velickovic,odds_frame
daniel kelly,1977-10-31,2017-11-18,daniel kelly,odds_frame
jake matthews,1994-08-19,2017-11-18,jake matthews,odds_frame
belal muhammad,1988-07-09,2017-11-18,belal muhammad,odds_frame
will brooks,1986-10-08,2017-11-18,will brooks,odds_frame
fabricio werdum,1977-07-30,2017-11-18,fabricio werdum,odds_frame
tai tuivasa,1993-03-16,2017-11-18,tai tuivasa,odds_frame
frank camacho,1989-05-18,2017-11-18,frank camacho,odds_frame
eric shelton,1991-02-02,2017-11-18,eric shelton,odds_frame
adam wieczorek,1992-02-05,2017-11-18,adam wieczorek,odds_frame
ashkan mokhtarian,1985-09-15,2017-11-18,ashkan mokhtarian,odds_frame
hu yaozong,1995-04-07,2017-11-25,hu yaozong,odds_frame
shamil abdurakhimov,1981-09-02,2017-11-25,shamil abdurakhimov,odds_frame
bobby nash,1990-03-26,2017-11-25,bobby nash,odds_frame
sheymon moraes,1990-10-11,2017-11-25,sheymon moraes,odds_frame
alex garcia,1987-07-14,2017-11-25,alex garcia,odds_frame
alex caceres,1988-06-20,2017-11-25,alex caceres,odds_frame
zak ottow,1986-12-22,2017-11-25,zak ottow,odds_frame
michael bisping,1979-02-28,2017-11-25,michael bisping,odds_frame
li jingliang,1988-03-20,2017-11-25,li jingliang,odds_frame
wang guan,1986-03-14,2017-11-25,wang guan,odds_frame
muslim salikhov,1984-06-09,2017-11-25,muslim salikhov,odds_frame
zabit magomedsharipov,1991-03-01,2017-11-25,zabit magomedsharipov,odds_frame
kelvin gastelum,1991-10-24,2017-11-25,kelvin gastelum,odds_frame
song kenan,1990-03-10,2017-11-25,song kenan,odds_frame
chase sherman,1989-11-16,2017-11-25,chase sherman,odds_frame
cyril asker,1985-12-24,2017-11-25,cyril asker,odds_frame
brett johns,1992-02-21,2017-12-01,brett johns,odds_frame
gerald meerschaert,1987-12-18,2017-12-01,gerald meerschaert,odds_frame
andrew sanchez,1988-04-08,2017-12-01,andrew sanchez,odds_frame
joe soto,1987-03-22,2017-12-01,joe soto,odds_frame
eric spicely,1986-09-29,2017-12-01,eric spicely,odds_frame
terrion ware,1986-03-31,2017-12-01,terrion ware,odds_frame
ryan janes,1981-08-22,2017-12-01,ryan janes,odds_frame
sean o'malley,1994-10-24,2017-12-01,sean o malley,odds_frame
paul felder,1984-04-25,2017-12-02,paul felder,odds_frame
justin gaethje,1988-11-14,2017-12-02,justin gaethje,odds_frame
sergio pettis,1993-08-18,2017-12-02,sergio pettis,odds_frame
alistair overeem,1980-05-17,2017-12-02,alistair overeem,odds_frame
justin willis,1987-07-19,2017-12-02,justin willis,odds_frame
jeremy kimball,1991-01-03,2017-12-02,jeremy kimball,odds_frame
david teymur,1989-05-01,2017-12-02,david teymur,odds_frame
alex oliveira,1988-02-21,2017-12-02,alex oliveira,odds_frame
charles oliveira,1989-10-17,2017-12-02,charles oliveira,odds_frame
eddie alvarez,1984-01-11,2017-12-02,eddie alvarez,odds_frame
henry cejudo,1987-02-09,2017-12-02,henry cejudo,odds_frame
jose aldo,1986-09-09,2017-12-02,jose aldo,odds_frame
francis ngannou,1986-09-05,2017-12-02,francis ngannou,odds_frame
max holloway,1991-12-04,2017-12-02,max holloway,odds_frame
yancy medeiros,1987-09-07,2017-12-02,yancy medeiros,odds_frame
drakkar klose,1988-03-09,2017-12-02,drakkar klose,odds_frame
dominick reyes,1989-12-26,2017-12-02,dominick reyes,odds_frame
allen crowder,1989-11-08,2017-12-02,allen crowder,odds_frame
benito lopez,1994-04-06,2017-12-09,benito lopez,odds_frame
andre soukhamthath,1988-10-23,2017-12-09,andre soukhamthath,odds_frame
trevin giles,1992-08-06,2017-12-09,trevin giles,odds_frame
markus perez,1988-06-22,2017-12-09,markus perez,odds_frame
gabriel benitez,1988-06-15,2017-12-09,gabriel benitez,odds_frame
brian ortega,1991-02-21,2017-12-09,brian ortega,odds_frame
davi ramos,1986-11-05,2017-12-09,davi ramos,odds_frame
iuri alcantara,1980-08-04,2017-12-09,iuri alcantara,odds_frame
frankie saenz,1980-08-12,2017-12-09,frankie saenz,odds_frame
aljamain sterling,1989-07-31,2017-12-09,aljamain sterling,odds_frame
albert morales,1991-05-25,2017-12-09,albert morales,odds_frame
chris gruetzemacher,1986-06-16,2017-12-09,chris gruetzemacher,odds_frame
alejandro perez,1989-09-02,2017-12-09,alejandro perez,odds_frame
merab dvalishvili,1991-01-10,2017-12-09,merab dvalishvili,odds_frame
carls john de tomas,1996-08-28,2017-12-09,carls john de tomas,odds_frame
luke sanders,1985-12-12,2017-12-09,luke sanders,odds_frame
antonio braga neto,1987-10-29,2017-12-09,antonio braga neto,odds_frame
eryk anders,1987-04-21,2017-12-09,eryk anders,odds_frame
jason knight,1992-07-14,2017-12-09,jason knight,odds_frame
cub swanson,1983-11-02,2017-12-09,cub swanson,odds_frame
scott holtzman,1983-09-30,2017-12-09,scott holtzman,odds_frame
marlon moraes,1988-04-26,2017-12-09,marlon moraes,odds_frame
darrell horcher,1987-07-28,2017-12-09,darrell horcher,odds_frame
alex perez,1992-03-21,2017-12-09,alex perez,odds_frame
erick silva,1984-06-21,2017-12-16,erick silva,odds_frame
josh emmett,1985-03-04,2017-12-16,josh emmett,odds_frame
mike perry,1991-09-15,2017-12-16,mike perry,odds_frame
misha cirkunov,1987-02-27,2017-12-16,misha cirkunov,odds_frame
darren stewart,1990-12-30,2017-12-16,darren stewart,odds_frame
galore bofando,1982-05-22,2017-12-16,galore bofando,odds_frame
jan blachowicz,1983-02-24,2017-12-16,jan blachowicz,odds_frame
oluwale bamgbose,1987-08-04,2017-12-16,oluwale bamgbose,odds_frame
rafael dos anjos,1984-10-26,2017-12-16,rafael dos anjos,odds_frame
abel trujillo,1983-09-18,2017-12-16,abel trujillo,odds_frame
danny roberts,1987-07-14,2017-12-16,danny roberts,odds_frame
alessio di chirico,1989-12-12,2017-12-16,alessio di chirico,odds_frame
robbie lawler,1982-03-20,2017-12-16,robbie lawler,odds_frame
julian marquez,1990-05-08,2017-12-16,julian marquez,odds_frame
jared cannonier,1984-03-16,2017-12-16,jared cannonier,odds_frame
chad laprise,1986-07-23,2017-12-16,chad laprise,odds_frame
glover teixeira,1979-10-28,2017-12-16,glover teixeira,odds_frame
ricardo lamas,1982-05-21,2017-12-16,ricardo lamas,odds_frame
jordan mein,1989-10-10,2017-12-16,jordan mein,odds_frame
john makdessi,1985-05-03,2017-12-16,john makdessi,odds_frame
santiago ponzinibbio,1986-09-26,2017-12-16,santiago ponzinibbio,odds_frame
nordine taleb,1981-06-10,2017-12-16,nordine taleb,odds_frame
louis smolka,1991-07-16,2017-12-30,louis smolka,odds_frame
carlos condit,1984-04-26,2017-12-30,carlos condit,odds_frame
khabib nurmagomedov,1988-09-20,2017-12-30,khabib nurmagomedov,odds_frame
neil magny,1987-08-03,2017-12-30,neil magny,odds_frame
marvin vettori,1993-09-20,2017-12-30,marvin vettori,odds_frame
matheus nicolau,1993-01-06,2017-12-30,matheus nicolau,odds_frame
dan hooker,1990-02-13,2017-12-30,dan hooker,odds_frame
myles jury,1988-10-31,2017-12-30,myles jury,odds_frame
mark de la rosa,1994-08-31,2017-12-30,mark de la rosa,odds_frame
tim elliott,1986-12-24,2017-12-30,tim elliott,odds_frame
edson barboza,1986-01-21,2017-12-30,edson barboza,odds_frame
marc diakiese,1993-03-16,2017-12-30,marc diakiese,odds_frame
omari akhmedov,1987-10-12,2017-12-30,omari akhmedov,odds_frame
ricky glenn,1989-04-12,2017-12-30,ricky glenn,odds_frame
jeremy stephens,1986-05-25,2018-01-14,jeremy stephens,odds_frame
mike santiago,1989-07-28,2018-01-14,mike santiago,odds_frame
matt frevola,1990-06-11,2018-01-14,matt frevola,odds_frame
dooho choi,1991-04-10,2018-01-14,dooho choi,odds_frame
kyung ho kang,1987-09-09,2018-01-14,kyung ho kang,odds_frame
emil meek,1988-08-20,2018-01-14,emil meek,odds_frame
michael johnson,1986-06-04,2018-01-14,michael johnson,odds_frame
alex white,1988-10-22,2018-01-14,alex white,odds_frame
marco polo reyes,1984-11-07,2018-01-14,marco polo reyes,odds_frame
guido cannetti,1979-12-19,2018-01-14,guido cannetti,odds_frame
darren elkins,1984-05-16,2018-01-14,darren elkins,odds_frame
kamaru usman,1987-05-11,2018-01-14,kamaru usman,odds_frame
james krause,1986-06-04,2018-01-14,james krause,odds_frame
mads burnell,1994-03-06,2018-01-14,mads burnell,odds_frame
francimar barroso,1980-02-28,2018-01-20,francimar barroso,odds_frame
daniel cormier,1979-03-20,2018-01-20,daniel cormier,odds_frame
shane burgos,1991-03-19,2018-01-20,shane burgos,odds_frame
stipe miocic,1982-08-19,2018-01-20,stipe miocic,odds_frame
volkan oezdemir,1989-09-19,2018-01-20,volkan oezdemir,odds_frame
francis ngannou,1986-09-05,2018-01-20,francis ngannou,odds_frame
islam makhachev,1991-10-27,2018-01-20,islam makhachev,odds_frame
thomas almeida,1991-07-31,2018-01-20,thomas almeida,odds_frame
dan ige,1991-08-06,2018-01-20,dan ige,odds_frame
dustin ortiz,1988-12-25,2018-01-20,dustin ortiz,odds_frame
rob font,1987-06-25,2018-01-20,rob font,odds_frame
gleison tibau,1983-10-07,2018-01-20,gleison tibau,odds_frame
enrique barzola,1989-04-28,2018-01-20,enrique barzola,odds_frame
julio arce,1989-10-27,2018-01-20,julio arce,odds_frame
alexandre pantoja,1990-04-16,2018-01-20,alexandre pantoja,odds_frame
brandon davis,1990-05-08,2018-01-20,brandon davis,odds_frame
kyle bochniak,1987-02-05,2018-01-20,kyle bochniak,odds_frame
sabah homasi,1988-10-19,2018-01-20,sabah homasi,odds_frame
abdul razak alhassan,1985-08-11,2018-01-20,abdul razak alhassan,odds_frame
gian villante,1985-08-18,2018-01-20,gian villante,odds_frame
calvin kattar,1988-03-26,2018-01-20,calvin kattar,odds_frame
matt bessette,1984-12-28,2018-01-20,matt bessette,odds_frame
drew dober,1988-10-19,2018-01-27,drew dober,odds_frame
austin arnett,1991-10-22,2018-01-27,austin arnett,odds_frame
niko price,1989-09-29,2018-01-27,niko price,odds_frame
mirsad bektic,1991-02-16,2018-01-27,mirsad bektic,odds_frame
vinc pichel,1982-11-23,2018-01-27,vinc pichel,odds_frame
jordan rinaldi,1987-09-25,2018-01-27,jordan rinaldi,odds_frame
andre fili,1990-06-25,2018-01-27,andre fili,odds_frame
frank camacho,1989-05-18,2018-01-27,frank camacho,odds_frame
cory sandhagen,1992-04-20,2018-01-27,cory sandhagen,odds_frame
george sullivan,1981-03-13,2018-01-27,george sullivan,odds_frame
godofredo pepey,1987-07-02,2018-01-27,godofredo pepey,odds_frame
joaquim silva,1989-02-05,2018-01-27,joaquim silva,odds_frame
gregor gillespie,1986-11-13,2018-01-27,gregor gillespie,odds_frame
derek brunson,1984-01-04,2018-01-27,derek brunson,odds_frame
jacare souza,1979-12-07,2018-01-27,jacare souza,odds_frame
dennis bermudez,1986-12-13,2018-01-27,dennis bermudez,odds_frame
lyoto machida,1978-05-30,2018-02-03,lyoto machida,odds_frame
michel prazeres,1981-07-25,2018-02-03,michel prazeres,odds_frame
iuri alcantara,1980-08-04,2018-02-03,iuri alcantara,odds_frame
timothy johnson,1985-03-13,2018-02-03,timothy johnson,odds_frame
douglas silva de andrade,1985-06-22,2018-02-03,douglas silva de andrade,odds_frame
joseph morales,1994-08-22,2018-02-03,joseph morales,odds_frame
joe soto,1987-03-22,2018-02-03,joe soto,odds_frame
damir hadzovic,1986-08-08,2018-02-03,damir hadzovic,odds_frame
tim means,1984-02-20,2018-02-03,tim means,odds_frame
anthony smith,1988-07-26,2018-02-03,anthony smith,odds_frame
marlon vera,1992-12-02,2018-02-03,marlon vera,odds_frame
marcelo golm,1992-09-15,2018-02-03,marcelo golm,odds_frame
deiveson figueiredo,1987-12-18,2018-02-03,deiveson figueiredo,odds_frame
eryk anders,1987-04-21,2018-02-03,eryk anders,odds_frame
desmond green,1989-10-11,2018-02-03,desmond green,odds_frame
alan patrick,1983-07-19,2018-02-03,alan patrick,odds_frame
sergio moraes,1982-07-23,2018-02-03,sergio moraes,odds_frame
thiago santos,1984-01-07,2018-02-03,thiago santos,odds_frame
damien brown,1984-12-25,2018-02-10,damien brown,odds_frame
israel adesanya,1989-07-22,2018-02-10,israel adesanya,odds_frame
ben nguyen,1988-08-03,2018-02-10,ben nguyen,odds_frame
luke rockhold,1984-10-17,2018-02-10,luke rockhold,odds_frame
jose quinonez,1990-07-28,2018-02-10,jose quinonez,odds_frame
dong hyun ma,1988-09-09,2018-02-10,dong hyun ma,odds_frame
daichi abe,1991-11-27,2018-02-10,daichi abe,odds_frame
mizuto hirota,1981-05-05,2018-02-10,mizuto hirota,odds_frame
teruto ishihara,1991-07-23,2018-02-10,teruto ishihara,odds_frame
luke jumeau,1988-02-12,2018-02-10,luke jumeau,odds_frame
ross pearson,1984-09-26,2018-02-10,ross pearson,odds_frame
jussier formiga,1985-04-14,2018-02-10,jussier formiga,odds_frame
rob wilkinson,1992-02-22,2018-02-10,rob wilkinson,odds_frame
yoel romero,1977-04-30,2018-02-10,yoel romero,odds_frame
jake matthews,1994-08-19,2018-02-10,jake matthews,odds_frame
mark hunt,1974-03-23,2018-02-10,mark hunt,odds_frame
tai tuivasa,1993-03-16,2018-02-10,tai tuivasa,odds_frame
cyril asker,1985-12-24,2018-02-10,cyril asker,odds_frame
li jingliang,1988-03-20,2018-02-10,li jingliang,odds_frame
curtis blaydes,1991-02-18,2018-02-10,curtis blaydes,odds_frame
sage northcutt,1996-03-01,2018-02-18,sage northcutt,odds_frame
yancy medeiros,1987-09-07,2018-02-18,yancy medeiros,odds_frame
marcin tybura,1985-11-09,2018-02-18,marcin tybura,odds_frame
francisco trinaldo,1978-08-24,2018-02-18,francisco trinaldo,odds_frame
curtis millender,1987-12-01,2018-02-18,curtis millender,odds_frame
alex morono,1990-08-16,2018-02-18,alex morono,odds_frame
brandon davis,1990-05-08,2018-02-18,brandon davis,odds_frame
thibault gouti,1987-02-27,2018-02-18,thibault gouti,odds_frame
oskar piechota,1990-01-24,2018-02-18,oskar piechota,odds_frame
robert sanchez,1986-03-05,2018-02-18,robert sanchez,odds_frame
diego ferreira,1985-01-18,2018-02-18,diego ferreira,odds_frame
brian camozzi,1991-06-24,2018-02-18,brian camozzi,odds_frame
joby sanchez,1991-06-24,2018-02-18,joby sanchez,odds_frame
geoff neal,1990-08-28,2018-02-18,geoff neal,odds_frame
tim williams,1986-07-03,2018-02-18,tim williams,odds_frame
donald cerrone,1983-03-29,2018-02-18,donald cerrone,odds_frame
derrick lewis,1985-02-07,2018-02-18,derrick lewis,odds_frame
james vick,1987-02-23,2018-02-18,james vick,odds_frame
thiago alves,1983-10-03,2018-02-18,thiago alves,odds_frame
joshua burkman,1980-04-10,2018-02-18,joshua burkman,odds_frame
steven peterson,1990-05-29,2018-02-18,steven peterson,odds_frame
jared gordon,1988-09-06,2018-02-18,jared gordon,odds_frame
renan barao,1987-01-31,2018-02-24,renan barao,odds_frame
sam alvey,1986-05-06,2018-02-24,sam alvey,odds_frame
rani yahya,1984-09-12,2018-02-24,rani yahya,odds_frame
eric shelton,1991-02-02,2018-02-24,eric shelton,odds_frame
ben saunders,1983-04-13,2018-02-24,ben saunders,odds_frame
mike perry,1991-09-15,2018-02-24,mike perry,odds_frame
albert morales,1991-05-25,2018-02-24,albert morales,odds_frame
marcin prachnio,1988-07-14,2018-02-24,marcin prachnio,odds_frame
jeremy stephens,1986-05-25,2018-02-24,jeremy stephens,odds_frame
ilir latifi,1982-07-28,2018-02-24,ilir latifi,odds_frame
max griffin,1985-11-29,2018-02-24,max griffin,odds_frame
ovince saint preux,1983-04-08,2018-02-24,ovince saint preux,odds_frame
alan jouban,1981-11-25,2018-02-24,alan jouban,odds_frame
josh emmett,1985-03-04,2018-02-24,josh emmett,odds_frame
russell doane,1986-08-13,2018-02-24,russell doane,odds_frame
alex perez,1992-03-21,2018-02-24,alex perez,odds_frame
manny bermudez,1994-07-16,2018-02-24,manny bermudez,odds_frame
brian kelleher,1986-08-19,2018-02-24,brian kelleher,odds_frame
stefan struve,1988-02-18,2018-03-03,stefan struve,odds_frame
sean o'malley,1994-10-24,2018-03-03,sean o malley,odds_frame
frankie edgar,1981-10-16,2018-03-03,frankie edgar,odds_frame
cb dollaway,1983-08-10,2018-03-03,cb dollaway,odds_frame
jordan johnson,1988-11-18,2018-03-03,jordan johnson,odds_frame
beneil dariush,1989-05-06,2018-03-03,beneil dariush,odds_frame
mike pyle,1975-09-18,2018-03-03,mike pyle,odds_frame
hector lombard,1978-02-02,2018-03-03,hector lombard,odds_frame
alexander hernandez,1992-10-01,2018-03-03,alexander hernandez,odds_frame
cody stamann,1989-11-09,2018-03-03,cody stamann,odds_frame
pedro munhoz,1986-09-07,2018-03-03,pedro munhoz,odds_frame
bryan caraway,1984-08-04,2018-03-03,bryan caraway,odds_frame
john dodson,1984-09-26,2018-03-03,john dodson,odds_frame
andrei arlovski,1979-02-04,2018-03-03,andrei arlovski,odds_frame
andre soukhamthath,1988-10-23,2018-03-03,andre soukhamthath,odds_frame
brian ortega,1991-02-21,2018-03-03,brian ortega,odds_frame
zak ottow,1986-12-22,2018-03-03,zak ottow,odds_frame
adam milstead,1987-07-03,2018-03-03,adam milstead,odds_frame
oliver enkamp,1991-08-10,2018-03-17,oliver enkamp,odds_frame
jan blachowicz,1983-02-24,2018-03-17,jan blachowicz,odds_frame
danny roberts,1987-07-14,2018-03-17,danny roberts,odds_frame
alexander volkov,1988-10-24,2018-03-17,alexander volkov,odds_frame
mark godbeer,1983-11-22,2018-03-17,mark godbeer,odds_frame
stevie ray,1990-03-25,2018-03-17,stevie ray,odds_frame
paul craig,1987-11-27,2018-03-17,paul craig,odds_frame
danny henry,1988-07-17,2018-03-17,danny henry,odds_frame
leon edwards,1991-08-25,2018-03-17,leon edwards,odds_frame
john phillips,1985-06-09,2018-03-17,john phillips,odds_frame
tom duquesnoy,1993-06-21,2018-03-17,tom duquesnoy,odds_frame
fabricio werdum,1977-07-30,2018-03-17,fabricio werdum,odds_frame
jimi manuwa,1980-02-18,2018-03-17,jimi manuwa,odds_frame
hakeem dawodu,1991-07-02,2018-03-17,hakeem dawodu,odds_frame
terrion ware,1986-03-31,2018-03-17,terrion ware,odds_frame
charles byrd,1983-10-11,2018-03-17,charles byrd,odds_frame
peter sobotta,1987-01-11,2018-03-17,peter sobotta,odds_frame
magomed ankalaev,1992-06-02,2018-03-17,magomed ankalaev,odds_frame
kajan johnson,1984-04-21,2018-03-17,kajan johnson,odds_frame
dmitry sosnovskiy,1989-07-06,2018-03-17,dmitry sosnovskiy,odds_frame
renato moicano,1989-05-21,2018-04-07,renato moicano,odds_frame
zabit magomedsharipov,1991-03-01,2018-04-07,zabit magomedsharipov,odds_frame
joe lauzon,1984-05-22,2018-04-07,joe lauzon,odds_frame
evan dunham,1981-12-18,2018-04-07,evan dunham,odds_frame
devin clark,1990-04-12,2018-04-07,devin clark,odds_frame
kyle bochniak,1987-02-05,2018-04-07,kyle bochniak,odds_frame
mike rodriguez,1988-11-28,2018-04-07,mike rodriguez,odds_frame
olivier aubin-mercier,1989-02-23,2018-04-07,olivier aubin mercier,odds_frame
chris gruetzemacher,1986-06-16,2018-04-07,chris gruetzemacher,odds_frame
calvin kattar,1988-03-26,2018-04-07,calvin kattar,odds_frame
al iaquinta,1987-04-30,2018-04-07,al iaquinta,odds_frame
khabib nurmagomedov,1988-09-20,2018-04-07,khabib nurmagomedov,odds_frame
dustin poirier,1989-01-19,2018-04-14,dustin poirier,odds_frame
brad tavares,1987-12-21,2018-04-14,brad tavares,odds_frame
krzysztof jotko,1989-08-19,2018-04-14,krzysztof jotko,odds_frame
antonio carlos junior,1990-03-16,2018-04-14,antonio carlos junior,odds_frame
arjan bhullar,1986-05-13,2018-04-14,arjan bhullar,odds_frame
gilbert burns,1986-07-20,2018-04-14,gilbert burns,odds_frame
yushin okami,1981-07-21,2018-04-14,yushin okami,odds_frame
tim boetsch,1981-01-28,2018-04-14,tim boetsch,odds_frame
ricky rainey,1983-06-29,2018-04-14,ricky rainey,odds_frame
alex oliveira,1988-02-21,2018-04-14,alex oliveira,odds_frame
luke sanders,1985-12-12,2018-04-14,luke sanders,odds_frame
matthew lopez,1987-01-21,2018-04-14,matthew lopez,odds_frame
wilson reis,1985-01-06,2018-04-14,wilson reis,odds_frame
patrick williams,1981-09-07,2018-04-14,patrick williams,odds_frame
carlos condit,1984-04-26,2018-04-14,carlos condit,odds_frame
dan moret,1986-11-21,2018-04-14,dan moret,odds_frame
israel adesanya,1989-07-22,2018-04-14,israel adesanya,odds_frame
justin gaethje,1988-11-14,2018-04-14,justin gaethje,odds_frame
adam wieczorek,1992-02-05,2018-04-14,adam wieczorek,odds_frame
muslim salikhov,1984-06-09,2018-04-14,muslim salikhov,odds_frame
john moraga,1984-03-20,2018-04-14,john moraga,odds_frame
dhiego lima,1989-01-31,2018-04-14,dhiego lima,odds_frame
marvin vettori,1993-09-20,2018-04-14,marvin vettori,odds_frame
alejandro perez,1989-09-02,2018-04-14,alejandro perez,odds_frame
aljamain sterling,1989-07-31,2018-04-21,aljamain sterling,odds_frame
patrick cummins,1980-11-16,2018-04-21,patrick cummins,odds_frame
cub swanson,1983-11-02,2018-04-21,cub swanson,odds_frame
brett johns,1992-02-21,2018-04-21,brett johns,odds_frame
edson barboza,1986-01-21,2018-04-21,edson barboza,odds_frame
dan hooker,1990-02-13,2018-04-21,dan hooker,odds_frame
siyar bahadurzada,1984-04-17,2018-04-21,siyar bahadurzada,odds_frame
kevin lee,1992-09-04,2018-04-21,kevin lee,odds_frame
corey anderson,1989-09-22,2018-04-21,corey anderson,odds_frame
ricky simon,1992-08-31,2018-04-21,ricky simon,odds_frame
chase sherman,1989-11-16,2018-04-21,chase sherman,odds_frame
luan chagas,1993-06-17,2018-04-21,luan chagas,odds_frame
thiago santos,1984-01-07,2018-04-21,thiago santos,odds_frame
frankie edgar,1981-10-16,2018-04-21,frankie edgar,odds_frame
justin willis,1987-07-19,2018-04-21,justin willis,odds_frame
david branch,1981-09-26,2018-04-21,david branch,odds_frame
jim miller,1983-08-30,2018-04-21,jim miller,odds_frame
ryan laflare,1983-10-01,2018-04-21,ryan laflare,odds_frame
merab dvalishvili,1991-01-10,2018-04-21,merab dvalishvili,odds_frame
alex garcia,1987-07-14,2018-04-21,alex garcia,odds_frame
jacare souza,1979-12-07,2018-05-12,jacare souza,odds_frame
ramazan emeev,1987-05-23,2018-05-12,ramazan emeev,odds_frame
vitor belfort,1977-04-01,2018-05-12,vitor belfort,odds_frame
warlley alves,1991-01-04,2018-05-12,warlley alves,odds_frame
markus perez,1988-06-22,2018-05-12,markus perez,odds_frame
jack hermansson,1988-06-10,2018-05-12,jack hermansson,odds_frame
thales leites,1981-09-06,2018-05-12,thales leites,odds_frame
alberto mina,1982-05-02,2018-05-12,alberto mina,odds_frame
davi ramos,1986-11-05,2018-05-12,davi ramos,odds_frame
james bochnovic,1989-02-13,2018-05-12,james bochnovic,odds_frame
sultan aliev,1984-09-17,2018-05-12,sultan aliev,odds_frame
cezar ferreira,1985-02-15,2018-05-12,cezar ferreira,odds_frame
lyoto machida,1978-05-30,2018-05-12,lyoto machida,odds_frame
john lineker,1990-06-12,2018-05-12,john lineker,odds_frame
karl roberson,1990-10-04,2018-05-12,karl roberson,odds_frame
kelvin gastelum,1991-10-24,2018-05-12,kelvin gastelum,odds_frame
brian kelleher,1986-08-19,2018-05-12,brian kelleher,odds_frame
nick hein,1984-04-24,2018-05-12,nick hein,odds_frame
jared cannonier,1984-03-16,2018-05-19,jared cannonier,odds_frame
alexandre pantoja,1990-04-16,2018-05-19,alexandre pantoja,odds_frame
diego rivas,1991-11-11,2018-05-19,diego rivas,odds_frame
vicente luque,1991-11-27,2018-05-19,vicente luque,odds_frame
felipe silva,1984-05-08,2018-05-19,felipe silva,odds_frame
zak cummings,1984-08-02,2018-05-19,zak cummings,odds_frame
demian maia,1977-11-06,2018-05-19,demian maia,odds_frame
frankie saenz,1980-08-12,2018-05-19,frankie saenz,odds_frame
gabriel benitez,1988-06-15,2018-05-19,gabriel benitez,odds_frame
enrique barzola,1989-04-28,2018-05-19,enrique barzola,odds_frame
brandon davis,1990-05-08,2018-05-19,brandon davis,odds_frame
henry briones,1980-10-22,2018-05-19,henry briones,odds_frame
claudio puelles,1996-04-21,2018-05-19,claudio puelles,odds_frame
humberto bandenay,1994-09-04,2018-05-19,humberto bandenay,odds_frame
brandon moreno,1993-12-07,2018-05-19,brandon moreno,odds_frame
kamaru usman,1987-05-11,2018-05-19,kamaru usman,odds_frame
michel prazeres,1981-07-25,2018-05-19,michel prazeres,odds_frame
chad laprise,1986-07-23,2018-05-19,chad laprise,odds_frame
guido cannetti,1979-12-19,2018-05-19,guido cannetti,odds_frame
dominick reyes,1989-12-26,2018-05-19,dominick reyes,odds_frame
eric spicely,1986-09-29,2018-05-27,eric spicely,odds_frame
neil magny,1987-08-03,2018-05-27,neil magny,odds_frame
arnold allen,1994-01-22,2018-05-27,arnold allen,odds_frame
jason knight,1992-07-14,2018-05-27,jason knight,odds_frame
daniel kelly,1977-10-31,2018-05-27,daniel kelly,odds_frame
elias theodorou,1988-05-31,2018-05-27,elias theodorou,odds_frame
darren stewart,1990-12-30,2018-05-27,darren stewart,odds_frame
trevor smith,1981-01-05,2018-05-27,trevor smith,odds_frame
carlo pedersoli jr.,1993-06-08,2018-05-27,carlo pedersoli jr,odds_frame
tom breese,1991-09-26,2018-05-27,tom breese,odds_frame
makwan amirkhani,1988-11-08,2018-05-27,makwan amirkhani,odds_frame
mads burnell,1994-03-06,2018-05-27,mads burnell,odds_frame
craig white,1990-07-01,2018-05-27,craig white,odds_frame
darren till,1992-12-24,2018-05-27,darren till,odds_frame
stephen thompson,1983-02-11,2018-05-27,stephen thompson,odds_frame
brad scott,1989-06-24,2018-05-27,brad scott,odds_frame
gian villante,1985-08-18,2018-06-01,gian villante,odds_frame
jose torres,1992-08-02,2018-06-01,jose torres,odds_frame
marlon moraes,1988-04-26,2018-06-01,marlon moraes,odds_frame
jake ellenberger,1985-03-28,2018-06-01,jake ellenberger,odds_frame
jimmie rivera,1989-06-29,2018-06-01,jimmie rivera,odds_frame
gregor gillespie,1986-11-13,2018-06-01,gregor gillespie,odds_frame
walt harris,1983-06-10,2018-06-01,walt harris,odds_frame
julio arce,1989-10-27,2018-06-01,julio arce,odds_frame
ben saunders,1983-04-13,2018-06-01,ben saunders,odds_frame
nik lentz,1984-08-13,2018-06-01,nik lentz,odds_frame
belal muhammad,1988-07-09,2018-06-01,belal muhammad,odds_frame
jarred brooks,1993-05-02,2018-06-01,jarred brooks,odds_frame
desmond green,1989-10-11,2018-06-01,desmond green,odds_frame
sam alvey,1986-05-06,2018-06-01,sam alvey,odds_frame
nathaniel wood,1993-05-08,2018-06-01,nathaniel wood,odds_frame
chance rencountre,1986-12-31,2018-06-01,chance rencountre,odds_frame
david teymur,1989-05-01,2018-06-01,david teymur,odds_frame
gleison tibau,1983-10-07,2018-06-01,gleison tibau,odds_frame
daniel teymur,1988-02-03,2018-06-01,daniel teymur,odds_frame
daniel spitz,1990-07-31,2018-06-01,daniel spitz,odds_frame
vinc pichel,1982-11-23,2018-06-01,vinc pichel,odds_frame
johnny eduardo,1978-08-03,2018-06-01,johnny eduardo,odds_frame
clay guida,1981-12-08,2018-06-09,clay guida,odds_frame
joseph benavidez,1984-07-31,2018-06-09,joseph benavidez,odds_frame
rashad evans,1979-09-25,2018-06-09,rashad evans,odds_frame
robert whittaker,1990-12-20,2018-06-09,robert whittaker,odds_frame
rafael dos anjos,1984-10-26,2018-06-09,rafael dos anjos,odds_frame
alistair overeem,1980-05-17,2018-06-09,alistair overeem,odds_frame
andrei arlovski,1979-02-04,2018-06-09,andrei arlovski,odds_frame
mike santiago,1989-07-28,2018-06-09,mike santiago,odds_frame
ricardo lamas,1982-05-21,2018-06-09,ricardo lamas,odds_frame
rashad coulter,1981-11-27,2018-06-09,rashad coulter,odds_frame
dan ige,1991-08-06,2018-06-09,dan ige,odds_frame
anthony smith,1988-07-26,2018-06-09,anthony smith,odds_frame
colby covington,1988-02-22,2018-06-09,colby covington,odds_frame
tai tuivasa,1993-03-16,2018-06-09,tai tuivasa,odds_frame
curtis blaydes,1991-02-18,2018-06-09,curtis blaydes,odds_frame
charles oliveira,1989-10-17,2018-06-09,charles oliveira,odds_frame
yoel romero,1977-04-30,2018-06-09,yoel romero,odds_frame
sergio pettis,1993-08-18,2018-06-09,sergio pettis,odds_frame
chris de la rocha,1979-05-15,2018-06-09,chris de la rocha,odds_frame
mirsad bektic,1991-02-16,2018-06-09,mirsad bektic,odds_frame
matt schnell,1990-01-15,2018-06-23,matt schnell,odds_frame
shane young,1993-07-31,2018-06-23,shane young,odds_frame
donald cerrone,1983-03-29,2018-06-23,donald cerrone,odds_frame
ovince saint preux,1983-04-08,2018-06-23,ovince saint preux,odds_frame
li jingliang,1988-03-20,2018-06-23,li jingliang,odds_frame
teruto ishihara,1991-07-23,2018-06-23,teruto ishihara,odds_frame
shinsho anzai,1985-12-01,2018-06-23,shinsho anzai,odds_frame
rolando dy,1990-08-11,2018-06-23,rolando dy,odds_frame
song kenan,1990-03-10,2018-06-23,song kenan,odds_frame
leon edwards,1991-08-25,2018-06-23,leon edwards,odds_frame
daichi abe,1991-11-27,2018-06-23,daichi abe,odds_frame
petr yan,1993-02-11,2018-06-23,petr yan,odds_frame
hector aldana,1988-08-17,2018-06-23,hector aldana,odds_frame
jake matthews,1994-08-19,2018-06-23,jake matthews,odds_frame
naoki inoue,1997-06-14,2018-06-23,naoki inoue,odds_frame
tyson pedro,1991-09-17,2018-06-23,tyson pedro,odds_frame
richie smullen,1991-08-17,2018-07-06,richie smullen,odds_frame
steven peterson,1990-05-29,2018-07-06,steven peterson,odds_frame
bryce mitchell,1994-10-04,2018-07-06,bryce mitchell,odds_frame
allan zuniga,1992-04-04,2018-07-06,allan zuniga,odds_frame
oskar piechota,1990-01-24,2018-07-06,oskar piechota,odds_frame
julian marquez,1990-05-08,2018-07-06,julian marquez,odds_frame
alex caceres,1988-06-20,2018-07-06,alex caceres,odds_frame
brad tavares,1987-12-21,2018-07-06,brad tavares,odds_frame
jay cucciniello,1986-07-23,2018-07-06,jay cucciniello,odds_frame
alessio di chirico,1989-12-12,2018-07-06,alessio di chirico,odds_frame
gerald meerschaert,1987-12-18,2018-07-06,gerald meerschaert,odds_frame
john gunther,1985-11-24,2018-07-06,john gunther,odds_frame
tyler diamond,1991-03-18,2018-07-06,tyler diamond,odds_frame
matt bessette,1984-12-28,2018-07-06,matt bessette,odds_frame
luis pena,1993-07-05,2018-07-06,luis pena,odds_frame
martin bravo,1993-09-21,2018-07-06,martin bravo,odds_frame
israel adesanya,1989-07-22,2018-07-06,israel adesanya,odds_frame
brad katona,1991-12-19,2018-07-06,brad katona,odds_frame
rob font,1987-06-25,2018-07-07,rob font,odds_frame
uriah hall,1984-07-31,2018-07-07,uriah hall,odds_frame
dan hooker,1990-02-13,2018-07-07,dan hooker,odds_frame
curtis millender,1987-12-01,2018-07-07,curtis millender,odds_frame
lando vannata,1992-03-14,2018-07-07,lando vannata,odds_frame
raphael assuncao,1982-07-19,2018-07-07,raphael assuncao,odds_frame
michael chiesa,1987-12-07,2018-07-07,michael chiesa,odds_frame
paul felder,1984-04-25,2018-07-07,paul felder,odds_frame
francis ngannou,1986-09-05,2018-07-07,francis ngannou,odds_frame
drakkar klose,1988-03-09,2018-07-07,drakkar klose,odds_frame
stipe miocic,1982-08-19,2018-07-07,stipe miocic,odds_frame
daniel cormier,1979-03-20,2018-07-07,daniel cormier,odds_frame
gilbert burns,1986-07-20,2018-07-07,gilbert burns,odds_frame
paulo costa,1991-04-21,2018-07-07,paulo costa,odds_frame
max griffin,1985-11-29,2018-07-07,max griffin,odds_frame
derrick lewis,1985-02-07,2018-07-07,derrick lewis,odds_frame
mike perry,1991-09-15,2018-07-07,mike perry,odds_frame
anthony pettis,1987-01-27,2018-07-07,anthony pettis,odds_frame
zak ottow,1986-12-22,2018-07-14,zak ottow,odds_frame
ricky glenn,1989-04-12,2018-07-14,ricky glenn,odds_frame
dennis bermudez,1986-12-13,2018-07-14,dennis bermudez,odds_frame
sage northcutt,1996-03-01,2018-07-14,sage northcutt,odds_frame
randy brown,1990-07-08,2018-07-14,randy brown,odds_frame
kurt holobaugh,1986-09-08,2018-07-14,kurt holobaugh,odds_frame
eddie wineland,1984-06-26,2018-07-14,eddie wineland,odds_frame
justin scoggins,1992-05-02,2018-07-14,justin scoggins,odds_frame
mark de la rosa,1994-08-31,2018-07-14,mark de la rosa,odds_frame
myles jury,1988-10-31,2018-07-14,myles jury,odds_frame
junior dos santos,1984-01-30,2018-07-14,junior dos santos,odds_frame
blagoy ivanov,1986-10-09,2018-07-14,blagoy ivanov,odds_frame
niko price,1989-09-29,2018-07-14,niko price,odds_frame
raoni barcelos,1987-05-01,2018-07-14,raoni barcelos,odds_frame
said nurmagomedov,1992-04-05,2018-07-14,said nurmagomedov,odds_frame
elias garcia,1992-09-13,2018-07-14,elias garcia,odds_frame
alejandro perez,1989-09-02,2018-07-14,alejandro perez,odds_frame
chad mendes,1985-05-01,2018-07-14,chad mendes,odds_frame
stefan struve,1988-02-18,2018-07-22,stefan struve,odds_frame
damir hadzovic,1986-08-08,2018-07-22,damir hadzovic,odds_frame
manny bermudez,1994-07-16,2018-07-22,manny bermudez,odds_frame
anthony smith,1988-07-26,2018-07-22,anthony smith,odds_frame
corey anderson,1989-09-22,2018-07-22,corey anderson,odds_frame
damian stasiak,1990-02-20,2018-07-22,damian stasiak,odds_frame
justin ledet,1988-09-28,2018-07-22,justin ledet,odds_frame
jeremy kimball,1991-01-03,2018-07-22,jeremy kimball,odds_frame
nick hein,1984-04-24,2018-07-22,nick hein,odds_frame
pingyuan liu,1993-02-13,2018-07-22,pingyuan liu,odds_frame
glover teixeira,1979-10-28,2018-07-22,glover teixeira,odds_frame
mauricio rua,1981-11-25,2018-07-22,mauricio rua,odds_frame
marc diakiese,1993-03-16,2018-07-22,marc diakiese,odds_frame
vitor miranda,1979-03-10,2018-07-22,vitor miranda,odds_frame
marcin tybura,1985-11-09,2018-07-22,marcin tybura,odds_frame
danny roberts,1987-07-14,2018-07-22,danny roberts,odds_frame
nasrat haqparast,1995-08-22,2018-07-22,nasrat haqparast,odds_frame
emil meek,1988-08-20,2018-07-22,emil meek,odds_frame
khalid taha,1992-02-15,2018-07-22,khalid taha,odds_frame
abu azaitar,1986-03-10,2018-07-22,abu azaitar,odds_frame
davey grant,1985-12-18,2018-07-22,davey grant,odds_frame
darko stosic,1992-02-09,2018-07-22,darko stosic,odds_frame
bartosz fabinski,1986-04-26,2018-07-22,bartosz fabinski,odds_frame
aleksandar rakic,1992-02-06,2018-07-22,aleksandar rakic,odds_frame
nad narimani,1987-04-14,2018-07-22,nad narimani,odds_frame
david zawada,1990-08-01,2018-07-22,david zawada,odds_frame
john makdessi,1985-05-03,2018-07-28,john makdessi,odds_frame
gadzhimurad antigulov,1987-02-09,2018-07-28,gadzhimurad antigulov,odds_frame
dustin ortiz,1988-12-25,2018-07-28,dustin ortiz,odds_frame
alvaro herrera mendoza,1990-05-14,2018-07-28,alvaro herrera mendoza,odds_frame
ion cutelaba,1993-12-14,2018-07-28,ion cutelaba,odds_frame
kajan johnson,1984-04-21,2018-07-28,kajan johnson,odds_frame
alex morono,1990-08-16,2018-07-28,alex morono,odds_frame
hakeem dawodu,1991-07-02,2018-07-28,hakeem dawodu,odds_frame
dustin poirier,1989-01-19,2018-07-28,dustin poirier,odds_frame
olivier aubin-mercier,1989-02-23,2018-07-28,olivier aubin mercier,odds_frame
jeremy stephens,1986-05-25,2018-07-28,jeremy stephens,odds_frame
ross pearson,1984-09-26,2018-07-28,ross pearson,odds_frame
matheus nicolau,1993-01-06,2018-07-28,matheus nicolau,odds_frame
devin powell,1988-03-01,2018-07-28,devin powell,odds_frame
austin arnett,1991-10-22,2018-07-28,austin arnett,odds_frame
islam makhachev,1991-10-27,2018-07-28,islam makhachev,odds_frame
alexander hernandez,1992-10-01,2018-07-28,alexander hernandez,odds_frame
eddie alvarez,1984-01-11,2018-07-28,eddie alvarez,odds_frame
jose aldo,1986-09-09,2018-07-28,jose aldo,odds_frame
jordan mein,1989-10-10,2018-07-28,jordan mein,odds_frame
thiago santos,1984-01-07,2018-08-04,thiago santos,odds_frame
pedro munhoz,1986-09-07,2018-08-04,pedro munhoz,odds_frame
ricardo ramos,1995-08-01,2018-08-04,ricardo ramos,odds_frame
tj dillashaw,1986-02-07,2018-08-04,tj dillashaw,odds_frame
matt sayles,1994-02-21,2018-08-04,matt sayles,odds_frame
demetrious johnson,1986-08-13,2018-08-04,demetrious johnson,odds_frame
cub swanson,1983-11-02,2018-08-04,cub swanson,odds_frame
henry cejudo,1987-02-09,2018-08-04,henry cejudo,odds_frame
kevin holland,1992-11-05,2018-08-04,kevin holland,odds_frame
brett johns,1992-02-21,2018-08-04,brett johns,odds_frame
kyung ho kang,1987-09-09,2018-08-04,kyung ho kang,odds_frame
sheymon moraes,1990-10-11,2018-08-04,sheymon moraes,odds_frame
jose torres,1992-08-02,2018-08-04,jose torres,odds_frame
cody garbrandt,1991-07-07,2018-08-04,cody garbrandt,odds_frame
alex perez,1992-03-21,2018-08-04,alex perez,odds_frame
ricky simon,1992-08-31,2018-08-04,ricky simon,odds_frame
montel jackson,1992-04-24,2018-08-04,montel jackson,odds_frame
renato moicano,1989-05-21,2018-08-04,renato moicano,odds_frame
bryan barberena,1989-05-03,2018-08-25,bryan barberena,odds_frame
eryk anders,1987-04-21,2018-08-25,eryk anders,odds_frame
mickey gall,1992-01-22,2018-08-25,mickey gall,odds_frame
andrew sanchez,1988-04-08,2018-08-25,andrew sanchez,odds_frame
george sullivan,1981-03-13,2018-08-25,george sullivan,odds_frame
markus perez,1988-06-22,2018-08-25,markus perez,odds_frame
john moraga,1984-03-20,2018-08-25,john moraga,odds_frame
andre fili,1990-06-25,2018-08-25,andre fili,odds_frame
deiveson figueiredo,1987-12-18,2018-08-25,deiveson figueiredo,odds_frame
drew dober,1988-10-19,2018-08-25,drew dober,odds_frame
iuri alcantara,1980-08-04,2018-08-25,iuri alcantara,odds_frame
tim williams,1986-07-03,2018-08-25,tim williams,odds_frame
warlley alves,1991-01-04,2018-08-25,warlley alves,odds_frame
michael johnson,1986-06-04,2018-08-25,michael johnson,odds_frame
luke sanders,1985-12-12,2018-08-25,luke sanders,odds_frame
cory sandhagen,1992-04-20,2018-08-25,cory sandhagen,odds_frame
rani yahya,1984-09-12,2018-08-25,rani yahya,odds_frame
james vick,1987-02-23,2018-08-25,james vick,odds_frame
jon tuck,1984-08-28,2018-08-25,jon tuck,odds_frame
jake ellenberger,1985-03-28,2018-08-25,jake ellenberger,odds_frame
justin gaethje,1988-11-14,2018-08-25,justin gaethje,odds_frame
james krause,1986-06-04,2018-08-25,james krause,odds_frame
zabit magomedsharipov,1991-03-01,2018-09-08,zabit magomedsharipov,odds_frame
darren stewart,1990-12-30,2018-09-08,darren stewart,odds_frame
jimmie rivera,1989-06-29,2018-09-08,jimmie rivera,odds_frame
brandon davis,1990-05-08,2018-09-08,brandon davis,odds_frame
alex white,1988-10-22,2018-09-08,alex white,odds_frame
frank camacho,1989-05-18,2018-09-08,frank camacho,odds_frame
tyron woodley,1982-04-07,2018-09-08,tyron woodley,odds_frame
john dodson,1984-09-26,2018-09-08,john dodson,odds_frame
niko price,1989-09-29,2018-09-08,niko price,odds_frame
craig white,1990-07-01,2018-09-08,craig white,odds_frame
abdul razak alhassan,1985-08-11,2018-09-08,abdul razak alhassan,odds_frame
darren till,1992-12-24,2018-09-08,darren till,odds_frame
diego sanchez,1981-12-31,2018-09-08,diego sanchez,odds_frame
aljamain sterling,1989-07-31,2018-09-08,aljamain sterling,odds_frame
robert sanchez,1986-03-05,2018-09-08,robert sanchez,odds_frame
jim miller,1983-08-30,2018-09-08,jim miller,odds_frame
geoff neal,1990-08-28,2018-09-08,geoff neal,odds_frame
charles byrd,1983-10-11,2018-09-08,charles byrd,odds_frame
cody stamann,1989-11-09,2018-09-08,cody stamann,odds_frame
jarred brooks,1993-05-02,2018-09-08,jarred brooks,odds_frame
rustam khabilov,1986-11-04,2018-09-15,rustam khabilov,odds_frame
cb dollaway,1983-08-10,2018-09-15,cb dollaway,odds_frame
merab dvalishvili,1991-01-10,2018-09-15,merab dvalishvili,odds_frame
ramazan emeev,1987-05-23,2018-09-15,ramazan emeev,odds_frame
adam yandiev,1988-08-07,2018-09-15,adam yandiev,odds_frame
mairbek taisumov,1988-08-08,2018-09-15,mairbek taisumov,odds_frame
magomed ankalaev,1992-06-02,2018-09-15,magomed ankalaev,odds_frame
jan blachowicz,1983-02-24,2018-09-15,jan blachowicz,odds_frame
petr yan,1993-02-11,2018-09-15,petr yan,odds_frame
andrei arlovski,1979-02-04,2018-09-15,andrei arlovski,odds_frame
mark hunt,1974-03-23,2018-09-15,mark hunt,odds_frame
khalid murtazaliev,1993-07-15,2018-09-15,khalid murtazaliev,odds_frame
kajan johnson,1984-04-21,2018-09-15,kajan johnson,odds_frame
terrion ware,1986-03-31,2018-09-15,terrion ware,odds_frame
stefan sekulic,1992-02-12,2018-09-15,stefan sekulic,odds_frame
jordan johnson,1988-11-18,2018-09-15,jordan johnson,odds_frame
marcin prachnio,1988-07-14,2018-09-15,marcin prachnio,odds_frame
aleksei oleinik,1977-06-20,2018-09-15,aleksei oleinik,odds_frame
shamil abdurakhimov,1981-09-02,2018-09-15,shamil abdurakhimov,odds_frame
desmond green,1989-10-11,2018-09-15,desmond green,odds_frame
nikita krylov,1992-03-07,2018-09-15,nikita krylov,odds_frame
jin soo son,1993-04-01,2018-09-15,jin soo son,odds_frame
francisco trinaldo,1978-08-24,2018-09-22,francisco trinaldo,odds_frame
thales leites,1981-09-06,2018-09-22,thales leites,odds_frame
evan dunham,1981-12-18,2018-09-22,evan dunham,odds_frame
hector lombard,1978-02-02,2018-09-22,hector lombard,odds_frame
sergio moraes,1982-07-23,2018-09-22,sergio moraes,odds_frame
eryk anders,1987-04-21,2018-09-22,eryk anders,odds_frame
augusto sakai,1991-05-09,2018-09-22,augusto sakai,odds_frame
christos giagos,1990-01-23,2018-09-22,christos giagos,odds_frame
andre ewell,1988-01-21,2018-09-22,andre ewell,odds_frame
luis henrique,1993-08-21,2018-09-22,luis henrique,odds_frame
ryan spann,1991-08-24,2018-09-22,ryan spann,odds_frame
chase sherman,1989-11-16,2018-09-22,chase sherman,odds_frame
ben saunders,1983-04-13,2018-09-22,ben saunders,odds_frame
rogerio nogueira,1976-06-02,2018-09-22,rogerio nogueira,odds_frame
carlo pedersoli jr.,1993-06-08,2018-09-22,carlo pedersoli jr,odds_frame
thiago santos,1984-01-07,2018-09-22,thiago santos,odds_frame
charles oliveira,1989-10-17,2018-09-22,charles oliveira,odds_frame
renan barao,1987-01-31,2018-09-22,renan barao,odds_frame
sam alvey,1986-05-06,2018-09-22,sam alvey,odds_frame
alex oliveira,1988-02-21,2018-09-22,alex oliveira,odds_frame
sergio pettis,1993-08-18,2018-10-06,sergio pettis,odds_frame
scott holtzman,1983-09-30,2018-10-06,scott holtzman,odds_frame
vicente luque,1991-11-27,2018-10-06,vicente luque,odds_frame
derrick lewis,1985-02-07,2018-10-06,derrick lewis,odds_frame
tony ferguson,1984-02-12,2018-10-06,tony ferguson,odds_frame
khabib nurmagomedov,1988-09-20,2018-10-06,khabib nurmagomedov,odds_frame
ovince saint preux,1983-04-08,2018-10-06,ovince saint preux,odds_frame
gray maynard,1979-05-09,2018-10-06,gray maynard,odds_frame
jussier formiga,1985-04-14,2018-10-06,jussier formiga,odds_frame
nik lentz,1984-08-13,2018-10-06,nik lentz,odds_frame
alan patrick,1983-07-19,2018-10-06,alan patrick,odds_frame
jalin turner,1995-05-18,2018-10-06,jalin turner,odds_frame
alexander volkov,1988-10-24,2018-10-06,alexander volkov,odds_frame
dominick reyes,1989-12-26,2018-10-06,dominick reyes,odds_frame
anthony pettis,1987-01-27,2018-10-06,anthony pettis,odds_frame
conor mcgregor,1988-07-14,2018-10-06,conor mcgregor,odds_frame
michael johnson,1986-06-04,2018-10-27,michael johnson,odds_frame
sean strickland,1991-02-27,2018-10-27,sean strickland,odds_frame
jessin ayari,1992-05-31,2018-10-27,jessin ayari,odds_frame
marcelo golm,1992-09-15,2018-10-27,marcelo golm,odds_frame
don madge,1990-11-12,2018-10-27,don madge,odds_frame
chris fishgold,1992-06-06,2018-10-27,chris fishgold,odds_frame
nasrat haqparast,1995-08-22,2018-10-27,nasrat haqparast,odds_frame
anthony smith,1988-07-26,2018-10-27,anthony smith,odds_frame
court mcgee,1984-12-12,2018-10-27,court mcgee,odds_frame
jonathan martinez,1994-04-20,2018-10-27,jonathan martinez,odds_frame
patrick cummins,1980-11-16,2018-10-27,patrick cummins,odds_frame
artem lobov,1986-08-11,2018-10-27,artem lobov,odds_frame
ed herman,1980-10-02,2018-10-27,ed herman,odds_frame
gian villante,1985-08-18,2018-10-27,gian villante,odds_frame
stevie ray,1990-03-25,2018-10-27,stevie ray,odds_frame
te edwards,1990-09-11,2018-10-27,te edwards,odds_frame
nordine taleb,1981-06-10,2018-10-27,nordine taleb,odds_frame
alex garcia,1987-07-14,2018-10-27,alex garcia,odds_frame
andre soukhamthath,1988-10-23,2018-10-27,andre soukhamthath,odds_frame
volkan oezdemir,1989-09-19,2018-10-27,volkan oezdemir,odds_frame
thibault gouti,1987-02-27,2018-10-27,thibault gouti,odds_frame
misha cirkunov,1987-02-27,2018-10-27,misha cirkunov,odds_frame
calvin kattar,1988-03-26,2018-10-27,calvin kattar,odds_frame
arjan bhullar,1986-05-13,2018-10-27,arjan bhullar,odds_frame
jason knight,1992-07-14,2018-11-03,jason knight,odds_frame
ben saunders,1983-04-13,2018-11-03,ben saunders,odds_frame
daniel cormier,1979-03-20,2018-11-03,daniel cormier,odds_frame
david branch,1981-09-26,2018-11-03,david branch,odds_frame
derek brunson,1984-01-04,2018-11-03,derek brunson,odds_frame
matt frevola,1990-06-11,2018-11-03,matt frevola,odds_frame
julio arce,1989-10-27,2018-11-03,julio arce,odds_frame
jacare souza,1979-12-07,2018-11-03,jacare souza,odds_frame
jack marshman,1989-12-19,2018-11-03,jack marshman,odds_frame
lyman good,1985-05-26,2018-11-03,lyman good,odds_frame
jordan rinaldi,1987-09-25,2018-11-03,jordan rinaldi,odds_frame
israel adesanya,1989-07-22,2018-11-03,israel adesanya,odds_frame
lando vannata,1992-03-14,2018-11-03,lando vannata,odds_frame
derrick lewis,1985-02-07,2018-11-03,derrick lewis,odds_frame
jared cannonier,1984-03-16,2018-11-03,jared cannonier,odds_frame
sheymon moraes,1990-10-11,2018-11-03,sheymon moraes,odds_frame
chris weidman,1984-06-17,2018-11-03,chris weidman,odds_frame
karl roberson,1990-10-04,2018-11-03,karl roberson,odds_frame
kurt holobaugh,1986-09-08,2018-11-03,kurt holobaugh,odds_frame
shane burgos,1991-03-19,2018-11-03,shane burgos,odds_frame
joseph morales,1994-08-22,2018-11-10,joseph morales,odds_frame
eric shelton,1991-02-02,2018-11-10,eric shelton,odds_frame
john gunther,1985-11-24,2018-11-10,john gunther,odds_frame
chas skelly,1985-05-11,2018-11-10,chas skelly,odds_frame
chan sung jung,1987-03-17,2018-11-10,chan sung jung,odds_frame
beneil dariush,1989-05-06,2018-11-10,beneil dariush,odds_frame
mike perry,1991-09-15,2018-11-10,mike perry,odds_frame
devonte smith,1993-07-30,2018-11-10,devonte smith,odds_frame
bobby moffett,1990-06-01,2018-11-10,bobby moffett,odds_frame
yair rodriguez,1992-10-06,2018-11-10,yair rodriguez,odds_frame
julian erosa,1989-07-31,2018-11-10,julian erosa,odds_frame
joby sanchez,1991-06-24,2018-11-10,joby sanchez,odds_frame
thiago moises,1995-03-23,2018-11-10,thiago moises,odds_frame
donald cerrone,1983-03-29,2018-11-10,donald cerrone,odds_frame
mark de la rosa,1994-08-31,2018-11-10,mark de la rosa,odds_frame
davi ramos,1986-11-05,2018-11-10,davi ramos,odds_frame
austin arnett,1991-10-22,2018-11-17,austin arnett,odds_frame
jesus pinedo,1996-06-22,2018-11-17,jesus pinedo,odds_frame
cezar ferreira,1985-02-15,2018-11-17,cezar ferreira,odds_frame
guido cannetti,1979-12-19,2018-11-17,guido cannetti,odds_frame
neil magny,1987-08-03,2018-11-17,neil magny,odds_frame
ricardo lamas,1982-05-21,2018-11-17,ricardo lamas,odds_frame
michel prazeres,1981-07-25,2018-11-17,michel prazeres,odds_frame
anderson dos santos,1985-07-24,2018-11-17,anderson dos santos,odds_frame
humberto bandenay,1994-09-04,2018-11-17,humberto bandenay,odds_frame
laureano staropoli,1993-02-27,2018-11-17,laureano staropoli,odds_frame
bartosz fabinski,1986-04-26,2018-11-17,bartosz fabinski,odds_frame
devin powell,1988-03-01,2018-11-17,devin powell,odds_frame
marlon vera,1992-12-02,2018-11-17,marlon vera,odds_frame
ian heinisch,1988-08-05,2018-11-17,ian heinisch,odds_frame
nad narimani,1987-04-14,2018-11-17,nad narimani,odds_frame
hector aldana,1988-08-17,2018-11-17,hector aldana,odds_frame
darren elkins,1984-05-16,2018-11-17,darren elkins,odds_frame
santiago ponzinibbio,1986-09-26,2018-11-17,santiago ponzinibbio,odds_frame
francis ngannou,1986-09-05,2018-11-24,francis ngannou,odds_frame
sergei pavlovich,1992-05-13,2018-11-24,sergei pavlovich,odds_frame
david zawada,1990-08-01,2018-11-24,david zawada,odds_frame
louis smolka,1991-07-16,2018-11-24,louis smolka,odds_frame
rashad coulter,1981-11-27,2018-11-24,rashad coulter,odds_frame
curtis blaydes,1991-02-18,2018-11-24,curtis blaydes,odds_frame
martin day,1988-11-10,2018-11-24,martin day,odds_frame
sumudaerji,1996-01-20,2018-11-24,sumudaerji,odds_frame
john phillips,1985-06-09,2018-11-24,john phillips,odds_frame
alex morono,1990-08-16,2018-11-24,alex morono,odds_frame
kevin holland,1992-11-05,2018-11-24,kevin holland,odds_frame
hu yaozong,1995-04-07,2018-11-24,hu yaozong,odds_frame
pingyuan liu,1993-02-13,2018-11-24,pingyuan liu,odds_frame
song kenan,1990-03-10,2018-11-24,song kenan,odds_frame
alistair overeem,1980-05-17,2018-11-24,alistair overeem,odds_frame
li jingliang,1988-03-20,2018-11-24,li jingliang,odds_frame
ricky glenn,1989-04-12,2018-11-30,ricky glenn,odds_frame
edmen shahbazyan,1997-11-20,2018-11-30,edmen shahbazyan,odds_frame
kamaru usman,1987-05-11,2018-11-30,kamaru usman,odds_frame
justin frazier,1989-06-15,2018-11-30,justin frazier,odds_frame
rafael dos anjos,1984-10-26,2018-11-30,rafael dos anjos,odds_frame
juan espino,1980-10-09,2018-11-30,juan espino,odds_frame
kevin aguilar,1988-09-07,2018-11-30,kevin aguilar,odds_frame
bryan caraway,1984-08-04,2018-11-30,bryan caraway,odds_frame
raoni barcelos,1987-05-01,2018-11-30,raoni barcelos,odds_frame
michel batista,1984-04-20,2018-11-30,michel batista,odds_frame
tim means,1984-02-20,2018-11-30,tim means,odds_frame
chris gutierrez,1991-04-22,2018-11-30,chris gutierrez,odds_frame
joseph benavidez,1984-07-31,2018-11-30,joseph benavidez,odds_frame
darrell horcher,1987-07-28,2018-11-30,darrell horcher,odds_frame
pedro munhoz,1986-09-07,2018-11-30,pedro munhoz,odds_frame
ricky rainey,1983-06-29,2018-11-30,ricky rainey,odds_frame
alex perez,1992-03-21,2018-11-30,alex perez,odds_frame
roosevelt roberts,1994-02-11,2018-11-30,roosevelt roberts,odds_frame
darren stewart,1990-12-30,2018-11-30,darren stewart,odds_frame
maurice greene,1986-07-05,2018-11-30,maurice greene,odds_frame
keita nakamura,1984-05-22,2018-12-01,keita nakamura,odds_frame
mizuto hirota,1981-05-05,2018-12-01,mizuto hirota,odds_frame
alex gorgees,1995-08-11,2018-12-01,alex gorgees,odds_frame
junior dos santos,1984-01-30,2018-12-01,junior dos santos,odds_frame
mauricio rua,1981-11-25,2018-12-01,mauricio rua,odds_frame
mark hunt,1974-03-23,2018-12-01,mark hunt,odds_frame
jake matthews,1994-08-19,2018-12-01,jake matthews,odds_frame
suman mokhtarian,1992-06-13,2018-12-01,suman mokhtarian,odds_frame
wilson reis,1985-01-06,2018-12-01,wilson reis,odds_frame
tai tuivasa,1993-03-16,2018-12-01,tai tuivasa,odds_frame
tyson pedro,1991-09-17,2018-12-01,tyson pedro,odds_frame
justin willis,1987-07-19,2018-12-01,justin willis,odds_frame
anthony rocco martin,1989-12-11,2018-12-01,anthony rocco martin,odds_frame
sodiq yusuff,1993-05-19,2018-12-01,sodiq yusuff,odds_frame
ben nguyen,1988-08-03,2018-12-01,ben nguyen,odds_frame
salim touahri,1989-09-28,2018-12-01,salim touahri,odds_frame
christos giagos,1990-01-23,2018-12-01,christos giagos,odds_frame
damir ismagulov,1991-02-03,2018-12-01,damir ismagulov,odds_frame
olivier aubin-mercier,1989-02-23,2018-12-08,olivier aubin mercier,odds_frame
kyle nelson,1991-04-20,2018-12-08,kyle nelson,odds_frame
hakeem dawodu,1991-07-02,2018-12-08,hakeem dawodu,odds_frame
chad laprise,1986-07-23,2018-12-08,chad laprise,odds_frame
brad katona,1991-12-19,2018-12-08,brad katona,odds_frame
alex oliveira,1988-02-21,2018-12-08,alex oliveira,odds_frame
devin clark,1990-04-12,2018-12-08,devin clark,odds_frame
brian ortega,1991-02-21,2018-12-08,brian ortega,odds_frame
gunnar nelson,1988-07-28,2018-12-08,gunnar nelson,odds_frame
kyle bochniak,1987-02-05,2018-12-08,kyle bochniak,odds_frame
thiago santos,1984-01-07,2018-12-08,thiago santos,odds_frame
max holloway,1991-12-04,2018-12-08,max holloway,odds_frame
eryk anders,1987-04-21,2018-12-08,eryk anders,odds_frame
matthew lopez,1987-01-21,2018-12-08,matthew lopez,odds_frame
dhiego lima,1989-01-31,2018-12-08,dhiego lima,odds_frame
aleksandar rakic,1992-02-06,2018-12-08,aleksandar rakic,odds_frame
gilbert burns,1986-07-20,2018-12-08,gilbert burns,odds_frame
elias theodorou,1988-05-31,2018-12-08,elias theodorou,odds_frame
diego ferreira,1985-01-18,2018-12-08,diego ferreira,odds_frame
jimi manuwa,1980-02-18,2018-12-08,jimi manuwa,odds_frame
juan adams,1992-01-16,2018-12-15,juan adams,odds_frame
joaquim silva,1989-02-05,2018-12-15,joaquim silva,odds_frame
kevin lee,1992-09-04,2018-12-15,kevin lee,odds_frame
rob font,1987-06-25,2018-12-15,rob font,odds_frame
jim miller,1983-08-30,2018-12-15,jim miller,odds_frame
chris de la rocha,1979-05-15,2018-12-15,chris de la rocha,odds_frame
sergio pettis,1993-08-18,2018-12-15,sergio pettis,odds_frame
zak cummings,1984-08-02,2018-12-15,zak cummings,odds_frame
jack hermansson,1988-06-10,2018-12-15,jack hermansson,odds_frame
mike rodriguez,1988-11-28,2018-12-15,mike rodriguez,odds_frame
dwight grant,1984-09-14,2018-12-15,dwight grant,odds_frame
jared gordon,1988-09-06,2018-12-15,jared gordon,odds_frame
dan hooker,1990-02-13,2018-12-15,dan hooker,odds_frame
al iaquinta,1987-04-30,2018-12-15,al iaquinta,odds_frame
charles oliveira,1989-10-17,2018-12-15,charles oliveira,odds_frame
zak ottow,1986-12-22,2018-12-15,zak ottow,odds_frame
adam milstead,1987-07-03,2018-12-15,adam milstead,odds_frame
gerald meerschaert,1987-12-18,2018-12-15,gerald meerschaert,odds_frame
trevor smith,1981-01-05,2018-12-15,trevor smith,odds_frame
dan ige,1991-08-06,2018-12-15,dan ige,odds_frame
jordan griffin,1990-02-28,2018-12-15,jordan griffin,odds_frame
edson barboza,1986-01-21,2018-12-15,edson barboza,odds_frame
michael chiesa,1987-12-07,2018-12-29,michael chiesa,odds_frame
corey anderson,1989-09-22,2018-12-29,corey anderson,odds_frame
ilir latifi,1982-07-28,2018-12-29,ilir latifi,odds_frame
andrei arlovski,1979-02-04,2018-12-29,andrei arlovski,odds_frame
douglas silva de andrade,1985-06-22,2018-12-29,douglas silva de andrade,odds_frame
nathaniel wood,1993-05-08,2018-12-29,nathaniel wood,odds_frame
uriah hall,1984-07-31,2018-12-29,uriah hall,odds_frame
curtis millender,1987-12-01,2018-12-29,curtis millender,odds_frame
brian kelleher,1986-08-19,2018-12-29,brian kelleher,odds_frame
alexander gustafsson,1987-01-15,2018-12-29,alexander gustafsson,odds_frame
bj penn,1978-12-13,2018-12-29,bj penn,odds_frame
ryan hall,1985-02-22,2018-12-29,ryan hall,odds_frame
montel jackson,1992-04-24,2018-12-29,montel jackson,odds_frame
siyar bahadurzada,1984-04-17,2018-12-29,siyar bahadurzada,odds_frame
bevon lewis,1991-05-05,2018-12-29,bevon lewis,odds_frame
andre ewell,1988-01-21,2018-12-29,andre ewell,odds_frame
petr yan,1993-02-11,2018-12-29,petr yan,odds_frame
walt harris,1983-06-10,2018-12-29,walt harris,odds_frame
carlos condit,1984-04-26,2018-12-29,carlos condit,odds_frame
jon jones,1987-07-19,2018-12-29,jon jones,odds_frame
belal muhammad,1988-07-09,2019-01-19,belal muhammad,odds_frame
allen crowder,1989-11-08,2019-01-19,allen crowder,odds_frame
dennis bermudez,1986-12-13,2019-01-19,dennis bermudez,odds_frame
cory sandhagen,1992-04-20,2019-01-19,cory sandhagen,odds_frame
alonzo menifield,1987-10-18,2019-01-19,alonzo menifield,odds_frame
henry cejudo,1987-02-09,2019-01-19,henry cejudo,odds_frame
glover teixeira,1979-10-28,2019-01-19,glover teixeira,odds_frame
gregor gillespie,1986-11-13,2019-01-19,gregor gillespie,odds_frame
greg hardy,1988-07-28,2019-01-19,greg hardy,odds_frame
joseph benavidez,1984-07-31,2019-01-19,joseph benavidez,odds_frame
alexander hernandez,1992-10-01,2019-01-19,alexander hernandez,odds_frame
dustin ortiz,1988-12-25,2019-01-19,dustin ortiz,odds_frame
kyle stewart,1989-01-31,2019-01-19,kyle stewart,odds_frame
yancy medeiros,1987-09-07,2019-01-19,yancy medeiros,odds_frame
karl roberson,1990-10-04,2019-01-19,karl roberson,odds_frame
tj dillashaw,1986-02-07,2019-01-19,tj dillashaw,odds_frame
vinicius moreira,1989-02-28,2019-01-19,vinicius moreira,odds_frame
mario bautista,1993-07-01,2019-01-19,mario bautista,odds_frame
te edwards,1990-09-11,2019-01-19,te edwards,odds_frame
geoff neal,1990-08-28,2019-01-19,geoff neal,odds_frame
chance rencountre,1986-12-31,2019-01-19,chance rencountre,odds_frame
donald cerrone,1983-03-29,2019-01-19,donald cerrone,odds_frame
david teymur,1989-05-01,2019-02-02,david teymur,odds_frame
raphael assuncao,1982-07-19,2019-02-02,raphael assuncao,odds_frame
jose aldo,1986-09-09,2019-02-02,jose aldo,odds_frame
charles oliveira,1989-10-17,2019-02-02,charles oliveira,odds_frame
renato moicano,1989-05-21,2019-02-02,renato moicano,odds_frame
johnny walker,1992-03-30,2019-02-02,johnny walker,odds_frame
thiago alves,1983-10-03,2019-02-02,thiago alves,odds_frame
geraldo de freitas,1991-09-30,2019-02-02,geraldo de freitas,odds_frame
ricardo ramos,1995-08-01,2019-02-02,ricardo ramos,odds_frame
markus perez,1988-06-22,2019-02-02,markus perez,odds_frame
marlon moraes,1988-04-26,2019-02-02,marlon moraes,odds_frame
anthony hernandez,1993-10-18,2019-02-02,anthony hernandez,odds_frame
said nurmagomedov,1992-04-05,2019-02-02,said nurmagomedov,odds_frame
felipe colares,1994-03-31,2019-02-02,felipe colares,odds_frame
jairzinho rozenstruik,1988-03-17,2019-02-02,jairzinho rozenstruik,odds_frame
max griffin,1985-11-29,2019-02-02,max griffin,odds_frame
lyman good,1985-05-26,2019-02-02,lyman good,odds_frame
justin ledet,1988-09-28,2019-02-02,justin ledet,odds_frame
demian maia,1977-11-06,2019-02-02,demian maia,odds_frame
junior albini,1991-03-15,2019-02-02,junior albini,odds_frame
israel adesanya,1989-07-22,2019-02-09,israel adesanya,odds_frame
teruto ishihara,1991-07-23,2019-02-09,teruto ishihara,odds_frame
callan potter,1984-06-09,2019-02-09,callan potter,odds_frame
anderson silva,1975-04-14,2019-02-09,anderson silva,odds_frame
ricky simon,1992-08-31,2019-02-09,ricky simon,odds_frame
dong hyun ma,1988-09-09,2019-02-09,dong hyun ma,odds_frame
austin arnett,1991-10-22,2019-02-09,austin arnett,odds_frame
raulian paiva,1995-10-17,2019-02-09,raulian paiva,odds_frame
jalin turner,1995-05-18,2019-02-09,jalin turner,odds_frame
kyung ho kang,1987-09-09,2019-02-09,kyung ho kang,odds_frame
devonte smith,1993-07-30,2019-02-09,devonte smith,odds_frame
rani yahya,1984-09-12,2019-02-09,rani yahya,odds_frame
shane young,1993-07-31,2019-02-09,shane young,odds_frame
kai kara-france,1993-03-26,2019-02-09,kai kara france,odds_frame
james vick,1987-02-23,2019-02-17,james vick,odds_frame
vicente luque,1991-11-27,2019-02-17,vicente luque,odds_frame
paul felder,1984-04-25,2019-02-17,paul felder,odds_frame
cain velasquez,1982-07-28,2019-02-17,cain velasquez,odds_frame
kron gracie,1988-07-11,2019-02-17,kron gracie,odds_frame
bryan barberena,1989-05-03,2019-02-17,bryan barberena,odds_frame
luke sanders,1985-12-12,2019-02-17,luke sanders,odds_frame
aljamain sterling,1989-07-31,2019-02-17,aljamain sterling,odds_frame
manny bermudez,1994-07-16,2019-02-17,manny bermudez,odds_frame
nik lentz,1984-08-13,2019-02-17,nik lentz,odds_frame
myles jury,1988-10-31,2019-02-17,myles jury,odds_frame
francis ngannou,1986-09-05,2019-02-17,francis ngannou,odds_frame
alex caceres,1988-06-20,2019-02-17,alex caceres,odds_frame
renan barao,1987-01-31,2019-02-17,renan barao,odds_frame
scott holtzman,1983-09-30,2019-02-17,scott holtzman,odds_frame
benito lopez,1994-04-06,2019-02-17,benito lopez,odds_frame
jimmie rivera,1989-06-29,2019-02-17,jimmie rivera,odds_frame
andre fili,1990-06-25,2019-02-17,andre fili,odds_frame
chris fishgold,1992-06-06,2019-02-23,chris fishgold,odds_frame
damir ismagulov,1991-02-03,2019-02-23,damir ismagulov,odds_frame
rustam khabilov,1986-11-04,2019-02-23,rustam khabilov,odds_frame
michel prazeres,1981-07-25,2019-02-23,michel prazeres,odds_frame
damir hadzovic,1986-08-08,2019-02-23,damir hadzovic,odds_frame
stefan struve,1988-02-18,2019-02-23,stefan struve,odds_frame
dwight grant,1984-09-14,2019-02-23,dwight grant,odds_frame
john dodson,1984-09-26,2019-02-23,john dodson,odds_frame
joel alvarez,1993-03-02,2019-02-23,joel alvarez,odds_frame
gian villante,1985-08-18,2019-02-23,gian villante,odds_frame
daniel teymur,1988-02-03,2019-02-23,daniel teymur,odds_frame
ismail naurdiev,1996-08-18,2019-02-23,ismail naurdiev,odds_frame
diego ferreira,1985-01-18,2019-02-23,diego ferreira,odds_frame
thiago santos,1984-01-07,2019-02-23,thiago santos,odds_frame
michal oleksiejczuk,1995-02-22,2019-02-23,michal oleksiejczuk,odds_frame
petr yan,1993-02-11,2019-02-23,petr yan,odds_frame
carlo pedersoli jr.,1993-06-08,2019-02-23,carlo pedersoli jr,odds_frame
jan blachowicz,1983-02-24,2019-02-23,jan blachowicz,odds_frame
marco polo reyes,1984-11-07,2019-02-23,marco polo reyes,odds_frame
marcos rogerio de lima,1985-06-25,2019-02-23,marcos rogerio de lima,odds_frame
jeremy stephens,1986-05-25,2019-03-02,jeremy stephens,odds_frame
edmen shahbazyan,1997-11-20,2019-03-02,edmen shahbazyan,odds_frame
misha cirkunov,1987-02-27,2019-03-02,misha cirkunov,odds_frame
cody stamann,1989-11-09,2019-03-02,cody stamann,odds_frame
charles byrd,1983-10-11,2019-03-02,charles byrd,odds_frame
anthony smith,1988-07-26,2019-03-02,anthony smith,odds_frame
kamaru usman,1987-05-11,2019-03-02,kamaru usman,odds_frame
ben askren,1984-07-18,2019-03-02,ben askren,odds_frame
pedro munhoz,1986-09-07,2019-03-02,pedro munhoz,odds_frame
diego sanchez,1981-12-31,2019-03-02,diego sanchez,odds_frame
tyron woodley,1982-04-07,2019-03-02,tyron woodley,odds_frame
robbie lawler,1982-03-20,2019-03-02,robbie lawler,odds_frame
johnny walker,1992-03-30,2019-03-02,johnny walker,odds_frame
jon jones,1987-07-19,2019-03-02,jon jones,odds_frame
mickey gall,1992-01-22,2019-03-02,mickey gall,odds_frame
cody garbrandt,1991-07-07,2019-03-02,cody garbrandt,odds_frame
alejandro perez,1989-09-02,2019-03-02,alejandro perez,odds_frame
zabit magomedsharipov,1991-03-01,2019-03-02,zabit magomedsharipov,odds_frame
derrick lewis,1985-02-07,2019-03-09,derrick lewis,odds_frame
grant dawson,1994-02-20,2019-03-09,grant dawson,odds_frame
beneil dariush,1989-05-06,2019-03-09,beneil dariush,odds_frame
louis smolka,1991-07-16,2019-03-09,louis smolka,odds_frame
maurice greene,1986-07-05,2019-03-09,maurice greene,odds_frame
alex morono,1990-08-16,2019-03-09,alex morono,odds_frame
blagoy ivanov,1986-10-09,2019-03-09,blagoy ivanov,odds_frame
anthony rocco martin,1989-12-11,2019-03-09,anthony rocco martin,odds_frame
tim boetsch,1981-01-28,2019-03-09,tim boetsch,odds_frame
alex white,1988-10-22,2019-03-09,alex white,odds_frame
tim means,1984-02-20,2019-03-09,tim means,odds_frame
sergio moraes,1982-07-23,2019-03-09,sergio moraes,odds_frame
dan moret,1986-11-21,2019-03-09,dan moret,odds_frame
zak ottow,1986-12-22,2019-03-09,zak ottow,odds_frame
jeff hughes,1988-05-17,2019-03-09,jeff hughes,odds_frame
julian erosa,1989-07-31,2019-03-09,julian erosa,odds_frame
matt schnell,1990-01-15,2019-03-09,matt schnell,odds_frame
omari akhmedov,1987-10-12,2019-03-09,omari akhmedov,odds_frame
niko price,1989-09-29,2019-03-09,niko price,odds_frame
junior dos santos,1984-01-30,2019-03-09,junior dos santos,odds_frame
drew dober,1988-10-19,2019-03-09,drew dober,odds_frame
ben rothwell,1981-10-17,2019-03-09,ben rothwell,odds_frame
saparbeg safarov,1986-10-14,2019-03-16,saparbeg safarov,odds_frame
dan ige,1991-08-06,2019-03-16,dan ige,odds_frame
jordan rinaldi,1987-09-25,2019-03-16,jordan rinaldi,odds_frame
jorge masvidal,1984-11-12,2019-03-16,jorge masvidal,odds_frame
jose quinonez,1990-07-28,2019-03-16,jose quinonez,odds_frame
dominick reyes,1989-12-26,2019-03-16,dominick reyes,odds_frame
gunnar nelson,1988-07-28,2019-03-16,gunnar nelson,odds_frame
nad narimani,1987-04-14,2019-03-16,nad narimani,odds_frame
claudio silva,1982-09-06,2019-03-16,claudio silva,odds_frame
john phillips,1985-06-09,2019-03-16,john phillips,odds_frame
danny henry,1988-07-17,2019-03-16,danny henry,odds_frame
arnold allen,1994-01-22,2019-03-16,arnold allen,odds_frame
mike grundy,1987-01-03,2019-03-16,mike grundy,odds_frame
darren till,1992-12-24,2019-03-16,darren till,odds_frame
danny roberts,1987-07-14,2019-03-16,danny roberts,odds_frame
nathaniel wood,1993-05-08,2019-03-16,nathaniel wood,odds_frame
volkan oezdemir,1989-09-19,2019-03-16,volkan oezdemir,odds_frame
leon edwards,1991-08-25,2019-03-16,leon edwards,odds_frame
jack marshman,1989-12-19,2019-03-16,jack marshman,odds_frame
nicolae negumereanu,1994-09-04,2019-03-16,nicolae negumereanu,odds_frame
bryce mitchell,1994-10-04,2019-03-23,bryce mitchell,odds_frame
eric shelton,1991-02-02,2019-03-23,eric shelton,odds_frame
ryan macdonald,1993-03-18,2019-03-23,ryan macdonald,odds_frame
marlon vera,1992-12-02,2019-03-23,marlon vera,odds_frame
luis pena,1993-07-05,2019-03-23,luis pena,odds_frame
jussier formiga,1985-04-14,2019-03-23,jussier formiga,odds_frame
curtis blaydes,1991-02-18,2019-03-23,curtis blaydes,odds_frame
stephen thompson,1983-02-11,2019-03-23,stephen thompson,odds_frame
anthony pettis,1987-01-27,2019-03-23,anthony pettis,odds_frame
justin willis,1987-07-19,2019-03-23,justin willis,odds_frame
jesus pinedo,1996-06-22,2019-03-23,jesus pinedo,odds_frame
deiveson figueiredo,1987-12-18,2019-03-23,deiveson figueiredo,odds_frame
steven peterson,1990-05-29,2019-03-23,steven peterson,odds_frame
frankie saenz,1980-08-12,2019-03-23,frankie saenz,odds_frame
chris gutierrez,1991-04-22,2019-03-23,chris gutierrez,odds_frame
jordan espinosa,1989-11-08,2019-03-23,jordan espinosa,odds_frame
bobby moffett,1990-06-01,2019-03-23,bobby moffett,odds_frame
john makdessi,1985-05-03,2019-03-23,john makdessi,odds_frame
josh emmett,1985-03-04,2019-03-30,josh emmett,odds_frame
edson barboza,1986-01-21,2019-03-30,edson barboza,odds_frame
david branch,1981-09-26,2019-03-30,david branch,odds_frame
michael johnson,1986-06-04,2019-03-30,michael johnson,odds_frame
ray borg,1993-08-04,2019-03-30,ray borg,odds_frame
ross pearson,1984-09-26,2019-03-30,ross pearson,odds_frame
enrique barzola,1989-04-28,2019-03-30,enrique barzola,odds_frame
kevin holland,1992-11-05,2019-03-30,kevin holland,odds_frame
alex perez,1992-03-21,2019-03-30,alex perez,odds_frame
sodiq yusuff,1993-05-19,2019-03-30,sodiq yusuff,odds_frame
jack hermansson,1988-06-10,2019-03-30,jack hermansson,odds_frame
sheymon moraes,1990-10-11,2019-03-30,sheymon moraes,odds_frame
mark de la rosa,1994-08-31,2019-03-30,mark de la rosa,odds_frame
gerald meerschaert,1987-12-18,2019-03-30,gerald meerschaert,odds_frame
kevin aguilar,1988-09-07,2019-03-30,kevin aguilar,odds_frame
desmond green,1989-10-11,2019-03-30,desmond green,odds_frame
paul craig,1987-11-27,2019-03-30,paul craig,odds_frame
justin gaethje,1988-11-14,2019-03-30,justin gaethje,odds_frame
kennedy nzechukwu,1992-06-13,2019-03-30,kennedy nzechukwu,odds_frame
casey kenney,1991-03-20,2019-03-30,casey kenney,odds_frame
andre soukhamthath,1988-10-23,2019-04-13,andre soukhamthath,odds_frame
israel adesanya,1989-07-22,2019-04-13,israel adesanya,odds_frame
max holloway,1991-12-04,2019-04-13,max holloway,odds_frame
kelvin gastelum,1991-10-24,2019-04-13,kelvin gastelum,odds_frame
alan jouban,1981-11-25,2019-04-13,alan jouban,odds_frame
ovince saint preux,1983-04-08,2019-04-13,ovince saint preux,odds_frame
jalin turner,1995-05-18,2019-04-13,jalin turner,odds_frame
wilson reis,1985-01-06,2019-04-13,wilson reis,odds_frame
boston salmon,1990-11-20,2019-04-13,boston salmon,odds_frame
curtis millender,1987-12-01,2019-04-13,curtis millender,odds_frame
dustin poirier,1989-01-19,2019-04-13,dustin poirier,odds_frame
montel jackson,1992-04-24,2019-04-13,montel jackson,odds_frame
zelim imadaev,1995-01-25,2019-04-13,zelim imadaev,odds_frame
randy costa,1994-07-06,2019-04-13,randy costa,odds_frame
belal muhammad,1988-07-09,2019-04-13,belal muhammad,odds_frame
khalid taha,1992-02-15,2019-04-13,khalid taha,odds_frame
alexandre pantoja,1990-04-16,2019-04-13,alexandre pantoja,odds_frame
matt frevola,1990-06-11,2019-04-13,matt frevola,odds_frame
nikita krylov,1992-03-07,2019-04-13,nikita krylov,odds_frame
dwight grant,1984-09-14,2019-04-13,dwight grant,odds_frame
max griffin,1985-11-29,2019-04-13,max griffin,odds_frame
brandon davis,1990-05-08,2019-04-13,brandon davis,odds_frame
magomed mustafaev,1988-08-02,2019-04-20,magomed mustafaev,odds_frame
alistair overeem,1980-05-17,2019-04-20,alistair overeem,odds_frame
sergei pavlovich,1992-05-13,2019-04-20,sergei pavlovich,odds_frame
rafael fiziev,1993-03-05,2019-04-20,rafael fiziev,odds_frame
michal oleksiejczuk,1995-02-22,2019-04-20,michal oleksiejczuk,odds_frame
shamil abdurakhimov,1981-09-02,2019-04-20,shamil abdurakhimov,odds_frame
alex da silva,1996-02-04,2019-04-20,alex da silva,odds_frame
keita nakamura,1984-05-22,2019-04-20,keita nakamura,odds_frame
alen amedovski,1988-04-06,2019-04-20,alen amedovski,odds_frame
arman tsarukyan,1996-10-11,2019-04-20,arman tsarukyan,odds_frame
marcelo golm,1992-09-15,2019-04-20,marcelo golm,odds_frame
aleksei oleinik,1977-06-20,2019-04-20,aleksei oleinik,odds_frame
alexander yakovlev,1984-07-18,2019-04-20,alexander yakovlev,odds_frame
islam makhachev,1991-10-27,2019-04-20,islam makhachev,odds_frame
gadzhimurad antigulov,1987-02-09,2019-04-20,gadzhimurad antigulov,odds_frame
marcin tybura,1985-11-09,2019-04-20,marcin tybura,odds_frame
krzysztof jotko,1989-08-19,2019-04-20,krzysztof jotko,odds_frame
sultan aliev,1984-09-17,2019-04-20,sultan aliev,odds_frame
jason gonzalez,1990-02-28,2019-04-27,jason gonzalez,odds_frame
mike davis,1992-10-07,2019-04-27,mike davis,odds_frame
augusto sakai,1991-05-09,2019-04-27,augusto sakai,odds_frame
takashi sato,1990-06-09,2019-04-27,takashi sato,odds_frame
cory sandhagen,1992-04-20,2019-04-27,cory sandhagen,odds_frame
ion cutelaba,1993-12-14,2019-04-27,ion cutelaba,odds_frame
mike perry,1991-09-15,2019-04-27,mike perry,odds_frame
dmitrii smoliakov,1982-08-05,2019-04-27,dmitrii smoliakov,odds_frame
jack hermansson,1988-06-10,2019-04-27,jack hermansson,odds_frame
john lineker,1990-06-12,2019-04-27,john lineker,odds_frame
jacare souza,1979-12-07,2019-04-27,jacare souza,odds_frame
greg hardy,1988-07-28,2019-04-27,greg hardy,odds_frame
thomas gifford,1992-07-26,2019-04-27,thomas gifford,odds_frame
alex oliveira,1988-02-21,2019-04-27,alex oliveira,odds_frame
roosevelt roberts,1994-02-11,2019-04-27,roosevelt roberts,odds_frame
court mcgee,1984-12-12,2019-04-27,court mcgee,odds_frame
jim miller,1983-08-30,2019-04-27,jim miller,odds_frame
gilbert burns,1986-07-20,2019-04-27,gilbert burns,odds_frame
andrei arlovski,1979-02-04,2019-04-27,andrei arlovski,odds_frame
ben saunders,1983-04-13,2019-04-27,ben saunders,odds_frame
glover teixeira,1979-10-28,2019-04-27,glover teixeira,odds_frame
dhiego lima,1989-01-31,2019-04-27,dhiego lima,odds_frame
cole smith,1989-04-05,2019-05-04,cole smith,odds_frame
donald cerrone,1983-03-29,2019-05-04,donald cerrone,odds_frame
brad katona,1991-12-19,2019-05-04,brad katona,odds_frame
al iaquinta,1987-04-30,2019-05-04,al iaquinta,odds_frame
cub swanson,1983-11-02,2019-05-04,cub swanson,odds_frame
marc-andre barriault,1990-02-18,2019-05-04,marc andre barriault,odds_frame
derek brunson,1984-01-04,2019-05-04,derek brunson,odds_frame
nordine taleb,1981-06-10,2019-05-04,nordine taleb,odds_frame
kyle nelson,1991-04-20,2019-05-04,kyle nelson,odds_frame
merab dvalishvili,1991-01-10,2019-05-04,merab dvalishvili,odds_frame
mitch gagnon,1984-10-10,2019-05-04,mitch gagnon,odds_frame
vince morales,1990-11-12,2019-05-04,vince morales,odds_frame
juan adams,1992-01-16,2019-05-04,juan adams,odds_frame
matt sayles,1994-02-21,2019-05-04,matt sayles,odds_frame
kyle prepolec,1989-08-30,2019-05-04,kyle prepolec,odds_frame
elias theodorou,1988-05-31,2019-05-04,elias theodorou,odds_frame
andrew sanchez,1988-04-08,2019-05-04,andrew sanchez,odds_frame
shane burgos,1991-03-19,2019-05-04,shane burgos,odds_frame
aiemann zahabi,1987-11-19,2019-05-04,aiemann zahabi,odds_frame
arjan bhullar,1986-05-13,2019-05-04,arjan bhullar,odds_frame
jared cannonier,1984-03-16,2019-05-11,jared cannonier,odds_frame
warlley alves,1991-01-04,2019-05-11,warlley alves,odds_frame
thiago moises,1995-03-23,2019-05-11,thiago moises,odds_frame
rogerio nogueira,1976-06-02,2019-05-11,rogerio nogueira,odds_frame
thiago alves,1983-10-03,2019-05-11,thiago alves,odds_frame
anderson silva,1975-04-14,2019-05-11,anderson silva,odds_frame
laureano staropoli,1993-02-27,2019-05-11,laureano staropoli,odds_frame
ryan spann,1991-08-24,2019-05-11,ryan spann,odds_frame
kurt holobaugh,1986-09-08,2019-05-11,kurt holobaugh,odds_frame
sergio moraes,1982-07-23,2019-05-11,sergio moraes,odds_frame
clay guida,1981-12-08,2019-05-11,clay guida,odds_frame
bj penn,1978-12-13,2019-05-11,bj penn,odds_frame
derrick krantz,1988-01-13,2019-05-18,derrick krantz,odds_frame
kevin lee,1992-09-04,2019-05-18,kevin lee,odds_frame
ian heinisch,1988-08-05,2019-05-18,ian heinisch,odds_frame
ed herman,1980-10-02,2019-05-18,ed herman,odds_frame
michel pereira,1993-10-06,2019-05-18,michel pereira,odds_frame
charles jourdain,1995-11-27,2019-05-18,charles jourdain,odds_frame
davi ramos,1986-11-05,2019-05-18,davi ramos,odds_frame
julio arce,1989-10-27,2019-05-18,julio arce,odds_frame
nik lentz,1984-08-13,2019-05-18,nik lentz,odds_frame
zak cummings,1984-08-02,2019-05-18,zak cummings,odds_frame
danny roberts,1987-07-14,2019-05-18,danny roberts,odds_frame
desmond green,1989-10-11,2019-05-18,desmond green,odds_frame
patrick cummins,1980-11-16,2019-05-18,patrick cummins,odds_frame
vicente luque,1991-11-27,2019-05-18,vicente luque,odds_frame
antonio carlos junior,1990-03-16,2019-05-18,antonio carlos junior,odds_frame
rafael dos anjos,1984-10-26,2019-05-18,rafael dos anjos,odds_frame
charles oliveira,1989-10-17,2019-05-18,charles oliveira,odds_frame
julian erosa,1989-07-31,2019-05-18,julian erosa,odds_frame
austin hubbard,1991-12-22,2019-05-18,austin hubbard,odds_frame
trevin giles,1992-08-06,2019-05-18,trevin giles,odds_frame
leonardo santos,1980-02-05,2019-06-01,leonardo santos,odds_frame
stevie ray,1990-03-25,2019-06-01,stevie ray,odds_frame
aleksandar rakic,1992-02-06,2019-06-01,aleksandar rakic,odds_frame
sung bin jo,1992-07-17,2019-06-01,sung bin jo,odds_frame
chris fishgold,1992-06-06,2019-06-01,chris fishgold,odds_frame
anthony smith,1988-07-26,2019-06-01,anthony smith,odds_frame
christos giagos,1990-01-23,2019-06-01,christos giagos,odds_frame
frank camacho,1989-05-18,2019-06-01,frank camacho,odds_frame
damir hadzovic,1986-08-08,2019-06-01,damir hadzovic,odds_frame
alexander gustafsson,1987-01-15,2019-06-01,alexander gustafsson,odds_frame
makwan amirkhani,1988-11-08,2019-06-01,makwan amirkhani,odds_frame
daniel teymur,1988-02-03,2019-06-01,daniel teymur,odds_frame
joel alvarez,1993-03-02,2019-06-01,joel alvarez,odds_frame
nick hein,1984-04-24,2019-06-01,nick hein,odds_frame
rostem akman,1991-12-19,2019-06-01,rostem akman,odds_frame
darko stosic,1992-02-09,2019-06-01,darko stosic,odds_frame
devin clark,1990-04-12,2019-06-01,devin clark,odds_frame
sergey khandozhko,1992-05-19,2019-06-01,sergey khandozhko,odds_frame
danilo belluardo,1994-07-21,2019-06-01,danilo belluardo,odds_frame
jimi manuwa,1980-02-18,2019-06-01,jimi manuwa,odds_frame
donald cerrone,1983-03-29,2019-06-08,donald cerrone,odds_frame
marlon moraes,1988-04-26,2019-06-08,marlon moraes,odds_frame
blagoy ivanov,1986-10-09,2019-06-08,blagoy ivanov,odds_frame
henry cejudo,1987-02-09,2019-06-08,henry cejudo,odds_frame
tony ferguson,1984-02-12,2019-06-08,tony ferguson,odds_frame
jimmie rivera,1989-06-29,2019-06-08,jimmie rivera,odds_frame
tai tuivasa,1993-03-16,2019-06-08,tai tuivasa,odds_frame
petr yan,1993-02-11,2019-06-08,petr yan,odds_frame
ricardo lamas,1982-05-21,2019-06-08,ricardo lamas,odds_frame
bevon lewis,1991-05-05,2019-06-08,bevon lewis,odds_frame
eddie wineland,1984-06-26,2019-06-08,eddie wineland,odds_frame
pedro munhoz,1986-09-07,2019-06-08,pedro munhoz,odds_frame
grigory popov,1984-04-18,2019-06-08,grigory popov,odds_frame
darren stewart,1990-12-30,2019-06-08,darren stewart,odds_frame
calvin kattar,1988-03-26,2019-06-08,calvin kattar,odds_frame
aljamain sterling,1989-07-31,2019-06-08,aljamain sterling,odds_frame
chan sung jung,1987-03-17,2019-06-22,chan sung jung,odds_frame
randy brown,1990-07-08,2019-06-22,randy brown,odds_frame
anderson dos santos,1985-07-24,2019-06-22,anderson dos santos,odds_frame
luis pena,1993-07-05,2019-06-22,luis pena,odds_frame
kevin aguilar,1988-09-07,2019-06-22,kevin aguilar,odds_frame
jairzinho rozenstruik,1988-03-17,2019-06-22,jairzinho rozenstruik,odds_frame
alessio di chirico,1989-12-12,2019-06-22,alessio di chirico,odds_frame
dan ige,1991-08-06,2019-06-22,dan ige,odds_frame
deron winn,1989-06-13,2019-06-22,deron winn,odds_frame
kevin holland,1992-11-05,2019-06-22,kevin holland,odds_frame
allen crowder,1989-11-08,2019-06-22,allen crowder,odds_frame
matt wiman,1983-09-19,2019-06-22,matt wiman,odds_frame
andre ewell,1988-01-21,2019-06-22,andre ewell,odds_frame
bryan barberena,1989-05-03,2019-06-22,bryan barberena,odds_frame
renato moicano,1989-05-21,2019-06-22,renato moicano,odds_frame
eric spicely,1986-09-29,2019-06-22,eric spicely,odds_frame
marco polo reyes,1984-11-07,2019-06-29,marco polo reyes,odds_frame
junior dos santos,1984-01-30,2019-06-29,junior dos santos,odds_frame
demian maia,1977-11-06,2019-06-29,demian maia,odds_frame
ricardo ramos,1995-08-01,2019-06-29,ricardo ramos,odds_frame
maurice greene,1986-07-05,2019-06-29,maurice greene,odds_frame
dalcha lungiambula,1987-07-31,2019-06-29,dalcha lungiambula,odds_frame
jared gordon,1988-09-06,2019-06-29,jared gordon,odds_frame
eryk anders,1987-04-21,2019-06-29,eryk anders,odds_frame
alonzo menifield,1987-10-18,2019-06-29,alonzo menifield,odds_frame
roosevelt roberts,1994-02-11,2019-06-29,roosevelt roberts,odds_frame
joseph benavidez,1984-07-31,2019-06-29,joseph benavidez,odds_frame
jussier formiga,1985-04-14,2019-06-29,jussier formiga,odds_frame
francis ngannou,1986-09-05,2019-06-29,francis ngannou,odds_frame
drew dober,1988-10-19,2019-06-29,drew dober,odds_frame
vinc pichel,1982-11-23,2019-06-29,vinc pichel,odds_frame
anthony rocco martin,1989-12-11,2019-06-29,anthony rocco martin,odds_frame
paul craig,1987-11-27,2019-06-29,paul craig,odds_frame
vinicius moreira,1989-02-28,2019-06-29,vinicius moreira,odds_frame
dan moret,1986-11-21,2019-06-29,dan moret,odds_frame
dequan townsend,1986-05-11,2019-06-29,dequan townsend,odds_frame
junior albini,1991-03-15,2019-06-29,junior albini,odds_frame
journey newson,1989-03-07,2019-06-29,journey newson,odds_frame
jon jones,1987-07-19,2019-07-06,jon jones,odds_frame
jorge masvidal,1984-11-12,2019-07-06,jorge masvidal,odds_frame
jan blachowicz,1983-02-24,2019-07-06,jan blachowicz,odds_frame
diego sanchez,1981-12-31,2019-07-06,diego sanchez,odds_frame
gilbert melendez,1982-04-12,2019-07-06,gilbert melendez,odds_frame
marlon vera,1992-12-02,2019-07-06,marlon vera,odds_frame
ismail naurdiev,1996-08-18,2019-07-06,ismail naurdiev,odds_frame
edmen shahbazyan,1997-11-20,2019-07-06,edmen shahbazyan,odds_frame
chance rencountre,1986-12-31,2019-07-06,chance rencountre,odds_frame
jack marshman,1989-12-19,2019-07-06,jack marshman,odds_frame
nohelin hernandez,1994-03-01,2019-07-06,nohelin hernandez,odds_frame
arnold allen,1994-01-22,2019-07-06,arnold allen,odds_frame
michael chiesa,1987-12-07,2019-07-06,michael chiesa,odds_frame
luke rockhold,1984-10-17,2019-07-06,luke rockhold,odds_frame
thiago santos,1984-01-07,2019-07-06,thiago santos,odds_frame
ben askren,1984-07-18,2019-07-06,ben askren,odds_frame
sheymon moraes,1990-10-11,2019-07-13,sheymon moraes,odds_frame
marvin vettori,1993-09-20,2019-07-13,marvin vettori,odds_frame
andre fili,1990-06-25,2019-07-13,andre fili,odds_frame
mike rodriguez,1988-11-28,2019-07-13,mike rodriguez,odds_frame
benito lopez,1994-04-06,2019-07-13,benito lopez,odds_frame
karl roberson,1990-10-04,2019-07-13,karl roberson,odds_frame
josh emmett,1985-03-04,2019-07-13,josh emmett,odds_frame
ryan hall,1985-02-22,2019-07-13,ryan hall,odds_frame
cezar ferreira,1985-02-15,2019-07-13,cezar ferreira,odds_frame
ricky simon,1992-08-31,2019-07-13,ricky simon,odds_frame
urijah faber,1979-05-14,2019-07-13,urijah faber,odds_frame
john allan,1993-02-22,2019-07-13,john allan,odds_frame
vince morales,1990-11-12,2019-07-13,vince morales,odds_frame
wellington turman,1996-07-22,2019-07-13,wellington turman,odds_frame
mirsad bektic,1991-02-16,2019-07-13,mirsad bektic,odds_frame
darren elkins,1984-05-16,2019-07-13,darren elkins,odds_frame
walt harris,1983-06-10,2019-07-20,walt harris,odds_frame
leon edwards,1991-08-25,2019-07-20,leon edwards,odds_frame
juan adams,1992-01-16,2019-07-20,juan adams,odds_frame
steven peterson,1990-05-29,2019-07-20,steven peterson,odds_frame
ben rothwell,1981-10-17,2019-07-20,ben rothwell,odds_frame
gabriel silva,1994-08-26,2019-07-20,gabriel silva,odds_frame
jin soo son,1993-04-01,2019-07-20,jin soo son,odds_frame
dan hooker,1990-02-13,2019-07-20,dan hooker,odds_frame
francisco trinaldo,1978-08-24,2019-07-20,francisco trinaldo,odds_frame
mario bautista,1993-07-01,2019-07-20,mario bautista,odds_frame
alex caceres,1988-06-20,2019-07-20,alex caceres,odds_frame
andrei arlovski,1979-02-04,2019-07-20,andrei arlovski,odds_frame
ray borg,1993-08-04,2019-07-20,ray borg,odds_frame
domingo pilarte,1990-01-05,2019-07-20,domingo pilarte,odds_frame
alexander hernandez,1992-10-01,2019-07-20,alexander hernandez,odds_frame
james vick,1987-02-23,2019-07-20,james vick,odds_frame
sam alvey,1986-05-06,2019-07-20,sam alvey,odds_frame
aleksei oleinik,1977-06-20,2019-07-20,aleksei oleinik,odds_frame
greg hardy,1988-07-28,2019-07-20,greg hardy,odds_frame
felipe colares,1994-03-31,2019-07-20,felipe colares,odds_frame
klidson abreu,1992-12-24,2019-07-20,klidson abreu,odds_frame
rafael dos anjos,1984-10-26,2019-07-20,rafael dos anjos,odds_frame
marc-andre barriault,1990-02-18,2019-07-27,marc andre barriault,odds_frame
hakeem dawodu,1991-07-02,2019-07-27,hakeem dawodu,odds_frame
olivier aubin-mercier,1989-02-23,2019-07-27,olivier aubin mercier,odds_frame
geoff neal,1990-08-28,2019-07-27,geoff neal,odds_frame
max holloway,1991-12-04,2019-07-27,max holloway,odds_frame
alexandre pantoja,1990-04-16,2019-07-27,alexandre pantoja,odds_frame
krzysztof jotko,1989-08-19,2019-07-27,krzysztof jotko,odds_frame
yoshinori horie,1995-05-10,2019-07-27,yoshinori horie,odds_frame
kyle stewart,1989-01-31,2019-07-27,kyle stewart,odds_frame
deiveson figueiredo,1987-12-18,2019-07-27,deiveson figueiredo,odds_frame
niko price,1989-09-29,2019-07-27,niko price,odds_frame
arman tsarukyan,1996-10-11,2019-07-27,arman tsarukyan,odds_frame
erik koch,1988-10-04,2019-07-27,erik koch,odds_frame
frankie edgar,1981-10-16,2019-07-27,frankie edgar,odds_frame
nasrat haqparast,1995-08-22,2019-08-03,nasrat haqparast,odds_frame
matt schnell,1990-01-15,2019-08-03,matt schnell,odds_frame
claudio silva,1982-09-06,2019-08-03,claudio silva,odds_frame
scott holtzman,1983-09-30,2019-08-03,scott holtzman,odds_frame
jordan espinosa,1989-11-08,2019-08-03,jordan espinosa,odds_frame
darko stosic,1992-02-09,2019-08-03,darko stosic,odds_frame
dong hyun ma,1988-09-09,2019-08-03,dong hyun ma,odds_frame
trevin giles,1992-08-06,2019-08-03,trevin giles,odds_frame
joaquim silva,1989-02-05,2019-08-03,joaquim silva,odds_frame
mickey gall,1992-01-22,2019-08-03,mickey gall,odds_frame
colby covington,1988-02-22,2019-08-03,colby covington,odds_frame
robbie lawler,1982-03-20,2019-08-03,robbie lawler,odds_frame
clay guida,1981-12-08,2019-08-03,clay guida,odds_frame
gerald meerschaert,1987-12-18,2019-08-03,gerald meerschaert,odds_frame
salim touahri,1989-09-28,2019-08-03,salim touahri,odds_frame
kennedy nzechukwu,1992-06-13,2019-08-03,kennedy nzechukwu,odds_frame
jim miller,1983-08-30,2019-08-03,jim miller,odds_frame
cole williams,1983-12-15,2019-08-03,cole williams,odds_frame
oskar piechota,1990-01-24,2019-08-10,oskar piechota,odds_frame
rogerio bontorin,1992-04-25,2019-08-10,rogerio bontorin,odds_frame
rodolfo vieira,1989-09-25,2019-08-10,rodolfo vieira,odds_frame
vicente luque,1991-11-27,2019-08-10,vicente luque,odds_frame
volkan oezdemir,1989-09-19,2019-08-10,volkan oezdemir,odds_frame
enrique barzola,1989-04-28,2019-08-10,enrique barzola,odds_frame
gilbert burns,1986-07-20,2019-08-10,gilbert burns,odds_frame
geraldo de freitas,1991-09-30,2019-08-10,geraldo de freitas,odds_frame
mike perry,1991-09-15,2019-08-10,mike perry,odds_frame
ciryl gane,1990-04-12,2019-08-10,ciryl gane,odds_frame
ilir latifi,1982-07-28,2019-08-10,ilir latifi,odds_frame
bobby moffett,1990-06-01,2019-08-10,bobby moffett,odds_frame
aleksei kunchenko,1984-05-02,2019-08-10,aleksei kunchenko,odds_frame
chris gutierrez,1991-04-22,2019-08-10,chris gutierrez,odds_frame
raulian paiva,1995-10-17,2019-08-10,raulian paiva,odds_frame
raphael pessoa,1989-03-09,2019-08-10,raphael pessoa,odds_frame
nate diaz,1985-04-16,2019-08-17,nate diaz,odds_frame
stipe miocic,1982-08-19,2019-08-17,stipe miocic,odds_frame
paulo costa,1991-04-21,2019-08-17,paulo costa,odds_frame
cory sandhagen,1992-04-20,2019-08-17,cory sandhagen,odds_frame
drakkar klose,1988-03-09,2019-08-17,drakkar klose,odds_frame
casey kenney,1991-03-20,2019-08-17,casey kenney,odds_frame
brandon davis,1990-05-08,2019-08-17,brandon davis,odds_frame
khama worthy,1986-10-15,2019-08-17,khama worthy,odds_frame
sodiq yusuff,1993-05-19,2019-08-17,sodiq yusuff,odds_frame
ian heinisch,1988-08-05,2019-08-17,ian heinisch,odds_frame
kyung ho kang,1987-09-09,2019-08-17,kyung ho kang,odds_frame
gabriel benitez,1988-06-15,2019-08-17,gabriel benitez,odds_frame
derek brunson,1984-01-04,2019-08-17,derek brunson,odds_frame
yoel romero,1977-04-30,2019-08-17,yoel romero,odds_frame
raphael assuncao,1982-07-19,2019-08-17,raphael assuncao,odds_frame
christos giagos,1990-01-23,2019-08-17,christos giagos,odds_frame
manny bermudez,1994-07-16,2019-08-17,manny bermudez,odds_frame
devonte smith,1993-07-30,2019-08-17,devonte smith,odds_frame
anthony pettis,1987-01-27,2019-08-17,anthony pettis,odds_frame
daniel cormier,1979-03-20,2019-08-17,daniel cormier,odds_frame
batgerel danaa,1989-07-04,2019-08-31,batgerel danaa,odds_frame
alatengheili,1991-12-14,2019-08-31,alatengheili,odds_frame
thiago moises,1995-03-23,2019-08-31,thiago moises,odds_frame
khadis ibragimov,1995-05-21,2019-08-31,khadis ibragimov,odds_frame
andre soukhamthath,1988-10-23,2019-08-31,andre soukhamthath,odds_frame
anthony hernandez,1993-10-18,2019-08-31,anthony hernandez,odds_frame
derrick krantz,1988-01-13,2019-08-31,derrick krantz,odds_frame
mark de la rosa,1994-08-31,2019-08-31,mark de la rosa,odds_frame
sumudaerji,1996-01-20,2019-08-31,sumudaerji,odds_frame
da woon jung,1993-12-07,2019-08-31,da woon jung,odds_frame
damir ismagulov,1991-02-03,2019-08-31,damir ismagulov,odds_frame
junyong park,1991-02-27,2019-08-31,junyong park,odds_frame
kai kara-france,1993-03-26,2019-08-31,kai kara france,odds_frame
song kenan,1990-03-10,2019-08-31,song kenan,odds_frame
muslim salikhov,1984-06-09,2019-09-07,muslim salikhov,odds_frame
lerone murphy,1991-07-22,2019-09-07,lerone murphy,odds_frame
takashi sato,1990-06-09,2019-09-07,takashi sato,odds_frame
zak cummings,1984-08-02,2019-09-07,zak cummings,odds_frame
fares ziam,1997-03-21,2019-09-07,fares ziam,odds_frame
diego ferreira,1985-01-18,2019-09-07,diego ferreira,odds_frame
dustin poirier,1989-01-19,2019-09-07,dustin poirier,odds_frame
teemu packalen,1987-05-22,2019-09-07,teemu packalen,odds_frame
davi ramos,1986-11-05,2019-09-07,davi ramos,odds_frame
islam makhachev,1991-10-27,2019-09-07,islam makhachev,odds_frame
ottman azaitar,1990-02-20,2019-09-07,ottman azaitar,odds_frame
khabib nurmagomedov,1988-09-20,2019-09-07,khabib nurmagomedov,odds_frame
edson barboza,1986-01-21,2019-09-07,edson barboza,odds_frame
curtis blaydes,1991-02-18,2019-09-07,curtis blaydes,odds_frame
paul felder,1984-04-25,2019-09-07,paul felder,odds_frame
zubaira tukhugov,1991-01-15,2019-09-07,zubaira tukhugov,odds_frame
belal muhammad,1988-07-09,2019-09-07,belal muhammad,odds_frame
omari akhmedov,1987-10-12,2019-09-07,omari akhmedov,odds_frame
don madge,1990-11-12,2019-09-07,don madge,odds_frame
shamil abdurakhimov,1981-09-02,2019-09-07,shamil abdurakhimov,odds_frame
nordine taleb,1981-06-10,2019-09-07,nordine taleb,odds_frame
mairbek taisumov,1988-08-08,2019-09-07,mairbek taisumov,odds_frame
nikita krylov,1992-03-07,2019-09-14,nikita krylov,odds_frame
justin gaethje,1988-11-14,2019-09-14,justin gaethje,odds_frame
michel pereira,1993-10-06,2019-09-14,michel pereira,odds_frame
cole smith,1989-04-05,2019-09-14,cole smith,odds_frame
marcin tybura,1985-11-09,2019-09-14,marcin tybura,odds_frame
jeff hughes,1988-05-17,2019-09-14,jeff hughes,odds_frame
kyle prepolec,1989-08-30,2019-09-14,kyle prepolec,odds_frame
louis smolka,1991-07-16,2019-09-14,louis smolka,odds_frame
uriah hall,1984-07-31,2019-09-14,uriah hall,odds_frame
tristan connelly,1985-12-12,2019-09-14,tristan connelly,odds_frame
miles johns,1994-03-30,2019-09-14,miles johns,odds_frame
augusto sakai,1991-05-09,2019-09-14,augusto sakai,odds_frame
hunter azure,1992-03-02,2019-09-14,hunter azure,odds_frame
jordan griffin,1990-02-28,2019-09-14,jordan griffin,odds_frame
ryan macdonald,1993-03-18,2019-09-14,ryan macdonald,odds_frame
austin hubbard,1991-12-22,2019-09-14,austin hubbard,odds_frame
todd duffee,1985-12-06,2019-09-14,todd duffee,odds_frame
glover teixeira,1979-10-28,2019-09-14,glover teixeira,odds_frame
donald cerrone,1983-03-29,2019-09-14,donald cerrone,odds_frame
brad katona,1991-12-19,2019-09-14,brad katona,odds_frame
antonio carlos junior,1990-03-16,2019-09-14,antonio carlos junior,odds_frame
chas skelly,1985-05-11,2019-09-14,chas skelly,odds_frame
askar askarov,1992-10-09,2019-09-21,askar askarov,odds_frame
steven peterson,1990-05-29,2019-09-21,steven peterson,odds_frame
carlos huachin,1996-06-04,2019-09-21,carlos huachin,odds_frame
tyson nam,1983-10-06,2019-09-21,tyson nam,odds_frame
paul craig,1987-11-27,2019-09-21,paul craig,odds_frame
marcos mariano,1986-10-12,2019-09-21,marcos mariano,odds_frame
kyle nelson,1991-04-20,2019-09-21,kyle nelson,odds_frame
yair rodriguez,1992-10-06,2019-09-21,yair rodriguez,odds_frame
martin bravo,1993-09-21,2019-09-21,martin bravo,odds_frame
jose quinonez,1990-07-28,2019-09-21,jose quinonez,odds_frame
brandon moreno,1993-12-07,2019-09-21,brandon moreno,odds_frame
sergio pettis,1993-08-18,2019-09-21,sergio pettis,odds_frame
jeremy stephens,1986-05-25,2019-09-21,jeremy stephens,odds_frame
vinicius moreira,1989-02-28,2019-09-21,vinicius moreira,odds_frame
marco polo reyes,1984-11-07,2019-09-21,marco polo reyes,odds_frame
claudio puelles,1996-04-21,2019-09-21,claudio puelles,odds_frame
ismail naurdiev,1996-08-18,2019-09-28,ismail naurdiev,odds_frame
makhmud muradov,1990-02-08,2019-09-28,makhmud muradov,odds_frame
gilbert burns,1986-07-20,2019-09-28,gilbert burns,odds_frame
ovince saint preux,1983-04-08,2019-09-28,ovince saint preux,odds_frame
danilo belluardo,1994-07-21,2019-09-28,danilo belluardo,odds_frame
jared cannonier,1984-03-16,2019-09-28,jared cannonier,odds_frame
giga chikadze,1988-08-25,2019-09-28,giga chikadze,odds_frame
alex oliveira,1988-02-21,2019-09-28,alex oliveira,odds_frame
nohelin hernandez,1994-03-01,2019-09-28,nohelin hernandez,odds_frame
siyar bahadurzada,1984-04-17,2019-09-28,siyar bahadurzada,odds_frame
jack shore,1995-02-06,2019-09-28,jack shore,odds_frame
marc diakiese,1993-03-16,2019-09-28,marc diakiese,odds_frame
brandon davis,1990-05-08,2019-09-28,brandon davis,odds_frame
alessio di chirico,1989-12-12,2019-09-28,alessio di chirico,odds_frame
gunnar nelson,1988-07-28,2019-09-28,gunnar nelson,odds_frame
nicolas dalby,1984-11-16,2019-09-28,nicolas dalby,odds_frame
michal oleksiejczuk,1995-02-22,2019-09-28,michal oleksiejczuk,odds_frame
alen amedovski,1988-04-06,2019-09-28,alen amedovski,odds_frame
mark madsen,1984-09-23,2019-09-28,mark madsen,odds_frame
john phillips,1985-06-09,2019-09-28,john phillips,odds_frame
jack hermansson,1988-06-10,2019-09-28,jack hermansson,odds_frame
lando vannata,1992-03-14,2019-09-28,lando vannata,odds_frame
brad riddell,1991-09-30,2019-10-05,brad riddell,odds_frame
callan potter,1984-06-09,2019-10-05,callan potter,odds_frame
jake matthews,1994-08-19,2019-10-05,jake matthews,odds_frame
justin tafa,1993-12-13,2019-10-05,justin tafa,odds_frame
khalid taha,1992-02-15,2019-10-05,khalid taha,odds_frame
luke jumeau,1988-02-12,2019-10-05,luke jumeau,odds_frame
al iaquinta,1987-04-30,2019-10-05,al iaquinta,odds_frame
bruno silva,1989-07-13,2019-10-05,bruno silva,odds_frame
israel adesanya,1989-07-22,2019-10-05,israel adesanya,odds_frame
dan hooker,1990-02-13,2019-10-05,dan hooker,odds_frame
dhiego lima,1989-01-31,2019-10-05,dhiego lima,odds_frame
yorgan de castro,1986-12-19,2019-10-05,yorgan de castro,odds_frame
rostem akman,1991-12-19,2019-10-05,rostem akman,odds_frame
maki pitolo,1990-11-24,2019-10-05,maki pitolo,odds_frame
jamie mullarkey,1994-08-17,2019-10-05,jamie mullarkey,odds_frame
robert whittaker,1990-12-20,2019-10-05,robert whittaker,odds_frame
matt frevola,1990-06-11,2019-10-12,matt frevola,odds_frame
marlon vera,1992-12-02,2019-10-12,marlon vera,odds_frame
cub swanson,1983-11-02,2019-10-12,cub swanson,odds_frame
luis pena,1993-07-05,2019-10-12,luis pena,odds_frame
gerald meerschaert,1987-12-18,2019-10-12,gerald meerschaert,odds_frame
kron gracie,1988-07-11,2019-10-12,kron gracie,odds_frame
james vick,1987-02-23,2019-10-12,james vick,odds_frame
devin clark,1990-04-12,2019-10-12,devin clark,odds_frame
andre ewell,1988-01-21,2019-10-12,andre ewell,odds_frame
alex morono,1990-08-16,2019-10-12,alex morono,odds_frame
andrew sanchez,1988-04-08,2019-10-12,andrew sanchez,odds_frame
eryk anders,1987-04-21,2019-10-12,eryk anders,odds_frame
hector aldana,1988-08-17,2019-10-12,hector aldana,odds_frame
tim elliott,1986-12-24,2019-10-12,tim elliott,odds_frame
deiveson figueiredo,1987-12-18,2019-10-12,deiveson figueiredo,odds_frame
mike davis,1992-10-07,2019-10-12,mike davis,odds_frame
miguel baeza,1992-08-23,2019-10-12,miguel baeza,odds_frame
marvin vettori,1993-09-20,2019-10-12,marvin vettori,odds_frame
max griffin,1985-11-29,2019-10-12,max griffin,odds_frame
ryan spann,1991-08-24,2019-10-12,ryan spann,odds_frame
niko price,1989-09-29,2019-10-12,niko price,odds_frame
thomas gifford,1992-07-26,2019-10-12,thomas gifford,odds_frame
tanner boser,1991-08-02,2019-10-18,tanner boser,odds_frame
sean brady,1992-11-23,2019-10-18,sean brady,odds_frame
sean woodson,1992-06-07,2019-10-18,sean woodson,odds_frame
daniel spitz,1990-07-31,2019-10-18,daniel spitz,odds_frame
brendan allen,1995-12-28,2019-10-18,brendan allen,odds_frame
court mcgee,1984-12-12,2019-10-18,court mcgee,odds_frame
randy costa,1994-07-06,2019-10-18,randy costa,odds_frame
kyle bochniak,1987-02-05,2019-10-18,kyle bochniak,odds_frame
charles rosa,1986-08-24,2019-10-18,charles rosa,odds_frame
deron winn,1989-06-13,2019-10-18,deron winn,odds_frame
joe lauzon,1984-05-22,2019-10-18,joe lauzon,odds_frame
greg hardy,1988-07-28,2019-10-18,greg hardy,odds_frame
yair rodriguez,1992-10-06,2019-10-18,yair rodriguez,odds_frame
dominick reyes,1989-12-26,2019-10-18,dominick reyes,odds_frame
kevin holland,1992-11-05,2019-10-18,kevin holland,odds_frame
chris weidman,1984-06-17,2019-10-18,chris weidman,odds_frame
jeremy stephens,1986-05-25,2019-10-18,jeremy stephens,odds_frame
ben sosoli,1989-12-10,2019-10-18,ben sosoli,odds_frame
jonathan pearce,1992-05-01,2019-10-18,jonathan pearce,odds_frame
darren stewart,1990-12-30,2019-10-18,darren stewart,odds_frame
manny bermudez,1994-07-16,2019-10-18,manny bermudez,odds_frame
boston salmon,1990-11-20,2019-10-18,boston salmon,odds_frame
stevie ray,1990-03-25,2019-10-26,stevie ray,odds_frame
ben askren,1984-07-18,2019-10-26,ben askren,odds_frame
raphael pessoa,1989-03-09,2019-10-26,raphael pessoa,odds_frame
muslim salikhov,1984-06-09,2019-10-26,muslim salikhov,odds_frame
beneil dariush,1989-05-06,2019-10-26,beneil dariush,odds_frame
enrique barzola,1989-04-28,2019-10-26,enrique barzola,odds_frame
alex white,1988-10-22,2019-10-26,alex white,odds_frame
maurice greene,1986-07-05,2019-10-26,maurice greene,odds_frame
ciryl gane,1990-04-12,2019-10-26,ciryl gane,odds_frame
frank camacho,1989-05-18,2019-10-26,frank camacho,odds_frame
michael johnson,1986-06-04,2019-10-26,michael johnson,odds_frame
demian maia,1977-11-06,2019-10-26,demian maia,odds_frame
sergei pavlovich,1992-05-13,2019-10-26,sergei pavlovich,odds_frame
don'tale mayes,1992-01-16,2019-10-26,don tale mayes,odds_frame
rafael fiziev,1993-03-05,2019-10-26,rafael fiziev,odds_frame
movsar evloev,1994-02-11,2019-10-26,movsar evloev,odds_frame
laureano staropoli,1993-02-27,2019-10-26,laureano staropoli,odds_frame
jeff hughes,1988-05-17,2019-10-26,jeff hughes,odds_frame
julio arce,1989-10-27,2019-11-02,julio arce,odds_frame
shane burgos,1991-03-19,2019-11-02,shane burgos,odds_frame
corey anderson,1989-09-22,2019-11-02,corey anderson,odds_frame
brad tavares,1987-12-21,2019-11-02,brad tavares,odds_frame
kevin lee,1992-09-04,2019-11-02,kevin lee,odds_frame
andrei arlovski,1979-02-04,2019-11-02,andrei arlovski,odds_frame
kelvin gastelum,1991-10-24,2019-11-02,kelvin gastelum,odds_frame
jorge masvidal,1984-11-12,2019-11-02,jorge masvidal,odds_frame
derrick lewis,1985-02-07,2019-11-02,derrick lewis,odds_frame
stephen thompson,1983-02-11,2019-11-02,stephen thompson,odds_frame
chance rencountre,1986-12-31,2019-11-02,chance rencountre,odds_frame
blagoy ivanov,1986-10-09,2019-11-02,blagoy ivanov,odds_frame
nate diaz,1985-04-16,2019-11-02,nate diaz,odds_frame
darren till,1992-12-24,2019-11-02,darren till,odds_frame
johnny walker,1992-03-30,2019-11-02,johnny walker,odds_frame
vicente luque,1991-11-27,2019-11-02,vicente luque,odds_frame
edmen shahbazyan,1997-11-20,2019-11-02,edmen shahbazyan,odds_frame
makwan amirkhani,1988-11-08,2019-11-02,makwan amirkhani,odds_frame
hakeem dawodu,1991-07-02,2019-11-02,hakeem dawodu,odds_frame
jairzinho rozenstruik,1988-03-17,2019-11-02,jairzinho rozenstruik,odds_frame
gregor gillespie,1986-11-13,2019-11-02,gregor gillespie,odds_frame
lyman good,1985-05-26,2019-11-02,lyman good,odds_frame
abubakar nurmagomedov,1989-11-13,2019-11-09,abubakar nurmagomedov,odds_frame
roman kopylov,1991-05-04,2019-11-09,roman kopylov,odds_frame
rustam khabilov,1986-11-04,2019-11-09,rustam khabilov,odds_frame
shamil gamzatov,1990-08-09,2019-11-09,shamil gamzatov,odds_frame
ramazan emeev,1987-05-23,2019-11-09,ramazan emeev,odds_frame
khadis ibragimov,1995-05-21,2019-11-09,khadis ibragimov,odds_frame
alexander volkov,1988-10-24,2019-11-09,alexander volkov,odds_frame
zabit magomedsharipov,1991-03-01,2019-11-09,zabit magomedsharipov,odds_frame
david zawada,1990-08-01,2019-11-09,david zawada,odds_frame
ed herman,1980-10-02,2019-11-09,ed herman,odds_frame
anthony rocco martin,1989-12-11,2019-11-09,anthony rocco martin,odds_frame
klidson abreu,1992-12-24,2019-11-09,klidson abreu,odds_frame
sergey khandozhko,1992-05-19,2019-11-09,sergey khandozhko,odds_frame
karl roberson,1990-10-04,2019-11-09,karl roberson,odds_frame
alexander yakovlev,1984-07-18,2019-11-09,alexander yakovlev,odds_frame
roosevelt roberts,1994-02-11,2019-11-09,roosevelt roberts,odds_frame
dalcha lungiambula,1987-07-31,2019-11-09,dalcha lungiambula,odds_frame
danny roberts,1987-07-14,2019-11-09,danny roberts,odds_frame
magomed ankalaev,1992-06-02,2019-11-09,magomed ankalaev,odds_frame
zelim imadaev,1995-01-25,2019-11-09,zelim imadaev,odds_frame
calvin kattar,1988-03-26,2019-11-09,calvin kattar,odds_frame
greg hardy,1988-07-28,2019-11-09,greg hardy,odds_frame
andre muniz,1990-02-17,2019-11-16,andre muniz,odds_frame
ricardo ramos,1995-08-01,2019-11-16,ricardo ramos,odds_frame
warlley alves,1991-01-04,2019-11-16,warlley alves,odds_frame
sergio moraes,1982-07-23,2019-11-16,sergio moraes,odds_frame
antonio arroyo,1989-07-01,2019-11-16,antonio arroyo,odds_frame
mauricio rua,1981-11-25,2019-11-16,mauricio rua,odds_frame
jan blachowicz,1983-02-24,2019-11-16,jan blachowicz,odds_frame
charles oliveira,1989-10-17,2019-11-16,charles oliveira,odds_frame
renan barao,1987-01-31,2019-11-16,renan barao,odds_frame
jared gordon,1988-09-06,2019-11-16,jared gordon,odds_frame
jacare souza,1979-12-07,2019-11-16,jacare souza,odds_frame
paul craig,1987-11-27,2019-11-16,paul craig,odds_frame
james krause,1986-06-04,2019-11-16,james krause,odds_frame
randy brown,1990-07-08,2019-11-16,randy brown,odds_frame
wellington turman,1996-07-22,2019-11-16,wellington turman,odds_frame
douglas silva de andrade,1985-06-22,2019-11-16,douglas silva de andrade,odds_frame
markus perez,1988-06-22,2019-11-16,markus perez,odds_frame
eduardo garagorri,1989-05-28,2019-11-16,eduardo garagorri,odds_frame
billy quarantillo,1988-12-08,2019-12-07,billy quarantillo,odds_frame
alistair overeem,1980-05-17,2019-12-07,alistair overeem,odds_frame
cody stamann,1989-11-09,2019-12-07,cody stamann,odds_frame
rob font,1987-06-25,2019-12-07,rob font,odds_frame
stefan struve,1988-02-18,2019-12-07,stefan struve,odds_frame
ricky simon,1992-08-31,2019-12-07,ricky simon,odds_frame
joe solecki,1993-08-27,2019-12-07,joe solecki,odds_frame
makhmud muradov,1990-02-08,2019-12-07,makhmud muradov,odds_frame
thiago alves,1983-10-03,2019-12-07,thiago alves,odds_frame
matt wiman,1983-09-19,2019-12-07,matt wiman,odds_frame
trevor smith,1981-01-05,2019-12-07,trevor smith,odds_frame
song yadong,1997-12-02,2019-12-07,song yadong,odds_frame
tim means,1984-02-20,2019-12-07,tim means,odds_frame
matt sayles,1994-02-21,2019-12-07,matt sayles,odds_frame
jairzinho rozenstruik,1988-03-17,2019-12-07,jairzinho rozenstruik,odds_frame
jacob kilburn,1995-06-28,2019-12-07,jacob kilburn,odds_frame
ben rothwell,1981-10-17,2019-12-07,ben rothwell,odds_frame
bryce mitchell,1994-10-04,2019-12-07,bryce mitchell,odds_frame
punahele soriano,1992-11-22,2019-12-14,punahele soriano,odds_frame
urijah faber,1979-05-14,2019-12-14,urijah faber,odds_frame
ben saunders,1983-04-13,2019-12-14,ben saunders,odds_frame
alexander volkanovski,1988-09-29,2019-12-14,alexander volkanovski,odds_frame
colby covington,1988-02-22,2019-12-14,colby covington,odds_frame
mike perry,1991-09-15,2019-12-14,mike perry,odds_frame
kai kara-france,1993-03-26,2019-12-14,kai kara france,odds_frame
daniel teymur,1988-02-03,2019-12-14,daniel teymur,odds_frame
jose aldo,1986-09-09,2019-12-14,jose aldo,odds_frame
omari akhmedov,1987-10-12,2019-12-14,omari akhmedov,odds_frame
brandon moreno,1993-12-07,2019-12-14,brandon moreno,odds_frame
marlon moraes,1988-04-26,2019-12-14,marlon moraes,odds_frame
chase hooper,1999-09-13,2019-12-14,chase hooper,odds_frame
matt brown,1981-01-10,2019-12-14,matt brown,odds_frame
ian heinisch,1988-08-05,2019-12-14,ian heinisch,odds_frame
geoff neal,1990-08-28,2019-12-14,geoff neal,odds_frame
petr yan,1993-02-11,2019-12-14,petr yan,odds_frame
max holloway,1991-12-04,2019-12-14,max holloway,odds_frame
kamaru usman,1987-05-11,2019-12-14,kamaru usman,odds_frame
oskar piechota,1990-01-24,2019-12-14,oskar piechota,odds_frame
suman mokhtarian,1992-06-13,2019-12-21,suman mokhtarian,odds_frame
alexandre pantoja,1990-04-16,2019-12-21,alexandre pantoja,odds_frame
da woon jung,1993-12-07,2019-12-21,da woon jung,odds_frame
tanner boser,1991-08-02,2019-12-21,tanner boser,odds_frame
omar morales,1985-10-17,2019-12-21,omar morales,odds_frame
said nurmagomedov,1992-04-05,2019-12-21,said nurmagomedov,odds_frame
ryan benoit,1989-08-25,2019-12-21,ryan benoit,odds_frame
mike rodriguez,1988-11-28,2019-12-21,mike rodriguez,odds_frame
matt schnell,1990-01-15,2019-12-21,matt schnell,odds_frame
alatengheili,1991-12-14,2019-12-21,alatengheili,odds_frame
marc-andre barriault,1990-02-18,2019-12-21,marc andre barriault,odds_frame
raoni barcelos,1987-05-01,2019-12-21,raoni barcelos,odds_frame
chan sung jung,1987-03-17,2019-12-21,chan sung jung,odds_frame
dooho choi,1991-04-10,2019-12-21,dooho choi,odds_frame
frankie edgar,1981-10-16,2019-12-21,frankie edgar,odds_frame
aleksandar rakic,1992-02-06,2019-12-21,aleksandar rakic,odds_frame
junyong park,1991-02-27,2019-12-21,junyong park,odds_frame
ciryl gane,1990-04-12,2019-12-21,ciryl gane,odds_frame
volkan oezdemir,1989-09-19,2019-12-21,volkan oezdemir,odds_frame
dong hyun ma,1988-09-09,2019-12-21,dong hyun ma,odds_frame
charles jourdain,1995-11-27,2019-12-21,charles jourdain,odds_frame
seungwoo choi,1992-11-03,2019-12-21,seungwoo choi,odds_frame
brian kelleher,1986-08-19,2020-01-18,brian kelleher,odds_frame
maurice greene,1986-07-05,2020-01-18,maurice greene,odds_frame
justin ledet,1988-09-28,2020-01-18,justin ledet,odds_frame
nasrat haqparast,1995-08-22,2020-01-18,nasrat haqparast,odds_frame
askar askarov,1992-10-09,2020-01-18,askar askarov,odds_frame
sodiq yusuff,1993-05-19,2020-01-18,sodiq yusuff,odds_frame
ode osbourne,1992-01-09,2020-01-18,ode osbourne,odds_frame
donald cerrone,1983-03-29,2020-01-18,donald cerrone,odds_frame
aleksei oleinik,1977-06-20,2020-01-18,aleksei oleinik,odds_frame
tim elliott,1986-12-24,2020-01-18,tim elliott,odds_frame
andre fili,1990-06-25,2020-01-18,andre fili,odds_frame
conor mcgregor,1988-07-14,2020-01-18,conor mcgregor,odds_frame
aleksa camur,1995-09-25,2020-01-18,aleksa camur,odds_frame
drew dober,1988-10-19,2020-01-18,drew dober,odds_frame
junior dos santos,1984-01-30,2020-01-25,junior dos santos,odds_frame
brett johns,1992-02-21,2020-01-25,brett johns,odds_frame
montel jackson,1992-04-24,2020-01-25,montel jackson,odds_frame
arnold allen,1994-01-22,2020-01-25,arnold allen,odds_frame
michael chiesa,1987-12-07,2020-01-25,michael chiesa,odds_frame
alex perez,1992-03-21,2020-01-25,alex perez,odds_frame
dequan townsend,1986-05-11,2020-01-25,dequan townsend,odds_frame
nik lentz,1984-08-13,2020-01-25,nik lentz,odds_frame
felipe colares,1994-03-31,2020-01-25,felipe colares,odds_frame
tony gravely,1991-09-28,2020-01-25,tony gravely,odds_frame
darko stosic,1992-02-09,2020-01-25,darko stosic,odds_frame
herbert burns,1988-02-02,2020-01-25,herbert burns,odds_frame
bevon lewis,1991-05-05,2020-01-25,bevon lewis,odds_frame
jordan espinosa,1989-11-08,2020-01-25,jordan espinosa,odds_frame
curtis blaydes,1991-02-18,2020-01-25,curtis blaydes,odds_frame
rafael dos anjos,1984-10-26,2020-01-25,rafael dos anjos,odds_frame
nate landwehr,1988-06-06,2020-01-25,nate landwehr,odds_frame
jamahal hill,1991-05-19,2020-01-25,jamahal hill,odds_frame
juan adams,1992-01-16,2020-02-08,juan adams,odds_frame
mirsad bektic,1991-02-16,2020-02-08,mirsad bektic,odds_frame
derrick lewis,1985-02-07,2020-02-08,derrick lewis,odds_frame
trevin giles,1992-08-06,2020-02-08,trevin giles,odds_frame
jon jones,1987-07-19,2020-02-08,jon jones,odds_frame
miles johns,1994-03-30,2020-02-08,miles johns,odds_frame
domingo pilarte,1990-01-05,2020-02-08,domingo pilarte,odds_frame
austin lingo,1994-07-10,2020-02-08,austin lingo,odds_frame
dominick reyes,1989-12-26,2020-02-08,dominick reyes,odds_frame
justin tafa,1993-12-13,2020-02-08,justin tafa,odds_frame
dan ige,1991-08-06,2020-02-08,dan ige,odds_frame
ilir latifi,1982-07-28,2020-02-08,ilir latifi,odds_frame
james krause,1986-06-04,2020-02-08,james krause,odds_frame
mario bautista,1993-07-01,2020-02-08,mario bautista,odds_frame
journey newson,1989-03-07,2020-02-08,journey newson,odds_frame
jonathan martinez,1994-04-20,2020-02-08,jonathan martinez,odds_frame
youssef zalal,1996-09-04,2020-02-08,youssef zalal,odds_frame
andre ewell,1988-01-21,2020-02-08,andre ewell,odds_frame
ray borg,1993-08-04,2020-02-15,ray borg,odds_frame
yancy medeiros,1987-09-07,2020-02-15,yancy medeiros,odds_frame
jim miller,1983-08-30,2020-02-15,jim miller,odds_frame
diego sanchez,1981-12-31,2020-02-15,diego sanchez,odds_frame
dequan townsend,1986-05-11,2020-02-15,dequan townsend,odds_frame
kazula vargas,1985-08-15,2020-02-15,kazula vargas,odds_frame
michel pereira,1993-10-06,2020-02-15,michel pereira,odds_frame
jan blachowicz,1983-02-24,2020-02-15,jan blachowicz,odds_frame
nathaniel wood,1993-05-08,2020-02-15,nathaniel wood,odds_frame
scott holtzman,1983-09-30,2020-02-15,scott holtzman,odds_frame
raulian paiva,1995-10-17,2020-02-15,raulian paiva,odds_frame
corey anderson,1989-09-22,2020-02-15,corey anderson,odds_frame
rogerio bontorin,1992-04-25,2020-02-15,rogerio bontorin,odds_frame
casey kenney,1991-03-20,2020-02-15,casey kenney,odds_frame
daniel rodriguez,1986-12-31,2020-02-15,daniel rodriguez,odds_frame
john dodson,1984-09-26,2020-02-15,john dodson,odds_frame
tim means,1984-02-20,2020-02-15,tim means,odds_frame
lando vannata,1992-03-14,2020-02-15,lando vannata,odds_frame
devin clark,1990-04-12,2020-02-15,devin clark,odds_frame
brok weaver,1991-12-05,2020-02-15,brok weaver,odds_frame
mark de la rosa,1994-08-31,2020-02-15,mark de la rosa,odds_frame
merab dvalishvili,1991-01-10,2020-02-15,merab dvalishvili,odds_frame
song kenan,1990-03-10,2020-02-22,song kenan,odds_frame
paul felder,1984-04-25,2020-02-22,paul felder,odds_frame
jalin turner,1995-05-18,2020-02-22,jalin turner,odds_frame
ben sosoli,1989-12-10,2020-02-22,ben sosoli,odds_frame
jake matthews,1994-08-19,2020-02-22,jake matthews,odds_frame
callan potter,1984-06-09,2020-02-22,callan potter,odds_frame
kai kara-france,1993-03-26,2020-02-22,kai kara france,odds_frame
brad riddell,1991-09-30,2020-02-22,brad riddell,odds_frame
kevin aguilar,1988-09-07,2020-02-22,kevin aguilar,odds_frame
jimmy crute,1996-03-04,2020-02-22,jimmy crute,odds_frame
dan hooker,1990-02-13,2020-02-22,dan hooker,odds_frame
michal oleksiejczuk,1995-02-22,2020-02-22,michal oleksiejczuk,odds_frame
emil meek,1988-08-20,2020-02-22,emil meek,odds_frame
magomed mustafaev,1988-08-02,2020-02-22,magomed mustafaev,odds_frame
tyson nam,1983-10-06,2020-02-22,tyson nam,odds_frame
marcos rogerio de lima,1985-06-25,2020-02-22,marcos rogerio de lima,odds_frame
josh culibao,1994-05-24,2020-02-22,josh culibao,odds_frame
zubaira tukhugov,1991-01-15,2020-02-22,zubaira tukhugov,odds_frame
ion cutelaba,1993-12-14,2020-02-29,ion cutelaba,odds_frame
joseph benavidez,1984-07-31,2020-02-29,joseph benavidez,odds_frame
brendan allen,1995-12-28,2020-02-29,brendan allen,odds_frame
aalon cruz,1989-09-20,2020-02-29,aalon cruz,odds_frame
sean brady,1992-11-23,2020-02-29,sean brady,odds_frame
tom breese,1991-09-26,2020-02-29,tom breese,odds_frame
kyler phillips,1995-06-12,2020-02-29,kyler phillips,odds_frame
spike carlyle,1993-05-06,2020-02-29,spike carlyle,odds_frame
ismail naurdiev,1996-08-18,2020-02-29,ismail naurdiev,odds_frame
grant dawson,1994-02-20,2020-02-29,grant dawson,odds_frame
deiveson figueiredo,1987-12-18,2020-02-29,deiveson figueiredo,odds_frame
darrick minner,1990-04-28,2020-02-29,darrick minner,odds_frame
magomed ankalaev,1992-06-02,2020-02-29,magomed ankalaev,odds_frame
gabriel silva,1994-08-26,2020-02-29,gabriel silva,odds_frame
li jingliang,1988-03-20,2020-03-07,li jingliang,odds_frame
drakkar klose,1988-03-09,2020-03-07,drakkar klose,odds_frame
deron winn,1989-06-13,2020-03-07,deron winn,odds_frame
max griffin,1985-11-29,2020-03-07,max griffin,odds_frame
jose quinonez,1990-07-28,2020-03-07,jose quinonez,odds_frame
guido cannetti,1979-12-19,2020-03-07,guido cannetti,odds_frame
neil magny,1987-08-03,2020-03-07,neil magny,odds_frame
batgerel danaa,1989-07-04,2020-03-07,batgerel danaa,odds_frame
giga chikadze,1988-08-25,2020-03-07,giga chikadze,odds_frame
yoel romero,1977-04-30,2020-03-07,yoel romero,odds_frame
sean o'malley,1994-10-24,2020-03-07,sean o malley,odds_frame
jamall emmers,1989-07-24,2020-03-07,jamall emmers,odds_frame
austin hubbard,1991-12-22,2020-03-07,austin hubbard,odds_frame
israel adesanya,1989-07-22,2020-03-07,israel adesanya,odds_frame
mark madsen,1984-09-23,2020-03-07,mark madsen,odds_frame
gerald meerschaert,1987-12-18,2020-03-07,gerald meerschaert,odds_frame
beneil dariush,1989-05-06,2020-03-07,beneil dariush,odds_frame
alex oliveira,1988-02-21,2020-03-07,alex oliveira,odds_frame
rani yahya,1984-09-12,2020-03-14,rani yahya,odds_frame
charles oliveira,1989-10-17,2020-03-14,charles oliveira,odds_frame
bruno silva,1989-07-13,2020-03-14,bruno silva,odds_frame
demian maia,1977-11-06,2020-03-14,demian maia,odds_frame
kevin lee,1992-09-04,2020-03-14,kevin lee,odds_frame
johnny walker,1992-03-30,2020-03-14,johnny walker,odds_frame
enrique barzola,1989-04-28,2020-03-14,enrique barzola,odds_frame
brandon moreno,1993-12-07,2020-03-14,brandon moreno,odds_frame
damir hadzovic,1986-08-08,2020-03-14,damir hadzovic,odds_frame
john makdessi,1985-05-03,2020-03-14,john makdessi,odds_frame
nikita krylov,1992-03-07,2020-03-14,nikita krylov,odds_frame
david dvorak,1992-06-05,2020-03-14,david dvorak,odds_frame
gilbert burns,1986-07-20,2020-03-14,gilbert burns,odds_frame
jussier formiga,1985-04-14,2020-03-14,jussier formiga,odds_frame
francisco trinaldo,1978-08-24,2020-03-14,francisco trinaldo,odds_frame
renato moicano,1989-05-21,2020-03-14,renato moicano,odds_frame
tony ferguson,1984-02-12,2020-05-09,tony ferguson,odds_frame
charles rosa,1986-08-24,2020-05-09,charles rosa,odds_frame
niko price,1989-09-29,2020-05-09,niko price,odds_frame
fabricio werdum,1977-07-30,2020-05-09,fabricio werdum,odds_frame
yorgan de castro,1986-12-19,2020-05-09,yorgan de castro,odds_frame
calvin kattar,1988-03-26,2020-05-09,calvin kattar,odds_frame
sam alvey,1986-05-06,2020-05-09,sam alvey,odds_frame
donald cerrone,1983-03-29,2020-05-09,donald cerrone,odds_frame
dominick cruz,1985-03-09,2020-05-09,dominick cruz,odds_frame
jairzinho rozenstruik,1988-03-17,2020-05-09,jairzinho rozenstruik,odds_frame
henry cejudo,1987-02-09,2020-05-09,henry cejudo,odds_frame
francis ngannou,1986-09-05,2020-05-09,francis ngannou,odds_frame
jeremy stephens,1986-05-25,2020-05-09,jeremy stephens,odds_frame
greg hardy,1988-07-28,2020-05-09,greg hardy,odds_frame
anthony pettis,1987-01-27,2020-05-09,anthony pettis,odds_frame
aleksei oleinik,1977-06-20,2020-05-09,aleksei oleinik,odds_frame
vicente luque,1991-11-27,2020-05-09,vicente luque,odds_frame
bryce mitchell,1994-10-04,2020-05-09,bryce mitchell,odds_frame
ryan spann,1991-08-24,2020-05-09,ryan spann,odds_frame
justin gaethje,1988-11-14,2020-05-09,justin gaethje,odds_frame
thiago moises,1995-03-23,2020-05-13,thiago moises,odds_frame
omar morales,1985-10-17,2020-05-13,omar morales,odds_frame
ovince saint preux,1983-04-08,2020-05-13,ovince saint preux,odds_frame
philipe lins,1985-08-17,2020-05-13,philipe lins,odds_frame
ray borg,1993-08-04,2020-05-13,ray borg,odds_frame
brian kelleher,1986-08-19,2020-05-13,brian kelleher,odds_frame
hunter azure,1992-03-02,2020-05-13,hunter azure,odds_frame
gabriel benitez,1988-06-15,2020-05-13,gabriel benitez,odds_frame
michael johnson,1986-06-04,2020-05-13,michael johnson,odds_frame
andrei arlovski,1979-02-04,2020-05-13,andrei arlovski,odds_frame
ben rothwell,1981-10-17,2020-05-13,ben rothwell,odds_frame
anthony smith,1988-07-26,2020-05-13,anthony smith,odds_frame
glover teixeira,1979-10-28,2020-05-13,glover teixeira,odds_frame
ricky simon,1992-08-31,2020-05-13,ricky simon,odds_frame
anthony hernandez,1993-10-18,2020-05-16,anthony hernandez,odds_frame
darren elkins,1984-05-16,2020-05-16,darren elkins,odds_frame
rodrigo nascimento,1992-11-26,2020-05-16,rodrigo nascimento,odds_frame
matt brown,1981-01-10,2020-05-16,matt brown,odds_frame
eryk anders,1987-04-21,2020-05-16,eryk anders,odds_frame
marlon vera,1992-12-02,2020-05-16,marlon vera,odds_frame
giga chikadze,1988-08-25,2020-05-16,giga chikadze,odds_frame
dan ige,1991-08-06,2020-05-16,dan ige,odds_frame
alistair overeem,1980-05-17,2020-05-16,alistair overeem,odds_frame
walt harris,1983-06-10,2020-05-16,walt harris,odds_frame
irwin rivera,1989-02-14,2020-05-16,irwin rivera,odds_frame
miguel baeza,1992-08-23,2020-05-16,miguel baeza,odds_frame
song yadong,1997-12-02,2020-05-16,song yadong,odds_frame
don'tale mayes,1992-01-16,2020-05-16,don tale mayes,odds_frame
edson barboza,1986-01-21,2020-05-16,edson barboza,odds_frame
kevin holland,1992-11-05,2020-05-16,kevin holland,odds_frame
krzysztof jotko,1989-08-19,2020-05-16,krzysztof jotko,odds_frame
nate landwehr,1988-06-06,2020-05-16,nate landwehr,odds_frame
spike carlyle,1993-05-06,2020-05-30,spike carlyle,odds_frame
vince morales,1990-11-12,2020-05-30,vince morales,odds_frame
brandon royval,1992-08-16,2020-05-30,brandon royval,odds_frame
klidson abreu,1992-12-24,2020-05-30,klidson abreu,odds_frame
brok weaver,1991-12-05,2020-05-30,brok weaver,odds_frame
augusto sakai,1991-05-09,2020-05-30,augusto sakai,odds_frame
casey kenney,1991-03-20,2020-05-30,casey kenney,odds_frame
tyron woodley,1982-04-07,2020-05-30,tyron woodley,odds_frame
gilbert burns,1986-07-20,2020-05-30,gilbert burns,odds_frame
billy quarantillo,1988-12-08,2020-05-30,billy quarantillo,odds_frame
chris gutierrez,1991-04-22,2020-05-30,chris gutierrez,odds_frame
louis smolka,1991-07-16,2020-05-30,louis smolka,odds_frame
jamahal hill,1991-05-19,2020-05-30,jamahal hill,odds_frame
roosevelt roberts,1994-02-11,2020-05-30,roosevelt roberts,odds_frame
tim elliott,1986-12-24,2020-05-30,tim elliott,odds_frame
blagoy ivanov,1986-10-09,2020-05-30,blagoy ivanov,odds_frame
alex perez,1992-03-21,2020-06-06,alex perez,odds_frame
chase hooper,1999-09-13,2020-06-06,chase hooper,odds_frame
cory sandhagen,1992-04-20,2020-06-06,cory sandhagen,odds_frame
herbert burns,1988-02-02,2020-06-06,herbert burns,odds_frame
brian kelleher,1986-08-19,2020-06-06,brian kelleher,odds_frame
sean o'malley,1994-10-24,2020-06-06,sean o malley,odds_frame
devin clark,1990-04-12,2020-06-06,devin clark,odds_frame
maki pitolo,1990-11-24,2020-06-06,maki pitolo,odds_frame
gerald meerschaert,1987-12-18,2020-06-06,gerald meerschaert,odds_frame
anthony rocco martin,1989-12-11,2020-06-06,anthony rocco martin,odds_frame
cody garbrandt,1991-07-07,2020-06-06,cody garbrandt,odds_frame
cody stamann,1989-11-09,2020-06-06,cody stamann,odds_frame
alex caceres,1988-06-20,2020-06-06,alex caceres,odds_frame
aljamain sterling,1989-07-31,2020-06-06,aljamain sterling,odds_frame
raphael assuncao,1982-07-19,2020-06-06,raphael assuncao,odds_frame
neil magny,1987-08-03,2020-06-06,neil magny,odds_frame
jussier formiga,1985-04-14,2020-06-06,jussier formiga,odds_frame
charles byrd,1983-10-11,2020-06-06,charles byrd,odds_frame
ian heinisch,1988-08-05,2020-06-06,ian heinisch,odds_frame
alonzo menifield,1987-10-18,2020-06-06,alonzo menifield,odds_frame
evan dunham,1981-12-18,2020-06-06,evan dunham,odds_frame
eddie wineland,1984-06-26,2020-06-06,eddie wineland,odds_frame
anthony ivy,1990-01-23,2020-06-13,anthony ivy,odds_frame
christian aguilera,1991-11-25,2020-06-13,christian aguilera,odds_frame
zarrukh adashev,1992-07-29,2020-06-13,zarrukh adashev,odds_frame
gustavo lopez,1989-06-27,2020-06-13,gustavo lopez,odds_frame
mark de la rosa,1994-08-31,2020-06-13,mark de la rosa,odds_frame
tyson nam,1983-10-06,2020-06-13,tyson nam,odds_frame
merab dvalishvili,1991-01-10,2020-06-13,merab dvalishvili,odds_frame
andre fili,1990-06-25,2020-06-13,andre fili,odds_frame
charles jourdain,1995-11-27,2020-06-13,charles jourdain,odds_frame
charles rosa,1986-08-24,2020-06-13,charles rosa,odds_frame
karl roberson,1990-10-04,2020-06-13,karl roberson,odds_frame
marvin vettori,1993-09-20,2020-06-13,marvin vettori,odds_frame
jordan espinosa,1989-11-08,2020-06-13,jordan espinosa,odds_frame
kevin aguilar,1988-09-07,2020-06-13,kevin aguilar,odds_frame
alexander volkov,1988-10-24,2020-06-20,alexander volkov,odds_frame
justin jaynes,1989-08-10,2020-06-20,justin jaynes,odds_frame
lyman good,1985-05-26,2020-06-20,lyman good,odds_frame
roosevelt roberts,1994-02-11,2020-06-20,roosevelt roberts,odds_frame
oskar piechota,1990-01-24,2020-06-20,oskar piechota,odds_frame
max rohskopf,1994-09-27,2020-06-20,max rohskopf,odds_frame
shane burgos,1991-03-19,2020-06-20,shane burgos,odds_frame
austin hubbard,1991-12-22,2020-06-20,austin hubbard,odds_frame
frank camacho,1989-05-18,2020-06-20,frank camacho,odds_frame
belal muhammad,1988-07-09,2020-06-20,belal muhammad,odds_frame
jim miller,1983-08-30,2020-06-20,jim miller,odds_frame
marc-andre barriault,1990-02-18,2020-06-20,marc andre barriault,odds_frame
josh emmett,1985-03-04,2020-06-20,josh emmett,odds_frame
curtis blaydes,1991-02-18,2020-06-20,curtis blaydes,odds_frame
dan hooker,1990-02-13,2020-06-27,dan hooker,odds_frame
youssef zalal,1996-09-04,2020-06-27,youssef zalal,odds_frame
mickey gall,1992-01-22,2020-06-27,mickey gall,odds_frame
maurice greene,1986-07-05,2020-06-27,maurice greene,odds_frame
tanner boser,1991-08-02,2020-06-27,tanner boser,odds_frame
julian erosa,1989-07-31,2020-06-27,julian erosa,odds_frame
mike perry,1991-09-15,2020-06-27,mike perry,odds_frame
jason witt,1986-11-07,2020-06-27,jason witt,odds_frame
philipe lins,1985-08-17,2020-06-27,philipe lins,odds_frame
brendan allen,1995-12-28,2020-06-27,brendan allen,odds_frame
jordan griffin,1990-02-28,2020-06-27,jordan griffin,odds_frame
takashi sato,1990-06-09,2020-06-27,takashi sato,odds_frame
kyle daukaus,1993-02-27,2020-06-27,kyle daukaus,odds_frame
gian villante,1985-08-18,2020-06-27,gian villante,odds_frame
khama worthy,1986-10-15,2020-06-27,khama worthy,odds_frame
luis pena,1993-07-05,2020-06-27,luis pena,odds_frame
sean woodson,1992-06-07,2020-06-27,sean woodson,odds_frame
dustin poirier,1989-01-19,2020-06-27,dustin poirier,odds_frame
alexander volkanovski,1988-09-29,2020-07-11,alexander volkanovski,odds_frame
davey grant,1985-12-18,2020-07-11,davey grant,odds_frame
kamaru usman,1987-05-11,2020-07-11,kamaru usman,odds_frame
danny henry,1988-07-17,2020-07-11,danny henry,odds_frame
jiri prochazka,1992-10-14,2020-07-11,jiri prochazka,odds_frame
jose aldo,1986-09-09,2020-07-11,jose aldo,odds_frame
leonardo santos,1980-02-05,2020-07-11,leonardo santos,odds_frame
max holloway,1991-12-04,2020-07-11,max holloway,odds_frame
martin day,1988-11-10,2020-07-11,martin day,odds_frame
raulian paiva,1995-10-17,2020-07-11,raulian paiva,odds_frame
marcin tybura,1985-11-09,2020-07-11,marcin tybura,odds_frame
jorge masvidal,1984-11-12,2020-07-11,jorge masvidal,odds_frame
makwan amirkhani,1988-11-08,2020-07-11,makwan amirkhani,odds_frame
volkan oezdemir,1989-09-19,2020-07-11,volkan oezdemir,odds_frame
petr yan,1993-02-11,2020-07-11,petr yan,odds_frame
zhalgas zhumagulov,1988-08-29,2020-07-11,zhalgas zhumagulov,odds_frame
maxim grishin,1984-05-02,2020-07-11,maxim grishin,odds_frame
roman bogatov,1990-12-15,2020-07-11,roman bogatov,odds_frame
jack shore,1995-02-06,2020-07-15,jack shore,odds_frame
jared gordon,1988-09-06,2020-07-15,jared gordon,odds_frame
ryan benoit,1989-08-25,2020-07-15,ryan benoit,odds_frame
andreas michailidis,1988-07-18,2020-07-15,andreas michailidis,odds_frame
mounir lazzez,1987-11-16,2020-07-15,mounir lazzez,odds_frame
khamzat chimaev,1994-05-01,2020-07-15,khamzat chimaev,odds_frame
dan ige,1991-08-06,2020-07-15,dan ige,odds_frame
jimmie rivera,1989-06-29,2020-07-15,jimmie rivera,odds_frame
chris fishgold,1992-06-06,2020-07-15,chris fishgold,odds_frame
calvin kattar,1988-03-26,2020-07-15,calvin kattar,odds_frame
tim elliott,1986-12-24,2020-07-15,tim elliott,odds_frame
modestas bukauskas,1994-02-10,2020-07-15,modestas bukauskas,odds_frame
abdul razak alhassan,1985-08-11,2020-07-15,abdul razak alhassan,odds_frame
john phillips,1985-06-09,2020-07-15,john phillips,odds_frame
ricardo ramos,1995-08-01,2020-07-15,ricardo ramos,odds_frame
lerone murphy,1991-07-22,2020-07-15,lerone murphy,odds_frame
aaron phillips,1989-08-05,2020-07-15,aaron phillips,odds_frame
cody stamann,1989-11-09,2020-07-15,cody stamann,odds_frame
arman tsarukyan,1996-10-11,2020-07-18,arman tsarukyan,odds_frame
nad narimani,1987-04-14,2020-07-18,nad narimani,odds_frame
serghei spivac,1995-01-24,2020-07-18,serghei spivac,odds_frame
khadis ibragimov,1995-05-21,2020-07-18,khadis ibragimov,odds_frame
rafael fiziev,1993-03-05,2020-07-18,rafael fiziev,odds_frame
joseph benavidez,1984-07-31,2020-07-18,joseph benavidez,odds_frame
kelvin gastelum,1991-10-24,2020-07-18,kelvin gastelum,odds_frame
joel alvarez,1993-03-02,2020-07-18,joel alvarez,odds_frame
joe duffy,1988-02-18,2020-07-18,joe duffy,odds_frame
carlos felipe,1995-01-12,2020-07-18,carlos felipe,odds_frame
deiveson figueiredo,1987-12-18,2020-07-18,deiveson figueiredo,odds_frame
marc diakiese,1993-03-16,2020-07-18,marc diakiese,odds_frame
roman dolidze,1988-07-15,2020-07-18,roman dolidze,odds_frame
amir albazi,1993-10-27,2020-07-18,amir albazi,odds_frame
grant dawson,1994-02-20,2020-07-18,grant dawson,odds_frame
alexandre pantoja,1990-04-16,2020-07-18,alexandre pantoja,odds_frame
davi ramos,1986-11-05,2020-07-18,davi ramos,odds_frame
malcolm gordon,1990-05-19,2020-07-18,malcolm gordon,odds_frame
brett johns,1992-02-21,2020-07-18,brett johns,odds_frame
jack hermansson,1988-06-10,2020-07-18,jack hermansson,odds_frame
montel jackson,1992-04-24,2020-07-18,montel jackson,odds_frame
askar askarov,1992-10-09,2020-07-18,askar askarov,odds_frame
rogerio nogueira,1976-06-02,2020-07-25,rogerio nogueira,odds_frame
tom aspinall,1993-04-11,2020-07-25,tom aspinall,odds_frame
movsar evloev,1994-02-11,2020-07-25,movsar evloev,odds_frame
tanner boser,1991-08-02,2020-07-25,tanner boser,odds_frame
ramazan emeev,1987-05-23,2020-07-25,ramazan emeev,odds_frame
nathaniel wood,1993-05-08,2020-07-25,nathaniel wood,odds_frame
khamzat chimaev,1994-05-01,2020-07-25,khamzat chimaev,odds_frame
fabricio werdum,1977-07-30,2020-07-25,fabricio werdum,odds_frame
alex oliveira,1988-02-21,2020-07-25,alex oliveira,odds_frame
paul craig,1987-11-27,2020-07-25,paul craig,odds_frame
mauricio rua,1981-11-25,2020-07-25,mauricio rua,odds_frame
robert whittaker,1990-12-20,2020-07-25,robert whittaker,odds_frame
darren till,1992-12-24,2020-07-25,darren till,odds_frame
francisco trinaldo,1978-08-24,2020-07-25,francisco trinaldo,odds_frame
mike grundy,1987-01-03,2020-07-25,mike grundy,odds_frame
niklas stolze,1992-12-28,2020-07-25,niklas stolze,odds_frame
raphael pessoa,1989-03-09,2020-07-25,raphael pessoa,odds_frame
jake collier,1988-10-25,2020-07-25,jake collier,odds_frame
john castaneda,1991-12-18,2020-07-25,john castaneda,odds_frame
jesse ronson,1985-12-24,2020-07-25,jesse ronson,odds_frame
rhys mckee,1995-09-10,2020-07-25,rhys mckee,odds_frame
jai herbert,1988-05-13,2020-07-25,jai herbert,odds_frame
peter sobotta,1987-01-11,2020-07-25,peter sobotta,odds_frame
alexander gustafsson,1987-01-15,2020-07-25,alexander gustafsson,odds_frame
nicolas dalby,1984-11-16,2020-07-25,nicolas dalby,odds_frame
gadzhimurad antigulov,1987-02-09,2020-07-25,gadzhimurad antigulov,odds_frame
cody durden,1991-03-29,2020-08-01,cody durden,odds_frame
vicente luque,1991-11-27,2020-08-01,vicente luque,odds_frame
frankie saenz,1980-08-12,2020-08-01,frankie saenz,odds_frame
derek brunson,1984-01-04,2020-08-01,derek brunson,odds_frame
chris gutierrez,1991-04-22,2020-08-01,chris gutierrez,odds_frame
jonathan martinez,1994-04-20,2020-08-01,jonathan martinez,odds_frame
randy brown,1990-07-08,2020-08-01,randy brown,odds_frame
edmen shahbazyan,1997-11-20,2020-08-01,edmen shahbazyan,odds_frame
darren stewart,1990-12-30,2020-08-08,darren stewart,odds_frame
scott holtzman,1983-09-30,2020-08-08,scott holtzman,odds_frame
omari akhmedov,1987-10-12,2020-08-08,omari akhmedov,odds_frame
joaquin buckley,1994-04-27,2020-08-08,joaquin buckley,odds_frame
peter barrett,1986-08-10,2020-08-08,peter barrett,odds_frame
kevin holland,1992-11-05,2020-08-08,kevin holland,odds_frame
andrew sanchez,1988-04-08,2020-08-08,andrew sanchez,odds_frame
aleksei oleinik,1977-06-20,2020-08-08,aleksei oleinik,odds_frame
laureano staropoli,1993-02-27,2020-08-08,laureano staropoli,odds_frame
derrick lewis,1985-02-07,2020-08-08,derrick lewis,odds_frame
maki pitolo,1990-11-24,2020-08-08,maki pitolo,odds_frame
justin jaynes,1989-08-10,2020-08-08,justin jaynes,odds_frame
chris weidman,1984-06-17,2020-08-08,chris weidman,odds_frame
tim means,1984-02-20,2020-08-08,tim means,odds_frame
youssef zalal,1996-09-04,2020-08-08,youssef zalal,odds_frame
beneil dariush,1989-05-06,2020-08-08,beneil dariush,odds_frame
wellington turman,1996-07-22,2020-08-08,wellington turman,odds_frame
gavin tucker,1986-06-17,2020-08-08,gavin tucker,odds_frame
tj brown,1990-05-22,2020-08-15,tj brown,odds_frame
daniel cormier,1979-03-20,2020-08-15,daniel cormier,odds_frame
jim miller,1983-08-30,2020-08-15,jim miller,odds_frame
john dodson,1984-09-26,2020-08-15,john dodson,odds_frame
parker porter,1985-04-22,2020-08-15,parker porter,odds_frame
marlon vera,1992-12-02,2020-08-15,marlon vera,odds_frame
jairzinho rozenstruik,1988-03-17,2020-08-15,jairzinho rozenstruik,odds_frame
tony kelley,1987-01-21,2020-08-15,tony kelley,odds_frame
merab dvalishvili,1991-01-10,2020-08-15,merab dvalishvili,odds_frame
vinc pichel,1982-11-23,2020-08-15,vinc pichel,odds_frame
daniel pineda,1985-08-06,2020-08-15,daniel pineda,odds_frame
junior dos santos,1984-01-30,2020-08-15,junior dos santos,odds_frame
sean o'malley,1994-10-24,2020-08-15,sean o malley,odds_frame
kai kamaka,1995-01-05,2020-08-15,kai kamaka,odds_frame
herbert burns,1988-02-02,2020-08-15,herbert burns,odds_frame
stipe miocic,1982-08-19,2020-08-15,stipe miocic,odds_frame
danny chavez,1987-03-14,2020-08-15,danny chavez,odds_frame
chris daukaus,1989-09-25,2020-08-15,chris daukaus,odds_frame
dwight grant,1984-09-14,2020-08-22,dwight grant,odds_frame
joe solecki,1993-08-27,2020-08-22,joe solecki,odds_frame
trevin jones,1990-08-04,2020-08-22,trevin jones,odds_frame
mike rodriguez,1988-11-28,2020-08-22,mike rodriguez,odds_frame
matthew semelsberger,1992-11-23,2020-08-22,matthew semelsberger,odds_frame
marcin prachnio,1988-07-14,2020-08-22,marcin prachnio,odds_frame
frankie edgar,1981-10-16,2020-08-22,frankie edgar,odds_frame
pedro munhoz,1986-09-07,2020-08-22,pedro munhoz,odds_frame
carlton minus,1993-04-26,2020-08-22,carlton minus,odds_frame
daniel rodriguez,1986-12-31,2020-08-22,daniel rodriguez,odds_frame
austin hubbard,1991-12-22,2020-08-22,austin hubbard,odds_frame
timur valiev,1990-01-19,2020-08-22,timur valiev,odds_frame
christian aguilera,1991-11-25,2020-08-29,christian aguilera,odds_frame
impa kasanganay,1994-01-17,2020-08-29,impa kasanganay,odds_frame
zak cummings,1984-08-02,2020-08-29,zak cummings,odds_frame
neil magny,1987-08-03,2020-08-29,neil magny,odds_frame
aleksandar rakic,1992-02-06,2020-08-29,aleksandar rakic,odds_frame
bill algeo,1989-06-09,2020-08-29,bill algeo,odds_frame
austin springer,1987-05-12,2020-08-29,austin springer,odds_frame
alessio di chirico,1989-12-12,2020-08-29,alessio di chirico,odds_frame
anthony smith,1988-07-26,2020-08-29,anthony smith,odds_frame
robbie lawler,1982-03-20,2020-08-29,robbie lawler,odds_frame
maki pitolo,1990-11-24,2020-08-29,maki pitolo,odds_frame
sean brady,1992-11-23,2020-08-29,sean brady,odds_frame
alex caceres,1988-06-20,2020-08-29,alex caceres,odds_frame
ricardo lamas,1982-05-21,2020-08-29,ricardo lamas,odds_frame
hunter azure,1992-03-02,2020-09-05,hunter azure,odds_frame
ray rodriguez,1987-12-10,2020-09-05,ray rodriguez,odds_frame
bartosz fabinski,1986-04-26,2020-09-05,bartosz fabinski,odds_frame
zelim imadaev,1995-01-25,2020-09-05,zelim imadaev,odds_frame
alonzo menifield,1987-10-18,2020-09-05,alonzo menifield,odds_frame
augusto sakai,1991-05-09,2020-09-05,augusto sakai,odds_frame
brian kelleher,1986-08-19,2020-09-05,brian kelleher,odds_frame
cole smith,1989-04-05,2020-09-05,cole smith,odds_frame
andre muniz,1990-02-17,2020-09-05,andre muniz,odds_frame
alistair overeem,1980-05-17,2020-09-05,alistair overeem,odds_frame
michel pereira,1993-10-06,2020-09-05,michel pereira,odds_frame
ovince saint preux,1983-04-08,2020-09-05,ovince saint preux,odds_frame
billy quarantillo,1988-12-08,2020-09-12,billy quarantillo,odds_frame
jalin turner,1995-05-18,2020-09-12,jalin turner,odds_frame
mike rodriguez,1988-11-28,2020-09-12,mike rodriguez,odds_frame
kyle nelson,1991-04-20,2020-09-12,kyle nelson,odds_frame
ottman azaitar,1990-02-20,2020-09-12,ottman azaitar,odds_frame
kevin croom,1987-07-15,2020-09-12,kevin croom,odds_frame
anthony ivy,1990-01-23,2020-09-12,anthony ivy,odds_frame
ed herman,1980-10-02,2020-09-12,ed herman,odds_frame
brok weaver,1991-12-05,2020-09-12,brok weaver,odds_frame
roosevelt roberts,1994-02-11,2020-09-12,roosevelt roberts,odds_frame
roque martinez,1986-03-04,2020-09-12,roque martinez,odds_frame
alexandr romanov,1990-12-11,2020-09-12,alexandr romanov,odds_frame
khama worthy,1986-10-15,2020-09-12,khama worthy,odds_frame
bryan barberena,1989-05-03,2020-09-12,bryan barberena,odds_frame
darren stewart,1990-12-30,2020-09-19,darren stewart,odds_frame
johnny walker,1992-03-30,2020-09-19,johnny walker,odds_frame
niko price,1989-09-29,2020-09-19,niko price,odds_frame
kevin holland,1992-11-05,2020-09-19,kevin holland,odds_frame
tyson nam,1983-10-06,2020-09-19,tyson nam,odds_frame
ryan spann,1991-08-24,2020-09-19,ryan spann,odds_frame
gerald meerschaert,1987-12-18,2020-09-19,gerald meerschaert,odds_frame
tyron woodley,1982-04-07,2020-09-19,tyron woodley,odds_frame
david dvorak,1992-06-05,2020-09-19,david dvorak,odds_frame
damon jackson,1988-08-08,2020-09-19,damon jackson,odds_frame
khamzat chimaev,1994-05-01,2020-09-19,khamzat chimaev,odds_frame
darrick minner,1990-04-28,2020-09-19,darrick minner,odds_frame
tj laramie,1997-10-15,2020-09-19,tj laramie,odds_frame
jerome rivera,1995-04-22,2020-09-19,jerome rivera,odds_frame
donald cerrone,1983-03-29,2020-09-19,donald cerrone,odds_frame
randy costa,1994-07-06,2020-09-19,randy costa,odds_frame
irwin rivera,1989-02-14,2020-09-19,irwin rivera,odds_frame
journey newson,1989-03-07,2020-09-19,journey newson,odds_frame
colby covington,1988-02-22,2020-09-19,colby covington,odds_frame
mirsad bektic,1991-02-16,2020-09-19,mirsad bektic,odds_frame
jordan espinosa,1989-11-08,2020-09-19,jordan espinosa,odds_frame
andre ewell,1988-01-21,2020-09-19,andre ewell,odds_frame
israel adesanya,1989-07-22,2020-09-26,israel adesanya,odds_frame
jan blachowicz,1983-02-24,2020-09-26,jan blachowicz,odds_frame
kai kara-france,1993-03-26,2020-09-26,kai kara france,odds_frame
brandon royval,1992-08-16,2020-09-26,brandon royval,odds_frame
alex da silva,1996-02-04,2020-09-26,alex da silva,odds_frame
jake matthews,1994-08-19,2020-09-26,jake matthews,odds_frame
ludovit klein,1995-02-22,2020-09-26,ludovit klein,odds_frame
aleksa camur,1995-09-25,2020-09-26,aleksa camur,odds_frame
jeff hughes,1988-05-17,2020-09-26,jeff hughes,odds_frame
danilo marques,1985-12-26,2020-09-26,danilo marques,odds_frame
zubaira tukhugov,1991-01-15,2020-09-26,zubaira tukhugov,odds_frame
paulo costa,1991-04-21,2020-09-26,paulo costa,odds_frame
brad riddell,1991-09-30,2020-09-26,brad riddell,odds_frame
dominick reyes,1989-12-26,2020-09-26,dominick reyes,odds_frame
shane young,1993-07-31,2020-09-26,shane young,odds_frame
william knight,1988-04-03,2020-09-26,william knight,odds_frame
juan espino,1980-10-09,2020-09-26,juan espino,odds_frame
khadis ibragimov,1995-05-21,2020-09-26,khadis ibragimov,odds_frame
hakeem dawodu,1991-07-02,2020-09-26,hakeem dawodu,odds_frame
diego sanchez,1981-12-31,2020-09-26,diego sanchez,odds_frame
cameron else,1987-04-27,2020-10-03,cameron else,odds_frame
carlos felipe,1995-01-12,2020-10-03,carlos felipe,odds_frame
josh culibao,1994-05-24,2020-10-03,josh culibao,odds_frame
nassourdine imavov,1996-03-01,2020-10-03,nassourdine imavov,odds_frame
alatengheili,1991-12-14,2020-10-03,alatengheili,odds_frame
dusko todorovic,1994-05-19,2020-10-03,dusko todorovic,odds_frame
jessin ayari,1992-05-31,2020-10-03,jessin ayari,odds_frame
court mcgee,1984-12-12,2020-10-03,court mcgee,odds_frame
jordan williams,1990-10-13,2020-10-03,jordan williams,odds_frame
charles jourdain,1995-11-27,2020-10-03,charles jourdain,odds_frame
dequan townsend,1986-05-11,2020-10-03,dequan townsend,odds_frame
carlos condit,1984-04-26,2020-10-03,carlos condit,odds_frame
casey kenney,1991-03-20,2020-10-03,casey kenney,odds_frame
kyler phillips,1995-06-12,2020-10-03,kyler phillips,odds_frame
yorgan de castro,1986-12-19,2020-10-03,yorgan de castro,odds_frame
luigi vendramini,1996-01-16,2020-10-03,luigi vendramini,odds_frame
impa kasanganay,1994-01-17,2020-10-10,impa kasanganay,odds_frame
rodrigo nascimento,1992-11-26,2020-10-10,rodrigo nascimento,odds_frame
dricus du plessis,1994-01-14,2020-10-10,dricus du plessis,odds_frame
tom breese,1991-09-26,2020-10-10,tom breese,odds_frame
joaquin buckley,1994-04-27,2020-10-10,joaquin buckley,odds_frame
tony kelley,1987-01-21,2020-10-10,tony kelley,odds_frame
markus perez,1988-06-22,2020-10-10,markus perez,odds_frame
bruno silva,1989-07-13,2020-10-10,bruno silva,odds_frame
giga chikadze,1988-08-25,2020-10-10,giga chikadze,odds_frame
youssef zalal,1996-09-04,2020-10-10,youssef zalal,odds_frame
tom aspinall,1993-04-11,2020-10-10,tom aspinall,odds_frame
cory sandhagen,1992-04-20,2020-10-10,cory sandhagen,odds_frame
makwan amirkhani,1988-11-08,2020-10-10,makwan amirkhani,odds_frame
marcin tybura,1985-11-09,2020-10-10,marcin tybura,odds_frame
marlon moraes,1988-04-26,2020-10-10,marlon moraes,odds_frame
edson barboza,1986-01-21,2020-10-10,edson barboza,odds_frame
ilia topuria,1997-01-21,2020-10-10,ilia topuria,odds_frame
kb bhullar,1991-10-12,2020-10-10,kb bhullar,odds_frame
chris daukaus,1989-09-25,2020-10-10,chris daukaus,odds_frame
tagir ulanbekov,1991-08-07,2020-10-10,tagir ulanbekov,odds_frame
omar morales,1985-10-17,2020-10-10,omar morales,odds_frame
alan baudot,1988-02-01,2020-10-10,alan baudot,odds_frame
ali alqaisi,1990-09-23,2020-10-10,ali alqaisi,odds_frame
ben rothwell,1981-10-17,2020-10-10,ben rothwell,odds_frame
jonathan martinez,1994-04-20,2020-10-17,jonathan martinez,odds_frame
guram kutateladze,1992-01-08,2020-10-17,guram kutateladze,odds_frame
john phillips,1985-06-09,2020-10-17,john phillips,odds_frame
fares ziam,1997-03-21,2020-10-17,fares ziam,odds_frame
modestas bukauskas,1994-02-10,2020-10-17,modestas bukauskas,odds_frame
james krause,1986-06-04,2020-10-17,james krause,odds_frame
jamie mullarkey,1994-08-17,2020-10-17,jamie mullarkey,odds_frame
said nurmagomedov,1992-04-05,2020-10-17,said nurmagomedov,odds_frame
gadzhimurad antigulov,1987-02-09,2020-10-17,gadzhimurad antigulov,odds_frame
maxim grishin,1984-05-02,2020-10-17,maxim grishin,odds_frame
junyong park,1991-02-27,2020-10-17,junyong park,odds_frame
mateusz gamrot,1990-12-11,2020-10-17,mateusz gamrot,odds_frame
thomas almeida,1991-07-31,2020-10-17,thomas almeida,odds_frame
claudio silva,1982-09-06,2020-10-17,claudio silva,odds_frame
jimmy crute,1996-03-04,2020-10-17,jimmy crute,odds_frame
brian ortega,1991-02-21,2020-10-17,brian ortega,odds_frame
chan sung jung,1987-03-17,2020-10-17,chan sung jung,odds_frame
mark striegl,1988-06-23,2020-10-17,mark striegl,odds_frame
magomed ankalaev,1992-06-02,2020-10-24,magomed ankalaev,odds_frame
walt harris,1983-06-10,2020-10-24,walt harris,odds_frame
robert whittaker,1990-12-20,2020-10-24,robert whittaker,odds_frame
alexander volkov,1988-10-24,2020-10-24,alexander volkov,odds_frame
jacob malkoun,1995-08-26,2020-10-24,jacob malkoun,odds_frame
khabib nurmagomedov,1988-09-20,2020-10-24,khabib nurmagomedov,odds_frame
stefan struve,1988-02-18,2020-10-24,stefan struve,odds_frame
nathaniel wood,1993-05-08,2020-10-24,nathaniel wood,odds_frame
joel alvarez,1993-03-02,2020-10-24,joel alvarez,odds_frame
da woon jung,1993-12-07,2020-10-24,da woon jung,odds_frame
jared cannonier,1984-03-16,2020-10-24,jared cannonier,odds_frame
alex oliveira,1988-02-21,2020-10-24,alex oliveira,odds_frame
ion cutelaba,1993-12-14,2020-10-24,ion cutelaba,odds_frame
sam alvey,1986-05-06,2020-10-24,sam alvey,odds_frame
alexander yakovlev,1984-07-18,2020-10-24,alexander yakovlev,odds_frame
shavkat rakhmonov,1994-10-23,2020-10-24,shavkat rakhmonov,odds_frame
casey kenney,1991-03-20,2020-10-24,casey kenney,odds_frame
tai tuivasa,1993-03-16,2020-10-24,tai tuivasa,odds_frame
justin gaethje,1988-11-14,2020-10-24,justin gaethje,odds_frame
phil hawes,1989-01-08,2020-10-24,phil hawes,odds_frame
andre fili,1990-06-25,2020-10-31,andre fili,odds_frame
greg hardy,1988-07-28,2020-10-31,greg hardy,odds_frame
anderson silva,1975-04-14,2020-10-31,anderson silva,odds_frame
jack marshman,1989-12-19,2020-10-31,jack marshman,odds_frame
charlie ontiveros,1991-07-04,2020-10-31,charlie ontiveros,odds_frame
victor rodriguez,1992-09-05,2020-10-31,victor rodriguez,odds_frame
chris gruetzemacher,1986-06-16,2020-10-31,chris gruetzemacher,odds_frame
miles johns,1994-03-30,2020-10-31,miles johns,odds_frame
dustin jacoby,1988-04-04,2020-10-31,dustin jacoby,odds_frame
cole williams,1983-12-15,2020-10-31,cole williams,odds_frame
sean strickland,1991-02-27,2020-10-31,sean strickland,odds_frame
adrian yanez,1993-11-29,2020-10-31,adrian yanez,odds_frame
kevin holland,1992-11-05,2020-10-31,kevin holland,odds_frame
maurice greene,1986-07-05,2020-10-31,maurice greene,odds_frame
bryce mitchell,1994-10-04,2020-10-31,bryce mitchell,odds_frame
uriah hall,1984-07-31,2020-10-31,uriah hall,odds_frame
kevin natividad,1993-04-02,2020-10-31,kevin natividad,odds_frame
jason witt,1986-11-07,2020-10-31,jason witt,odds_frame
justin ledet,1988-09-28,2020-10-31,justin ledet,odds_frame
alexander hernandez,1992-10-01,2020-10-31,alexander hernandez,odds_frame
ramiz brahimaj,1992-11-17,2020-11-07,ramiz brahimaj,odds_frame
eduardo garagorri,1989-05-28,2020-11-07,eduardo garagorri,odds_frame
bevon lewis,1991-05-05,2020-11-07,bevon lewis,odds_frame
glover teixeira,1979-10-28,2020-11-07,glover teixeira,odds_frame
jamey simmons,1992-09-11,2020-11-07,jamey simmons,odds_frame
khalid taha,1992-02-15,2020-11-07,khalid taha,odds_frame
tanner boser,1991-08-02,2020-11-07,tanner boser,odds_frame
gustavo lopez,1989-06-27,2020-11-07,gustavo lopez,odds_frame
max griffin,1985-11-29,2020-11-07,max griffin,odds_frame
anthony birchak,1986-05-16,2020-11-07,anthony birchak,odds_frame
trevin giles,1992-08-06,2020-11-07,trevin giles,odds_frame
giga chikadze,1988-08-25,2020-11-07,giga chikadze,odds_frame
raoni barcelos,1987-05-01,2020-11-07,raoni barcelos,odds_frame
andrei arlovski,1979-02-04,2020-11-07,andrei arlovski,odds_frame
thiago santos,1984-01-07,2020-11-07,thiago santos,odds_frame
darren elkins,1984-05-16,2020-11-07,darren elkins,odds_frame
geraldo de freitas,1991-09-30,2020-11-14,geraldo de freitas,odds_frame
brendan allen,1995-12-28,2020-11-14,brendan allen,odds_frame
abdul razak alhassan,1985-08-11,2020-11-14,abdul razak alhassan,odds_frame
alex morono,1990-08-16,2020-11-14,alex morono,odds_frame
rafael dos anjos,1984-10-26,2020-11-14,rafael dos anjos,odds_frame
paul felder,1984-04-25,2020-11-14,paul felder,odds_frame
roque martinez,1986-03-04,2020-11-14,roque martinez,odds_frame
sean strickland,1991-02-27,2020-11-14,sean strickland,odds_frame
tony gravely,1991-09-28,2020-11-14,tony gravely,odds_frame
rhys mckee,1995-09-10,2020-11-14,rhys mckee,odds_frame
khaos williams,1994-03-30,2020-11-14,khaos williams,odds_frame
don'tale mayes,1992-01-16,2020-11-14,don tale mayes,odds_frame
daniel rodriguez,1986-12-31,2020-11-21,daniel rodriguez,odds_frame
joaquin buckley,1994-04-27,2020-11-21,joaquin buckley,odds_frame
brandon moreno,1993-12-07,2020-11-21,brandon moreno,odds_frame
mauricio rua,1981-11-25,2020-11-21,mauricio rua,odds_frame
mike perry,1991-09-15,2020-11-21,mike perry,odds_frame
deiveson figueiredo,1987-12-18,2020-11-21,deiveson figueiredo,odds_frame
dustin stoltzfus,1991-11-15,2020-11-21,dustin stoltzfus,odds_frame
kyle daukaus,1993-02-27,2020-11-21,kyle daukaus,odds_frame
nicolas dalby,1984-11-16,2020-11-21,nicolas dalby,odds_frame
jordan wright,1991-10-07,2020-11-21,jordan wright,odds_frame
brandon royval,1992-08-16,2020-11-21,brandon royval,odds_frame
paul craig,1987-11-27,2020-11-21,paul craig,odds_frame
tim means,1984-02-20,2020-11-21,tim means,odds_frame
alex perez,1992-03-21,2020-11-21,alex perez,odds_frame
jared gooden,1993-12-05,2020-11-21,jared gooden,odds_frame
sasha palatnikov,1989-03-15,2020-11-21,sasha palatnikov,odds_frame
louis cosce,1995-08-27,2020-11-21,louis cosce,odds_frame
alan jouban,1981-11-25,2020-11-21,alan jouban,odds_frame
josh parisian,1989-06-28,2020-11-28,josh parisian,odds_frame
miguel baeza,1992-08-23,2020-11-28,miguel baeza,odds_frame
devin clark,1990-04-12,2020-11-28,devin clark,odds_frame
takashi sato,1990-06-09,2020-11-28,takashi sato,odds_frame
anderson dos santos,1985-07-24,2020-11-28,anderson dos santos,odds_frame
bill algeo,1989-06-09,2020-11-28,bill algeo,odds_frame
malcolm gordon,1990-05-19,2020-11-28,malcolm gordon,odds_frame
nate maness,1991-06-27,2020-11-28,nate maness,odds_frame
parker porter,1985-04-22,2020-11-28,parker porter,odds_frame
anthony smith,1988-07-26,2020-11-28,anthony smith,odds_frame
luke sanders,1985-12-12,2020-11-28,luke sanders,odds_frame
sumudaerji,1996-01-20,2020-11-28,sumudaerji,odds_frame
spike carlyle,1993-05-06,2020-11-28,spike carlyle,odds_frame
martin day,1988-11-10,2020-11-28,martin day,odds_frame
john allan,1993-02-22,2020-12-05,john allan,odds_frame
damon jackson,1988-08-08,2020-12-05,damon jackson,odds_frame
jake collier,1988-10-25,2020-12-05,jake collier,odds_frame
jose quinonez,1990-07-28,2020-12-05,jose quinonez,odds_frame
justin jaynes,1989-08-10,2020-12-05,justin jaynes,odds_frame
jamahal hill,1991-05-19,2020-12-05,jamahal hill,odds_frame
marvin vettori,1993-09-20,2020-12-05,marvin vettori,odds_frame
jordan leavitt,1995-06-02,2020-12-05,jordan leavitt,odds_frame
ovince saint preux,1983-04-08,2020-12-05,ovince saint preux,odds_frame
gabriel benitez,1988-06-15,2020-12-05,gabriel benitez,odds_frame
jack hermansson,1988-06-10,2020-12-05,jack hermansson,odds_frame
matt wiman,1983-09-19,2020-12-05,matt wiman,odds_frame
louis smolka,1991-07-16,2020-12-05,louis smolka,odds_frame
gian villante,1985-08-18,2020-12-05,gian villante,odds_frame
ilia topuria,1997-01-21,2020-12-05,ilia topuria,odds_frame
roman dolidze,1988-07-15,2020-12-05,roman dolidze,odds_frame
junior dos santos,1984-01-30,2020-12-12,junior dos santos,odds_frame
cub swanson,1983-11-02,2020-12-12,cub swanson,odds_frame
renato moicano,1989-05-21,2020-12-12,renato moicano,odds_frame
chase hooper,1999-09-13,2020-12-12,chase hooper,odds_frame
ciryl gane,1990-04-12,2020-12-12,ciryl gane,odds_frame
charles oliveira,1989-10-17,2020-12-12,charles oliveira,odds_frame
gavin tucker,1986-06-17,2020-12-12,gavin tucker,odds_frame
tony ferguson,1984-02-12,2020-12-12,tony ferguson,odds_frame
kevin holland,1992-11-05,2020-12-12,kevin holland,odds_frame
peter barrett,1986-08-10,2020-12-12,peter barrett,odds_frame
billy quarantillo,1988-12-08,2020-12-12,billy quarantillo,odds_frame
rafael fiziev,1993-03-05,2020-12-12,rafael fiziev,odds_frame
daniel pineda,1985-08-06,2020-12-12,daniel pineda,odds_frame
jacare souza,1979-12-07,2020-12-12,jacare souza,odds_frame
michel pereira,1993-10-06,2020-12-19,michel pereira,odds_frame
geoff neal,1990-08-28,2020-12-19,geoff neal,odds_frame
marlon vera,1992-12-02,2020-12-19,marlon vera,odds_frame
khaos williams,1994-03-30,2020-12-19,khaos williams,odds_frame
jamie pickett,1988-08-29,2020-12-19,jamie pickett,odds_frame
greg hardy,1988-07-28,2020-12-19,greg hardy,odds_frame
alex morono,1990-08-16,2020-12-19,alex morono,odds_frame
antonio arroyo,1989-07-01,2020-12-19,antonio arroyo,odds_frame
cody durden,1991-03-29,2020-12-19,cody durden,odds_frame
carlton minus,1993-04-26,2020-12-19,carlton minus,odds_frame
rob font,1987-06-25,2020-12-19,rob font,odds_frame
tafon nchukwi,1994-10-14,2020-12-19,tafon nchukwi,odds_frame
christos giagos,1990-01-23,2020-12-19,christos giagos,odds_frame
jimmy flick,1990-09-07,2020-12-19,jimmy flick,odds_frame
anthony pettis,1987-01-27,2020-12-19,anthony pettis,odds_frame
jose aldo,1986-09-09,2020-12-19,jose aldo,odds_frame
stephen thompson,1983-02-11,2020-12-19,stephen thompson,odds_frame
marlon moraes,1988-04-26,2020-12-19,marlon moraes,odds_frame
marcin tybura,1985-11-09,2020-12-19,marcin tybura,odds_frame
deron winn,1989-06-13,2020-12-19,deron winn,odds_frame
austin lingo,1994-07-10,2021-01-16,austin lingo,odds_frame
joaquin buckley,1994-04-27,2021-01-16,joaquin buckley,odds_frame
max holloway,1991-12-04,2021-01-16,max holloway,odds_frame
punahele soriano,1992-11-22,2021-01-16,punahele soriano,odds_frame
carlos felipe,1995-01-12,2021-01-16,carlos felipe,odds_frame
jacob kilburn,1995-06-28,2021-01-16,jacob kilburn,odds_frame
alessio di chirico,1989-12-12,2021-01-16,alessio di chirico,odds_frame
calvin kattar,1988-03-26,2021-01-16,calvin kattar,odds_frame
dusko todorovic,1994-05-19,2021-01-16,dusko todorovic,odds_frame
ramazan emeev,1987-05-23,2021-01-16,ramazan emeev,odds_frame
david zawada,1990-08-01,2021-01-16,david zawada,odds_frame
justin tafa,1993-12-13,2021-01-16,justin tafa,odds_frame
lerone murphy,1991-07-22,2021-01-20,lerone murphy,odds_frame
michael chiesa,1987-12-07,2021-01-20,michael chiesa,odds_frame
matt schnell,1990-01-15,2021-01-20,matt schnell,odds_frame
mike davis,1992-10-07,2021-01-20,mike davis,odds_frame
omari akhmedov,1987-10-12,2021-01-20,omari akhmedov,odds_frame
ricky simon,1992-08-31,2021-01-20,ricky simon,odds_frame
sumudaerji,1996-01-20,2021-01-20,sumudaerji,odds_frame
dalcha lungiambula,1987-07-31,2021-01-20,dalcha lungiambula,odds_frame
umar nurmagomedov,1996-01-03,2021-01-20,umar nurmagomedov,odds_frame
mason jones,1995-04-26,2021-01-20,mason jones,odds_frame
warlley alves,1991-01-04,2021-01-20,warlley alves,odds_frame
tom breese,1991-09-26,2021-01-20,tom breese,odds_frame
mounir lazzez,1987-11-16,2021-01-20,mounir lazzez,odds_frame
douglas silva de andrade,1985-06-22,2021-01-20,douglas silva de andrade,odds_frame
sergey morozov,1989-06-14,2021-01-20,sergey morozov,odds_frame
markus perez,1988-06-22,2021-01-20,markus perez,odds_frame
neil magny,1987-08-03,2021-01-20,neil magny,odds_frame
tyson nam,1983-10-06,2021-01-20,tyson nam,odds_frame
gaetano pirrello,1992-04-29,2021-01-20,gaetano pirrello,odds_frame
zarrukh adashev,1992-07-29,2021-01-20,zarrukh adashev,odds_frame
conor mcgregor,1988-07-14,2021-01-23,conor mcgregor,odds_frame
matt frevola,1990-06-11,2021-01-23,matt frevola,odds_frame
dustin poirier,1989-01-19,2021-01-23,dustin poirier,odds_frame
brad tavares,1987-12-21,2021-01-23,brad tavares,odds_frame
arman tsarukyan,1996-10-11,2021-01-23,arman tsarukyan,odds_frame
nik lentz,1984-08-13,2021-01-23,nik lentz,odds_frame
movsar evloev,1994-02-11,2021-01-23,movsar evloev,odds_frame
amir albazi,1993-10-27,2021-01-23,amir albazi,odds_frame
zhalgas zhumagulov,1988-08-29,2021-01-23,zhalgas zhumagulov,odds_frame
dan hooker,1990-02-13,2021-01-23,dan hooker,odds_frame
michael chandler,1986-04-24,2021-01-23,michael chandler,odds_frame
antonio carlos junior,1990-03-16,2021-01-23,antonio carlos junior,odds_frame
andrew sanchez,1988-04-08,2021-01-23,andrew sanchez,odds_frame
makhmud muradov,1990-02-08,2021-01-23,makhmud muradov,odds_frame
justin jaynes,1989-08-10,2021-02-06,justin jaynes,odds_frame
danilo marques,1985-12-26,2021-02-06,danilo marques,odds_frame
beneil dariush,1989-05-06,2021-02-06,beneil dariush,odds_frame
clay guida,1981-12-08,2021-02-06,clay guida,odds_frame
diego ferreira,1985-01-18,2021-02-06,diego ferreira,odds_frame
alexander volkov,1988-10-24,2021-02-06,alexander volkov,odds_frame
mike rodriguez,1988-11-28,2021-02-06,mike rodriguez,odds_frame
devonte smith,1993-07-30,2021-02-06,devonte smith,odds_frame
alexandre pantoja,1990-04-16,2021-02-06,alexandre pantoja,odds_frame
frankie edgar,1981-10-16,2021-02-06,frankie edgar,odds_frame
michael johnson,1986-06-04,2021-02-06,michael johnson,odds_frame
ode osbourne,1992-01-09,2021-02-06,ode osbourne,odds_frame
jerome rivera,1995-04-22,2021-02-06,jerome rivera,odds_frame
cory sandhagen,1992-04-20,2021-02-06,cory sandhagen,odds_frame
manel kape,1993-11-14,2021-02-06,manel kape,odds_frame
martin day,1988-11-10,2021-02-06,martin day,odds_frame
alistair overeem,1980-05-17,2021-02-06,alistair overeem,odds_frame
timur valiev,1990-01-19,2021-02-06,timur valiev,odds_frame
gabe green,1993-05-02,2021-02-13,gabe green,odds_frame
phil rowe,1990-07-18,2021-02-13,phil rowe,odds_frame
chris gutierrez,1991-04-22,2021-02-13,chris gutierrez,odds_frame
dhiego lima,1989-01-31,2021-02-13,dhiego lima,odds_frame
anthony hernandez,1993-10-18,2021-02-13,anthony hernandez,odds_frame
julian marquez,1990-05-08,2021-02-13,julian marquez,odds_frame
brian kelleher,1986-08-19,2021-02-13,brian kelleher,odds_frame
ian heinisch,1988-08-05,2021-02-13,ian heinisch,odds_frame
kamaru usman,1987-05-11,2021-02-13,kamaru usman,odds_frame
gilbert burns,1986-07-20,2021-02-13,gilbert burns,odds_frame
kelvin gastelum,1991-10-24,2021-02-13,kelvin gastelum,odds_frame
ricky simon,1992-08-31,2021-02-13,ricky simon,odds_frame
maki pitolo,1990-11-24,2021-02-13,maki pitolo,odds_frame
rodolfo vieira,1989-09-25,2021-02-13,rodolfo vieira,odds_frame
belal muhammad,1988-07-09,2021-02-13,belal muhammad,odds_frame
andre ewell,1988-01-21,2021-02-13,andre ewell,odds_frame
eddie wineland,1984-06-26,2021-02-20,eddie wineland,odds_frame
aiemann zahabi,1987-11-19,2021-02-20,aiemann zahabi,odds_frame
curtis blaydes,1991-02-18,2021-02-20,curtis blaydes,odds_frame
charles rosa,1986-08-24,2021-02-20,charles rosa,odds_frame
aleksei oleinik,1977-06-20,2021-02-20,aleksei oleinik,odds_frame
nate landwehr,1988-06-06,2021-02-20,nate landwehr,odds_frame
phil hawes,1989-01-08,2021-02-20,phil hawes,odds_frame
andrei arlovski,1979-02-04,2021-02-20,andrei arlovski,odds_frame
jared gordon,1988-09-06,2021-02-20,jared gordon,odds_frame
danny chavez,1987-03-14,2021-02-20,danny chavez,odds_frame
nassourdine imavov,1996-03-01,2021-02-20,nassourdine imavov,odds_frame
chris daukaus,1989-09-25,2021-02-20,chris daukaus,odds_frame
derrick lewis,1985-02-07,2021-02-20,derrick lewis,odds_frame
darrick minner,1990-04-28,2021-02-20,darrick minner,odds_frame
tom aspinall,1993-04-11,2021-02-20,tom aspinall,odds_frame
john castaneda,1991-12-18,2021-02-20,john castaneda,odds_frame
drako rodriguez,1996-06-16,2021-02-20,drako rodriguez,odds_frame
julian erosa,1989-07-31,2021-02-20,julian erosa,odds_frame
alexander hernandez,1992-10-01,2021-02-27,alexander hernandez,odds_frame
kevin croom,1987-07-15,2021-02-27,kevin croom,odds_frame
ronnie lawrence,1992-06-13,2021-02-27,ronnie lawrence,odds_frame
jimmie rivera,1989-06-29,2021-02-27,jimmie rivera,odds_frame
pedro munhoz,1986-09-07,2021-02-27,pedro munhoz,odds_frame
magomed ankalaev,1992-06-02,2021-02-27,magomed ankalaev,odds_frame
thiago moises,1995-03-23,2021-02-27,thiago moises,odds_frame
alex caceres,1988-06-20,2021-02-27,alex caceres,odds_frame
vince cachero,1989-11-07,2021-02-27,vince cachero,odds_frame
maxim grishin,1984-05-02,2021-02-27,maxim grishin,odds_frame
ciryl gane,1990-04-12,2021-02-27,ciryl gane,odds_frame
nikita krylov,1992-03-07,2021-02-27,nikita krylov,odds_frame
dustin jacoby,1988-04-04,2021-02-27,dustin jacoby,odds_frame
jairzinho rozenstruik,1988-03-17,2021-02-27,jairzinho rozenstruik,odds_frame
joseph benavidez,1984-07-31,2021-03-06,joseph benavidez,odds_frame
kyler phillips,1995-06-12,2021-03-06,kyler phillips,odds_frame
kennedy nzechukwu,1992-06-13,2021-03-06,kennedy nzechukwu,odds_frame
casey kenney,1991-03-20,2021-03-06,casey kenney,odds_frame
petr yan,1993-02-11,2021-03-06,petr yan,odds_frame
mario bautista,1993-07-01,2021-03-06,mario bautista,odds_frame
aljamain sterling,1989-07-31,2021-03-06,aljamain sterling,odds_frame
jan blachowicz,1983-02-24,2021-03-06,jan blachowicz,odds_frame
israel adesanya,1989-07-22,2021-03-06,israel adesanya,odds_frame
song yadong,1997-12-02,2021-03-06,song yadong,odds_frame
sean brady,1992-11-23,2021-03-06,sean brady,odds_frame
drew dober,1988-10-19,2021-03-06,drew dober,odds_frame
thiago santos,1984-01-07,2021-03-06,thiago santos,odds_frame
dominick cruz,1985-03-09,2021-03-06,dominick cruz,odds_frame
aleksandar rakic,1992-02-06,2021-03-06,aleksandar rakic,odds_frame
askar askarov,1992-10-09,2021-03-06,askar askarov,odds_frame
trevin jones,1990-08-04,2021-03-06,trevin jones,odds_frame
uros medic,1993-04-25,2021-03-06,uros medic,odds_frame
tim elliott,1986-12-24,2021-03-06,tim elliott,odds_frame
aalon cruz,1989-09-20,2021-03-06,aalon cruz,odds_frame
carlos ulberg,1990-11-07,2021-03-06,carlos ulberg,odds_frame
jake matthews,1994-08-19,2021-03-06,jake matthews,odds_frame
jordan espinosa,1989-11-08,2021-03-06,jordan espinosa,odds_frame
islam makhachev,1991-10-27,2021-03-06,islam makhachev,odds_frame
misha cirkunov,1987-02-27,2021-03-13,misha cirkunov,odds_frame
jason witt,1986-11-07,2021-03-13,jason witt,odds_frame
jonathan martinez,1994-04-20,2021-03-13,jonathan martinez,odds_frame
ray rodriguez,1987-12-10,2021-03-13,ray rodriguez,odds_frame
gavin tucker,1986-06-17,2021-03-13,gavin tucker,odds_frame
eryk anders,1987-04-21,2021-03-13,eryk anders,odds_frame
manel kape,1993-11-14,2021-03-13,manel kape,odds_frame
leon edwards,1991-08-25,2021-03-13,leon edwards,odds_frame
dan ige,1991-08-06,2021-03-13,dan ige,odds_frame
matthew semelsberger,1992-11-23,2021-03-13,matthew semelsberger,odds_frame
matheus nicolau,1993-01-06,2021-03-13,matheus nicolau,odds_frame
rani yahya,1984-09-12,2021-03-13,rani yahya,odds_frame
ryan spann,1991-08-24,2021-03-13,ryan spann,odds_frame
nasrat haqparast,1995-08-22,2021-03-13,nasrat haqparast,odds_frame
marcelo rojo,1988-07-02,2021-03-13,marcelo rojo,odds_frame
charles jourdain,1995-11-27,2021-03-13,charles jourdain,odds_frame
belal muhammad,1988-07-09,2021-03-13,belal muhammad,odds_frame
rafa garcia,1994-08-05,2021-03-13,rafa garcia,odds_frame
darren stewart,1990-12-30,2021-03-13,darren stewart,odds_frame
davey grant,1985-12-18,2021-03-13,davey grant,odds_frame
tai tuivasa,1993-03-16,2021-03-20,tai tuivasa,odds_frame
song kenan,1990-03-10,2021-03-20,song kenan,odds_frame
leonardo santos,1980-02-05,2021-03-20,leonardo santos,odds_frame
gustavo lopez,1989-06-27,2021-03-20,gustavo lopez,odds_frame
max griffin,1985-11-29,2021-03-20,max griffin,odds_frame
roman dolidze,1988-07-15,2021-03-20,roman dolidze,odds_frame
grant dawson,1994-02-20,2021-03-20,grant dawson,odds_frame
jp buys,1996-04-30,2021-03-20,jp buys,odds_frame
derek brunson,1984-01-04,2021-03-20,derek brunson,odds_frame
kevin holland,1992-11-05,2021-03-20,kevin holland,odds_frame
montel jackson,1992-04-24,2021-03-20,montel jackson,odds_frame
adrian yanez,1993-11-29,2021-03-20,adrian yanez,odds_frame
bruno silva,1989-07-13,2021-03-20,bruno silva,odds_frame
trevin giles,1992-08-06,2021-03-20,trevin giles,odds_frame
jesse strader,1991-05-29,2021-03-20,jesse strader,odds_frame
harry hunsucker,1989-01-03,2021-03-20,harry hunsucker,odds_frame
fabio cherant,1994-11-25,2021-03-27,fabio cherant,odds_frame
modestas bukauskas,1994-02-10,2021-03-27,modestas bukauskas,odds_frame
abubakar nurmagomedov,1989-11-13,2021-03-27,abubakar nurmagomedov,odds_frame
michal oleksiejczuk,1995-02-22,2021-03-27,michal oleksiejczuk,odds_frame
sean o'malley,1994-10-24,2021-03-27,sean o malley,odds_frame
vicente luque,1991-11-27,2021-03-27,vicente luque,odds_frame
thomas almeida,1991-07-31,2021-03-27,thomas almeida,odds_frame
jared gooden,1993-12-05,2021-03-27,jared gooden,odds_frame
alonzo menifield,1987-10-18,2021-03-27,alonzo menifield,odds_frame
marc-andre barriault,1990-02-18,2021-03-27,marc andre barriault,odds_frame
tyron woodley,1982-04-07,2021-03-27,tyron woodley,odds_frame
stipe miocic,1982-08-19,2021-03-27,stipe miocic,odds_frame
omar morales,1985-10-17,2021-03-27,omar morales,odds_frame
francis ngannou,1986-09-05,2021-03-27,francis ngannou,odds_frame
abu azaitar,1986-03-10,2021-03-27,abu azaitar,odds_frame
shane young,1993-07-31,2021-03-27,shane young,odds_frame
jamie mullarkey,1994-08-17,2021-03-27,jamie mullarkey,odds_frame
khama worthy,1986-10-15,2021-03-27,khama worthy,odds_frame
jarjis danho,1983-10-15,2021-04-10,jarjis danho,odds_frame
mateusz gamrot,1990-12-11,2021-04-10,mateusz gamrot,odds_frame
sasha palatnikov,1989-03-15,2021-04-10,sasha palatnikov,odds_frame
william knight,1988-04-03,2021-04-10,william knight,odds_frame
ignacio bahamondes,1997-08-27,2021-04-10,ignacio bahamondes,odds_frame
joe solecki,1993-08-27,2021-04-10,joe solecki,odds_frame
arnold allen,1994-01-22,2021-04-10,arnold allen,odds_frame
julian marquez,1990-05-08,2021-04-10,julian marquez,odds_frame
sodiq yusuff,1993-05-19,2021-04-10,sodiq yusuff,odds_frame
jim miller,1983-08-30,2021-04-10,jim miller,odds_frame
kevin holland,1992-11-05,2021-04-10,kevin holland,odds_frame
daniel rodriguez,1986-12-31,2021-04-10,daniel rodriguez,odds_frame
mike perry,1991-09-15,2021-04-10,mike perry,odds_frame
marvin vettori,1993-09-20,2021-04-10,marvin vettori,odds_frame
sam alvey,1986-05-06,2021-04-10,sam alvey,odds_frame
john makdessi,1985-05-03,2021-04-10,john makdessi,odds_frame
impa kasanganay,1994-01-17,2021-04-10,impa kasanganay,odds_frame
scott holtzman,1983-09-30,2021-04-10,scott holtzman,odds_frame
yorgan de castro,1986-12-19,2021-04-10,yorgan de castro,odds_frame
luis saldana,1991-01-27,2021-04-10,luis saldana,odds_frame
hunter azure,1992-03-02,2021-04-10,hunter azure,odds_frame
da woon jung,1993-12-07,2021-04-10,da woon jung,odds_frame
jordan griffin,1990-02-28,2021-04-10,jordan griffin,odds_frame
jack shore,1995-02-06,2021-04-10,jack shore,odds_frame
bartosz fabinski,1986-04-26,2021-04-17,bartosz fabinski,odds_frame
tony gravely,1991-09-28,2021-04-17,tony gravely,odds_frame
kelvin gastelum,1991-10-24,2021-04-17,kelvin gastelum,odds_frame
chase sherman,1989-11-16,2021-04-17,chase sherman,odds_frame
jacob malkoun,1995-08-26,2021-04-17,jacob malkoun,odds_frame
austin hubbard,1991-12-22,2021-04-17,austin hubbard,odds_frame
juan espino,1980-10-09,2021-04-17,juan espino,odds_frame
alexandr romanov,1990-12-11,2021-04-17,alexandr romanov,odds_frame
abdul razak alhassan,1985-08-11,2021-04-17,abdul razak alhassan,odds_frame
andrei arlovski,1979-02-04,2021-04-17,andrei arlovski,odds_frame
gerald meerschaert,1987-12-18,2021-04-17,gerald meerschaert,odds_frame
robert whittaker,1990-12-20,2021-04-17,robert whittaker,odds_frame
dakota bush,1994-06-09,2021-04-17,dakota bush,odds_frame
anthony birchak,1986-05-16,2021-04-17,anthony birchak,odds_frame
kevin natividad,1993-04-02,2021-04-24,kevin natividad,odds_frame
jimmy crute,1996-03-04,2021-04-24,jimmy crute,odds_frame
tristan connelly,1985-12-12,2021-04-24,tristan connelly,odds_frame
stefan sekulic,1992-02-12,2021-04-24,stefan sekulic,odds_frame
randy brown,1990-07-08,2021-04-24,randy brown,odds_frame
brendan allen,1995-12-28,2021-04-24,brendan allen,odds_frame
chris weidman,1984-06-17,2021-04-24,chris weidman,odds_frame
jorge masvidal,1984-11-12,2021-04-24,jorge masvidal,odds_frame
kamaru usman,1987-05-11,2021-04-24,kamaru usman,odds_frame
uriah hall,1984-07-31,2021-04-24,uriah hall,odds_frame
karl roberson,1990-10-04,2021-04-24,karl roberson,odds_frame
alex oliveira,1988-02-21,2021-04-24,alex oliveira,odds_frame
dwight grant,1984-09-14,2021-04-24,dwight grant,odds_frame
pat sabatini,1990-11-09,2021-04-24,pat sabatini,odds_frame
anthony smith,1988-07-26,2021-04-24,anthony smith,odds_frame
batgerel danaa,1989-07-04,2021-04-24,batgerel danaa,odds_frame
dustin jacoby,1988-04-04,2021-05-01,dustin jacoby,odds_frame
cody stamann,1989-11-09,2021-05-01,cody stamann,odds_frame
felipe colares,1994-03-31,2021-05-01,felipe colares,odds_frame
krzysztof jotko,1989-08-19,2021-05-01,krzysztof jotko,odds_frame
cub swanson,1983-11-02,2021-05-01,cub swanson,odds_frame
jiri prochazka,1992-10-14,2021-05-01,jiri prochazka,odds_frame
dominick reyes,1989-12-26,2021-05-01,dominick reyes,odds_frame
giga chikadze,1988-08-25,2021-05-01,giga chikadze,odds_frame
sean strickland,1991-02-27,2021-05-01,sean strickland,odds_frame
luke sanders,1985-12-12,2021-05-01,luke sanders,odds_frame
merab dvalishvili,1991-01-10,2021-05-01,merab dvalishvili,odds_frame
ion cutelaba,1993-12-14,2021-05-01,ion cutelaba,odds_frame
junyong park,1991-02-27,2021-05-08,junyong park,odds_frame
phil hawes,1989-01-08,2021-05-08,phil hawes,odds_frame
diego ferreira,1985-01-18,2021-05-08,diego ferreira,odds_frame
maurice greene,1986-07-05,2021-05-08,maurice greene,odds_frame
neil magny,1987-08-03,2021-05-08,neil magny,odds_frame
donald cerrone,1983-03-29,2021-05-08,donald cerrone,odds_frame
alex morono,1990-08-16,2021-05-08,alex morono,odds_frame
geoff neal,1990-08-28,2021-05-08,geoff neal,odds_frame
marcos rogerio de lima,1985-06-25,2021-05-08,marcos rogerio de lima,odds_frame
gregor gillespie,1986-11-13,2021-05-08,gregor gillespie,odds_frame
kyle daukaus,1993-02-27,2021-05-08,kyle daukaus,odds_frame
tafon nchukwi,1994-10-14,2021-05-08,tafon nchukwi,odds_frame
carlston harris,1987-07-09,2021-05-08,carlston harris,odds_frame
christian aguilera,1991-11-25,2021-05-08,christian aguilera,odds_frame
beneil dariush,1989-05-06,2021-05-15,beneil dariush,odds_frame
michael chandler,1986-04-24,2021-05-15,michael chandler,odds_frame
charles oliveira,1989-10-17,2021-05-15,charles oliveira,odds_frame
tony ferguson,1984-02-12,2021-05-15,tony ferguson,odds_frame
matt schnell,1990-01-15,2021-05-15,matt schnell,odds_frame
lando vannata,1992-03-14,2021-05-15,lando vannata,odds_frame
jacare souza,1979-12-07,2021-05-15,jacare souza,odds_frame
jordan wright,1991-10-07,2021-05-15,jordan wright,odds_frame
kevin aguilar,1988-09-07,2021-05-15,kevin aguilar,odds_frame
christos giagos,1990-01-23,2021-05-15,christos giagos,odds_frame
shane burgos,1991-03-19,2021-05-15,shane burgos,odds_frame
edson barboza,1986-01-21,2021-05-15,edson barboza,odds_frame
sean soriano,1989-10-06,2021-05-15,sean soriano,odds_frame
tucker lutz,1994-07-12,2021-05-15,tucker lutz,odds_frame
jamie pickett,1988-08-29,2021-05-15,jamie pickett,odds_frame
andre muniz,1990-02-17,2021-05-15,andre muniz,odds_frame
mike grundy,1987-01-03,2021-05-15,mike grundy,odds_frame
rogerio bontorin,1992-04-25,2021-05-15,rogerio bontorin,odds_frame
justin tafa,1993-12-13,2021-05-22,justin tafa,odds_frame
rob font,1987-06-25,2021-05-22,rob font,odds_frame
ricardo ramos,1995-08-01,2021-05-22,ricardo ramos,odds_frame
bruno silva,1989-07-13,2021-05-22,bruno silva,odds_frame
ben rothwell,1981-10-17,2021-05-22,ben rothwell,odds_frame
david dvorak,1992-06-05,2021-05-22,david dvorak,odds_frame
rafael alves,1990-11-14,2021-05-22,rafael alves,odds_frame
jack hermansson,1988-06-10,2021-05-22,jack hermansson,odds_frame
court mcgee,1984-12-12,2021-05-22,court mcgee,odds_frame
claudio silva,1982-09-06,2021-05-22,claudio silva,odds_frame
edmen shahbazyan,1997-11-20,2021-05-22,edmen shahbazyan,odds_frame
damir ismagulov,1991-02-03,2021-05-22,damir ismagulov,odds_frame
juancamilo ronderos,1995-02-17,2021-05-22,juancamilo ronderos,odds_frame
chris barnett,1986-06-14,2021-05-22,chris barnett,odds_frame
victor rodriguez,1992-09-05,2021-05-22,victor rodriguez,odds_frame
bill algeo,1989-06-09,2021-05-22,bill algeo,odds_frame
cody garbrandt,1991-07-07,2021-05-22,cody garbrandt,odds_frame
jared vanderaa,1992-05-12,2021-05-22,jared vanderaa,odds_frame
alan patrick,1983-07-19,2021-06-05,alan patrick,odds_frame
claudio puelles,1996-04-21,2021-06-05,claudio puelles,odds_frame
jairzinho rozenstruik,1988-03-17,2021-06-05,jairzinho rozenstruik,odds_frame
walt harris,1983-06-10,2021-06-05,walt harris,odds_frame
roman dolidze,1988-07-15,2021-06-05,roman dolidze,odds_frame
sean woodson,1992-06-07,2021-06-05,sean woodson,odds_frame
dusko todorovic,1994-05-19,2021-06-05,dusko todorovic,odds_frame
makwan amirkhani,1988-11-08,2021-06-05,makwan amirkhani,odds_frame
francisco trinaldo,1978-08-24,2021-06-05,francisco trinaldo,odds_frame
santiago ponzinibbio,1986-09-26,2021-06-05,santiago ponzinibbio,odds_frame
tanner boser,1991-08-02,2021-06-05,tanner boser,odds_frame
ilir latifi,1982-07-28,2021-06-05,ilir latifi,odds_frame
miguel baeza,1992-08-23,2021-06-05,miguel baeza,odds_frame
muslim salikhov,1984-06-09,2021-06-05,muslim salikhov,odds_frame
kamuela kirk,1994-04-13,2021-06-05,kamuela kirk,odds_frame
gregory rodrigues,1992-02-17,2021-06-05,gregory rodrigues,odds_frame
youssef zalal,1996-09-04,2021-06-05,youssef zalal,odds_frame
laureano staropoli,1993-02-27,2021-06-05,laureano staropoli,odds_frame
marcin tybura,1985-11-09,2021-06-05,marcin tybura,odds_frame
augusto sakai,1991-05-09,2021-06-05,augusto sakai,odds_frame
jordan leavitt,1995-06-02,2021-06-05,jordan leavitt,odds_frame
mason jones,1995-04-26,2021-06-05,mason jones,odds_frame
matt frevola,1990-06-11,2021-06-12,matt frevola,odds_frame
chase hooper,1999-09-13,2021-06-12,chase hooper,odds_frame
eryk anders,1987-04-21,2021-06-12,eryk anders,odds_frame
carlos felipe,1995-01-12,2021-06-12,carlos felipe,odds_frame
luigi vendramini,1996-01-16,2021-06-12,luigi vendramini,odds_frame
deiveson figueiredo,1987-12-18,2021-06-12,deiveson figueiredo,odds_frame
leon edwards,1991-08-25,2021-06-12,leon edwards,odds_frame
darren stewart,1990-12-30,2021-06-12,darren stewart,odds_frame
demian maia,1977-11-06,2021-06-12,demian maia,odds_frame
movsar evloev,1994-02-11,2021-06-12,movsar evloev,odds_frame
brad riddell,1991-09-30,2021-06-12,brad riddell,odds_frame
israel adesanya,1989-07-22,2021-06-12,israel adesanya,odds_frame
paul craig,1987-11-27,2021-06-12,paul craig,odds_frame
hakeem dawodu,1991-07-02,2021-06-12,hakeem dawodu,odds_frame
nate diaz,1985-04-16,2021-06-12,nate diaz,odds_frame
marvin vettori,1993-09-20,2021-06-12,marvin vettori,odds_frame
terrance mckinney,1994-09-15,2021-06-12,terrance mckinney,odds_frame
brandon moreno,1993-12-07,2021-06-12,brandon moreno,odds_frame
fares ziam,1997-03-21,2021-06-12,fares ziam,odds_frame
belal muhammad,1988-07-09,2021-06-12,belal muhammad,odds_frame
jake collier,1988-10-25,2021-06-12,jake collier,odds_frame
drew dober,1988-10-19,2021-06-12,drew dober,odds_frame
steven peterson,1990-05-29,2021-06-12,steven peterson,odds_frame
jamahal hill,1991-05-19,2021-06-12,jamahal hill,odds_frame
josh parisian,1989-06-28,2021-06-19,josh parisian,odds_frame
joaquim silva,1989-02-05,2021-06-19,joaquim silva,odds_frame
aleksa camur,1995-09-25,2021-06-19,aleksa camur,odds_frame
bruno silva,1989-07-13,2021-06-19,bruno silva,odds_frame
nicolae negumereanu,1994-09-04,2021-06-19,nicolae negumereanu,odds_frame
dan ige,1991-08-06,2021-06-19,dan ige,odds_frame
roque martinez,1986-03-04,2021-06-19,roque martinez,odds_frame
seungwoo choi,1992-11-03,2021-06-19,seungwoo choi,odds_frame
ricky glenn,1989-04-12,2021-06-19,ricky glenn,odds_frame
chan sung jung,1987-03-17,2021-06-19,chan sung jung,odds_frame
wellington turman,1996-07-22,2021-06-19,wellington turman,odds_frame
matthew semelsberger,1992-11-23,2021-06-19,matthew semelsberger,odds_frame
khaos williams,1994-03-30,2021-06-19,khaos williams,odds_frame
marlon vera,1992-12-02,2021-06-19,marlon vera,odds_frame
davey grant,1985-12-18,2021-06-19,davey grant,odds_frame
julian erosa,1989-07-31,2021-06-19,julian erosa,odds_frame
tim means,1984-02-20,2021-06-26,tim means,odds_frame
yancy medeiros,1987-09-07,2021-06-26,yancy medeiros,odds_frame
danilo marques,1985-12-26,2021-06-26,danilo marques,odds_frame
ciryl gane,1990-04-12,2021-06-26,ciryl gane,odds_frame
michel prazeres,1981-07-25,2021-06-26,michel prazeres,odds_frame
jai herbert,1988-05-13,2021-06-26,jai herbert,odds_frame
daniel pineda,1985-08-06,2021-06-26,daniel pineda,odds_frame
ovince saint preux,1983-04-08,2021-06-26,ovince saint preux,odds_frame
tanner boser,1991-08-02,2021-06-26,tanner boser,odds_frame
damir hadzovic,1986-08-08,2021-06-26,damir hadzovic,odds_frame
jeremiah wells,1986-10-30,2021-06-26,jeremiah wells,odds_frame
nicolas dalby,1984-11-16,2021-06-26,nicolas dalby,odds_frame
raoni barcelos,1987-05-01,2021-06-26,raoni barcelos,odds_frame
andre fili,1990-06-25,2021-06-26,andre fili,odds_frame
renato moicano,1989-05-21,2021-06-26,renato moicano,odds_frame
alexander volkov,1988-10-24,2021-06-26,alexander volkov,odds_frame
kennedy nzechukwu,1992-06-13,2021-06-26,kennedy nzechukwu,odds_frame
shavkat rakhmonov,1994-10-23,2021-06-26,shavkat rakhmonov,odds_frame
timur valiev,1990-01-19,2021-06-26,timur valiev,odds_frame
warlley alves,1991-01-04,2021-06-26,warlley alves,odds_frame
charles rosa,1986-08-24,2021-06-26,charles rosa,odds_frame
justin jaynes,1989-08-10,2021-06-26,justin jaynes,odds_frame
niko price,1989-09-29,2021-07-10,niko price,odds_frame
sean o'malley,1994-10-24,2021-07-10,sean o malley,odds_frame
gilbert burns,1986-07-20,2021-07-10,gilbert burns,odds_frame
dustin poirier,1989-01-19,2021-07-10,dustin poirier,odds_frame
tai tuivasa,1993-03-16,2021-07-10,tai tuivasa,odds_frame
greg hardy,1988-07-28,2021-07-10,greg hardy,odds_frame
kris moutinho,1992-08-09,2021-07-10,kris moutinho,odds_frame
michel pereira,1993-10-06,2021-07-10,michel pereira,odds_frame
dricus du plessis,1994-01-14,2021-07-10,dricus du plessis,odds_frame
brad tavares,1987-12-21,2021-07-10,brad tavares,odds_frame
max griffin,1985-11-29,2021-07-10,max griffin,odds_frame
ilia topuria,1997-01-21,2021-07-10,ilia topuria,odds_frame
jerome rivera,1995-04-22,2021-07-10,jerome rivera,odds_frame
zhalgas zhumagulov,1988-08-29,2021-07-10,zhalgas zhumagulov,odds_frame
conor mcgregor,1988-07-14,2021-07-10,conor mcgregor,odds_frame
carlos condit,1984-04-26,2021-07-10,carlos condit,odds_frame
omari akhmedov,1987-10-12,2021-07-10,omari akhmedov,odds_frame
trevin giles,1992-08-06,2021-07-10,trevin giles,odds_frame
ryan hall,1985-02-22,2021-07-10,ryan hall,odds_frame
stephen thompson,1983-02-11,2021-07-10,stephen thompson,odds_frame
gabriel benitez,1988-06-15,2021-07-17,gabriel benitez,odds_frame
alan baudot,1988-02-01,2021-07-17,alan baudot,odds_frame
khalid taha,1992-02-15,2021-07-17,khalid taha,odds_frame
daniel rodriguez,1986-12-31,2021-07-17,daniel rodriguez,odds_frame
mateusz gamrot,1990-12-11,2021-07-17,mateusz gamrot,odds_frame
islam makhachev,1991-10-27,2021-07-17,islam makhachev,odds_frame
dustin stoltzfus,1991-11-15,2021-07-17,dustin stoltzfus,odds_frame
thiago moises,1995-03-23,2021-07-17,thiago moises,odds_frame
rodolfo vieira,1989-09-25,2021-07-17,rodolfo vieira,odds_frame
preston parsons,1995-07-15,2021-07-17,preston parsons,odds_frame
sergey morozov,1989-06-14,2021-07-17,sergey morozov,odds_frame
jeremy stephens,1986-05-25,2021-07-17,jeremy stephens,odds_frame
rodrigo nascimento,1992-11-26,2021-07-17,rodrigo nascimento,odds_frame
billy quarantillo,1988-12-08,2021-07-17,billy quarantillo,odds_frame
cory sandhagen,1992-04-20,2021-07-24,cory sandhagen,odds_frame
kyler phillips,1995-06-12,2021-07-24,kyler phillips,odds_frame
darren elkins,1984-05-16,2021-07-24,darren elkins,odds_frame
adrian yanez,1993-11-29,2021-07-24,adrian yanez,odds_frame
nassourdine imavov,1996-03-01,2021-07-24,nassourdine imavov,odds_frame
mickey gall,1992-01-22,2021-07-24,mickey gall,odds_frame
julio arce,1989-10-27,2021-07-24,julio arce,odds_frame
andre ewell,1988-01-21,2021-07-24,andre ewell,odds_frame
jordan williams,1990-10-13,2021-07-24,jordan williams,odds_frame
ian heinisch,1988-08-05,2021-07-24,ian heinisch,odds_frame
randy costa,1994-07-06,2021-07-24,randy costa,odds_frame
darrick minner,1990-04-28,2021-07-24,darrick minner,odds_frame
raulian paiva,1995-10-17,2021-07-24,raulian paiva,odds_frame
tj dillashaw,1986-02-07,2021-07-24,tj dillashaw,odds_frame
rafa garcia,1994-08-05,2021-07-31,rafa garcia,odds_frame
melsik baghdasaryan,1992-01-28,2021-07-31,melsik baghdasaryan,odds_frame
sean strickland,1991-02-27,2021-07-31,sean strickland,odds_frame
zarrukh adashev,1992-07-29,2021-07-31,zarrukh adashev,odds_frame
orion cosce,1994-07-15,2021-07-31,orion cosce,odds_frame
bryan barberena,1989-05-03,2021-07-31,bryan barberena,odds_frame
phil rowe,1990-07-18,2021-07-31,phil rowe,odds_frame
ryan benoit,1989-08-25,2021-07-31,ryan benoit,odds_frame
chris gruetzemacher,1986-06-16,2021-07-31,chris gruetzemacher,odds_frame
uriah hall,1984-07-31,2021-07-31,uriah hall,odds_frame
collin anglin,1993-02-20,2021-07-31,collin anglin,odds_frame
niklas stolze,1992-12-28,2021-07-31,niklas stolze,odds_frame
jared gooden,1993-12-05,2021-07-31,jared gooden,odds_frame
jason witt,1986-11-07,2021-07-31,jason witt,odds_frame
miles johns,1994-03-30,2021-08-07,miles johns,odds_frame
vince morales,1990-11-12,2021-08-07,vince morales,odds_frame
alonzo menifield,1987-10-18,2021-08-07,alonzo menifield,odds_frame
johnny munoz,1993-02-16,2021-08-07,johnny munoz,odds_frame
ciryl gane,1990-04-12,2021-08-07,ciryl gane,odds_frame
pedro munhoz,1986-09-07,2021-08-07,pedro munhoz,odds_frame
vicente luque,1991-11-27,2021-08-07,vicente luque,odds_frame
casey kenney,1991-03-20,2021-08-07,casey kenney,odds_frame
ed herman,1980-10-02,2021-08-07,ed herman,odds_frame
anderson dos santos,1985-07-24,2021-08-07,anderson dos santos,odds_frame
jamey simmons,1992-09-11,2021-08-07,jamey simmons,odds_frame
drako rodriguez,1996-06-16,2021-08-07,drako rodriguez,odds_frame
song yadong,1997-12-02,2021-08-07,song yadong,odds_frame
derrick lewis,1985-02-07,2021-08-07,derrick lewis,odds_frame
michael chiesa,1987-12-07,2021-08-07,michael chiesa,odds_frame
jose aldo,1986-09-09,2021-08-07,jose aldo,odds_frame
sasha palatnikov,1989-03-15,2021-08-21,sasha palatnikov,odds_frame
parker porter,1985-04-22,2021-08-21,parker porter,odds_frame
kelvin gastelum,1991-10-24,2021-08-21,kelvin gastelum,odds_frame
jared cannonier,1984-03-16,2021-08-21,jared cannonier,odds_frame
william knight,1988-04-03,2021-08-21,william knight,odds_frame
ignacio bahamondes,1997-08-27,2021-08-21,ignacio bahamondes,odds_frame
brandon royval,1992-08-16,2021-08-21,brandon royval,odds_frame
vinc pichel,1982-11-23,2021-08-21,vinc pichel,odds_frame
mark madsen,1984-09-23,2021-08-21,mark madsen,odds_frame
chase sherman,1989-11-16,2021-08-21,chase sherman,odds_frame
fabio cherant,1994-11-25,2021-08-21,fabio cherant,odds_frame
clay guida,1981-12-08,2021-08-21,clay guida,odds_frame
austin hubbard,1991-12-22,2021-08-21,austin hubbard,odds_frame
alexandre pantoja,1990-04-16,2021-08-21,alexandre pantoja,odds_frame
luis saldana,1991-01-27,2021-08-21,luis saldana,odds_frame
domingo pilarte,1990-01-05,2021-08-21,domingo pilarte,odds_frame
roosevelt roberts,1994-02-11,2021-08-21,roosevelt roberts,odds_frame
ramiz brahimaj,1992-11-17,2021-08-21,ramiz brahimaj,odds_frame
brian kelleher,1986-08-19,2021-08-21,brian kelleher,odds_frame
austin lingo,1994-07-10,2021-08-21,austin lingo,odds_frame
gilbert urbina,1996-04-05,2021-08-28,gilbert urbina,odds_frame
giga chikadze,1988-08-25,2021-08-28,giga chikadze,odds_frame
pat sabatini,1990-11-09,2021-08-28,pat sabatini,odds_frame
edson barboza,1986-01-21,2021-08-28,edson barboza,odds_frame
bryan battle,1994-09-21,2021-08-28,bryan battle,odds_frame
ricky turcios,1993-06-05,2021-08-28,ricky turcios,odds_frame
kevin lee,1992-09-04,2021-08-28,kevin lee,odds_frame
alessio di chirico,1989-12-12,2021-08-28,alessio di chirico,odds_frame
makhmud muradov,1990-02-08,2021-08-28,makhmud muradov,odds_frame
mana martinez,1996-03-25,2021-08-28,mana martinez,odds_frame
andre petroski,1991-06-12,2021-08-28,andre petroski,odds_frame
brady hiestand,1999-04-30,2021-08-28,brady hiestand,odds_frame
daniel rodriguez,1986-12-31,2021-08-28,daniel rodriguez,odds_frame
dustin jacoby,1988-04-04,2021-08-28,dustin jacoby,odds_frame
sam alvey,1986-05-06,2021-08-28,sam alvey,odds_frame
wellington turman,1996-07-22,2021-08-28,wellington turman,odds_frame
darren stewart,1990-12-30,2021-08-28,darren stewart,odds_frame
micheal gillmore,1987-03-28,2021-08-28,micheal gillmore,odds_frame
guido cannetti,1979-12-19,2021-08-28,guido cannetti,odds_frame
gerald meerschaert,1987-12-18,2021-08-28,gerald meerschaert,odds_frame
abdul razak alhassan,1985-08-11,2021-08-28,abdul razak alhassan,odds_frame
jamall emmers,1989-07-24,2021-08-28,jamall emmers,odds_frame
derek brunson,1984-01-04,2021-09-04,derek brunson,odds_frame
alex morono,1990-08-16,2021-09-04,alex morono,odds_frame
paddy pimblett,1995-01-03,2021-09-04,paddy pimblett,odds_frame
julian erosa,1989-07-31,2021-09-04,julian erosa,odds_frame
modestas bukauskas,1994-02-10,2021-09-04,modestas bukauskas,odds_frame
darren till,1992-12-24,2021-09-04,darren till,odds_frame
david zawada,1990-08-01,2021-09-04,david zawada,odds_frame
marc-andre barriault,1990-02-18,2021-09-04,marc andre barriault,odds_frame
luigi vendramini,1996-01-16,2021-09-04,luigi vendramini,odds_frame
liudvik sholinian,1990-01-20,2021-09-04,liudvik sholinian,odds_frame
charles jourdain,1995-11-27,2021-09-04,charles jourdain,odds_frame
khalil rountree jr.,1990-02-26,2021-09-04,khalil rountree jr,odds_frame
dalcha lungiambula,1987-07-31,2021-09-04,dalcha lungiambula,odds_frame
jack shore,1995-02-06,2021-09-04,jack shore,odds_frame
alatengheili,1991-12-14,2021-09-18,alatengheili,odds_frame
tafon nchukwi,1994-10-14,2021-09-18,tafon nchukwi,odds_frame
antonio arroyo,1989-07-01,2021-09-18,antonio arroyo,odds_frame
tony gravely,1991-09-28,2021-09-18,tony gravely,odds_frame
christos giagos,1990-01-23,2021-09-18,christos giagos,odds_frame
carlston harris,1987-07-09,2021-09-18,carlston harris,odds_frame
impa kasanganay,1994-01-17,2021-09-18,impa kasanganay,odds_frame
anthony smith,1988-07-26,2021-09-18,anthony smith,odds_frame
arman tsarukyan,1996-10-11,2021-09-18,arman tsarukyan,odds_frame
nate maness,1991-06-27,2021-09-18,nate maness,odds_frame
joaquin buckley,1994-04-27,2021-09-18,joaquin buckley,odds_frame
mike rodriguez,1988-11-28,2021-09-18,mike rodriguez,odds_frame
gustavo lopez,1989-06-27,2021-09-18,gustavo lopez,odds_frame
ryan spann,1991-08-24,2021-09-18,ryan spann,odds_frame
uros medic,1993-04-25,2021-09-25,uros medic,odds_frame
curtis blaydes,1991-02-18,2021-09-25,curtis blaydes,odds_frame
alexander volkanovski,1988-09-29,2021-09-25,alexander volkanovski,odds_frame
nick diaz,1983-08-02,2021-09-25,nick diaz,odds_frame
shamil abdurakhimov,1981-09-02,2021-09-25,shamil abdurakhimov,odds_frame
jonathan pearce,1992-05-01,2021-09-25,jonathan pearce,odds_frame
cody brundage,1994-05-16,2021-09-25,cody brundage,odds_frame
merab dvalishvili,1991-01-10,2021-09-25,merab dvalishvili,odds_frame
omar morales,1985-10-17,2021-09-25,omar morales,odds_frame
nick maximov,1997-12-23,2021-09-25,nick maximov,odds_frame
jalin turner,1995-05-18,2021-09-25,jalin turner,odds_frame
chris daukaus,1989-09-25,2021-09-25,chris daukaus,odds_frame
jairzinho rozenstruik,1988-03-17,2021-09-25,jairzinho rozenstruik,odds_frame
brian ortega,1991-02-21,2021-09-25,brian ortega,odds_frame
robbie lawler,1982-03-20,2021-09-25,robbie lawler,odds_frame
marlon moraes,1988-04-26,2021-09-25,marlon moraes,odds_frame
thiago santos,1984-01-07,2021-10-02,thiago santos,odds_frame
alex oliveira,1988-02-21,2021-10-02,alex oliveira,odds_frame
kevin holland,1992-11-05,2021-10-02,kevin holland,odds_frame
devonte smith,1993-07-30,2021-10-02,devonte smith,odds_frame
douglas silva de andrade,1985-06-22,2021-10-02,douglas silva de andrade,odds_frame
joe solecki,1993-08-27,2021-10-02,joe solecki,odds_frame
johnny eduardo,1978-08-03,2021-10-02,johnny eduardo,odds_frame
gaetano pirrello,1992-04-29,2021-10-02,gaetano pirrello,odds_frame
alejandro perez,1989-09-02,2021-10-02,alejandro perez,odds_frame
jared gordon,1988-09-06,2021-10-02,jared gordon,odds_frame
kyle daukaus,1993-02-27,2021-10-02,kyle daukaus,odds_frame
niko price,1989-09-29,2021-10-02,niko price,odds_frame
johnny walker,1992-03-30,2021-10-02,johnny walker,odds_frame
krzysztof jotko,1989-08-19,2021-10-02,krzysztof jotko,odds_frame
jamie mullarkey,1994-08-17,2021-10-02,jamie mullarkey,odds_frame
misha cirkunov,1987-02-27,2021-10-02,misha cirkunov,odds_frame
charlie ontiveros,1991-07-04,2021-10-09,charlie ontiveros,odds_frame
randy brown,1990-07-08,2021-10-09,randy brown,odds_frame
tim elliott,1986-12-24,2021-10-09,tim elliott,odds_frame
chris gutierrez,1991-04-22,2021-10-09,chris gutierrez,odds_frame
alexandr romanov,1990-12-11,2021-10-09,alexandr romanov,odds_frame
charles rosa,1986-08-24,2021-10-09,charles rosa,odds_frame
steve garcia,1992-05-22,2021-10-09,steve garcia,odds_frame
jared vanderaa,1992-05-12,2021-10-09,jared vanderaa,odds_frame
felipe colares,1994-03-31,2021-10-09,felipe colares,odds_frame
damon jackson,1988-08-08,2021-10-09,damon jackson,odds_frame
jared gooden,1993-12-05,2021-10-09,jared gooden,odds_frame
matheus nicolau,1993-01-06,2021-10-09,matheus nicolau,odds_frame
nate landwehr,1988-06-06,2021-10-16,nate landwehr,odds_frame
erick gonzalez,1992-01-20,2021-10-16,erick gonzalez,odds_frame
carlos felipe,1995-01-12,2021-10-16,carlos felipe,odds_frame
bruno silva,1989-07-13,2021-10-16,bruno silva,odds_frame
brandon davis,1990-05-08,2021-10-16,brandon davis,odds_frame
ludovit klein,1995-02-22,2021-10-16,ludovit klein,odds_frame
ramazan emeev,1987-05-23,2021-10-16,ramazan emeev,odds_frame
andrei arlovski,1979-02-04,2021-10-16,andrei arlovski,odds_frame
andrew sanchez,1988-04-08,2021-10-16,andrew sanchez,odds_frame
batgerel danaa,1989-07-04,2021-10-16,batgerel danaa,odds_frame
danny roberts,1987-07-14,2021-10-16,danny roberts,odds_frame
jim miller,1983-08-30,2021-10-16,jim miller,odds_frame
jeff molina,1997-07-17,2021-10-23,jeff molina,odds_frame
ricky glenn,1989-04-12,2021-10-23,ricky glenn,odds_frame
dwight grant,1984-09-14,2021-10-23,dwight grant,odds_frame
ike villanueva,1984-04-04,2021-10-23,ike villanueva,odds_frame
daniel lacerda,1996-06-05,2021-10-23,daniel lacerda,odds_frame
david onama,1994-06-07,2021-10-23,david onama,odds_frame
laureano staropoli,1993-02-27,2021-10-23,laureano staropoli,odds_frame
jai herbert,1988-05-13,2021-10-23,jai herbert,odds_frame
zviad lazishvili,1991-10-25,2021-10-23,zviad lazishvili,odds_frame
gregory rodrigues,1992-02-17,2021-10-23,gregory rodrigues,odds_frame
marvin vettori,1993-09-20,2021-10-23,marvin vettori,odds_frame
mason jones,1995-04-26,2021-10-23,mason jones,odds_frame
junyong park,1991-02-27,2021-10-23,junyong park,odds_frame
jonathan martinez,1994-04-20,2021-10-23,jonathan martinez,odds_frame
khama worthy,1986-10-15,2021-10-23,khama worthy,odds_frame
jamie pickett,1988-08-29,2021-10-23,jamie pickett,odds_frame
paulo costa,1991-04-21,2021-10-23,paulo costa,odds_frame
grant dawson,1994-02-20,2021-10-23,grant dawson,odds_frame
francisco trinaldo,1978-08-24,2021-10-23,francisco trinaldo,odds_frame
nicolae negumereanu,1994-09-04,2021-10-23,nicolae negumereanu,odds_frame
marcin tybura,1985-11-09,2021-10-30,marcin tybura,odds_frame
cory sandhagen,1992-04-20,2021-10-30,cory sandhagen,odds_frame
glover teixeira,1979-10-28,2021-10-30,glover teixeira,odds_frame
allan nascimento,1991-09-11,2021-10-30,allan nascimento,odds_frame
roman kopylov,1991-05-04,2021-10-30,roman kopylov,odds_frame
jan blachowicz,1983-02-24,2021-10-30,jan blachowicz,odds_frame
khamzat chimaev,1994-05-01,2021-10-30,khamzat chimaev,odds_frame
petr yan,1993-02-11,2021-10-30,petr yan,odds_frame
alexander volkov,1988-10-24,2021-10-30,alexander volkov,odds_frame
li jingliang,1988-03-20,2021-10-30,li jingliang,odds_frame
magomed ankalaev,1992-06-02,2021-10-30,magomed ankalaev,odds_frame
ricardo ramos,1995-08-01,2021-10-30,ricardo ramos,odds_frame
albert duraev,1989-01-05,2021-10-30,albert duraev,odds_frame
lerone murphy,1991-07-22,2021-10-30,lerone murphy,odds_frame
volkan oezdemir,1989-09-19,2021-10-30,volkan oezdemir,odds_frame
zubaira tukhugov,1991-01-15,2021-10-30,zubaira tukhugov,odds_frame
makwan amirkhani,1988-11-08,2021-10-30,makwan amirkhani,odds_frame
tagir ulanbekov,1991-08-07,2021-10-30,tagir ulanbekov,odds_frame
john allan,1993-02-22,2021-11-06,john allan,odds_frame
chris barnett,1986-06-14,2021-11-06,chris barnett,odds_frame
andreas michailidis,1988-07-18,2021-11-06,andreas michailidis,odds_frame
nassourdine imavov,1996-03-01,2021-11-06,nassourdine imavov,odds_frame
marlon vera,1992-12-02,2021-11-06,marlon vera,odds_frame
michael chandler,1986-04-24,2021-11-06,michael chandler,odds_frame
colby covington,1988-02-22,2021-11-06,colby covington,odds_frame
billy quarantillo,1988-12-08,2021-11-06,billy quarantillo,odds_frame
bruno souza,1996-03-07,2021-11-06,bruno souza,odds_frame
kamaru usman,1987-05-11,2021-11-06,kamaru usman,odds_frame
shane burgos,1991-03-19,2021-11-06,shane burgos,odds_frame
justin gaethje,1988-11-14,2021-11-06,justin gaethje,odds_frame
frankie edgar,1981-10-16,2021-11-06,frankie edgar,odds_frame
edmen shahbazyan,1997-11-20,2021-11-06,edmen shahbazyan,odds_frame
alex pereira,1987-07-07,2021-11-06,alex pereira,odds_frame
gian villante,1985-08-18,2021-11-06,gian villante,odds_frame
dustin jacoby,1988-04-04,2021-11-06,dustin jacoby,odds_frame
melsik baghdasaryan,1992-01-28,2021-11-06,melsik baghdasaryan,odds_frame
khaos williams,1994-03-30,2021-11-13,khaos williams,odds_frame
yair rodriguez,1992-10-06,2021-11-13,yair rodriguez,odds_frame
sean woodson,1992-06-07,2021-11-13,sean woodson,odds_frame
rafael alves,1990-11-14,2021-11-13,rafael alves,odds_frame
collin anglin,1993-02-20,2021-11-13,collin anglin,odds_frame
joel alvarez,1993-03-02,2021-11-13,joel alvarez,odds_frame
julio arce,1989-10-27,2021-11-13,julio arce,odds_frame
marc diakiese,1993-03-16,2021-11-13,marc diakiese,odds_frame
thiago moises,1995-03-23,2021-11-13,thiago moises,odds_frame
max holloway,1991-12-04,2021-11-13,max holloway,odds_frame
miguel baeza,1992-08-23,2021-11-13,miguel baeza,odds_frame
song yadong,1997-12-02,2021-11-13,song yadong,odds_frame
cody durden,1991-03-29,2021-11-20,cody durden,odds_frame
pat sabatini,1990-11-09,2021-11-20,pat sabatini,odds_frame
shayilan nuerdanbieke,1994-05-04,2021-11-20,shayilan nuerdanbieke,odds_frame
rafa garcia,1994-08-05,2021-11-20,rafa garcia,odds_frame
davey grant,1985-12-18,2021-11-20,davey grant,odds_frame
michael chiesa,1987-12-07,2021-11-20,michael chiesa,odds_frame
sean brady,1992-11-23,2021-11-20,sean brady,odds_frame
adrian yanez,1993-11-29,2021-11-20,adrian yanez,odds_frame
natan levy,1991-09-30,2021-11-20,natan levy,odds_frame
sean soriano,1989-10-06,2021-11-20,sean soriano,odds_frame
tucker lutz,1994-07-12,2021-11-20,tucker lutz,odds_frame
aoriqileng,1993-06-25,2021-11-20,aoriqileng,odds_frame
jose aldo,1986-09-09,2021-12-04,jose aldo,odds_frame
brad riddell,1991-09-30,2021-12-04,brad riddell,odds_frame
rob font,1987-06-25,2021-12-04,rob font,odds_frame
brendan allen,1995-12-28,2021-12-04,brendan allen,odds_frame
bryan barberena,1989-05-03,2021-12-04,bryan barberena,odds_frame
alonzo menifield,1987-10-18,2021-12-04,alonzo menifield,odds_frame
claudio puelles,1996-04-21,2021-12-04,claudio puelles,odds_frame
louis smolka,1991-07-16,2021-12-04,louis smolka,odds_frame
manel kape,1993-11-14,2021-12-04,manel kape,odds_frame
chris curtis,1987-07-15,2021-12-04,chris curtis,odds_frame
jimmy crute,1996-03-04,2021-12-04,jimmy crute,odds_frame
rafael fiziev,1993-03-05,2021-12-04,rafael fiziev,odds_frame
jamahal hill,1991-05-19,2021-12-04,jamahal hill,odds_frame
mickey gall,1992-01-22,2021-12-04,mickey gall,odds_frame
darian weeks,1993-11-23,2021-12-04,darian weeks,odds_frame
william knight,1988-04-03,2021-12-04,william knight,odds_frame
alex morono,1990-08-16,2021-12-04,alex morono,odds_frame
vince morales,1990-11-12,2021-12-04,vince morales,odds_frame
zhalgas zhumagulov,1988-08-29,2021-12-04,zhalgas zhumagulov,odds_frame
chris gruetzemacher,1986-06-16,2021-12-04,chris gruetzemacher,odds_frame
dominick cruz,1985-03-09,2021-12-11,dominick cruz,odds_frame
tony kelley,1987-01-21,2021-12-11,tony kelley,odds_frame
darrick minner,1990-04-28,2021-12-11,darrick minner,odds_frame
eryk anders,1987-04-21,2021-12-11,eryk anders,odds_frame
bruno silva,1989-07-13,2021-12-11,bruno silva,odds_frame
tai tuivasa,1993-03-16,2021-12-11,tai tuivasa,odds_frame
charles oliveira,1989-10-17,2021-12-11,charles oliveira,odds_frame
geoff neal,1990-08-28,2021-12-11,geoff neal,odds_frame
raulian paiva,1995-10-17,2021-12-11,raulian paiva,odds_frame
josh emmett,1985-03-04,2021-12-11,josh emmett,odds_frame
jordan wright,1991-10-07,2021-12-11,jordan wright,odds_frame
ryan hall,1985-02-22,2021-12-11,ryan hall,odds_frame
randy costa,1994-07-06,2021-12-11,randy costa,odds_frame
andre muniz,1990-02-17,2021-12-11,andre muniz,odds_frame
dan ige,1991-08-06,2021-12-11,dan ige,odds_frame
augusto sakai,1991-05-09,2021-12-11,augusto sakai,odds_frame
sean o'malley,1994-10-24,2021-12-11,sean o malley,odds_frame
santiago ponzinibbio,1986-09-26,2021-12-11,santiago ponzinibbio,odds_frame
dustin poirier,1989-01-19,2021-12-11,dustin poirier,odds_frame
pedro munhoz,1986-09-07,2021-12-11,pedro munhoz,odds_frame
ricky simon,1992-08-31,2021-12-18,ricky simon,odds_frame
raphael assuncao,1982-07-19,2021-12-18,raphael assuncao,odds_frame
diego ferreira,1985-01-18,2021-12-18,diego ferreira,odds_frame
derrick lewis,1985-02-07,2021-12-18,derrick lewis,odds_frame
charles jourdain,1995-11-27,2021-12-18,charles jourdain,odds_frame
josh parisian,1989-06-28,2021-12-18,josh parisian,odds_frame
chris daukaus,1989-09-25,2021-12-18,chris daukaus,odds_frame
mateusz gamrot,1990-12-11,2021-12-18,mateusz gamrot,odds_frame
cub swanson,1983-11-02,2021-12-18,cub swanson,odds_frame
belal muhammad,1988-07-09,2021-12-18,belal muhammad,odds_frame
harry hunsucker,1989-01-03,2021-12-18,harry hunsucker,odds_frame
andre ewell,1988-01-21,2021-12-18,andre ewell,odds_frame
matt sayles,1994-02-21,2021-12-18,matt sayles,odds_frame
stephen thompson,1983-02-11,2021-12-18,stephen thompson,odds_frame
gerald meerschaert,1987-12-18,2021-12-18,gerald meerschaert,odds_frame
darren elkins,1984-05-16,2021-12-18,darren elkins,odds_frame
jordan leavitt,1995-06-02,2021-12-18,jordan leavitt,odds_frame
don'tale mayes,1992-01-16,2021-12-18,don tale mayes,odds_frame
dustin stoltzfus,1991-11-15,2021-12-18,dustin stoltzfus,odds_frame
justin tafa,1993-12-13,2021-12-18,justin tafa,odds_frame
jamie pickett,1988-08-29,2022-01-15,jamie pickett,odds_frame
tj brown,1990-05-22,2022-01-15,tj brown,odds_frame
brian kelleher,1986-08-19,2022-01-15,brian kelleher,odds_frame
court mcgee,1984-12-12,2022-01-15,court mcgee,odds_frame
brandon royval,1992-08-16,2022-01-15,brandon royval,odds_frame
charles rosa,1986-08-24,2022-01-15,charles rosa,odds_frame
kevin croom,1987-07-15,2022-01-15,kevin croom,odds_frame
ramiz brahimaj,1992-11-17,2022-01-15,ramiz brahimaj,odds_frame
joseph holmes,1995-07-04,2022-01-15,joseph holmes,odds_frame
joanderson brito,1995-02-11,2022-01-15,joanderson brito,odds_frame
viacheslav borshchev,1992-01-08,2022-01-15,viacheslav borshchev,odds_frame
rogerio bontorin,1992-04-25,2022-01-15,rogerio bontorin,odds_frame
chase sherman,1989-11-16,2022-01-15,chase sherman,odds_frame
bill algeo,1989-06-09,2022-01-15,bill algeo,odds_frame
dakota bush,1994-06-09,2022-01-15,dakota bush,odds_frame
jake collier,1988-10-25,2022-01-15,jake collier,odds_frame
deiveson figueiredo,1987-12-18,2022-01-22,deiveson figueiredo,odds_frame
cody stamann,1989-11-09,2022-01-22,cody stamann,odds_frame
tony gravely,1991-09-28,2022-01-22,tony gravely,odds_frame
raoni barcelos,1987-05-01,2022-01-22,raoni barcelos,odds_frame
michael morales,1999-06-24,2022-01-22,michael morales,odds_frame
matt frevola,1990-06-11,2022-01-22,matt frevola,odds_frame
michel pereira,1993-10-06,2022-01-22,michel pereira,odds_frame
brandon moreno,1993-12-07,2022-01-22,brandon moreno,odds_frame
francis ngannou,1986-09-05,2022-01-22,francis ngannou,odds_frame
ciryl gane,1990-04-12,2022-01-22,ciryl gane,odds_frame
andre fialho,1994-04-07,2022-01-22,andre fialho,odds_frame
genaro valdez,1992-01-16,2022-01-22,genaro valdez,odds_frame
trevin giles,1992-08-06,2022-01-22,trevin giles,odds_frame
saimon oliveira,1991-04-21,2022-01-22,saimon oliveira,odds_frame
said nurmagomedov,1992-04-05,2022-01-22,said nurmagomedov,odds_frame
victor henry,1987-05-04,2022-01-22,victor henry,odds_frame
punahele soriano,1992-11-22,2022-02-05,punahele soriano,odds_frame
miles johns,1994-03-30,2022-02-05,miles johns,odds_frame
marc-andre barriault,1990-02-18,2022-02-05,marc andre barriault,odds_frame
carlston harris,1987-07-09,2022-02-05,carlston harris,odds_frame
julian erosa,1989-07-31,2022-02-05,julian erosa,odds_frame
shavkat rakhmonov,1994-10-23,2022-02-05,shavkat rakhmonov,odds_frame
denys bondar,1992-06-27,2022-02-05,denys bondar,odds_frame
jack hermansson,1988-06-10,2022-02-05,jack hermansson,odds_frame
michael trizano,1991-12-31,2022-02-05,michael trizano,odds_frame
bryan battle,1994-09-21,2022-02-05,bryan battle,odds_frame
chidi njokuani,1988-12-31,2022-02-05,chidi njokuani,odds_frame
tresean gore,1994-06-21,2022-02-05,tresean gore,odds_frame
sam alvey,1986-05-06,2022-02-05,sam alvey,odds_frame
jailton almeida,1991-06-26,2022-02-05,jailton almeida,odds_frame
sean strickland,1991-02-27,2022-02-05,sean strickland,odds_frame
phil rowe,1990-07-18,2022-02-05,phil rowe,odds_frame
nick maximov,1997-12-23,2022-02-05,nick maximov,odds_frame
john castaneda,1991-12-18,2022-02-05,john castaneda,odds_frame
hakeem dawodu,1991-07-02,2022-02-05,hakeem dawodu,odds_frame
jason witt,1986-11-07,2022-02-05,jason witt,odds_frame
brendan allen,1995-12-28,2022-02-05,brendan allen,odds_frame
steven peterson,1990-05-29,2022-02-05,steven peterson,odds_frame
malcolm gordon,1990-05-19,2022-02-05,malcolm gordon,odds_frame
danilo marques,1985-12-26,2022-02-05,danilo marques,odds_frame
kyler phillips,1995-06-12,2022-02-12,kyler phillips,odds_frame
robert whittaker,1990-12-20,2022-02-12,robert whittaker,odds_frame
jared vanderaa,1992-05-12,2022-02-12,jared vanderaa,odds_frame
derek brunson,1984-01-04,2022-02-12,derek brunson,odds_frame
fabio cherant,1994-11-25,2022-02-12,fabio cherant,odds_frame
sergey morozov,1989-06-14,2022-02-12,sergey morozov,odds_frame
marcelo rojo,1988-07-02,2022-02-12,marcelo rojo,odds_frame
tai tuivasa,1993-03-16,2022-02-12,tai tuivasa,odds_frame
israel adesanya,1989-07-22,2022-02-12,israel adesanya,odds_frame
jared cannonier,1984-03-16,2022-02-12,jared cannonier,odds_frame
jacob malkoun,1995-08-26,2022-02-12,jacob malkoun,odds_frame
andrei arlovski,1979-02-04,2022-02-12,andrei arlovski,odds_frame
derrick lewis,1985-02-07,2022-02-12,derrick lewis,odds_frame
carlos ulberg,1990-11-07,2022-02-12,carlos ulberg,odds_frame
aj dobson,1992-01-18,2022-02-12,aj dobson,odds_frame
douglas silva de andrade,1985-06-22,2022-02-12,douglas silva de andrade,odds_frame
william knight,1988-04-03,2022-02-12,william knight,odds_frame
maxim grishin,1984-05-02,2022-02-12,maxim grishin,odds_frame
mario bautista,1993-07-01,2022-02-19,mario bautista,odds_frame
parker porter,1985-04-22,2022-02-19,parker porter,odds_frame
jonathan pearce,1992-05-01,2022-02-19,jonathan pearce,odds_frame
jay perrin,1993-06-15,2022-02-19,jay perrin,odds_frame
christian rodriguez,1997-12-17,2022-02-19,christian rodriguez,odds_frame
chad anheliger,1986-12-01,2022-02-19,chad anheliger,odds_frame
johnny walker,1992-03-30,2022-02-19,johnny walker,odds_frame
jesse strader,1991-05-29,2022-02-19,jesse strader,odds_frame
mark striegl,1988-06-23,2022-02-19,mark striegl,odds_frame
david onama,1994-06-07,2022-02-19,david onama,odds_frame
abdul razak alhassan,1985-08-11,2022-02-19,abdul razak alhassan,odds_frame
chas skelly,1985-05-11,2022-02-19,chas skelly,odds_frame
nikolas motta,1993-02-08,2022-02-19,nikolas motta,odds_frame
alan baudot,1988-02-01,2022-02-19,alan baudot,odds_frame
jamahal hill,1991-05-19,2022-02-19,jamahal hill,odds_frame
gabriel benitez,1988-06-15,2022-02-19,gabriel benitez,odds_frame
joaquin buckley,1994-04-27,2022-02-19,joaquin buckley,odds_frame
jim miller,1983-08-30,2022-02-19,jim miller,odds_frame
victor altamirano,1991-01-23,2022-02-26,victor altamirano,odds_frame
terrance mckinney,1994-09-15,2022-02-26,terrance mckinney,odds_frame
micheal gillmore,1987-03-28,2022-02-26,micheal gillmore,odds_frame
gregory rodrigues,1992-02-17,2022-02-26,gregory rodrigues,odds_frame
jonathan martinez,1994-04-20,2022-02-26,jonathan martinez,odds_frame
carlos hernandez,1993-10-25,2022-02-26,carlos hernandez,odds_frame
fares ziam,1997-03-21,2022-02-26,fares ziam,odds_frame
arman tsarukyan,1996-10-11,2022-02-26,arman tsarukyan,odds_frame
armen petrosyan,1990-11-03,2022-02-26,armen petrosyan,odds_frame
ramiz brahimaj,1992-11-17,2022-02-26,ramiz brahimaj,odds_frame
alejandro perez,1989-09-02,2022-02-26,alejandro perez,odds_frame
joel alvarez,1993-03-02,2022-02-26,joel alvarez,odds_frame
rafael dos anjos,1984-10-26,2022-03-05,rafael dos anjos,odds_frame
colby covington,1988-02-22,2022-03-05,colby covington,odds_frame
edson barboza,1986-01-21,2022-03-05,edson barboza,odds_frame
brian kelleher,1986-08-19,2022-03-05,brian kelleher,odds_frame
jalin turner,1995-05-18,2022-03-05,jalin turner,odds_frame
serghei spivac,1995-01-24,2022-03-05,serghei spivac,odds_frame
jamie mullarkey,1994-08-17,2022-03-05,jamie mullarkey,odds_frame
kennedy nzechukwu,1992-06-13,2022-03-05,kennedy nzechukwu,odds_frame
bryce mitchell,1994-10-04,2022-03-05,bryce mitchell,odds_frame
nicolae negumereanu,1994-09-04,2022-03-05,nicolae negumereanu,odds_frame
kevin holland,1992-11-05,2022-03-05,kevin holland,odds_frame
greg hardy,1988-07-28,2022-03-05,greg hardy,odds_frame
alex oliveira,1988-02-21,2022-03-05,alex oliveira,odds_frame
umar nurmagomedov,1996-01-03,2022-03-05,umar nurmagomedov,odds_frame
jorge masvidal,1984-11-12,2022-03-05,jorge masvidal,odds_frame
renato moicano,1989-05-21,2022-03-05,renato moicano,odds_frame
aj fletcher,1997-02-18,2022-03-12,aj fletcher,odds_frame
alex pereira,1987-07-07,2022-03-12,alex pereira,odds_frame
cody brundage,1994-05-16,2022-03-12,cody brundage,odds_frame
javid basharat,1995-09-07,2022-03-12,javid basharat,odds_frame
guido cannetti,1979-12-19,2022-03-12,guido cannetti,odds_frame
drew dober,1988-10-19,2022-03-12,drew dober,odds_frame
terrance mckinney,1994-09-15,2022-03-12,terrance mckinney,odds_frame
sodiq yusuff,1993-05-19,2022-03-12,sodiq yusuff,odds_frame
alex caceres,1988-06-20,2022-03-12,alex caceres,odds_frame
bruno silva,1989-07-13,2022-03-12,bruno silva,odds_frame
magomed ankalaev,1992-06-02,2022-03-12,magomed ankalaev,odds_frame
dalcha lungiambula,1987-07-31,2022-03-12,dalcha lungiambula,odds_frame
tafon nchukwi,1994-10-14,2022-03-12,tafon nchukwi,odds_frame
azamat murzakanov,1989-04-12,2022-03-12,azamat murzakanov,odds_frame
trevin jones,1990-08-04,2022-03-12,trevin jones,odds_frame
matthew semelsberger,1992-11-23,2022-03-12,matthew semelsberger,odds_frame
kris moutinho,1992-08-09,2022-03-12,kris moutinho,odds_frame
thiago santos,1984-01-07,2022-03-12,thiago santos,odds_frame
jai herbert,1988-05-13,2022-03-19,jai herbert,odds_frame
shamil abdurakhimov,1981-09-02,2022-03-19,shamil abdurakhimov,odds_frame
nikita krylov,1992-03-07,2022-03-19,nikita krylov,odds_frame
alexander volkov,1988-10-24,2022-03-19,alexander volkov,odds_frame
gunnar nelson,1988-07-28,2022-03-19,gunnar nelson,odds_frame
ilia topuria,1997-01-21,2022-03-19,ilia topuria,odds_frame
takashi sato,1990-06-09,2022-03-19,takashi sato,odds_frame
muhammad mokaev,2000-07-30,2022-03-19,muhammad mokaev,odds_frame
tom aspinall,1993-04-11,2022-03-19,tom aspinall,odds_frame
sergei pavlovich,1992-05-13,2022-03-19,sergei pavlovich,odds_frame
paul craig,1987-11-27,2022-03-19,paul craig,odds_frame
makwan amirkhani,1988-11-08,2022-03-19,makwan amirkhani,odds_frame
cody durden,1991-03-29,2022-03-19,cody durden,odds_frame
mike grundy,1987-01-03,2022-03-19,mike grundy,odds_frame
denis tiuliulin,1988-05-17,2022-03-26,denis tiuliulin,odds_frame
batgerel danaa,1989-07-04,2022-03-26,batgerel danaa,odds_frame
bruno souza,1996-03-07,2022-03-26,bruno souza,odds_frame
chris daukaus,1989-09-25,2022-03-26,chris daukaus,odds_frame
max griffin,1985-11-29,2022-03-26,max griffin,odds_frame
kai kara-france,1993-03-26,2022-03-26,kai kara france,odds_frame
marc diakiese,1993-03-16,2022-03-26,marc diakiese,odds_frame
matheus nicolau,1993-01-06,2022-03-26,matheus nicolau,odds_frame
aliaskhab khizriev,1990-08-24,2022-03-26,aliaskhab khizriev,odds_frame
chris gutierrez,1991-04-22,2022-03-26,chris gutierrez,odds_frame
luis saldana,1991-01-27,2022-03-26,luis saldana,odds_frame
neil magny,1987-08-03,2022-03-26,neil magny,odds_frame
askar askarov,1992-10-09,2022-03-26,askar askarov,odds_frame
matt brown,1981-01-10,2022-03-26,matt brown,odds_frame
curtis blaydes,1991-02-18,2022-03-26,curtis blaydes,odds_frame
viacheslav borshchev,1992-01-08,2022-03-26,viacheslav borshchev,odds_frame
bryan barberena,1989-05-03,2022-03-26,bryan barberena,odds_frame
david dvorak,1992-06-05,2022-03-26,david dvorak,odds_frame
jared vanderaa,1992-05-12,2022-04-09,jared vanderaa,odds_frame
anthony hernandez,1993-10-18,2022-04-09,anthony hernandez,odds_frame
mark madsen,1984-09-23,2022-04-09,mark madsen,odds_frame
khamzat chimaev,1994-05-01,2022-04-09,khamzat chimaev,odds_frame
petr yan,1993-02-11,2022-04-09,petr yan,odds_frame
chan sung jung,1987-03-17,2022-04-09,chan sung jung,odds_frame
daniel santos,1995-03-12,2022-04-09,daniel santos,odds_frame
aleksei oleinik,1977-06-20,2022-04-09,aleksei oleinik,odds_frame
josh fremd,1994-01-15,2022-04-09,josh fremd,odds_frame
julio arce,1989-10-27,2022-04-09,julio arce,odds_frame
alexander volkanovski,1988-09-29,2022-04-09,alexander volkanovski,odds_frame
aljamain sterling,1989-07-31,2022-04-09,aljamain sterling,odds_frame
gilbert burns,1986-07-20,2022-04-09,gilbert burns,odds_frame
vinc pichel,1982-11-23,2022-04-09,vinc pichel,odds_frame
william knight,1988-04-03,2022-04-16,william knight,odds_frame
kevin croom,1987-07-15,2022-04-16,kevin croom,odds_frame
brandon jenkins,1991-09-30,2022-04-16,brandon jenkins,odds_frame
martin buday,1991-11-11,2022-04-16,martin buday,odds_frame
gadzhi omargadzhiev,1993-02-24,2022-04-16,gadzhi omargadzhiev,odds_frame
belal muhammad,1988-07-09,2022-04-16,belal muhammad,odds_frame
andre fialho,1994-04-07,2022-04-16,andre fialho,odds_frame
devin clark,1990-04-12,2022-04-16,devin clark,odds_frame
jesse ronson,1985-12-24,2022-04-16,jesse ronson,odds_frame
ange loosa,1993-03-18,2022-04-16,ange loosa,odds_frame
rafa garcia,1994-08-05,2022-04-16,rafa garcia,odds_frame
miguel baeza,1992-08-23,2022-04-16,miguel baeza,odds_frame
vicente luque,1991-11-27,2022-04-16,vicente luque,odds_frame
caio borralho,1993-01-16,2022-04-16,caio borralho,odds_frame
mounir lazzez,1987-11-16,2022-04-16,mounir lazzez,odds_frame
drakkar klose,1988-03-09,2022-04-16,drakkar klose,odds_frame
alatengheili,1991-12-14,2022-04-16,alatengheili,odds_frame
chris barnett,1986-06-14,2022-04-16,chris barnett,odds_frame
lando vannata,1992-03-14,2022-04-23,lando vannata,odds_frame
preston parsons,1995-07-15,2022-04-23,preston parsons,odds_frame
clay guida,1981-12-08,2022-04-23,clay guida,odds_frame
dwight grant,1984-09-14,2022-04-23,dwight grant,odds_frame
jordan wright,1991-10-07,2022-04-23,jordan wright,odds_frame
charles jourdain,1995-11-27,2022-04-23,charles jourdain,odds_frame
evan elder,1997-04-11,2022-04-23,evan elder,odds_frame
sergey khandozhko,1992-05-19,2022-04-23,sergey khandozhko,odds_frame
claudio puelles,1996-04-21,2022-04-23,claudio puelles,odds_frame
dean barry,1992-07-03,2022-04-23,dean barry,odds_frame
philipe lins,1985-08-17,2022-04-23,philipe lins,odds_frame
mike jackson,1985-03-22,2022-04-23,mike jackson,odds_frame
cameron else,1987-04-27,2022-04-23,cameron else,odds_frame
marc-andre barriault,1990-02-18,2022-04-23,marc andre barriault,odds_frame
aoriqileng,1993-06-25,2022-04-23,aoriqileng,odds_frame
marcin prachnio,1988-07-14,2022-04-23,marcin prachnio,odds_frame
gerald meerschaert,1987-12-18,2022-04-30,gerald meerschaert,odds_frame
tristan connelly,1985-12-12,2022-04-30,tristan connelly,odds_frame
darren elkins,1984-05-16,2022-04-30,darren elkins,odds_frame
natan levy,1991-09-30,2022-04-30,natan levy,odds_frame
chase sherman,1989-11-16,2022-04-30,chase sherman,odds_frame
rob font,1987-06-25,2022-04-30,rob font,odds_frame
joanderson brito,1995-02-11,2022-04-30,joanderson brito,odds_frame
francisco figueiredo,1989-10-23,2022-04-30,francisco figueiredo,odds_frame
daniel lacerda,1996-06-05,2022-04-30,daniel lacerda,odds_frame
alexandr romanov,1990-12-11,2022-04-30,alexandr romanov,odds_frame
andre fili,1990-06-25,2022-04-30,andre fili,odds_frame
mike breeden,1989-04-21,2022-04-30,mike breeden,odds_frame
marlon vera,1992-12-02,2022-04-30,marlon vera,odds_frame
krzysztof jotko,1989-08-19,2022-04-30,krzysztof jotko,odds_frame
brandon royval,1992-08-16,2022-05-07,brandon royval,odds_frame
michael chandler,1986-04-24,2022-05-07,michael chandler,odds_frame
mauricio rua,1981-11-25,2022-05-07,mauricio rua,odds_frame
fernie garcia,1992-04-12,2022-05-07,fernie garcia,odds_frame
charles oliveira,1989-10-17,2022-05-07,charles oliveira,odds_frame
ovince saint preux,1983-04-08,2022-05-07,ovince saint preux,odds_frame
khaos williams,1994-03-30,2022-05-07,khaos williams,odds_frame
francisco trinaldo,1978-08-24,2022-05-07,francisco trinaldo,odds_frame
matt schnell,1990-01-15,2022-05-07,matt schnell,odds_frame
tony ferguson,1984-02-12,2022-05-07,tony ferguson,odds_frame
danny roberts,1987-07-14,2022-05-07,danny roberts,odds_frame
randy brown,1990-07-08,2022-05-07,randy brown,odds_frame
cameron vancamp,1993-04-27,2022-05-07,cameron vancamp,odds_frame
andre fialho,1994-04-07,2022-05-07,andre fialho,odds_frame
justin gaethje,1988-11-14,2022-05-07,justin gaethje,odds_frame
journey newson,1989-03-07,2022-05-07,journey newson,odds_frame
andre petroski,1991-06-12,2022-05-14,andre petroski,odds_frame
davey grant,1985-12-18,2022-05-14,davey grant,odds_frame
jake hadley,1996-08-03,2022-05-14,jake hadley,odds_frame
tatsuro taira,2000-01-27,2022-05-14,tatsuro taira,odds_frame
jan blachowicz,1983-02-24,2022-05-14,jan blachowicz,odds_frame
nick maximov,1997-12-23,2022-05-14,nick maximov,odds_frame
alan patrick,1983-07-19,2022-05-14,alan patrick,odds_frame
carlos candelario,1991-06-04,2022-05-14,carlos candelario,odds_frame
aleksandar rakic,1992-02-06,2022-05-14,aleksandar rakic,odds_frame
manuel torres,1995-03-25,2022-05-14,manuel torres,odds_frame
allan nascimento,1991-09-11,2022-05-14,allan nascimento,odds_frame
louis smolka,1991-07-16,2022-05-14,louis smolka,odds_frame
michael johnson,1986-06-04,2022-05-14,michael johnson,odds_frame
frank camacho,1989-05-18,2022-05-14,frank camacho,odds_frame
vince morales,1990-11-12,2022-05-21,vince morales,odds_frame
uros medic,1993-04-25,2022-05-21,uros medic,odds_frame
santiago ponzinibbio,1986-09-26,2022-05-21,santiago ponzinibbio,odds_frame
alen amedovski,1988-04-06,2022-05-21,alen amedovski,odds_frame
parker porter,1985-04-22,2022-05-21,parker porter,odds_frame
chase hooper,1999-09-13,2022-05-21,chase hooper,odds_frame
felipe colares,1994-03-31,2022-05-21,felipe colares,odds_frame
jonathan martinez,1994-04-20,2022-05-21,jonathan martinez,odds_frame
eryk anders,1987-04-21,2022-05-21,eryk anders,odds_frame
junyong park,1991-02-27,2022-05-21,junyong park,odds_frame
omar morales,1985-10-17,2022-05-21,omar morales,odds_frame
jailton almeida,1991-06-26,2022-05-21,jailton almeida,odds_frame
michel pereira,1993-10-06,2022-05-21,michel pereira,odds_frame
joseph holmes,1995-07-04,2022-05-21,joseph holmes,odds_frame
jairzinho rozenstruik,1988-03-17,2022-06-04,jairzinho rozenstruik,odds_frame
zarrukh adashev,1992-07-29,2022-06-04,zarrukh adashev,odds_frame
dan argueta,1993-08-13,2022-06-04,dan argueta,odds_frame
zhalgas zhumagulov,1988-08-29,2022-06-04,zhalgas zhumagulov,odds_frame
lucas almeida,1991-01-31,2022-06-04,lucas almeida,odds_frame
andreas michailidis,1988-07-18,2022-06-04,andreas michailidis,odds_frame
askar mozharov,1994-10-26,2022-06-04,askar mozharov,odds_frame
movsar evloev,1994-02-11,2022-06-04,movsar evloev,odds_frame
ode osbourne,1992-01-09,2022-06-04,ode osbourne,odds_frame
dan ige,1991-08-06,2022-06-04,dan ige,odds_frame
michael trizano,1991-12-31,2022-06-04,michael trizano,odds_frame
alonzo menifield,1987-10-18,2022-06-04,alonzo menifield,odds_frame
damon jackson,1988-08-08,2022-06-04,damon jackson,odds_frame
niklas stolze,1992-12-28,2022-06-04,niklas stolze,odds_frame
jeff molina,1997-07-17,2022-06-04,jeff molina,odds_frame
alexander volkov,1988-10-24,2022-06-04,alexander volkov,odds_frame
rinat fakhretdinov,1991-09-28,2022-06-04,rinat fakhretdinov,odds_frame
joe solecki,1993-08-27,2022-06-04,joe solecki,odds_frame
alex da silva,1996-02-04,2022-06-04,alex da silva,odds_frame
benoit saint denis,1995-12-18,2022-06-04,benoit saint denis,odds_frame
andre fialho,1994-04-07,2022-06-11,andre fialho,odds_frame
glover teixeira,1979-10-28,2022-06-11,glover teixeira,odds_frame
jake matthews,1994-08-19,2022-06-11,jake matthews,odds_frame
jiri prochazka,1992-10-14,2022-06-11,jiri prochazka,odds_frame
ramazan emeev,1987-05-23,2022-06-11,ramazan emeev,odds_frame
jacob malkoun,1995-08-26,2022-06-11,jacob malkoun,odds_frame
steve garcia,1992-05-22,2022-06-11,steve garcia,odds_frame
brendan allen,1995-12-28,2022-06-11,brendan allen,odds_frame
maheshate,1999-12-01,2022-06-11,maheshate,odds_frame
jack della maddalena,1996-09-10,2022-06-11,jack della maddalena,odds_frame
calvin kattar,1988-03-26,2022-06-18,calvin kattar,odds_frame
tim means,1984-02-20,2022-06-18,tim means,odds_frame
damir ismagulov,1991-02-03,2022-06-18,damir ismagulov,odds_frame
ricardo ramos,1995-08-01,2022-06-18,ricardo ramos,odds_frame
adrian yanez,1993-11-29,2022-06-18,adrian yanez,odds_frame
court mcgee,1984-12-12,2022-06-18,court mcgee,odds_frame
eddie wineland,1984-06-26,2022-06-18,eddie wineland,odds_frame
roman dolidze,1988-07-15,2022-06-18,roman dolidze,odds_frame
julian marquez,1990-05-08,2022-06-18,julian marquez,odds_frame
danny chavez,1987-03-14,2022-06-18,danny chavez,odds_frame
kyle daukaus,1993-02-27,2022-06-18,kyle daukaus,odds_frame
gregory rodrigues,1992-02-17,2022-06-18,gregory rodrigues,odds_frame
cody stamann,1989-11-09,2022-06-18,cody stamann,odds_frame
tony kelley,1987-01-21,2022-06-18,tony kelley,odds_frame
guram kutateladze,1992-01-08,2022-06-18,guram kutateladze,odds_frame
albert duraev,1989-01-05,2022-06-18,albert duraev,odds_frame
kevin holland,1992-11-05,2022-06-18,kevin holland,odds_frame
josh emmett,1985-03-04,2022-06-18,josh emmett,odds_frame
jeremiah wells,1986-10-30,2022-06-18,jeremiah wells,odds_frame
joaquin buckley,1994-04-27,2022-06-18,joaquin buckley,odds_frame
cody durden,1991-03-29,2022-06-25,cody durden,odds_frame
rodolfo vieira,1989-09-25,2022-06-25,rodolfo vieira,odds_frame
raulian paiva,1995-10-17,2022-06-25,raulian paiva,odds_frame
umar nurmagomedov,1996-01-03,2022-06-25,umar nurmagomedov,odds_frame
christos giagos,1990-01-23,2022-06-25,christos giagos,odds_frame
neil magny,1987-08-03,2022-06-25,neil magny,odds_frame
chris curtis,1987-07-15,2022-06-25,chris curtis,odds_frame
mario bautista,1993-07-01,2022-06-25,mario bautista,odds_frame
sergey morozov,1989-06-14,2022-06-25,sergey morozov,odds_frame
mateusz gamrot,1990-12-11,2022-06-25,mateusz gamrot,odds_frame
jp buys,1996-04-30,2022-06-25,jp buys,odds_frame
shavkat rakhmonov,1994-10-23,2022-06-25,shavkat rakhmonov,odds_frame
alan baudot,1988-02-01,2022-06-25,alan baudot,odds_frame
brian kelleher,1986-08-19,2022-06-25,brian kelleher,odds_frame
nate maness,1991-06-27,2022-06-25,nate maness,odds_frame
josh parisian,1989-06-28,2022-06-25,josh parisian,odds_frame
thiago moises,1995-03-23,2022-06-25,thiago moises,odds_frame
arman tsarukyan,1996-10-11,2022-06-25,arman tsarukyan,odds_frame
donald cerrone,1983-03-29,2022-07-02,donald cerrone,odds_frame
sean o'malley,1994-10-24,2022-07-02,sean o malley,odds_frame
andre muniz,1990-02-17,2022-07-02,andre muniz,odds_frame
dricus du plessis,1994-01-14,2022-07-02,dricus du plessis,odds_frame
jalin turner,1995-05-18,2022-07-02,jalin turner,odds_frame
jared cannonier,1984-03-16,2022-07-02,jared cannonier,odds_frame
bryan barberena,1989-05-03,2022-07-02,bryan barberena,odds_frame
alex pereira,1987-07-07,2022-07-02,alex pereira,odds_frame
max holloway,1991-12-04,2022-07-02,max holloway,odds_frame
alexander volkanovski,1988-09-29,2022-07-02,alexander volkanovski,odds_frame
sean strickland,1991-02-27,2022-07-02,sean strickland,odds_frame
robbie lawler,1982-03-20,2022-07-02,robbie lawler,odds_frame
israel adesanya,1989-07-22,2022-07-02,israel adesanya,odds_frame
brad riddell,1991-09-30,2022-07-02,brad riddell,odds_frame
jim miller,1983-08-30,2022-07-02,jim miller,odds_frame
brad tavares,1987-12-21,2022-07-02,brad tavares,odds_frame
uriah hall,1984-07-31,2022-07-02,uriah hall,odds_frame
pedro munhoz,1986-09-07,2022-07-02,pedro munhoz,odds_frame
douglas silva de andrade,1985-06-22,2022-07-09,douglas silva de andrade,odds_frame
jared vanderaa,1992-05-12,2022-07-09,jared vanderaa,odds_frame
aiemann zahabi,1987-11-19,2022-07-09,aiemann zahabi,odds_frame
david onama,1994-06-07,2022-07-09,david onama,odds_frame
kennedy nzechukwu,1992-06-13,2022-07-09,kennedy nzechukwu,odds_frame
ronnie lawrence,1992-06-13,2022-07-09,ronnie lawrence,odds_frame
jamie mullarkey,1994-08-17,2022-07-09,jamie mullarkey,odds_frame
michael johnson,1986-06-04,2022-07-09,michael johnson,odds_frame
saidyokub kakhramonov,1995-11-14,2022-07-09,saidyokub kakhramonov,odds_frame
karl roberson,1990-10-04,2022-07-09,karl roberson,odds_frame
garrett armfield,1996-10-09,2022-07-09,garrett armfield,odds_frame
chase sherman,1989-11-16,2022-07-09,chase sherman,odds_frame
said nurmagomedov,1992-04-05,2022-07-09,said nurmagomedov,odds_frame
armen petrosyan,1990-11-03,2022-07-09,armen petrosyan,odds_frame
rafael fiziev,1993-03-05,2022-07-09,rafael fiziev,odds_frame
rafael dos anjos,1984-10-26,2022-07-09,rafael dos anjos,odds_frame
caio borralho,1993-01-16,2022-07-09,caio borralho,odds_frame
ricky turcios,1993-06-05,2022-07-09,ricky turcios,odds_frame
dustin stoltzfus,1991-11-15,2022-07-16,dustin stoltzfus,odds_frame
herbert burns,1988-02-02,2022-07-16,herbert burns,odds_frame
da woon jung,1993-12-07,2022-07-16,da woon jung,odds_frame
jack shore,1995-02-06,2022-07-16,jack shore,odds_frame
charles jourdain,1995-11-27,2022-07-16,charles jourdain,odds_frame
yair rodriguez,1992-10-06,2022-07-16,yair rodriguez,odds_frame
sumudaerji,1996-01-20,2022-07-16,sumudaerji,odds_frame
matt schnell,1990-01-15,2022-07-16,matt schnell,odds_frame
brian ortega,1991-02-21,2022-07-16,brian ortega,odds_frame
shane burgos,1991-03-19,2022-07-16,shane burgos,odds_frame
dwight grant,1984-09-14,2022-07-16,dwight grant,odds_frame
bill algeo,1989-06-09,2022-07-16,bill algeo,odds_frame
dustin jacoby,1988-04-04,2022-07-16,dustin jacoby,odds_frame
ricky simon,1992-08-31,2022-07-16,ricky simon,odds_frame
paddy pimblett,1995-01-03,2022-07-23,paddy pimblett,odds_frame
tom aspinall,1993-04-11,2022-07-23,tom aspinall,odds_frame
chris curtis,1987-07-15,2022-07-23,chris curtis,odds_frame
jordan leavitt,1995-06-02,2022-07-23,jordan leavitt,odds_frame
alexander gustafsson,1987-01-15,2022-07-23,alexander gustafsson,odds_frame
volkan oezdemir,1989-09-19,2022-07-23,volkan oezdemir,odds_frame
charles rosa,1986-08-24,2022-07-23,charles rosa,odds_frame
jonathan pearce,1992-05-01,2022-07-23,jonathan pearce,odds_frame
nikita krylov,1992-03-07,2022-07-23,nikita krylov,odds_frame
mason jones,1995-04-26,2022-07-23,mason jones,odds_frame
charles johnson,1991-01-10,2022-07-23,charles johnson,odds_frame
kyle nelson,1991-04-20,2022-07-23,kyle nelson,odds_frame
nicolas dalby,1984-11-16,2022-07-23,nicolas dalby,odds_frame
ludovit klein,1995-02-22,2022-07-23,ludovit klein,odds_frame
paul craig,1987-11-27,2022-07-23,paul craig,odds_frame
nathaniel wood,1993-05-08,2022-07-23,nathaniel wood,odds_frame
makwan amirkhani,1988-11-08,2022-07-23,makwan amirkhani,odds_frame
muhammad mokaev,2000-07-30,2022-07-23,muhammad mokaev,odds_frame
jai herbert,1988-05-13,2022-07-23,jai herbert,odds_frame
curtis blaydes,1991-02-18,2022-07-23,curtis blaydes,odds_frame
jack hermansson,1988-06-10,2022-07-23,jack hermansson,odds_frame
claudio silva,1982-09-06,2022-07-23,claudio silva,odds_frame
matthew semelsberger,1992-11-23,2022-07-30,matthew semelsberger,odds_frame
sergei pavlovich,1992-05-13,2022-07-30,sergei pavlovich,odds_frame
anthony smith,1988-07-26,2022-07-30,anthony smith,odds_frame
rafa garcia,1994-08-05,2022-07-30,rafa garcia,odds_frame
rafael alves,1990-11-14,2022-07-30,rafael alves,odds_frame
alex perez,1992-03-21,2022-07-30,alex perez,odds_frame
adam fugitt,1989-01-12,2022-07-30,adam fugitt,odds_frame
drakkar klose,1988-03-09,2022-07-30,drakkar klose,odds_frame
blood diamond,1988-07-10,2022-07-30,blood diamond,odds_frame
don'tale mayes,1992-01-16,2022-07-30,don tale mayes,odds_frame
michael morales,1999-06-24,2022-07-30,michael morales,odds_frame
drew dober,1988-10-19,2022-07-30,drew dober,odds_frame
alexandre pantoja,1990-04-16,2022-07-30,alexandre pantoja,odds_frame
derrick lewis,1985-02-07,2022-07-30,derrick lewis,odds_frame
ihor potieria,1996-05-29,2022-07-30,ihor potieria,odds_frame
alex morono,1990-08-16,2022-07-30,alex morono,odds_frame
nicolae negumereanu,1994-09-04,2022-07-30,nicolae negumereanu,odds_frame
orion cosce,1994-07-15,2022-07-30,orion cosce,odds_frame
magomed ankalaev,1992-06-02,2022-07-30,magomed ankalaev,odds_frame
hamdy abdelwahab,1993-01-22,2022-07-30,hamdy abdelwahab,odds_frame
zac pauga,1988-02-25,2022-08-06,zac pauga,odds_frame
serghei spivac,1995-01-24,2022-08-06,serghei spivac,odds_frame
augusto sakai,1991-05-09,2022-08-06,augusto sakai,odds_frame
terrance mckinney,1994-09-15,2022-08-06,terrance mckinney,odds_frame
jamahal hill,1991-05-19,2022-08-06,jamahal hill,odds_frame
vicente luque,1991-11-27,2022-08-06,vicente luque,odds_frame
mohammed usman,1989-04-01,2022-08-06,mohammed usman,odds_frame
geoff neal,1990-08-28,2022-08-06,geoff neal,odds_frame
erick gonzalez,1992-01-20,2022-08-06,erick gonzalez,odds_frame
takashi sato,1990-06-09,2022-08-06,takashi sato,odds_frame
bryan battle,1994-09-21,2022-08-06,bryan battle,odds_frame
thiago santos,1984-01-07,2022-08-06,thiago santos,odds_frame
charlie ontiveros,1991-07-04,2022-08-13,charlie ontiveros,odds_frame
tyson nam,1983-10-06,2022-08-13,tyson nam,odds_frame
josh quinlan,1993-02-06,2022-08-13,josh quinlan,odds_frame
da'mon blackshear,1994-08-12,2022-08-13,da mon blackshear,odds_frame
lukasz brzeski,1992-05-17,2022-08-13,lukasz brzeski,odds_frame
david onama,1994-06-07,2022-08-13,david onama,odds_frame
gerald meerschaert,1987-12-18,2022-08-13,gerald meerschaert,odds_frame
azamat murzakanov,1989-04-12,2022-08-13,azamat murzakanov,odds_frame
ode osbourne,1992-01-09,2022-08-13,ode osbourne,odds_frame
bruno silva,1989-07-13,2022-08-13,bruno silva,odds_frame
marlon vera,1992-12-02,2022-08-13,marlon vera,odds_frame
devin clark,1990-04-12,2022-08-13,devin clark,odds_frame
nate landwehr,1988-06-06,2022-08-13,nate landwehr,odds_frame
martin buday,1991-11-11,2022-08-13,martin buday,odds_frame
youssef zalal,1996-09-04,2022-08-13,youssef zalal,odds_frame
jason witt,1986-11-07,2022-08-13,jason witt,odds_frame
dominick cruz,1985-03-09,2022-08-13,dominick cruz,odds_frame
gabriel benitez,1988-06-15,2022-08-13,gabriel benitez,odds_frame
amir albazi,1993-10-27,2022-08-20,amir albazi,odds_frame
jose aldo,1986-09-09,2022-08-20,jose aldo,odds_frame
paulo costa,1991-04-21,2022-08-20,paulo costa,odds_frame
alexandr romanov,1990-12-11,2022-08-20,alexandr romanov,odds_frame
jay perrin,1993-06-15,2022-08-20,jay perrin,odds_frame
francisco figueiredo,1989-10-23,2022-08-20,francisco figueiredo,odds_frame
ange loosa,1993-03-18,2022-08-20,ange loosa,odds_frame
luis saldana,1991-01-27,2022-08-20,luis saldana,odds_frame
harry hunsucker,1989-01-03,2022-08-20,harry hunsucker,odds_frame
luke rockhold,1984-10-17,2022-08-20,luke rockhold,odds_frame
merab dvalishvili,1991-01-10,2022-08-20,merab dvalishvili,odds_frame
aj fletcher,1997-02-18,2022-08-20,aj fletcher,odds_frame
marcin tybura,1985-11-09,2022-08-20,marcin tybura,odds_frame
aoriqileng,1993-06-25,2022-08-20,aoriqileng,odds_frame
sean woodson,1992-06-07,2022-08-20,sean woodson,odds_frame
tyson pedro,1991-09-17,2022-08-20,tyson pedro,odds_frame
robert whittaker,1990-12-20,2022-09-03,robert whittaker,odds_frame
khalid taha,1992-02-15,2022-09-03,khalid taha,odds_frame
marvin vettori,1993-09-20,2022-09-03,marvin vettori,odds_frame
tai tuivasa,1993-03-16,2022-09-03,tai tuivasa,odds_frame
joaquin buckley,1994-04-27,2022-09-03,joaquin buckley,odds_frame
cristian quinonez,1996-04-26,2022-09-03,cristian quinonez,odds_frame
nathaniel wood,1993-05-08,2022-09-03,nathaniel wood,odds_frame
dustin stoltzfus,1991-11-15,2022-09-03,dustin stoltzfus,odds_frame
nasrat haqparast,1995-08-22,2022-09-03,nasrat haqparast,odds_frame
gabriel miranda,1990-03-25,2022-09-03,gabriel miranda,odds_frame
michal figlak,1996-08-15,2022-09-03,michal figlak,odds_frame
roman kopylov,1991-05-04,2022-09-03,roman kopylov,odds_frame
ciryl gane,1990-04-12,2022-09-03,ciryl gane,odds_frame
nassourdine imavov,1996-03-01,2022-09-03,nassourdine imavov,odds_frame
charles jourdain,1995-11-27,2022-09-03,charles jourdain,odds_frame
benoit saint denis,1995-12-18,2022-09-03,benoit saint denis,odds_frame
alessio di chirico,1989-12-12,2022-09-03,alessio di chirico,odds_frame
john makdessi,1985-05-03,2022-09-03,john makdessi,odds_frame
abus magomedov,1990-09-02,2022-09-03,abus magomedov,odds_frame
fares ziam,1997-03-21,2022-09-03,fares ziam,odds_frame
yohan lainesse,1992-08-14,2022-09-10,yohan lainesse,odds_frame
darian weeks,1993-11-23,2022-09-10,darian weeks,odds_frame
chad anheliger,1986-12-01,2022-09-10,chad anheliger,odds_frame
jake collier,1988-10-25,2022-09-10,jake collier,odds_frame
denis tiuliulin,1988-05-17,2022-09-10,denis tiuliulin,odds_frame
jailton almeida,1991-06-26,2022-09-10,jailton almeida,odds_frame
johnny walker,1992-03-30,2022-09-10,johnny walker,odds_frame
irene aldana,1988-03-26,2022-09-10,irene aldana,odds_frame
alatengheili,1991-12-14,2022-09-10,alatengheili,odds_frame
khamzat chimaev,1994-05-01,2022-09-10,khamzat chimaev,odds_frame
anton turkalj,1996-06-10,2022-09-10,anton turkalj,odds_frame
hakeem dawodu,1991-07-02,2022-09-10,hakeem dawodu,odds_frame
jamie pickett,1988-08-29,2022-09-10,jamie pickett,odds_frame
chris barnett,1986-06-14,2022-09-10,chris barnett,odds_frame
tony ferguson,1984-02-12,2022-09-10,tony ferguson,odds_frame
kevin holland,1992-11-05,2022-09-10,kevin holland,odds_frame
julian erosa,1989-07-31,2022-09-10,julian erosa,odds_frame
nate diaz,1985-04-16,2022-09-10,nate diaz,odds_frame
ion cutelaba,1993-12-14,2022-09-10,ion cutelaba,odds_frame
macy chiasson,1991-07-27,2022-09-10,macy chiasson,odds_frame
nikolas motta,1993-02-08,2022-09-17,nikolas motta,odds_frame
anthony hernandez,1993-10-18,2022-09-17,anthony hernandez,odds_frame
joe pyfer,1996-09-17,2022-09-17,joe pyfer,odds_frame
andre fili,1990-06-25,2022-09-17,andre fili,odds_frame
louis cosce,1995-08-27,2022-09-17,louis cosce,odds_frame
pat sabatini,1990-11-09,2022-09-17,pat sabatini,odds_frame
rodrigo nascimento,1992-11-26,2022-09-17,rodrigo nascimento,odds_frame
javid basharat,1995-09-07,2022-09-17,javid basharat,odds_frame
cameron vancamp,1993-04-27,2022-09-17,cameron vancamp,odds_frame
marc-andre barriault,1990-02-18,2022-09-17,marc andre barriault,odds_frame
daniel zellhuber,1999-07-07,2022-09-17,daniel zellhuber,odds_frame
bill algeo,1989-06-09,2022-09-17,bill algeo,odds_frame
gregory rodrigues,1992-02-17,2022-09-17,gregory rodrigues,odds_frame
chidi njokuani,1988-12-31,2022-09-17,chidi njokuani,odds_frame
trevin giles,1992-08-06,2022-09-17,trevin giles,odds_frame
damon jackson,1988-08-08,2022-09-17,damon jackson,odds_frame
tanner boser,1991-08-02,2022-09-17,tanner boser,odds_frame
trey ogden,1989-11-14,2022-09-17,trey ogden,odds_frame
tony gravely,1991-09-28,2022-09-17,tony gravely,odds_frame
alen amedovski,1988-04-06,2022-09-17,alen amedovski,odds_frame
randy brown,1990-07-08,2022-10-01,randy brown,odds_frame
mike davis,1992-10-07,2022-10-01,mike davis,odds_frame
julija stoliarenko,1993-04-08,2022-10-01,julija stoliarenko,odds_frame
krzysztof jotko,1989-08-19,2022-10-01,krzysztof jotko,odds_frame
joaquim silva,1989-02-05,2022-10-01,joaquim silva,odds_frame
john castaneda,1991-12-18,2022-10-01,john castaneda,odds_frame
sodiq yusuff,1993-05-19,2022-10-01,sodiq yusuff,odds_frame
daniel santos,1995-03-12,2022-10-01,daniel santos,odds_frame
viacheslav borshchev,1992-01-08,2022-10-01,viacheslav borshchev,odds_frame
chelsea chandler,1990-11-23,2022-10-01,chelsea chandler,odds_frame
brendan allen,1995-12-28,2022-10-01,brendan allen,odds_frame
jesse ronson,1985-12-24,2022-10-01,jesse ronson,odds_frame
francisco trinaldo,1978-08-24,2022-10-01,francisco trinaldo,odds_frame
don shainis,1990-09-16,2022-10-01,don shainis,odds_frame
trevin jones,1990-08-04,2022-10-01,trevin jones,odds_frame
randy costa,1994-07-06,2022-10-01,randy costa,odds_frame
guido cannetti,1979-12-19,2022-10-01,guido cannetti,odds_frame
raoni barcelos,1987-05-01,2022-10-01,raoni barcelos,odds_frame
raphael assuncao,1982-07-19,2022-10-15,raphael assuncao,odds_frame
mike jackson,1985-03-22,2022-10-15,mike jackson,odds_frame
mana martinez,1996-03-25,2022-10-15,mana martinez,odds_frame
misha cirkunov,1987-02-27,2022-10-15,misha cirkunov,odds_frame
cub swanson,1983-11-02,2022-10-15,cub swanson,odds_frame
jonathan martinez,1994-04-20,2022-10-15,jonathan martinez,odds_frame
jacob malkoun,1995-08-26,2022-10-15,jacob malkoun,odds_frame
pete rodriguez,1996-11-13,2022-10-15,pete rodriguez,odds_frame
brandon davis,1990-05-08,2022-10-15,brandon davis,odds_frame
alonzo menifield,1987-10-18,2022-10-15,alonzo menifield,odds_frame
victor henry,1987-05-04,2022-10-15,victor henry,odds_frame
nick maximov,1997-12-23,2022-10-15,nick maximov,odds_frame
malcolm gordon,1990-05-19,2022-10-22,malcolm gordon,odds_frame
caio borralho,1993-01-16,2022-10-22,caio borralho,odds_frame
aj dobson,1992-01-18,2022-10-22,aj dobson,odds_frame
islam makhachev,1991-10-27,2022-10-22,islam makhachev,odds_frame
tj dillashaw,1986-02-07,2022-10-22,tj dillashaw,odds_frame
sean o'malley,1994-10-24,2022-10-22,sean o malley,odds_frame
sean brady,1992-11-23,2022-10-22,sean brady,odds_frame
nikita krylov,1992-03-07,2022-10-22,nikita krylov,odds_frame
gadzhi omargadzhiev,1993-02-24,2022-10-22,gadzhi omargadzhiev,odds_frame
mateusz gamrot,1990-12-11,2022-10-22,mateusz gamrot,odds_frame
petr yan,1993-02-11,2022-10-22,petr yan,odds_frame
belal muhammad,1988-07-09,2022-10-22,belal muhammad,odds_frame
muhammad mokaev,2000-07-30,2022-10-22,muhammad mokaev,odds_frame
volkan oezdemir,1989-09-19,2022-10-22,volkan oezdemir,odds_frame
abubakar nurmagomedov,1989-11-13,2022-10-22,abubakar nurmagomedov,odds_frame
armen petrosyan,1990-11-03,2022-10-22,armen petrosyan,odds_frame
makhmud muradov,1990-02-08,2022-10-22,makhmud muradov,odds_frame
beneil dariush,1989-05-06,2022-10-22,beneil dariush,odds_frame
charles oliveira,1989-10-17,2022-10-22,charles oliveira,odds_frame
aljamain sterling,1989-07-31,2022-10-22,aljamain sterling,odds_frame
tresean gore,1994-06-21,2022-10-29,tresean gore,odds_frame
jared vanderaa,1992-05-12,2022-10-29,jared vanderaa,odds_frame
max griffin,1985-11-29,2022-10-29,max griffin,odds_frame
dustin jacoby,1988-04-04,2022-10-29,dustin jacoby,odds_frame
tim means,1984-02-20,2022-10-29,tim means,odds_frame
waldo cortes-acosta,1991-10-03,2022-10-29,waldo cortes acosta,odds_frame
josh fremd,1994-01-15,2022-10-29,josh fremd,odds_frame
calvin kattar,1988-03-26,2022-10-29,calvin kattar,odds_frame
joseph holmes,1995-07-04,2022-10-29,joseph holmes,odds_frame
chase hooper,1999-09-13,2022-10-29,chase hooper,odds_frame
cody durden,1991-03-29,2022-10-29,cody durden,odds_frame
arnold allen,1994-01-22,2022-10-29,arnold allen,odds_frame
junyong park,1991-02-27,2022-10-29,junyong park,odds_frame
christian rodriguez,1997-12-17,2022-10-29,christian rodriguez,odds_frame
carlos mota,1995-04-15,2022-10-29,carlos mota,odds_frame
joshua weems,1994-05-05,2022-10-29,joshua weems,odds_frame
khalil rountree jr.,1990-02-26,2022-10-29,khalil rountree jr,odds_frame
steve garcia,1992-05-22,2022-10-29,steve garcia,odds_frame
neil magny,1987-08-03,2022-11-05,neil magny,odds_frame
darrick minner,1990-04-28,2022-11-05,darrick minner,odds_frame
tagir ulanbekov,1991-08-07,2022-11-05,tagir ulanbekov,odds_frame
carlos candelario,1991-06-04,2022-11-05,carlos candelario,odds_frame
mario bautista,1993-07-01,2022-11-05,mario bautista,odds_frame
shayilan nuerdanbieke,1994-05-04,2022-11-05,shayilan nuerdanbieke,odds_frame
nate maness,1991-06-27,2022-11-05,nate maness,odds_frame
benito lopez,1994-04-06,2022-11-05,benito lopez,odds_frame
jake hadley,1996-08-03,2022-11-05,jake hadley,odds_frame
daniel rodriguez,1986-12-31,2022-11-05,daniel rodriguez,odds_frame
dominick reyes,1989-12-26,2022-11-12,dominick reyes,odds_frame
israel adesanya,1989-07-22,2022-11-12,israel adesanya,odds_frame
dustin poirier,1989-01-19,2022-11-12,dustin poirier,odds_frame
frankie edgar,1981-10-16,2022-11-12,frankie edgar,odds_frame
dan hooker,1990-02-13,2022-11-12,dan hooker,odds_frame
matt frevola,1990-06-11,2022-11-12,matt frevola,odds_frame
nicolae negumereanu,1994-09-04,2022-11-12,nicolae negumereanu,odds_frame
andre petroski,1991-06-12,2022-11-12,andre petroski,odds_frame
carlos ulberg,1990-11-07,2022-11-12,carlos ulberg,odds_frame
julio arce,1989-10-27,2022-11-12,julio arce,odds_frame
wellington turman,1996-07-22,2022-11-12,wellington turman,odds_frame
renato moicano,1989-05-21,2022-11-12,renato moicano,odds_frame
ottman azaitar,1990-02-20,2022-11-12,ottman azaitar,odds_frame
ryan spann,1991-08-24,2022-11-12,ryan spann,odds_frame
claudio puelles,1996-04-21,2022-11-12,claudio puelles,odds_frame
chris gutierrez,1991-04-22,2022-11-12,chris gutierrez,odds_frame
michael chandler,1986-04-24,2022-11-12,michael chandler,odds_frame
alex pereira,1987-07-07,2022-11-12,alex pereira,odds_frame
brad riddell,1991-09-30,2022-11-12,brad riddell,odds_frame
montel jackson,1992-04-24,2022-11-12,montel jackson,odds_frame
miles johns,1994-03-30,2022-11-19,miles johns,odds_frame
ricky turcios,1993-06-05,2022-11-19,ricky turcios,odds_frame
vince morales,1990-11-12,2022-11-19,vince morales,odds_frame
charles johnson,1991-01-10,2022-11-19,charles johnson,odds_frame
zhalgas zhumagulov,1988-08-29,2022-11-19,zhalgas zhumagulov,odds_frame
andre fialho,1994-04-07,2022-11-19,andre fialho,odds_frame
chase sherman,1989-11-16,2022-11-19,chase sherman,odds_frame
waldo cortes-acosta,1991-10-03,2022-11-19,waldo cortes acosta,odds_frame
muslim salikhov,1984-06-09,2022-11-19,muslim salikhov,odds_frame
danny roberts,1987-07-14,2022-11-19,danny roberts,odds_frame
fernie garcia,1992-04-12,2022-11-19,fernie garcia,odds_frame
kevin natividad,1993-04-02,2022-11-19,kevin natividad,odds_frame
brady hiestand,1999-04-30,2022-11-19,brady hiestand,odds_frame
jack della maddalena,1996-09-10,2022-11-19,jack della maddalena,odds_frame
jonathan pearce,1992-05-01,2022-12-03,jonathan pearce,odds_frame
rafael dos anjos,1984-10-26,2022-12-03,rafael dos anjos,odds_frame
stephen thompson,1983-02-11,2022-12-03,stephen thompson,odds_frame
bryan barberena,1989-05-03,2022-12-03,bryan barberena,odds_frame
matheus nicolau,1993-01-06,2022-12-03,matheus nicolau,odds_frame
tai tuivasa,1993-03-16,2022-12-03,tai tuivasa,odds_frame
niko price,1989-09-29,2022-12-03,niko price,odds_frame
eryk anders,1987-04-21,2022-12-03,eryk anders,odds_frame
clay guida,1981-12-08,2022-12-03,clay guida,odds_frame
michael johnson,1986-06-04,2022-12-03,michael johnson,odds_frame
kevin holland,1992-11-05,2022-12-03,kevin holland,odds_frame
darren elkins,1984-05-16,2022-12-03,darren elkins,odds_frame
roman dolidze,1988-07-15,2022-12-03,roman dolidze,odds_frame
francis marshall,1999-03-03,2022-12-03,francis marshall,odds_frame
marc diakiese,1993-03-16,2022-12-03,marc diakiese,odds_frame
scott holtzman,1983-09-30,2022-12-03,scott holtzman,odds_frame
kyle daukaus,1993-02-27,2022-12-03,kyle daukaus,odds_frame
phil rowe,1990-07-18,2022-12-03,phil rowe,odds_frame
sergei pavlovich,1992-05-13,2022-12-03,sergei pavlovich,odds_frame
matt schnell,1990-01-15,2022-12-03,matt schnell,odds_frame
marcelo rojo,1988-07-02,2022-12-03,marcelo rojo,odds_frame
jack hermansson,1988-06-10,2022-12-03,jack hermansson,odds_frame
cameron saaiman,2000-12-20,2022-12-10,cameron saaiman,odds_frame
paddy pimblett,1995-01-03,2022-12-10,paddy pimblett,odds_frame
darren till,1992-12-24,2022-12-10,darren till,odds_frame
steven koslow,1997-01-22,2022-12-10,steven koslow,odds_frame
jay perrin,1993-06-15,2022-12-10,jay perrin,odds_frame
joaquin buckley,1994-04-27,2022-12-10,joaquin buckley,odds_frame
dalcha lungiambula,1987-07-31,2022-12-10,dalcha lungiambula,odds_frame
chris daukaus,1989-09-25,2022-12-10,chris daukaus,odds_frame
alexander hernandez,1992-10-01,2022-12-10,alexander hernandez,odds_frame
ilia topuria,1997-01-21,2022-12-10,ilia topuria,odds_frame
alex morono,1990-08-16,2022-12-10,alex morono,odds_frame
dricus du plessis,1994-01-14,2022-12-10,dricus du plessis,odds_frame
jared gordon,1988-09-06,2022-12-10,jared gordon,odds_frame
jairzinho rozenstruik,1988-03-17,2022-12-10,jairzinho rozenstruik,odds_frame
edmen shahbazyan,1997-11-20,2022-12-10,edmen shahbazyan,odds_frame
billy quarantillo,1988-12-08,2022-12-10,billy quarantillo,odds_frame
bryce mitchell,1994-10-04,2022-12-10,bryce mitchell,odds_frame
chris curtis,1987-07-15,2022-12-10,chris curtis,odds_frame
santiago ponzinibbio,1986-09-26,2022-12-10,santiago ponzinibbio,odds_frame
raul rosas jr.,2004-10-08,2022-12-10,raul rosas jr,odds_frame
saidyokub kakhramonov,1995-11-14,2022-12-17,saidyokub kakhramonov,odds_frame
maheshate,1999-12-01,2022-12-17,maheshate,odds_frame
julian erosa,1989-07-31,2022-12-17,julian erosa,odds_frame
rinat fakhretdinov,1991-09-28,2022-12-17,rinat fakhretdinov,odds_frame
manel kape,1993-11-14,2022-12-17,manel kape,odds_frame
journey newson,1989-03-07,2022-12-17,journey newson,odds_frame
alessandro costa,1996-01-28,2022-12-17,alessandro costa,odds_frame
damir ismagulov,1991-02-03,2022-12-17,damir ismagulov,odds_frame
rafa garcia,1994-08-05,2022-12-17,rafa garcia,odds_frame
sean strickland,1991-02-27,2022-12-17,sean strickland,odds_frame
matthew semelsberger,1992-11-23,2022-12-17,matthew semelsberger,odds_frame
said nurmagomedov,1992-04-05,2022-12-17,said nurmagomedov,odds_frame
david dvorak,1992-06-05,2022-12-17,david dvorak,odds_frame
jake matthews,1994-08-19,2022-12-17,jake matthews,odds_frame
alex caceres,1988-06-20,2022-12-17,alex caceres,odds_frame
amir albazi,1993-10-27,2022-12-17,amir albazi,odds_frame
arman tsarukyan,1996-10-11,2022-12-17,arman tsarukyan,odds_frame
sergey morozov,1989-06-14,2022-12-17,sergey morozov,odds_frame
jared cannonier,1984-03-16,2022-12-17,jared cannonier,odds_frame
bryan battle,1994-09-21,2022-12-17,bryan battle,odds_frame
javid basharat,1995-09-07,2023-01-14,javid basharat,odds_frame
abdul razak alhassan,1985-08-11,2023-01-14,abdul razak alhassan,odds_frame
jimmy flick,1990-09-07,2023-01-14,jimmy flick,odds_frame
raoni barcelos,1987-05-01,2023-01-14,raoni barcelos,odds_frame
carlos hernandez,1993-10-25,2023-01-14,carlos hernandez,odds_frame
roman kopylov,1991-05-04,2023-01-14,roman kopylov,odds_frame
damon jackson,1988-08-08,2023-01-14,damon jackson,odds_frame
mateus mendonca,1999-01-17,2023-01-14,mateus mendonca,odds_frame
allan nascimento,1991-09-11,2023-01-14,allan nascimento,odds_frame
umar nurmagomedov,1996-01-03,2023-01-14,umar nurmagomedov,odds_frame
charles johnson,1991-01-10,2023-01-14,charles johnson,odds_frame
dan ige,1991-08-06,2023-01-14,dan ige,odds_frame
punahele soriano,1992-11-22,2023-01-14,punahele soriano,odds_frame
sean strickland,1991-02-27,2023-01-14,sean strickland,odds_frame
claudio ribeiro,1992-07-17,2023-01-14,claudio ribeiro,odds_frame
nassourdine imavov,1996-03-01,2023-01-14,nassourdine imavov,odds_frame
terrance mckinney,1994-09-15,2023-01-21,terrance mckinney,odds_frame
brandon moreno,1993-12-07,2023-01-21,brandon moreno,odds_frame
glover teixeira,1979-10-28,2023-01-21,glover teixeira,odds_frame
deiveson figueiredo,1987-12-18,2023-01-21,deiveson figueiredo,odds_frame
gilbert burns,1986-07-20,2023-01-21,gilbert burns,odds_frame
paul craig,1987-11-27,2023-01-21,paul craig,odds_frame
mauricio rua,1981-11-25,2023-01-21,mauricio rua,odds_frame
gregory rodrigues,1992-02-17,2023-01-21,gregory rodrigues,odds_frame
gabriel bonfim,1997-08-20,2023-01-21,gabriel bonfim,odds_frame
shamil abdurakhimov,1981-09-02,2023-01-21,shamil abdurakhimov,odds_frame
ismael bonfim,1995-12-28,2023-01-21,ismael bonfim,odds_frame
jamahal hill,1991-05-19,2023-01-21,jamahal hill,odds_frame
warlley alves,1991-01-04,2023-01-21,warlley alves,odds_frame
daniel marcos,1993-03-07,2023-01-21,daniel marcos,odds_frame
nicolas dalby,1984-11-16,2023-01-21,nicolas dalby,odds_frame
jailton almeida,1991-06-26,2023-01-21,jailton almeida,odds_frame
mounir lazzez,1987-11-16,2023-01-21,mounir lazzez,odds_frame
melquizael costa,1996-09-14,2023-01-21,melquizael costa,odds_frame
brunno ferreira,1992-11-04,2023-01-21,brunno ferreira,odds_frame
ihor potieria,1996-05-29,2023-01-21,ihor potieria,odds_frame
johnny walker,1992-03-30,2023-01-21,johnny walker,odds_frame
neil magny,1987-08-03,2023-01-21,neil magny,odds_frame
saimon oliveira,1991-04-21,2023-01-21,saimon oliveira,odds_frame
thiago moises,1995-03-23,2023-01-21,thiago moises,odds_frame
toshiomi kazama,1997-05-15,2023-02-04,toshiomi kazama,odds_frame
marcin tybura,1985-11-09,2023-02-04,marcin tybura,odds_frame
derrick lewis,1985-02-07,2023-02-04,derrick lewis,odds_frame
jeka saragih,1995-01-01,2023-02-04,jeka saragih,odds_frame
tatsuro taira,2000-01-27,2023-02-04,tatsuro taira,odds_frame
junyong park,1991-02-27,2023-02-04,junyong park,odds_frame
denis tiuliulin,1988-05-17,2023-02-04,denis tiuliulin,odds_frame
jesus aguilar,1996-03-13,2023-02-04,jesus aguilar,odds_frame
rinya nakamura,1995-03-23,2023-02-04,rinya nakamura,odds_frame
anshul jubli,1995-01-13,2023-02-04,anshul jubli,odds_frame
serghei spivac,1995-01-24,2023-02-04,serghei spivac,odds_frame
blagoy ivanov,1986-10-09,2023-02-04,blagoy ivanov,odds_frame
devin clark,1990-04-12,2023-02-04,devin clark,odds_frame
adam fugitt,1989-01-12,2023-02-04,adam fugitt,odds_frame
da woon jung,1993-12-07,2023-02-04,da woon jung,odds_frame
yusaku kinoshita,2000-08-21,2023-02-04,yusaku kinoshita,odds_frame
randy brown,1990-07-08,2023-02-11,randy brown,odds_frame
alonzo menifield,1987-10-18,2023-02-11,alonzo menifield,odds_frame
shane young,1993-07-31,2023-02-11,shane young,odds_frame
zubaira tukhugov,1991-01-15,2023-02-11,zubaira tukhugov,odds_frame
tyson pedro,1991-09-17,2023-02-11,tyson pedro,odds_frame
shannon ross,1989-05-12,2023-02-11,shannon ross,odds_frame
parker porter,1985-04-22,2023-02-11,parker porter,odds_frame
yair rodriguez,1992-10-06,2023-02-11,yair rodriguez,odds_frame
jimmy crute,1996-03-04,2023-02-11,jimmy crute,odds_frame
jack jenkins,1993-11-03,2023-02-11,jack jenkins,odds_frame
jack della maddalena,1996-09-10,2023-02-11,jack della maddalena,odds_frame
justin tafa,1993-12-13,2023-02-11,justin tafa,odds_frame
jamie mullarkey,1994-08-17,2023-02-11,jamie mullarkey,odds_frame
josh emmett,1985-03-04,2023-02-11,josh emmett,odds_frame
kleydson rodrigues,1995-10-22,2023-02-11,kleydson rodrigues,odds_frame
francisco prado,2002-06-16,2023-02-11,francisco prado,odds_frame
modestas bukauskas,1994-02-10,2023-02-11,modestas bukauskas,odds_frame
elves brener,1997-09-27,2023-02-11,elves brener,odds_frame
blake bilder,1990-07-12,2023-02-11,blake bilder,odds_frame
don shainis,1990-09-16,2023-02-11,don shainis,odds_frame
philipe lins,1985-08-17,2023-02-18,philipe lins,odds_frame
jordan wright,1991-10-07,2023-02-18,jordan wright,odds_frame
william knight,1988-04-03,2023-02-18,william knight,odds_frame
juancamilo ronderos,1995-02-17,2023-02-18,juancamilo ronderos,odds_frame
nazim sadykhov,1994-05-16,2023-02-18,nazim sadykhov,odds_frame
jamall emmers,1989-07-24,2023-02-18,jamall emmers,odds_frame
ovince saint preux,1983-04-08,2023-02-18,ovince saint preux,odds_frame
aj fletcher,1997-02-18,2023-02-18,aj fletcher,odds_frame
clayton carpenter,1996-06-09,2023-02-18,clayton carpenter,odds_frame
josh parisian,1989-06-28,2023-02-18,josh parisian,odds_frame
themba gorimbo,1991-01-23,2023-02-18,themba gorimbo,odds_frame
khusein askhabov,1995-02-13,2023-02-18,khusein askhabov,odds_frame
evan elder,1997-04-11,2023-02-18,evan elder,odds_frame
zac pauga,1988-02-25,2023-02-18,zac pauga,odds_frame
marcin prachnio,1988-07-14,2023-02-18,marcin prachnio,odds_frame
jamal pogues,1995-12-01,2023-02-18,jamal pogues,odds_frame
don'tale mayes,1992-01-16,2023-02-25,don tale mayes,odds_frame
yohan lainesse,1992-08-14,2023-02-25,yohan lainesse,odds_frame
brendan allen,1995-12-28,2023-02-25,brendan allen,odds_frame
victor martinez,1991-07-17,2023-02-25,victor martinez,odds_frame
carl deaton,1989-11-24,2023-02-25,carl deaton,odds_frame
rafael alves,1990-11-14,2023-02-25,rafael alves,odds_frame
nurullo aliev,2000-12-08,2023-02-25,nurullo aliev,odds_frame
augusto sakai,1991-05-09,2023-02-25,augusto sakai,odds_frame
mike malott,1991-11-07,2023-02-25,mike malott,odds_frame
andre muniz,1990-02-17,2023-02-25,andre muniz,odds_frame
jordan leavitt,1995-06-02,2023-02-25,jordan leavitt,odds_frame
joe solecki,1993-08-27,2023-02-25,joe solecki,odds_frame
trevor peek,1995-01-09,2023-02-25,trevor peek,odds_frame
erick gonzalez,1992-01-20,2023-02-25,erick gonzalez,odds_frame
marc-andre barriault,1990-02-18,2023-03-04,marc andre barriault,odds_frame
loik radzhabov,1990-09-17,2023-03-04,loik radzhabov,odds_frame
esteban ribovics,1996-04-27,2023-03-04,esteban ribovics,odds_frame
julian marquez,1990-05-08,2023-03-04,julian marquez,odds_frame
geoff neal,1990-08-28,2023-03-04,geoff neal,odds_frame
mateusz gamrot,1990-12-11,2023-03-04,mateusz gamrot,odds_frame
bo nickal,1996-01-14,2023-03-04,bo nickal,odds_frame
jon jones,1987-07-19,2023-03-04,jon jones,odds_frame
jamie pickett,1988-08-29,2023-03-04,jamie pickett,odds_frame
ciryl gane,1990-04-12,2023-03-04,ciryl gane,odds_frame
shavkat rakhmonov,1994-10-23,2023-03-04,shavkat rakhmonov,odds_frame
jalin turner,1995-05-18,2023-03-04,jalin turner,odds_frame
derek brunson,1984-01-04,2023-03-04,derek brunson,odds_frame
trevin jones,1990-08-04,2023-03-04,trevin jones,odds_frame
dricus du plessis,1994-01-14,2023-03-04,dricus du plessis,odds_frame
cody garbrandt,1991-07-07,2023-03-04,cody garbrandt,odds_frame
carlston harris,1987-07-09,2023-03-11,carlston harris,odds_frame
victor henry,1987-05-04,2023-03-11,victor henry,odds_frame
vitor petrino,1997-08-28,2023-03-11,vitor petrino,odds_frame
sedriques dumas,1995-08-06,2023-03-11,sedriques dumas,odds_frame
said nurmagomedov,1992-04-05,2023-03-11,said nurmagomedov,odds_frame
nikita krylov,1992-03-07,2023-03-11,nikita krylov,odds_frame
petr yan,1993-02-11,2023-03-11,petr yan,odds_frame
raphael assuncao,1982-07-19,2023-03-11,raphael assuncao,odds_frame
alexander volkov,1988-10-24,2023-03-11,alexander volkov,odds_frame
merab dvalishvili,1991-01-10,2023-03-11,merab dvalishvili,odds_frame
davey grant,1985-12-18,2023-03-11,davey grant,odds_frame
alexandr romanov,1990-12-11,2023-03-11,alexandr romanov,odds_frame
ryan spann,1991-08-24,2023-03-11,ryan spann,odds_frame
jonathan martinez,1994-04-20,2023-03-11,jonathan martinez,odds_frame
anton turkalj,1996-06-10,2023-03-11,anton turkalj,odds_frame
tony gravely,1991-09-28,2023-03-11,tony gravely,odds_frame
jared gooden,1993-12-05,2023-03-11,jared gooden,odds_frame
guido cannetti,1979-12-19,2023-03-11,guido cannetti,odds_frame
josh fremd,1994-01-15,2023-03-11,josh fremd,odds_frame
mario bautista,1993-07-01,2023-03-11,mario bautista,odds_frame
malcolm gordon,1990-05-19,2023-03-18,malcolm gordon,odds_frame
bryan barberena,1989-05-03,2023-03-18,bryan barberena,odds_frame
roman dolidze,1988-07-15,2023-03-18,roman dolidze,odds_frame
makwan amirkhani,1988-11-08,2023-03-18,makwan amirkhani,odds_frame
jafel filho,1993-05-05,2023-03-18,jafel filho,odds_frame
omar morales,1985-10-17,2023-03-18,omar morales,odds_frame
yanal ashmouz,1995-03-31,2023-03-18,yanal ashmouz,odds_frame
marvin vettori,1993-09-20,2023-03-18,marvin vettori,odds_frame
jake hadley,1996-08-03,2023-03-18,jake hadley,odds_frame
muhammad mokaev,2000-07-30,2023-03-18,muhammad mokaev,odds_frame
sam patterson,1996-04-30,2023-03-18,sam patterson,odds_frame
chris duncan,1993-05-10,2023-03-18,chris duncan,odds_frame
jack shore,1995-02-06,2023-03-18,jack shore,odds_frame
justin gaethje,1988-11-14,2023-03-18,justin gaethje,odds_frame
leon edwards,1991-08-25,2023-03-18,leon edwards,odds_frame
gunnar nelson,1988-07-28,2023-03-18,gunnar nelson,odds_frame
kamaru usman,1987-05-11,2023-03-18,kamaru usman,odds_frame
rafael fiziev,1993-03-05,2023-03-18,rafael fiziev,odds_frame
preston parsons,1995-07-15,2023-03-25,preston parsons,odds_frame
austin lingo,1994-07-10,2023-03-25,austin lingo,odds_frame
lucas alexander,1995-07-28,2023-03-25,lucas alexander,odds_frame
vinicius salvador,1996-07-24,2023-03-25,vinicius salvador,odds_frame
cory sandhagen,1992-04-20,2023-03-25,cory sandhagen,odds_frame
albert duraev,1989-01-05,2023-03-25,albert duraev,odds_frame
tucker lutz,1994-07-12,2023-03-25,tucker lutz,odds_frame
marlon vera,1992-12-02,2023-03-25,marlon vera,odds_frame
nate landwehr,1988-06-06,2023-03-25,nate landwehr,odds_frame
chidi njokuani,1988-12-31,2023-03-25,chidi njokuani,odds_frame
daniel pineda,1985-08-06,2023-03-25,daniel pineda,odds_frame
steven peterson,1990-05-29,2023-03-25,steven peterson,odds_frame
trevin giles,1992-08-06,2023-03-25,trevin giles,odds_frame
victor altamirano,1991-01-23,2023-03-25,victor altamirano,odds_frame
santiago ponzinibbio,1986-09-26,2023-04-08,santiago ponzinibbio,odds_frame
steve garcia,1992-05-22,2023-04-08,steve garcia,odds_frame
joe pyfer,1996-09-17,2023-04-08,joe pyfer,odds_frame
jorge masvidal,1984-11-12,2023-04-08,jorge masvidal,odds_frame
israel adesanya,1989-07-22,2023-04-08,israel adesanya,odds_frame
kelvin gastelum,1991-10-24,2023-04-08,kelvin gastelum,odds_frame
kevin holland,1992-11-05,2023-04-08,kevin holland,odds_frame
trey ogden,1989-11-14,2023-04-08,trey ogden,odds_frame
shayilan nuerdanbieke,1994-05-04,2023-04-08,shayilan nuerdanbieke,odds_frame
gerald meerschaert,1987-12-18,2023-04-08,gerald meerschaert,odds_frame
chris curtis,1987-07-15,2023-04-08,chris curtis,odds_frame
ignacio bahamondes,1997-08-27,2023-04-08,ignacio bahamondes,odds_frame
rob font,1987-06-25,2023-04-08,rob font,odds_frame
gilbert burns,1986-07-20,2023-04-08,gilbert burns,odds_frame
alex pereira,1987-07-07,2023-04-08,alex pereira,odds_frame
adrian yanez,1993-11-29,2023-04-08,adrian yanez,odds_frame
tj brown,1990-05-22,2023-04-15,tj brown,odds_frame
gaston bolanos,1992-09-14,2023-04-15,gaston bolanos,odds_frame
arnold allen,1994-01-22,2023-04-15,arnold allen,odds_frame
max holloway,1991-12-04,2023-04-15,max holloway,odds_frame
pedro munhoz,1986-09-07,2023-04-15,pedro munhoz,odds_frame
dustin jacoby,1988-04-04,2023-04-15,dustin jacoby,odds_frame
clay guida,1981-12-08,2023-04-15,clay guida,odds_frame
edson barboza,1986-01-21,2023-04-15,edson barboza,odds_frame
brandon royval,1992-08-16,2023-04-15,brandon royval,odds_frame
zak cummings,1984-08-02,2023-04-15,zak cummings,odds_frame
lando vannata,1992-03-14,2023-04-15,lando vannata,odds_frame
bill algeo,1989-06-09,2023-04-15,bill algeo,odds_frame
ed herman,1980-10-02,2023-04-15,ed herman,odds_frame
matheus nicolau,1993-01-06,2023-04-15,matheus nicolau,odds_frame
billy quarantillo,1988-12-08,2023-04-15,billy quarantillo,odds_frame
rafa garcia,1994-08-05,2023-04-15,rafa garcia,odds_frame
azamat murzakanov,1989-04-12,2023-04-15,azamat murzakanov,odds_frame
chris gutierrez,1991-04-22,2023-04-15,chris gutierrez,odds_frame
daniel zellhuber,1999-07-07,2023-04-15,daniel zellhuber,odds_frame
aaron phillips,1989-08-05,2023-04-15,aaron phillips,odds_frame
curtis blaydes,1991-02-18,2023-04-22,curtis blaydes,odds_frame
montel jackson,1992-04-24,2023-04-22,montel jackson,odds_frame
batgerel danaa,1989-07-04,2023-04-22,batgerel danaa,odds_frame
william gomis,1997-06-13,2023-04-22,william gomis,odds_frame
junior tafa,1996-09-21,2023-04-22,junior tafa,odds_frame
bruno silva,1989-07-13,2023-04-22,bruno silva,odds_frame
christos giagos,1990-01-23,2023-04-22,christos giagos,odds_frame
matthew semelsberger,1992-11-23,2023-04-22,matthew semelsberger,odds_frame
sergei pavlovich,1992-05-13,2023-04-22,sergei pavlovich,odds_frame
jeremiah wells,1986-10-30,2023-04-22,jeremiah wells,odds_frame
ricky glenn,1989-04-12,2023-04-22,ricky glenn,odds_frame
brad tavares,1987-12-21,2023-04-22,brad tavares,odds_frame
mohammed usman,1989-04-01,2023-04-22,mohammed usman,odds_frame
francis marshall,1999-03-03,2023-04-22,francis marshall,odds_frame
brady hiestand,1999-04-30,2023-04-22,brady hiestand,odds_frame
rani yahya,1984-09-12,2023-04-22,rani yahya,odds_frame
martin buday,1991-11-11,2023-04-29,martin buday,odds_frame
cody durden,1991-03-29,2023-04-29,cody durden,odds_frame
marcus mcghee,1990-05-07,2023-04-29,marcus mcghee,odds_frame
julian erosa,1989-07-31,2023-04-29,julian erosa,odds_frame
rodolfo vieira,1989-09-25,2023-04-29,rodolfo vieira,odds_frame
song yadong,1997-12-02,2023-04-29,song yadong,odds_frame
charles johnson,1991-01-10,2023-04-29,charles johnson,odds_frame
journey newson,1989-03-07,2023-04-29,journey newson,odds_frame
josh quinlan,1993-02-06,2023-04-29,josh quinlan,odds_frame
jake collier,1988-10-25,2023-04-29,jake collier,odds_frame
trey waters,1995-02-21,2023-04-29,trey waters,odds_frame
cody brundage,1994-05-16,2023-04-29,cody brundage,odds_frame
ricky simon,1992-08-31,2023-04-29,ricky simon,odds_frame
fernando padilla,1996-12-15,2023-04-29,fernando padilla,odds_frame
kennedy nzechukwu,1992-06-13,2023-05-06,kennedy nzechukwu,odds_frame
kron gracie,1988-07-11,2023-05-06,kron gracie,odds_frame
braxton smith,1990-01-01,2023-05-06,braxton smith,odds_frame
charles jourdain,1995-11-27,2023-05-06,charles jourdain,odds_frame
belal muhammad,1988-07-09,2023-05-06,belal muhammad,odds_frame
movsar evloev,1994-02-11,2023-05-06,movsar evloev,odds_frame
devin clark,1990-04-12,2023-05-06,devin clark,odds_frame
matt frevola,1990-06-11,2023-05-06,matt frevola,odds_frame
parker porter,1985-04-22,2023-05-06,parker porter,odds_frame
diego lopes,1994-12-30,2023-05-06,diego lopes,odds_frame
gilbert burns,1986-07-20,2023-05-06,gilbert burns,odds_frame
henry cejudo,1987-02-09,2023-05-06,henry cejudo,odds_frame
aljamain sterling,1989-07-31,2023-05-06,aljamain sterling,odds_frame
drew dober,1988-10-19,2023-05-06,drew dober,odds_frame
bryan battle,1994-09-21,2023-05-13,bryan battle,odds_frame
cody stamann,1989-11-09,2023-05-13,cody stamann,odds_frame
karl williams,1990-01-06,2023-05-13,karl williams,odds_frame
jairzinho rozenstruik,1988-03-17,2023-05-13,jairzinho rozenstruik,odds_frame
tim means,1984-02-20,2023-05-13,tim means,odds_frame
carlos ulberg,1990-11-07,2023-05-13,carlos ulberg,odds_frame
chase sherman,1989-11-16,2023-05-13,chase sherman,odds_frame
ihor potieria,1996-05-29,2023-05-13,ihor potieria,odds_frame
alex morono,1990-08-16,2023-05-13,alex morono,odds_frame
jailton almeida,1991-06-26,2023-05-13,jailton almeida,odds_frame
matt brown,1981-01-10,2023-05-13,matt brown,odds_frame
douglas silva de andrade,1985-06-22,2023-05-13,douglas silva de andrade,odds_frame
gabe green,1993-05-02,2023-05-13,gabe green,odds_frame
court mcgee,1984-12-12,2023-05-13,court mcgee,odds_frame
ian machado garry,1997-11-17,2023-05-13,ian machado garry,odds_frame
anthony smith,1988-07-26,2023-05-13,anthony smith,odds_frame
daniel rodriguez,1986-12-31,2023-05-13,daniel rodriguez,odds_frame
johnny walker,1992-03-30,2023-05-13,johnny walker,odds_frame
themba gorimbo,1991-01-23,2023-05-20,themba gorimbo,odds_frame
nick fiore,1997-12-10,2023-05-20,nick fiore,odds_frame
rodrigo nascimento,1992-11-26,2023-05-20,rodrigo nascimento,odds_frame
gilbert urbina,1996-04-05,2023-05-20,gilbert urbina,odds_frame
michael johnson,1986-06-04,2023-05-20,michael johnson,odds_frame
joaquin buckley,1994-04-27,2023-05-20,joaquin buckley,odds_frame
loopy godinez,1993-09-06,2023-05-20,loopy godinez,odds_frame
anthony hernandez,1993-10-18,2023-05-20,anthony hernandez,odds_frame
emily ducote,1994-01-01,2023-05-20,emily ducote,odds_frame
takashi sato,1990-06-09,2023-05-20,takashi sato,odds_frame
chase hooper,1999-09-13,2023-05-20,chase hooper,odds_frame
ilir latifi,1982-07-28,2023-05-20,ilir latifi,odds_frame
orion cosce,1994-07-15,2023-05-20,orion cosce,odds_frame
diego ferreira,1985-01-18,2023-05-20,diego ferreira,odds_frame
andre fialho,1994-04-07,2023-05-20,andre fialho,odds_frame
edmen shahbazyan,1997-11-20,2023-05-20,edmen shahbazyan,odds_frame
jim miller,1983-08-30,2023-06-03,jim miller,odds_frame
jesse butler,1992-05-24,2023-06-03,jesse butler,odds_frame
muin gafurov,1996-05-17,2023-06-03,muin gafurov,odds_frame
daniel pineda,1985-08-06,2023-06-03,daniel pineda,odds_frame
maxim grishin,1984-05-02,2023-06-03,maxim grishin,odds_frame
don'tale mayes,1992-01-16,2023-06-03,don tale mayes,odds_frame
daniel santos,1995-03-12,2023-06-03,daniel santos,odds_frame
muhammad naimov,1994-08-07,2023-06-03,muhammad naimov,odds_frame
amir albazi,1993-10-27,2023-06-03,amir albazi,odds_frame
johnny munoz,1993-02-16,2023-06-03,johnny munoz,odds_frame
kai kara-france,1993-03-26,2023-06-03,kai kara france,odds_frame
andrei arlovski,1979-02-04,2023-06-03,andrei arlovski,odds_frame
alex caceres,1988-06-20,2023-06-03,alex caceres,odds_frame
john castaneda,1991-12-18,2023-06-03,john castaneda,odds_frame
jamie mullarkey,1994-08-17,2023-06-03,jamie mullarkey,odds_frame
philipe lins,1985-08-17,2023-06-03,philipe lins,odds_frame
nate landwehr,1988-06-06,2023-06-10,nate landwehr,odds_frame
adam fugitt,1989-01-12,2023-06-10,adam fugitt,odds_frame
beneil dariush,1989-05-06,2023-06-10,beneil dariush,odds_frame
aoriqileng,1993-06-25,2023-06-10,aoriqileng,odds_frame
blake bilder,1990-07-12,2023-06-10,blake bilder,odds_frame
steve erceg,1995-07-27,2023-06-10,steve erceg,odds_frame
charles oliveira,1989-10-17,2023-06-10,charles oliveira,odds_frame
david dvorak,1992-06-05,2023-06-10,david dvorak,odds_frame
kyle nelson,1991-04-20,2023-06-10,kyle nelson,odds_frame
aiemann zahabi,1987-11-19,2023-06-10,aiemann zahabi,odds_frame
nassourdine imavov,1996-03-01,2023-06-10,nassourdine imavov,odds_frame
marc-andre barriault,1990-02-18,2023-06-10,marc andre barriault,odds_frame
dan ige,1991-08-06,2023-06-10,dan ige,odds_frame
eryk anders,1987-04-21,2023-06-10,eryk anders,odds_frame
mike malott,1991-11-07,2023-06-10,mike malott,odds_frame
chris curtis,1987-07-15,2023-06-10,chris curtis,odds_frame
alessandro costa,1996-01-28,2023-06-17,alessandro costa,odds_frame
joaquim silva,1989-02-05,2023-06-17,joaquim silva,odds_frame
muslim salikhov,1984-06-09,2023-06-17,muslim salikhov,odds_frame
denys bondar,1992-06-27,2023-06-17,denys bondar,odds_frame
modestas bukauskas,1994-02-10,2023-06-17,modestas bukauskas,odds_frame
nikolas motta,1993-02-08,2023-06-17,nikolas motta,odds_frame
ronnie lawrence,1992-06-13,2023-06-17,ronnie lawrence,odds_frame
marvin vettori,1993-09-20,2023-06-17,marvin vettori,odds_frame
arman tsarukyan,1996-10-11,2023-06-17,arman tsarukyan,odds_frame
jared cannonier,1984-03-16,2023-06-17,jared cannonier,odds_frame
armen petrosyan,1990-11-03,2023-06-17,armen petrosyan,odds_frame
jimmy flick,1990-09-07,2023-06-17,jimmy flick,odds_frame
carlos hernandez,1993-10-25,2023-06-17,carlos hernandez,odds_frame
zac pauga,1988-02-25,2023-06-17,zac pauga,odds_frame
manuel torres,1995-03-25,2023-06-17,manuel torres,odds_frame
dan argueta,1993-08-13,2023-06-17,dan argueta,odds_frame
lucas almeida,1991-01-31,2023-06-17,lucas almeida,odds_frame
christian leroy duncan,1995-07-24,2023-06-17,christian leroy duncan,odds_frame
pat sabatini,1990-11-09,2023-06-17,pat sabatini,odds_frame
nicolas dalby,1984-11-16,2023-06-17,nicolas dalby,odds_frame
bruno silva,1989-07-13,2023-06-24,bruno silva,odds_frame
sedriques dumas,1995-08-06,2023-06-24,sedriques dumas,odds_frame
jamall emmers,1989-07-24,2023-06-24,jamall emmers,odds_frame
cody brundage,1994-05-16,2023-06-24,cody brundage,odds_frame
randy brown,1990-07-08,2023-06-24,randy brown,odds_frame
neil magny,1987-08-03,2023-06-24,neil magny,odds_frame
david onama,1994-06-07,2023-06-24,david onama,odds_frame
austen lane,1987-11-09,2023-06-24,austen lane,odds_frame
josh emmett,1985-03-04,2023-06-24,josh emmett,odds_frame
brendan allen,1995-12-28,2023-06-24,brendan allen,odds_frame
trevor peek,1995-01-09,2023-06-24,trevor peek,odds_frame
justin tafa,1993-12-13,2023-06-24,justin tafa,odds_frame
gabriel santos,1996-11-28,2023-06-24,gabriel santos,odds_frame
phil rowe,1990-07-18,2023-06-24,phil rowe,odds_frame
joshua van,2001-10-10,2023-06-24,joshua van,odds_frame
chepe mariscal,1992-10-27,2023-06-24,chepe mariscal,odds_frame
jack jenkins,1993-11-03,2023-06-24,jack jenkins,odds_frame
wellington turman,1996-07-22,2023-06-24,wellington turman,odds_frame
ilia topuria,1997-01-21,2023-06-24,ilia topuria,odds_frame
zhalgas zhumagulov,1988-08-29,2023-06-24,zhalgas zhumagulov,odds_frame
alexandr romanov,1990-12-11,2023-07-01,alexandr romanov,odds_frame
elves brener,1997-09-27,2023-07-01,elves brener,odds_frame
westin wilson,1989-01-24,2023-07-01,westin wilson,odds_frame
rinat fakhretdinov,1991-09-28,2023-07-01,rinat fakhretdinov,odds_frame
nursulton ruziboev,1993-11-19,2023-07-01,nursulton ruziboev,odds_frame
benoit saint denis,1995-12-18,2023-07-01,benoit saint denis,odds_frame
guram kutateladze,1992-01-08,2023-07-01,guram kutateladze,odds_frame
joanderson brito,1995-02-11,2023-07-01,joanderson brito,odds_frame
blagoy ivanov,1986-10-09,2023-07-01,blagoy ivanov,odds_frame
kevin lee,1992-09-04,2023-07-01,kevin lee,odds_frame
ismael bonfim,1995-12-28,2023-07-01,ismael bonfim,odds_frame
max griffin,1985-11-29,2023-07-01,max griffin,odds_frame
damir ismagulov,1991-02-03,2023-07-01,damir ismagulov,odds_frame
sean strickland,1991-02-27,2023-07-01,sean strickland,odds_frame
michael morales,1999-06-24,2023-07-01,michael morales,odds_frame
grant dawson,1994-02-20,2023-07-01,grant dawson,odds_frame
abus magomedov,1990-09-02,2023-07-01,abus magomedov,odds_frame
brunno ferreira,1992-11-04,2023-07-01,brunno ferreira,odds_frame
val woodburn,1993-08-10,2023-07-08,val woodburn,odds_frame
dan hooker,1990-02-13,2023-07-08,dan hooker,odds_frame
alonzo menifield,1987-10-18,2023-07-08,alonzo menifield,odds_frame
alexandre pantoja,1990-04-16,2023-07-08,alexandre pantoja,odds_frame
esteban ribovics,1996-04-27,2023-07-08,esteban ribovics,odds_frame
dricus du plessis,1994-01-14,2023-07-08,dricus du plessis,odds_frame
edgar chairez,1996-01-27,2023-07-08,edgar chairez,odds_frame
marcin prachnio,1988-07-14,2023-07-08,marcin prachnio,odds_frame
kamuela kirk,1994-04-13,2023-07-08,kamuela kirk,odds_frame
jesus aguilar,1996-03-13,2023-07-08,jesus aguilar,odds_frame
niko price,1989-09-29,2023-07-08,niko price,odds_frame
brandon moreno,1993-12-07,2023-07-08,brandon moreno,odds_frame
robert whittaker,1990-12-20,2023-07-08,robert whittaker,odds_frame
jalin turner,1995-05-18,2023-07-08,jalin turner,odds_frame
bo nickal,1996-01-14,2023-07-08,bo nickal,odds_frame
robbie lawler,1982-03-20,2023-07-08,robbie lawler,odds_frame
tatsuro taira,2000-01-27,2023-07-08,tatsuro taira,odds_frame
jimmy crute,1996-03-04,2023-07-08,jimmy crute,odds_frame
vitor petrino,1997-08-28,2023-07-08,vitor petrino,odds_frame
shannon ross,1989-05-12,2023-07-08,shannon ross,odds_frame
ottman azaitar,1990-02-20,2023-07-15,ottman azaitar,odds_frame
nazim sadykhov,1994-05-16,2023-07-15,nazim sadykhov,odds_frame
francisco prado,2002-06-16,2023-07-15,francisco prado,odds_frame
jack della maddalena,1996-09-10,2023-07-15,jack della maddalena,odds_frame
albert duraev,1989-01-05,2023-07-15,albert duraev,odds_frame
tucker lutz,1994-07-12,2023-07-15,tucker lutz,odds_frame
carl deaton,1989-11-24,2023-07-15,carl deaton,odds_frame
alexander munoz,1990-02-27,2023-07-15,alexander munoz,odds_frame
austin lingo,1994-07-10,2023-07-15,austin lingo,odds_frame
evan elder,1997-04-11,2023-07-15,evan elder,odds_frame
tyson nam,1983-10-06,2023-07-15,tyson nam,odds_frame
melsik baghdasaryan,1992-01-28,2023-07-15,melsik baghdasaryan,odds_frame
azat maksum,1995-02-02,2023-07-15,azat maksum,odds_frame
genaro valdez,1992-01-16,2023-07-15,genaro valdez,odds_frame
melquizael costa,1996-09-14,2023-07-15,melquizael costa,odds_frame
terrance mckinney,1994-09-15,2023-07-15,terrance mckinney,odds_frame
junyong park,1991-02-27,2023-07-15,junyong park,odds_frame
bassil hafez,1992-01-31,2023-07-15,bassil hafez,odds_frame
fares ziam,1997-03-21,2023-07-22,fares ziam,odds_frame
bryan barberena,1989-05-03,2023-07-22,bryan barberena,odds_frame
joel alvarez,1993-03-02,2023-07-22,joel alvarez,odds_frame
jamal pogues,1995-12-01,2023-07-22,jamal pogues,odds_frame
jonny parsons,1991-09-06,2023-07-22,jonny parsons,odds_frame
daniel barez,1988-12-10,2023-07-22,daniel barez,odds_frame
marcin tybura,1985-11-09,2023-07-22,marcin tybura,odds_frame
yanal ashmouz,1995-03-31,2023-07-22,yanal ashmouz,odds_frame
andre fili,1990-06-25,2023-07-22,andre fili,odds_frame
mick parkin,1995-10-02,2023-07-22,mick parkin,odds_frame
jai herbert,1988-05-13,2023-07-22,jai herbert,odds_frame
davey grant,1985-12-18,2023-07-22,davey grant,odds_frame
chris duncan,1993-05-10,2023-07-22,chris duncan,odds_frame
jafel filho,1993-05-05,2023-07-22,jafel filho,odds_frame
danny roberts,1987-07-14,2023-07-22,danny roberts,odds_frame
marc diakiese,1993-03-16,2023-07-22,marc diakiese,odds_frame
makhmud muradov,1990-02-08,2023-07-22,makhmud muradov,odds_frame
paul craig,1987-11-27,2023-07-22,paul craig,odds_frame
nathaniel wood,1993-05-08,2023-07-22,nathaniel wood,odds_frame
tom aspinall,1993-04-11,2023-07-22,tom aspinall,odds_frame
daniel marcos,1993-03-07,2023-07-22,daniel marcos,odds_frame
josh culibao,1994-05-24,2023-07-22,josh culibao,odds_frame
andre muniz,1990-02-17,2023-07-22,andre muniz,odds_frame
lerone murphy,1991-07-22,2023-07-22,lerone murphy,odds_frame
trevin giles,1992-08-06,2023-07-29,trevin giles,odds_frame
michael chiesa,1987-12-07,2023-07-29,michael chiesa,odds_frame
justin gaethje,1988-11-14,2023-07-29,justin gaethje,odds_frame
gabriel bonfim,1997-08-20,2023-07-29,gabriel bonfim,odds_frame
roman kopylov,1991-05-04,2023-07-29,roman kopylov,odds_frame
jake matthews,1994-08-19,2023-07-29,jake matthews,odds_frame
kevin holland,1992-11-05,2023-07-29,kevin holland,odds_frame
darrius flowers,1994-08-25,2023-07-29,darrius flowers,odds_frame
dustin poirier,1989-01-19,2023-07-29,dustin poirier,odds_frame
claudio ribeiro,1992-07-17,2023-07-29,claudio ribeiro,odds_frame
kyler phillips,1995-06-12,2023-08-05,kyler phillips,odds_frame
ode osbourne,1992-01-09,2023-08-05,ode osbourne,odds_frame
cody durden,1991-03-29,2023-08-05,cody durden,odds_frame
billy quarantillo,1988-12-08,2023-08-05,billy quarantillo,odds_frame
rob font,1987-06-25,2023-08-05,rob font,odds_frame
kennedy nzechukwu,1992-06-13,2023-08-05,kennedy nzechukwu,odds_frame
gavin tucker,1986-06-17,2023-08-05,gavin tucker,odds_frame
aleksa camur,1995-09-25,2023-08-05,aleksa camur,odds_frame
carlston harris,1987-07-09,2023-08-05,carlston harris,odds_frame
jake hadley,1996-08-03,2023-08-05,jake hadley,odds_frame
asu almabayev,1994-01-25,2023-08-05,asu almabayev,odds_frame
raoni barcelos,1987-05-01,2023-08-05,raoni barcelos,odds_frame
tanner boser,1991-08-02,2023-08-05,tanner boser,odds_frame
diego lopes,1994-12-30,2023-08-05,diego lopes,odds_frame
dustin jacoby,1988-04-04,2023-08-05,dustin jacoby,odds_frame
cory sandhagen,1992-04-20,2023-08-05,cory sandhagen,odds_frame
jeremiah wells,1986-10-30,2023-08-05,jeremiah wells,odds_frame
damon jackson,1988-08-08,2023-08-05,damon jackson,odds_frame
josh parisian,1989-06-28,2023-08-12,josh parisian,odds_frame
mike breeden,1989-04-21,2023-08-12,mike breeden,odds_frame
da'mon blackshear,1994-08-12,2023-08-12,da mon blackshear,odds_frame
francis marshall,1999-03-03,2023-08-12,francis marshall,odds_frame
khalil rountree jr.,1990-02-26,2023-08-12,khalil rountree jr,odds_frame
aj dobson,1992-01-18,2023-08-12,aj dobson,odds_frame
josh fremd,1994-01-15,2023-08-12,josh fremd,odds_frame
jp buys,1996-04-30,2023-08-12,jp buys,odds_frame
terrance mckinney,1994-09-15,2023-08-12,terrance mckinney,odds_frame
vicente luque,1991-11-27,2023-08-12,vicente luque,odds_frame
isaac dulgarian,1996-07-04,2023-08-12,isaac dulgarian,odds_frame
martin buday,1991-11-11,2023-08-12,martin buday,odds_frame
rafael dos anjos,1984-10-26,2023-08-12,rafael dos anjos,odds_frame
hakeem dawodu,1991-07-02,2023-08-12,hakeem dawodu,odds_frame
chris daukaus,1989-09-25,2023-08-12,chris daukaus,odds_frame
tafon nchukwi,1994-10-14,2023-08-12,tafon nchukwi,odds_frame
jamie pickett,1988-08-29,2023-08-12,jamie pickett,odds_frame
marcus mcghee,1990-05-07,2023-08-12,marcus mcghee,odds_frame
jose johnson,1995-05-20,2023-08-12,jose johnson,odds_frame
cub swanson,1983-11-02,2023-08-12,cub swanson,odds_frame
andre petroski,1991-06-12,2023-08-19,andre petroski,odds_frame
sean o'malley,1994-10-24,2023-08-19,sean o malley,odds_frame
aljamain sterling,1989-07-31,2023-08-19,aljamain sterling,odds_frame
da'mon blackshear,1994-08-12,2023-08-19,da mon blackshear,odds_frame
brad katona,1991-12-19,2023-08-19,brad katona,odds_frame
chris weidman,1984-06-17,2023-08-19,chris weidman,odds_frame
pedro munhoz,1986-09-07,2023-08-19,pedro munhoz,odds_frame
kurt holobaugh,1986-09-08,2023-08-19,kurt holobaugh,odds_frame
gregory rodrigues,1992-02-17,2023-08-19,gregory rodrigues,odds_frame
gerald meerschaert,1987-12-18,2023-08-19,gerald meerschaert,odds_frame
austin hubbard,1991-12-22,2023-08-19,austin hubbard,odds_frame
denis tiuliulin,1988-05-17,2023-08-19,denis tiuliulin,odds_frame
brad tavares,1987-12-21,2023-08-19,brad tavares,odds_frame
cody gibson,1987-09-11,2023-08-19,cody gibson,odds_frame
mario bautista,1993-07-01,2023-08-19,mario bautista,odds_frame
marlon vera,1992-12-02,2023-08-19,marlon vera,odds_frame
alex caceres,1988-06-20,2023-08-26,alex caceres,odds_frame
chan sung jung,1987-03-17,2023-08-26,chan sung jung,odds_frame
jarno errens,1994-11-17,2023-08-26,jarno errens,odds_frame
fernie garcia,1992-04-12,2023-08-26,fernie garcia,odds_frame
garrett armfield,1996-10-09,2023-08-26,garrett armfield,odds_frame
rolando bedoya,1997-01-13,2023-08-26,rolando bedoya,odds_frame
ryan spann,1991-08-24,2023-08-26,ryan spann,odds_frame
toshiomi kazama,1997-05-15,2023-08-26,toshiomi kazama,odds_frame
song kenan,1990-03-10,2023-08-26,song kenan,odds_frame
giga chikadze,1988-08-25,2023-08-26,giga chikadze,odds_frame
rinya nakamura,1995-03-23,2023-08-26,rinya nakamura,odds_frame
seungwoo choi,1992-11-03,2023-08-26,seungwoo choi,odds_frame
max holloway,1991-12-04,2023-08-26,max holloway,odds_frame
anthony smith,1988-07-26,2023-08-26,anthony smith,odds_frame
farid basharat,1997-08-02,2023-09-02,farid basharat,odds_frame
ange loosa,1993-03-18,2023-09-02,ange loosa,odds_frame
taylor lapilus,1992-04-08,2023-09-02,taylor lapilus,odds_frame
volkan oezdemir,1989-09-19,2023-09-02,volkan oezdemir,odds_frame
william gomis,1997-06-13,2023-09-02,william gomis,odds_frame
morgan charriere,1995-10-26,2023-09-02,morgan charriere,odds_frame
zarah fairn,1983-12-10,2023-09-02,zarah fairn,odds_frame
benoit saint denis,1995-12-18,2023-09-02,benoit saint denis,odds_frame
thiago moises,1995-03-23,2023-09-02,thiago moises,odds_frame
caolan loughran,1996-05-18,2023-09-02,caolan loughran,odds_frame
rhys mckee,1995-09-10,2023-09-02,rhys mckee,odds_frame
manolo zecchini,1996-10-22,2023-09-02,manolo zecchini,odds_frame
yanis ghemmouri,1995-01-24,2023-09-02,yanis ghemmouri,odds_frame
bogdan guskov,1992-09-12,2023-09-02,bogdan guskov,odds_frame
kleydson rodrigues,1995-10-22,2023-09-02,kleydson rodrigues,odds_frame
jacqueline cavalcanti,1997-08-29,2023-09-02,jacqueline cavalcanti,odds_frame
jack jenkins,1993-11-03,2023-09-09,jack jenkins,odds_frame
justin tafa,1993-12-13,2023-09-09,justin tafa,odds_frame
manel kape,1993-11-14,2023-09-09,manel kape,odds_frame
gabriel miranda,1990-03-25,2023-09-09,gabriel miranda,odds_frame
tai tuivasa,1993-03-16,2023-09-09,tai tuivasa,odds_frame
israel adesanya,1989-07-22,2023-09-09,israel adesanya,odds_frame
sean strickland,1991-02-27,2023-09-09,sean strickland,odds_frame
alexander volkov,1988-10-24,2023-09-09,alexander volkov,odds_frame
felipe dos santos,2000-09-11,2023-09-09,felipe dos santos,odds_frame
carlos ulberg,1990-11-07,2023-09-09,carlos ulberg,odds_frame
jamie mullarkey,1994-08-17,2023-09-09,jamie mullarkey,odds_frame
nasrat haqparast,1995-08-22,2023-09-09,nasrat haqparast,odds_frame
shane young,1993-07-31,2023-09-09,shane young,odds_frame
kevin jousset,1993-05-02,2023-09-09,kevin jousset,odds_frame
tyson pedro,1991-09-17,2023-09-09,tyson pedro,odds_frame
charles radtke,1990-07-09,2023-09-09,charles radtke,odds_frame
chepe mariscal,1992-10-27,2023-09-09,chepe mariscal,odds_frame
da woon jung,1993-12-07,2023-09-09,da woon jung,odds_frame
john makdessi,1985-05-03,2023-09-09,john makdessi,odds_frame
landon quinones,1995-11-21,2023-09-09,landon quinones,odds_frame
anton turkalj,1996-06-10,2023-09-09,anton turkalj,odds_frame
kiefer crosbie,1990-04-05,2023-09-09,kiefer crosbie,odds_frame
blood diamond,1988-07-10,2023-09-09,blood diamond,odds_frame
austen lane,1987-11-09,2023-09-09,austen lane,odds_frame
kevin holland,1992-11-05,2023-09-16,kevin holland,odds_frame
roman kopylov,1991-05-04,2023-09-16,roman kopylov,odds_frame
fernando padilla,1996-12-15,2023-09-16,fernando padilla,odds_frame
kyle nelson,1991-04-20,2023-09-16,kyle nelson,odds_frame
josh fremd,1994-01-15,2023-09-16,josh fremd,odds_frame
charlie campbell,1995-07-03,2023-09-16,charlie campbell,odds_frame
christos giagos,1990-01-23,2023-09-16,christos giagos,odds_frame
jack della maddalena,1996-09-10,2023-09-16,jack della maddalena,odds_frame
alex reyes,1986-10-02,2023-09-16,alex reyes,odds_frame
daniel zellhuber,1999-07-07,2023-09-16,daniel zellhuber,odds_frame
dan ige,1991-08-06,2023-09-23,dan ige,odds_frame
mateusz gamrot,1990-12-11,2023-09-23,mateusz gamrot,odds_frame
charles jourdain,1995-11-27,2023-09-23,charles jourdain,odds_frame
andre fialho,1994-04-07,2023-09-23,andre fialho,odds_frame
jake collier,1988-10-25,2023-09-23,jake collier,odds_frame
miles johns,1994-03-30,2023-09-23,miles johns,odds_frame
bryan battle,1994-09-21,2023-09-23,bryan battle,odds_frame
jacob malkoun,1995-08-26,2023-09-23,jacob malkoun,odds_frame
tim means,1984-02-20,2023-09-23,tim means,odds_frame
ricardo ramos,1995-08-01,2023-09-23,ricardo ramos,odds_frame
mohammed usman,1989-04-01,2023-09-23,mohammed usman,odds_frame
bryce mitchell,1994-10-04,2023-09-23,bryce mitchell,odds_frame
rafael fiziev,1993-03-05,2023-09-23,rafael fiziev,odds_frame
dan argueta,1993-08-13,2023-09-23,dan argueta,odds_frame
cody brundage,1994-05-16,2023-09-23,cody brundage,odds_frame
aj fletcher,1997-02-18,2023-09-23,aj fletcher,odds_frame
alexander hernandez,1992-10-01,2023-10-07,alexander hernandez,odds_frame
alex morono,1990-08-16,2023-10-07,alex morono,odds_frame
nate maness,1991-06-27,2023-10-07,nate maness,odds_frame
aoriqileng,1993-06-25,2023-10-07,aoriqileng,odds_frame
johnny munoz,1993-02-16,2023-10-07,johnny munoz,odds_frame
mateus mendonca,1999-01-17,2023-10-07,mateus mendonca,odds_frame
bill algeo,1989-06-09,2023-10-07,bill algeo,odds_frame
joaquin buckley,1994-04-27,2023-10-07,joaquin buckley,odds_frame
ricky glenn,1989-04-12,2023-10-07,ricky glenn,odds_frame
drew dober,1988-10-19,2023-10-07,drew dober,odds_frame
andre petroski,1991-06-12,2023-10-14,andre petroski,odds_frame
jonathan martinez,1994-04-20,2023-10-14,jonathan martinez,odds_frame
christian rodriguez,1997-12-17,2023-10-14,christian rodriguez,odds_frame
sodiq yusuff,1993-05-19,2023-10-14,sodiq yusuff,odds_frame
darren elkins,1984-05-16,2023-10-14,darren elkins,odds_frame
michel pereira,1993-10-06,2023-10-14,michel pereira,odds_frame
cameron saaiman,2000-12-20,2023-10-14,cameron saaiman,odds_frame
alatengheili,1991-12-14,2023-10-14,alatengheili,odds_frame
tj brown,1990-05-22,2023-10-14,tj brown,odds_frame
edson barboza,1986-01-21,2023-10-14,edson barboza,odds_frame
adrian yanez,1993-11-29,2023-10-14,adrian yanez,odds_frame
chris gutierrez,1991-04-22,2023-10-14,chris gutierrez,odds_frame
islam makhachev,1991-10-27,2023-10-21,islam makhachev,odds_frame
kamaru usman,1987-05-11,2023-10-21,kamaru usman,odds_frame
magomed ankalaev,1992-06-02,2023-10-21,magomed ankalaev,odds_frame
tim elliott,1986-12-24,2023-10-21,tim elliott,odds_frame
said nurmagomedov,1992-04-05,2023-10-21,said nurmagomedov,odds_frame
khamzat chimaev,1994-05-01,2023-10-21,khamzat chimaev,odds_frame
alexander volkanovski,1988-09-29,2023-10-21,alexander volkanovski,odds_frame
johnny walker,1992-03-30,2023-10-21,johnny walker,odds_frame
victor henry,1987-05-04,2023-10-21,victor henry,odds_frame
muin gafurov,1996-05-17,2023-10-21,muin gafurov,odds_frame
sedriques dumas,1995-08-06,2023-10-21,sedriques dumas,odds_frame
anshul jubli,1995-01-13,2023-10-21,anshul jubli,odds_frame
muhammad naimov,1994-08-07,2023-10-21,muhammad naimov,odds_frame
warlley alves,1991-01-04,2023-10-21,warlley alves,odds_frame
javid basharat,1995-09-07,2023-10-21,javid basharat,odds_frame
trevor peek,1995-01-09,2023-10-21,trevor peek,odds_frame
ikram aliskerov,1992-12-07,2023-10-21,ikram aliskerov,odds_frame
nathaniel wood,1993-05-08,2023-10-21,nathaniel wood,odds_frame
mike breeden,1989-04-21,2023-10-21,mike breeden,odds_frame
abu azaitar,1986-03-10,2023-10-21,abu azaitar,odds_frame
muhammad mokaev,2000-07-30,2023-10-21,muhammad mokaev,odds_frame
mohammad yahya,1994-05-23,2023-10-21,mohammad yahya,odds_frame
marc diakiese,1993-03-16,2023-11-04,marc diakiese,odds_frame
modestas bukauskas,1994-02-10,2023-11-04,modestas bukauskas,odds_frame
derrick lewis,1985-02-07,2023-11-04,derrick lewis,odds_frame
nicolas dalby,1984-11-16,2023-11-04,nicolas dalby,odds_frame
don'tale mayes,1992-01-16,2023-11-04,don tale mayes,odds_frame
kaynan kruschewsky,1991-04-04,2023-11-04,kaynan kruschewsky,odds_frame
elves brener,1997-09-27,2023-11-04,elves brener,odds_frame
caio borralho,1993-01-16,2023-11-04,caio borralho,odds_frame
rodrigo nascimento,1992-11-26,2023-11-04,rodrigo nascimento,odds_frame
gabriel bonfim,1997-08-20,2023-11-04,gabriel bonfim,odds_frame
jailton almeida,1991-06-26,2023-11-04,jailton almeida,odds_frame
abus magomedov,1990-09-02,2023-11-04,abus magomedov,odds_frame
vitor petrino,1997-08-28,2023-11-04,vitor petrino,odds_frame
kaue fernandes,1995-03-17,2023-11-04,kaue fernandes,odds_frame
sergei pavlovich,1992-05-13,2023-11-11,sergei pavlovich,odds_frame
matt frevola,1990-06-11,2023-11-11,matt frevola,odds_frame
viacheslav borshchev,1992-01-08,2023-11-11,viacheslav borshchev,odds_frame
jiri prochazka,1992-10-14,2023-11-11,jiri prochazka,odds_frame
pat sabatini,1990-11-09,2023-11-11,pat sabatini,odds_frame
jamall emmers,1989-07-24,2023-11-11,jamall emmers,odds_frame
kevin borjas,1997-12-06,2023-11-11,kevin borjas,odds_frame
steve erceg,1995-07-27,2023-11-11,steve erceg,odds_frame
mateusz rebecki,1992-11-03,2023-11-11,mateusz rebecki,odds_frame
joshua van,2001-10-10,2023-11-11,joshua van,odds_frame
jared gordon,1988-09-06,2023-11-11,jared gordon,odds_frame
john castaneda,1991-12-18,2023-11-11,john castaneda,odds_frame
kyung ho kang,1987-09-09,2023-11-11,kyung ho kang,odds_frame
dennis buzukja,1997-10-01,2023-11-11,dennis buzukja,odds_frame
diego lopes,1994-12-30,2023-11-11,diego lopes,odds_frame
roosevelt roberts,1994-02-11,2023-11-11,roosevelt roberts,odds_frame
alessandro costa,1996-01-28,2023-11-11,alessandro costa,odds_frame
benoit saint denis,1995-12-18,2023-11-11,benoit saint denis,odds_frame
tom aspinall,1993-04-11,2023-11-11,tom aspinall,odds_frame
alex pereira,1987-07-07,2023-11-11,alex pereira,odds_frame
nazim sadykhov,1994-05-16,2023-11-11,nazim sadykhov,odds_frame
mark madsen,1984-09-23,2023-11-11,mark madsen,odds_frame
trey ogden,1989-11-14,2023-11-18,trey ogden,odds_frame
chase hooper,1999-09-13,2023-11-18,chase hooper,odds_frame
brendan allen,1995-12-28,2023-11-18,brendan allen,odds_frame
payton talbott,1998-09-09,2023-11-18,payton talbott,odds_frame
christian leroy duncan,1995-07-24,2023-11-18,christian leroy duncan,odds_frame
jonathan pearce,1992-05-01,2023-11-18,jonathan pearce,odds_frame
chad anheliger,1986-12-01,2023-11-18,chad anheliger,odds_frame
mick parkin,1995-10-02,2023-11-18,mick parkin,odds_frame
jeka saragih,1995-01-01,2023-11-18,jeka saragih,odds_frame
charles johnson,1991-01-10,2023-11-18,charles johnson,odds_frame
uros medic,1993-04-25,2023-11-18,uros medic,odds_frame
jordan leavitt,1995-06-02,2023-11-18,jordan leavitt,odds_frame
michael morales,1999-06-24,2023-11-18,michael morales,odds_frame
paul craig,1987-11-27,2023-11-18,paul craig,odds_frame
lucas alexander,1995-07-28,2023-11-18,lucas alexander,odds_frame
rafael estevam,1996-08-10,2023-11-18,rafael estevam,odds_frame
myktybek orolbai,1998-02-10,2023-11-18,myktybek orolbai,odds_frame
caio machado,1994-07-20,2023-11-18,caio machado,odds_frame
nikolas motta,1993-02-08,2023-11-18,nikolas motta,odds_frame
jose johnson,1995-05-20,2023-11-18,jose johnson,odds_frame
denis tiuliulin,1988-05-17,2023-11-18,denis tiuliulin,odds_frame
nick aguirre,1996-01-15,2023-11-18,nick aguirre,odds_frame
jake matthews,1994-08-19,2023-11-18,jake matthews,odds_frame
joanderson brito,1995-02-11,2023-11-18,joanderson brito,odds_frame
beneil dariush,1989-05-06,2023-12-02,beneil dariush,odds_frame
rob font,1987-06-25,2023-12-02,rob font,odds_frame
clay guida,1981-12-08,2023-12-02,clay guida,odds_frame
punahele soriano,1992-11-22,2023-12-02,punahele soriano,odds_frame
drakkar klose,1988-03-09,2023-12-02,drakkar klose,odds_frame
rodolfo bellato,1996-02-05,2023-12-02,rodolfo bellato,odds_frame
wellington turman,1996-07-22,2023-12-02,wellington turman,odds_frame
sean brady,1992-11-23,2023-12-02,sean brady,odds_frame
jared gooden,1993-12-05,2023-12-02,jared gooden,odds_frame
kelvin gastelum,1991-10-24,2023-12-02,kelvin gastelum,odds_frame
joe solecki,1993-08-27,2023-12-02,joe solecki,odds_frame
dustin stoltzfus,1991-11-15,2023-12-02,dustin stoltzfus,odds_frame
joaquim silva,1989-02-05,2023-12-02,joaquim silva,odds_frame
deiveson figueiredo,1987-12-18,2023-12-02,deiveson figueiredo,odds_frame
arman tsarukyan,1996-10-11,2023-12-02,arman tsarukyan,odds_frame
ihor potieria,1996-05-29,2023-12-02,ihor potieria,odds_frame
nasrat haqparast,1995-08-22,2023-12-09,nasrat haqparast,odds_frame
carlos hernandez,1993-10-25,2023-12-09,carlos hernandez,odds_frame
kevin jousset,1993-05-02,2023-12-09,kevin jousset,odds_frame
andre muniz,1990-02-17,2023-12-09,andre muniz,odds_frame
jamie mullarkey,1994-08-17,2023-12-09,jamie mullarkey,odds_frame
chris gutierrez,1991-04-22,2023-12-09,chris gutierrez,odds_frame
shannon ross,1989-05-12,2023-12-09,shannon ross,odds_frame
song yadong,1997-12-02,2023-12-09,song yadong,odds_frame
junyong park,1991-02-27,2023-12-09,junyong park,odds_frame
melquizael costa,1996-09-14,2023-12-09,melquizael costa,odds_frame
tatsuro taira,2000-01-27,2023-12-09,tatsuro taira,odds_frame
steve garcia,1992-05-22,2023-12-09,steve garcia,odds_frame
song kenan,1990-03-10,2023-12-09,song kenan,odds_frame
hyunsung park,1995-11-04,2023-12-09,hyunsung park,odds_frame
tim elliott,1986-12-24,2023-12-09,tim elliott,odds_frame
sumudaerji,1996-01-20,2023-12-09,sumudaerji,odds_frame
shavkat rakhmonov,1994-10-23,2023-12-16,shavkat rakhmonov,odds_frame
cody durden,1991-03-29,2023-12-16,cody durden,odds_frame
tony ferguson,1984-02-12,2023-12-16,tony ferguson,odds_frame
stephen thompson,1983-02-11,2023-12-16,stephen thompson,odds_frame
paddy pimblett,1995-01-03,2023-12-16,paddy pimblett,odds_frame
leon edwards,1991-08-25,2023-12-16,leon edwards,odds_frame
bryce mitchell,1994-10-04,2023-12-16,bryce mitchell,odds_frame
brian kelleher,1986-08-19,2023-12-16,brian kelleher,odds_frame
cody garbrandt,1991-07-07,2023-12-16,cody garbrandt,odds_frame
tagir ulanbekov,1991-08-07,2023-12-16,tagir ulanbekov,odds_frame
andre fili,1990-06-25,2023-12-16,andre fili,odds_frame
martin buday,1991-11-11,2023-12-16,martin buday,odds_frame
brandon royval,1992-08-16,2023-12-16,brandon royval,odds_frame
alexandre pantoja,1990-04-16,2023-12-16,alexandre pantoja,odds_frame
josh emmett,1985-03-04,2023-12-16,josh emmett,odds_frame
lucas almeida,1991-01-31,2023-12-16,lucas almeida,odds_frame
colby covington,1988-02-22,2023-12-16,colby covington,odds_frame
shamil gaziev,1990-02-10,2023-12-16,shamil gaziev,odds_frame
tom nolan,2000-03-08,2024-01-13,tom nolan,odds_frame
taylor lapilus,1992-04-08,2024-01-13,taylor lapilus,odds_frame
gaston bolanos,1992-09-14,2024-01-13,gaston bolanos,odds_frame
preston parsons,1995-07-15,2024-01-13,preston parsons,odds_frame
waldo cortes-acosta,1991-10-03,2024-01-13,waldo cortes acosta,odds_frame
jean silva,1996-12-27,2024-01-13,jean silva,odds_frame
mario bautista,1993-07-01,2024-01-13,mario bautista,odds_frame
gabriel benitez,1988-06-15,2024-01-13,gabriel benitez,odds_frame
johnny walker,1992-03-30,2024-01-13,johnny walker,odds_frame
jim miller,1983-08-30,2024-01-13,jim miller,odds_frame
ricky simon,1992-08-31,2024-01-13,ricky simon,odds_frame
westin wilson,1989-01-24,2024-01-13,westin wilson,odds_frame
andrei arlovski,1979-02-04,2024-01-13,andrei arlovski,odds_frame
matthew semelsberger,1992-11-23,2024-01-13,matthew semelsberger,odds_frame
marcus mcghee,1990-05-07,2024-01-13,marcus mcghee,odds_frame
farid basharat,1997-08-02,2024-01-13,farid basharat,odds_frame
nikolas motta,1993-02-08,2024-01-13,nikolas motta,odds_frame
joshua van,2001-10-10,2024-01-13,joshua van,odds_frame
phil hawes,1989-01-08,2024-01-13,phil hawes,odds_frame
felipe bunes,1989-10-29,2024-01-13,felipe bunes,odds_frame
brunno ferreira,1992-11-04,2024-01-13,brunno ferreira,odds_frame
magomed ankalaev,1992-06-02,2024-01-13,magomed ankalaev,odds_frame
neil magny,1987-08-03,2024-01-20,neil magny,odds_frame
sam patterson,1996-04-30,2024-01-20,sam patterson,odds_frame
sean woodson,1992-06-07,2024-01-20,sean woodson,odds_frame
marc-andre barriault,1990-02-18,2024-01-20,marc andre barriault,odds_frame
movsar evloev,1994-02-11,2024-01-20,movsar evloev,odds_frame
ramon taveras,1994-01-09,2024-01-20,ramon taveras,odds_frame
mike malott,1991-11-07,2024-01-20,mike malott,odds_frame
dricus du plessis,1994-01-14,2024-01-20,dricus du plessis,odds_frame
sean strickland,1991-02-27,2024-01-20,sean strickland,odds_frame
jimmy flick,1990-09-07,2024-01-20,jimmy flick,odds_frame
arnold allen,1994-01-22,2024-01-20,arnold allen,odds_frame
brad katona,1991-12-19,2024-01-20,brad katona,odds_frame
malcolm gordon,1990-05-19,2024-01-20,malcolm gordon,odds_frame
yohan lainesse,1992-08-14,2024-01-20,yohan lainesse,odds_frame
charles jourdain,1995-11-27,2024-01-20,charles jourdain,odds_frame
chris curtis,1987-07-15,2024-01-20,chris curtis,odds_frame
serhiy sidey,1996-07-04,2024-01-20,serhiy sidey,odds_frame
garrett armfield,1996-10-09,2024-01-20,garrett armfield,odds_frame
nassourdine imavov,1996-03-01,2024-02-03,nassourdine imavov,odds_frame
drew dober,1988-10-19,2024-02-03,drew dober,odds_frame
muslim salikhov,1984-06-09,2024-02-03,muslim salikhov,odds_frame
charles radtke,1990-07-09,2024-02-03,charles radtke,odds_frame
charles johnson,1991-01-10,2024-02-03,charles johnson,odds_frame
pete rodriguez,1996-11-13,2024-02-03,pete rodriguez,odds_frame
blake bilder,1990-07-12,2024-02-03,blake bilder,odds_frame
marquel mederos,1996-11-30,2024-02-03,marquel mederos,odds_frame
jamal pogues,1995-12-01,2024-02-03,jamal pogues,odds_frame
makhmud muradov,1990-02-08,2024-02-03,makhmud muradov,odds_frame
thomas petersen,1995-03-30,2024-02-03,thomas petersen,odds_frame
landon quinones,1995-11-21,2024-02-03,landon quinones,odds_frame
themba gorimbo,1991-01-23,2024-02-03,themba gorimbo,odds_frame
roman dolidze,1988-07-15,2024-02-03,roman dolidze,odds_frame
renato moicano,1989-05-21,2024-02-03,renato moicano,odds_frame
gilbert urbina,1996-04-05,2024-02-03,gilbert urbina,odds_frame
jeongyeong lee,1995-11-13,2024-02-03,jeongyeong lee,odds_frame
aliaskhab khizriev,1990-08-24,2024-02-03,aliaskhab khizriev,odds_frame
azat maksum,1995-02-02,2024-02-03,azat maksum,odds_frame
randy brown,1990-07-08,2024-02-03,randy brown,odds_frame
armen petrosyan,1990-11-03,2024-02-10,armen petrosyan,odds_frame
bogdan guskov,1992-09-12,2024-02-10,bogdan guskov,odds_frame
timmy cuamba,1999-02-08,2024-02-10,timmy cuamba,odds_frame
jeremiah wells,1986-10-30,2024-02-10,jeremiah wells,odds_frame
jack hermansson,1988-06-10,2024-02-10,jack hermansson,odds_frame
carlos prates,1993-08-17,2024-02-10,carlos prates,odds_frame
daniel marcos,1993-03-07,2024-02-10,daniel marcos,odds_frame
marcin prachnio,1988-07-14,2024-02-10,marcin prachnio,odds_frame
devin clark,1990-04-12,2024-02-10,devin clark,odds_frame
dan ige,1991-08-06,2024-02-10,dan ige,odds_frame
gregory rodrigues,1992-02-17,2024-02-10,gregory rodrigues,odds_frame
robert bryczek,1990-07-04,2024-02-10,robert bryczek,odds_frame
zac pauga,1988-02-25,2024-02-10,zac pauga,odds_frame
hyder amil,1990-05-28,2024-02-10,hyder amil,odds_frame
michael johnson,1986-06-04,2024-02-10,michael johnson,odds_frame
fernie garcia,1992-04-12,2024-02-10,fernie garcia,odds_frame
aoriqileng,1993-06-25,2024-02-10,aoriqileng,odds_frame
andre fili,1990-06-25,2024-02-10,andre fili,odds_frame
rodolfo vieira,1989-09-25,2024-02-10,rodolfo vieira,odds_frame
max griffin,1985-11-29,2024-02-10,max griffin,odds_frame
trevin giles,1992-08-06,2024-02-10,trevin giles,odds_frame
joe pyfer,1996-09-17,2024-02-10,joe pyfer,odds_frame
brad tavares,1987-12-21,2024-02-10,brad tavares,odds_frame
darrius flowers,1994-08-25,2024-02-10,darrius flowers,odds_frame
bolaji oki,1995-11-15,2024-02-10,bolaji oki,odds_frame
ihor potieria,1996-05-29,2024-02-10,ihor potieria,odds_frame
zhang mingyang,1998-08-16,2024-02-17,zhang mingyang,odds_frame
oban elliott,1997-12-19,2024-02-17,oban elliott,odds_frame
josh quinlan,1993-02-06,2024-02-17,josh quinlan,odds_frame
rinya nakamura,1995-03-23,2024-02-17,rinya nakamura,odds_frame
val woodburn,1993-08-10,2024-02-17,val woodburn,odds_frame
paulo costa,1991-04-21,2024-02-17,paulo costa,odds_frame
ian machado garry,1997-11-17,2024-02-17,ian machado garry,odds_frame
henry cejudo,1987-02-09,2024-02-17,henry cejudo,odds_frame
roman kopylov,1991-05-04,2024-02-17,roman kopylov,odds_frame
carlos vera,1987-11-05,2024-02-17,carlos vera,odds_frame
brendson ribeiro,1996-09-08,2024-02-17,brendson ribeiro,odds_frame
danny barlow,1995-08-02,2024-02-17,danny barlow,odds_frame
anthony hernandez,1993-10-18,2024-02-17,anthony hernandez,odds_frame
merab dvalishvili,1991-01-10,2024-02-17,merab dvalishvili,odds_frame
geoff neal,1990-08-28,2024-02-17,geoff neal,odds_frame
robert whittaker,1990-12-20,2024-02-17,robert whittaker,odds_frame
fares ziam,1997-03-21,2024-02-24,fares ziam,odds_frame
felipe dos santos,2000-09-11,2024-02-24,felipe dos santos,odds_frame
edgar chairez,1996-01-27,2024-02-24,edgar chairez,odds_frame
yair rodriguez,1992-10-06,2024-02-24,yair rodriguez,odds_frame
jesus aguilar,1996-03-13,2024-02-24,jesus aguilar,odds_frame
manuel torres,1995-03-25,2024-02-24,manuel torres,odds_frame
muhammad naimov,1994-08-07,2024-02-24,muhammad naimov,odds_frame
claudio puelles,1996-04-21,2024-02-24,claudio puelles,odds_frame
victor altamirano,1991-01-23,2024-02-24,victor altamirano,odds_frame
erik silva,1987-03-16,2024-02-24,erik silva,odds_frame
daniel zellhuber,1999-07-07,2024-02-24,daniel zellhuber,odds_frame
daniel lacerda,1996-06-05,2024-02-24,daniel lacerda,odds_frame
brandon moreno,1993-12-07,2024-02-24,brandon moreno,odds_frame
francisco prado,2002-06-16,2024-02-24,francisco prado,odds_frame
chris duncan,1993-05-10,2024-02-24,chris duncan,odds_frame
brandon royval,1992-08-16,2024-02-24,brandon royval,odds_frame
brian ortega,1991-02-21,2024-02-24,brian ortega,odds_frame
mateus mendonca,1999-01-17,2024-02-24,mateus mendonca,odds_frame
eryk anders,1987-04-21,2024-03-02,eryk anders,odds_frame
aiemann zahabi,1987-11-19,2024-03-02,aiemann zahabi,odds_frame
christian leroy duncan,1995-07-24,2024-03-02,christian leroy duncan,odds_frame
loik radzhabov,1990-09-17,2024-03-02,loik radzhabov,odds_frame
muhammad mokaev,2000-07-30,2024-03-02,muhammad mokaev,odds_frame
vitor petrino,1997-08-28,2024-03-02,vitor petrino,odds_frame
jamie pickett,1988-08-29,2024-03-02,jamie pickett,odds_frame
umar nurmagomedov,1996-01-03,2024-03-02,umar nurmagomedov,odds_frame
ludovit klein,1995-02-22,2024-03-02,ludovit klein,odds_frame
alex perez,1992-03-21,2024-03-02,alex perez,odds_frame
bekzat almakhan,1997-10-08,2024-03-02,bekzat almakhan,odds_frame
claudio ribeiro,1992-07-17,2024-03-02,claudio ribeiro,odds_frame
matt schnell,1990-01-15,2024-03-02,matt schnell,odds_frame
shamil gaziev,1990-02-10,2024-03-02,shamil gaziev,odds_frame
steve erceg,1995-07-27,2024-03-02,steve erceg,odds_frame
aj cunningham,1994-09-07,2024-03-02,aj cunningham,odds_frame
jairzinho rozenstruik,1988-03-17,2024-03-02,jairzinho rozenstruik,odds_frame
tyson pedro,1991-09-17,2024-03-02,tyson pedro,odds_frame
javid basharat,1995-09-07,2024-03-02,javid basharat,odds_frame
abdul-kareem al-selwady,1995-04-10,2024-03-02,abdul kareem al selwady,odds_frame
ion cutelaba,1993-12-14,2024-03-09,ion cutelaba,odds_frame
kevin holland,1992-11-05,2024-03-09,kevin holland,odds_frame
asu almabayev,1994-01-25,2024-03-09,asu almabayev,odds_frame
sean o'malley,1994-10-24,2024-03-09,sean o malley,odds_frame
kyler phillips,1995-06-12,2024-03-09,kyler phillips,odds_frame
philipe lins,1985-08-17,2024-03-09,philipe lins,odds_frame
marlon vera,1992-12-02,2024-03-09,marlon vera,odds_frame
josh parisian,1989-06-28,2024-03-09,josh parisian,odds_frame
benoit saint denis,1995-12-18,2024-03-09,benoit saint denis,odds_frame
gilbert burns,1986-07-20,2024-03-09,gilbert burns,odds_frame
michal oleksiejczuk,1995-02-22,2024-03-09,michal oleksiejczuk,odds_frame
michael page,1987-04-07,2024-03-09,michael page,odds_frame
petr yan,1993-02-11,2024-03-09,petr yan,odds_frame
jack della maddalena,1996-09-10,2024-03-09,jack della maddalena,odds_frame
michel pereira,1993-10-06,2024-03-09,michel pereira,odds_frame
cj vergara,1991-06-18,2024-03-09,cj vergara,odds_frame
jailton almeida,1991-06-26,2024-03-09,jailton almeida,odds_frame
robelis despaigne,1988-09-09,2024-03-09,robelis despaigne,odds_frame
rafael dos anjos,1984-10-26,2024-03-09,rafael dos anjos,odds_frame
song yadong,1997-12-02,2024-03-09,song yadong,odds_frame
curtis blaydes,1991-02-18,2024-03-09,curtis blaydes,odds_frame
mateusz gamrot,1990-12-11,2024-03-09,mateusz gamrot,odds_frame
pedro munhoz,1986-09-07,2024-03-09,pedro munhoz,odds_frame
dustin poirier,1989-01-19,2024-03-09,dustin poirier,odds_frame
chad anheliger,1986-12-01,2024-03-16,chad anheliger,odds_frame
isaac dulgarian,1996-07-04,2024-03-16,isaac dulgarian,odds_frame
ode osbourne,1992-01-09,2024-03-16,ode osbourne,odds_frame
mike davis,1992-10-07,2024-03-16,mike davis,odds_frame
bryan barberena,1989-05-03,2024-03-16,bryan barberena,odds_frame
marcin tybura,1985-11-09,2024-03-16,marcin tybura,odds_frame
kennedy nzechukwu,1992-06-13,2024-03-16,kennedy nzechukwu,odds_frame
ange loosa,1993-03-18,2024-03-16,ange loosa,odds_frame
jafel filho,1993-05-05,2024-03-16,jafel filho,odds_frame
josh culibao,1994-05-24,2024-03-16,josh culibao,odds_frame
thiago moises,1995-03-23,2024-03-16,thiago moises,odds_frame
charalampos grigoriou,1992-03-31,2024-03-16,charalampos grigoriou,odds_frame
christian rodriguez,1997-12-17,2024-03-16,christian rodriguez,odds_frame
natan levy,1991-09-30,2024-03-16,natan levy,odds_frame
gerald meerschaert,1987-12-18,2024-03-16,gerald meerschaert,odds_frame
tai tuivasa,1993-03-16,2024-03-16,tai tuivasa,odds_frame
ovince saint preux,1983-04-08,2024-03-16,ovince saint preux,odds_frame
bryan battle,1994-09-21,2024-03-16,bryan battle,odds_frame
danny silva,1997-01-30,2024-03-16,danny silva,odds_frame
mitch ramirez,1992-11-03,2024-03-16,mitch ramirez,odds_frame
igor severino,2003-04-21,2024-03-23,igor severino,odds_frame
edmen shahbazyan,1997-11-20,2024-03-23,edmen shahbazyan,odds_frame
payton talbott,1998-09-09,2024-03-23,payton talbott,odds_frame
fernando padilla,1996-12-15,2024-03-23,fernando padilla,odds_frame
kurt holobaugh,1986-09-08,2024-03-23,kurt holobaugh,odds_frame
ricardo ramos,1995-08-01,2024-03-23,ricardo ramos,odds_frame
miles johns,1994-03-30,2024-03-23,miles johns,odds_frame
andre lima,1999-02-04,2024-03-23,andre lima,odds_frame
steven nguyen,1993-05-19,2024-03-23,steven nguyen,odds_frame
cody gibson,1987-09-11,2024-03-23,cody gibson,odds_frame
julian erosa,1989-07-31,2024-03-23,julian erosa,odds_frame
trey ogden,1989-11-14,2024-03-23,trey ogden,odds_frame
luis pajuelo,1994-12-18,2024-03-23,luis pajuelo,odds_frame
cameron saaiman,2000-12-20,2024-03-23,cameron saaiman,odds_frame
aj dobson,1992-01-18,2024-03-23,aj dobson,odds_frame
justin tafa,1993-12-13,2024-03-23,justin tafa,odds_frame
mick parkin,1995-10-02,2024-03-23,mick parkin,odds_frame
karl williams,1990-01-06,2024-03-23,karl williams,odds_frame
mohammed usman,1989-04-01,2024-03-23,mohammed usman,odds_frame
jarno errens,1994-11-17,2024-03-23,jarno errens,odds_frame
ibo aslan,1996-04-23,2024-03-30,ibo aslan,odds_frame
kyle nelson,1991-04-20,2024-03-30,kyle nelson,odds_frame
caolan loughran,1996-05-18,2024-03-30,caolan loughran,odds_frame
jacob malkoun,1995-08-26,2024-03-30,jacob malkoun,odds_frame
connor matthews,1992-05-31,2024-03-30,connor matthews,odds_frame
herbert burns,1988-02-02,2024-03-30,herbert burns,odds_frame
jamall emmers,1989-07-24,2024-03-30,jamall emmers,odds_frame
chris weidman,1984-06-17,2024-03-30,chris weidman,odds_frame
nursulton ruziboev,1993-11-19,2024-03-30,nursulton ruziboev,odds_frame
rhys mckee,1995-09-10,2024-03-30,rhys mckee,odds_frame
chidi njokuani,1988-12-31,2024-03-30,chidi njokuani,odds_frame
nate landwehr,1988-06-06,2024-03-30,nate landwehr,odds_frame
julio arce,1989-10-27,2024-03-30,julio arce,odds_frame
dennis buzukja,1997-10-01,2024-03-30,dennis buzukja,odds_frame
andre petroski,1991-06-12,2024-03-30,andre petroski,odds_frame
angel pacheco,1992-01-13,2024-03-30,angel pacheco,odds_frame
vicente luque,1991-11-27,2024-03-30,vicente luque,odds_frame
bill algeo,1989-06-09,2024-03-30,bill algeo,odds_frame
anton turkalj,1996-06-10,2024-03-30,anton turkalj,odds_frame
sedriques dumas,1995-08-06,2024-03-30,sedriques dumas,odds_frame
bruno silva,1989-07-13,2024-03-30,bruno silva,odds_frame
joaquin buckley,1994-04-27,2024-03-30,joaquin buckley,odds_frame
alexander hernandez,1992-10-01,2024-04-06,alexander hernandez,odds_frame
christos giagos,1990-01-23,2024-04-06,christos giagos,odds_frame
lukasz brzeski,1992-05-17,2024-04-06,lukasz brzeski,odds_frame
victor hugo,1992-11-22,2024-04-06,victor hugo,odds_frame
jean matsumoto,1999-09-09,2024-04-06,jean matsumoto,odds_frame
alex morono,1990-08-16,2024-04-06,alex morono,odds_frame
charlie campbell,1995-07-03,2024-04-06,charlie campbell,odds_frame
cesar almeida,1988-03-28,2024-04-06,cesar almeida,odds_frame
chepe mariscal,1992-10-27,2024-04-06,chepe mariscal,odds_frame
damon jackson,1988-08-08,2024-04-06,damon jackson,odds_frame
chris curtis,1987-07-15,2024-04-06,chris curtis,odds_frame
valter walker,1997-12-14,2024-04-06,valter walker,odds_frame
ignacio bahamondes,1997-08-27,2024-04-06,ignacio bahamondes,odds_frame
morgan charriere,1995-10-26,2024-04-06,morgan charriere,odds_frame
dylan budka,2000-01-14,2024-04-06,dylan budka,odds_frame
trevor peek,1995-01-09,2024-04-06,trevor peek,odds_frame
brendan allen,1995-12-28,2024-04-06,brendan allen,odds_frame
dan argueta,1993-08-13,2024-04-06,dan argueta,odds_frame
pedro falcao,1992-07-30,2024-04-06,pedro falcao,odds_frame
court mcgee,1984-12-12,2024-04-06,court mcgee,odds_frame
sodiq yusuff,1993-05-19,2024-04-13,sodiq yusuff,odds_frame
jamahal hill,1991-05-19,2024-04-13,jamahal hill,odds_frame
max holloway,1991-12-04,2024-04-13,max holloway,odds_frame
arman tsarukyan,1996-10-11,2024-04-13,arman tsarukyan,odds_frame
aleksandar rakic,1992-02-06,2024-04-13,aleksandar rakic,odds_frame
aljamain sterling,1989-07-31,2024-04-13,aljamain sterling,odds_frame
diego lopes,1994-12-30,2024-04-13,diego lopes,odds_frame
renato moicano,1989-05-21,2024-04-13,renato moicano,odds_frame
cody brundage,1994-05-16,2024-04-13,cody brundage,odds_frame
calvin kattar,1988-03-26,2024-04-13,calvin kattar,odds_frame
justin gaethje,1988-11-14,2024-04-13,justin gaethje,odds_frame
jiri prochazka,1992-10-14,2024-04-13,jiri prochazka,odds_frame
charles oliveira,1989-10-17,2024-04-13,charles oliveira,odds_frame
alex pereira,1987-07-07,2024-04-13,alex pereira,odds_frame
jalin turner,1995-05-18,2024-04-13,jalin turner,odds_frame
deiveson figueiredo,1987-12-18,2024-04-13,deiveson figueiredo,odds_frame
bo nickal,1996-01-14,2024-04-13,bo nickal,odds_frame
cody garbrandt,1991-07-07,2024-04-13,cody garbrandt,odds_frame
bogdan guskov,1992-09-12,2024-04-27,bogdan guskov,odds_frame
chris padilla,1995-09-14,2024-04-27,chris padilla,odds_frame
david onama,1994-06-07,2024-04-27,david onama,odds_frame
maheshate,1999-12-01,2024-04-27,maheshate,odds_frame
victor henry,1987-05-04,2024-04-27,victor henry,odds_frame
uros medic,1993-04-25,2024-04-27,uros medic,odds_frame
jhonata diniz,1991-06-23,2024-04-27,jhonata diniz,odds_frame
matheus nicolau,1993-01-06,2024-04-27,matheus nicolau,odds_frame
michal figlak,1996-08-15,2024-04-27,michal figlak,odds_frame
ryan spann,1991-08-24,2024-04-27,ryan spann,odds_frame
tim means,1984-02-20,2024-04-27,tim means,odds_frame
rani yahya,1984-09-12,2024-04-27,rani yahya,odds_frame
gabriel benitez,1988-06-15,2024-04-27,gabriel benitez,odds_frame
jonathan pearce,1992-05-01,2024-04-27,jonathan pearce,odds_frame
james llontop,1999-08-02,2024-04-27,james llontop,odds_frame
austin hubbard,1991-12-22,2024-04-27,austin hubbard,odds_frame
don'tale mayes,1992-01-16,2024-04-27,don tale mayes,odds_frame
austen lane,1987-11-09,2024-04-27,austen lane,odds_frame
caio machado,1994-07-20,2024-04-27,caio machado,odds_frame
alex perez,1992-03-21,2024-04-27,alex perez,odds_frame
drakkar klose,1988-03-09,2024-05-04,drakkar klose,odds_frame
joaquim silva,1989-02-05,2024-05-04,joaquim silva,odds_frame
mauricio ruffy,1996-06-17,2024-05-04,mauricio ruffy,odds_frame
jamie mullarkey,1994-08-17,2024-05-04,jamie mullarkey,odds_frame
ismael bonfim,1995-12-28,2024-05-04,ismael bonfim,odds_frame
alexandre pantoja,1990-04-16,2024-05-04,alexandre pantoja,odds_frame
vitor petrino,1997-08-28,2024-05-04,vitor petrino,odds_frame
jose aldo,1986-09-09,2024-05-04,jose aldo,odds_frame
alessandro costa,1996-01-28,2024-05-04,alessandro costa,odds_frame
michel pereira,1993-10-06,2024-05-04,michel pereira,odds_frame
elves brener,1997-09-27,2024-05-04,elves brener,odds_frame
jack shore,1995-02-06,2024-05-04,jack shore,odds_frame
paul craig,1987-11-27,2024-05-04,paul craig,odds_frame
anthony smith,1988-07-26,2024-05-04,anthony smith,odds_frame
caio borralho,1993-01-16,2024-05-04,caio borralho,odds_frame
joanderson brito,1995-02-11,2024-05-04,joanderson brito,odds_frame
myktybek orolbai,1998-02-10,2024-05-04,myktybek orolbai,odds_frame
ihor potieria,1996-05-29,2024-05-04,ihor potieria,odds_frame
kevin borjas,1997-12-06,2024-05-04,kevin borjas,odds_frame
jonathan martinez,1994-04-20,2024-05-04,jonathan martinez,odds_frame
steve erceg,1995-07-27,2024-05-04,steve erceg,odds_frame
vinc pichel,1982-11-23,2024-05-04,vinc pichel,odds_frame
rodrigo nascimento,1992-11-26,2024-05-11,rodrigo nascimento,odds_frame
nursulton ruziboev,1993-11-19,2024-05-11,nursulton ruziboev,odds_frame
viacheslav borshchev,1992-01-08,2024-05-11,viacheslav borshchev,odds_frame
mateusz rebecki,1992-11-03,2024-05-11,mateusz rebecki,odds_frame
sean woodson,1992-06-07,2024-05-11,sean woodson,odds_frame
robelis despaigne,1988-09-09,2024-05-11,robelis despaigne,odds_frame
esteban ribovics,1996-04-27,2024-05-11,esteban ribovics,odds_frame
jake hadley,1996-08-03,2024-05-11,jake hadley,odds_frame
derrick lewis,1985-02-07,2024-05-11,derrick lewis,odds_frame
joaquin buckley,1994-04-27,2024-05-11,joaquin buckley,odds_frame
alonzo menifield,1987-10-18,2024-05-11,alonzo menifield,odds_frame
chase hooper,1999-09-13,2024-05-11,chase hooper,odds_frame
diego ferreira,1985-01-18,2024-05-11,diego ferreira,odds_frame
alex caceres,1988-06-20,2024-05-11,alex caceres,odds_frame
charles johnson,1991-01-10,2024-05-11,charles johnson,odds_frame
carlos ulberg,1990-11-07,2024-05-11,carlos ulberg,odds_frame
terrance mckinney,1994-09-15,2024-05-11,terrance mckinney,odds_frame
waldo cortes-acosta,1991-10-03,2024-05-11,waldo cortes acosta,odds_frame
carlston harris,1987-07-09,2024-05-18,carlston harris,odds_frame
tuco tokkos,1990-06-30,2024-05-18,tuco tokkos,odds_frame
tom nolan,2000-03-08,2024-05-18,tom nolan,odds_frame
ramiz brahimaj,1992-11-17,2024-05-18,ramiz brahimaj,odds_frame
warlley alves,1991-01-04,2024-05-18,warlley alves,odds_frame
kleydson rodrigues,1995-10-22,2024-05-18,kleydson rodrigues,odds_frame
vinicius salvador,1996-07-24,2024-05-18,vinicius salvador,odds_frame
lerone murphy,1991-07-22,2024-05-18,lerone murphy,odds_frame
alatengheili,1991-12-14,2024-05-18,alatengheili,odds_frame
abus magomedov,1990-09-02,2024-05-18,abus magomedov,odds_frame
themba gorimbo,1991-01-23,2024-05-18,themba gorimbo,odds_frame
victor martinez,1991-07-17,2024-05-18,victor martinez,odds_frame
oumar sy,1995-11-21,2024-05-18,oumar sy,odds_frame
khaos williams,1994-03-30,2024-05-18,khaos williams,odds_frame
edson barboza,1986-01-21,2024-05-18,edson barboza,odds_frame
adrian yanez,1993-11-29,2024-05-18,adrian yanez,odds_frame
alexandr romanov,1990-12-11,2024-06-01,alexandr romanov,odds_frame
niko price,1989-09-29,2024-06-01,niko price,odds_frame
mickey gall,1992-01-22,2024-06-01,mickey gall,odds_frame
islam makhachev,1991-10-27,2024-06-01,islam makhachev,odds_frame
sean strickland,1991-02-27,2024-06-01,sean strickland,odds_frame
kevin holland,1992-11-05,2024-06-01,kevin holland,odds_frame
mitch raposo,1998-10-16,2024-06-01,mitch raposo,odds_frame
cesar almeida,1988-03-28,2024-06-01,cesar almeida,odds_frame
jailton almeida,1991-06-26,2024-06-01,jailton almeida,odds_frame
grant dawson,1994-02-20,2024-06-01,grant dawson,odds_frame
roman kopylov,1991-05-04,2024-06-01,roman kopylov,odds_frame
andre lima,1999-02-04,2024-06-01,andre lima,odds_frame
michal oleksiejczuk,1995-02-22,2024-06-01,michal oleksiejczuk,odds_frame
paulo costa,1991-04-21,2024-06-01,paulo costa,odds_frame
joe solecki,1993-08-27,2024-06-01,joe solecki,odds_frame
dustin poirier,1989-01-19,2024-06-01,dustin poirier,odds_frame
bassil hafez,1992-01-31,2024-06-01,bassil hafez,odds_frame
alex morono,1990-08-16,2024-06-01,alex morono,odds_frame
nassourdine imavov,1996-03-01,2024-06-08,nassourdine imavov,odds_frame
dustin stoltzfus,1991-11-15,2024-06-08,dustin stoltzfus,odds_frame
dustin jacoby,1988-04-04,2024-06-08,dustin jacoby,odds_frame
zachary reese,1994-03-24,2024-06-08,zachary reese,odds_frame
taylor lapilus,1992-04-08,2024-06-08,taylor lapilus,odds_frame
ludovit klein,1995-02-22,2024-06-08,ludovit klein,odds_frame
punahele soriano,1992-11-22,2024-06-08,punahele soriano,odds_frame
jesse butler,1992-05-24,2024-06-08,jesse butler,odds_frame
daniel marcos,1993-03-07,2024-06-08,daniel marcos,odds_frame
jared cannonier,1984-03-16,2024-06-08,jared cannonier,odds_frame
julian marquez,1990-05-08,2024-06-08,julian marquez,odds_frame
dominick reyes,1989-12-26,2024-06-08,dominick reyes,odds_frame
brunno ferreira,1992-11-04,2024-06-08,brunno ferreira,odds_frame
charles radtke,1990-07-09,2024-06-08,charles radtke,odds_frame
cody stamann,1989-11-09,2024-06-08,cody stamann,odds_frame
thiago moises,1995-03-23,2024-06-08,thiago moises,odds_frame
carlos prates,1993-08-17,2024-06-08,carlos prates,odds_frame
brad katona,1991-12-19,2024-06-08,brad katona,odds_frame
miguel baeza,1992-08-23,2024-06-08,miguel baeza,odds_frame
john castaneda,1991-12-18,2024-06-08,john castaneda,odds_frame
adam fugitt,1989-01-12,2024-06-15,adam fugitt,odds_frame
shayilan nuerdanbieke,1994-05-04,2024-06-15,shayilan nuerdanbieke,odds_frame
tatsuro taira,2000-01-27,2024-06-15,tatsuro taira,odds_frame
nate maness,1991-06-27,2024-06-15,nate maness,odds_frame
jeka saragih,1995-01-01,2024-06-15,jeka saragih,odds_frame
jimmy flick,1990-09-07,2024-06-15,jimmy flick,odds_frame
asu almabayev,1994-01-25,2024-06-15,asu almabayev,odds_frame
miles johns,1994-03-30,2024-06-15,miles johns,odds_frame
brady hiestand,1999-04-30,2024-06-15,brady hiestand,odds_frame
josh quinlan,1993-02-06,2024-06-15,josh quinlan,odds_frame
jose johnson,1995-05-20,2024-06-15,jose johnson,odds_frame
lucas almeida,1991-01-31,2024-06-15,lucas almeida,odds_frame
douglas silva de andrade,1985-06-22,2024-06-15,douglas silva de andrade,odds_frame
timmy cuamba,1999-02-08,2024-06-15,timmy cuamba,odds_frame
garrett armfield,1996-10-09,2024-06-15,garrett armfield,odds_frame
westin wilson,1989-01-24,2024-06-15,westin wilson,odds_frame
melquizael costa,1996-09-14,2024-06-15,melquizael costa,odds_frame
alex perez,1992-03-21,2024-06-15,alex perez,odds_frame
felipe lima,1998-05-07,2024-06-22,felipe lima,odds_frame
jared gordon,1988-09-06,2024-06-22,jared gordon,odds_frame
nicolas dalby,1984-11-16,2024-06-22,nicolas dalby,odds_frame
volkan oezdemir,1989-09-19,2024-06-22,volkan oezdemir,odds_frame
daniel rodriguez,1986-12-31,2024-06-22,daniel rodriguez,odds_frame
alexander volkov,1988-10-24,2024-06-22,alexander volkov,odds_frame
ikram aliskerov,1992-12-07,2024-06-22,ikram aliskerov,odds_frame
johnny walker,1992-03-30,2024-06-22,johnny walker,odds_frame
nasrat haqparast,1995-08-22,2024-06-22,nasrat haqparast,odds_frame
magomed gadzhiyasulov,1993-11-04,2024-06-22,magomed gadzhiyasulov,odds_frame
robert whittaker,1990-12-20,2024-06-22,robert whittaker,odds_frame
kyung ho kang,1987-09-09,2024-06-22,kyung ho kang,odds_frame
shara magomedov,1994-05-16,2024-06-22,shara magomedov,odds_frame
muhammad naimov,1994-08-07,2024-06-22,muhammad naimov,odds_frame
sergei pavlovich,1992-05-13,2024-06-22,sergei pavlovich,odds_frame
muin gafurov,1996-05-17,2024-06-22,muin gafurov,odds_frame
rinat fakhretdinov,1991-09-28,2024-06-22,rinat fakhretdinov,odds_frame
brendson ribeiro,1996-09-08,2024-06-22,brendson ribeiro,odds_frame
antonio trocoli,1990-12-06,2024-06-22,antonio trocoli,odds_frame
kelvin gastelum,1991-10-24,2024-06-22,kelvin gastelum,odds_frame
carlos hernandez,1993-10-25,2024-06-29,carlos hernandez,odds_frame
rei tsuruya,2002-06-22,2024-06-29,rei tsuruya,odds_frame
jiri prochazka,1992-10-14,2024-06-29,jiri prochazka,odds_frame
jean silva,1996-12-27,2024-06-29,jean silva,odds_frame
martin buday,1991-11-11,2024-06-29,martin buday,odds_frame
anthony smith,1988-07-26,2024-06-29,anthony smith,odds_frame
roman dolidze,1988-07-15,2024-06-29,roman dolidze,odds_frame
alex pereira,1987-07-07,2024-06-29,alex pereira,odds_frame
diego lopes,1994-12-30,2024-06-29,diego lopes,odds_frame
cub swanson,1983-11-02,2024-06-29,cub swanson,odds_frame
michael page,1987-04-07,2024-06-29,michael page,odds_frame
dan ige,1991-08-06,2024-06-29,dan ige,odds_frame
andre fili,1990-06-25,2024-06-29,andre fili,odds_frame
ricky simon,1992-08-31,2024-06-29,ricky simon,odds_frame
yanis ghemmouri,1995-01-24,2024-06-29,yanis ghemmouri,odds_frame
ian machado garry,1997-11-17,2024-06-29,ian machado garry,odds_frame
marc-andre barriault,1990-02-18,2024-06-29,marc andre barriault,odds_frame
vinicius oliveira,1995-11-30,2024-06-29,vinicius oliveira,odds_frame
payton talbott,1998-09-09,2024-06-29,payton talbott,odds_frame
charles jourdain,1995-11-27,2024-06-29,charles jourdain,odds_frame
andrei arlovski,1979-02-04,2024-06-29,andrei arlovski,odds_frame
joe pyfer,1996-09-17,2024-06-29,joe pyfer,odds_frame
darrius flowers,1994-08-25,2024-07-13,darrius flowers,odds_frame
muslim salikhov,1984-06-09,2024-07-13,muslim salikhov,odds_frame
jean silva,1996-12-27,2024-07-13,jean silva,odds_frame
ange loosa,1993-03-18,2024-07-13,ange loosa,odds_frame
christian rodriguez,1997-12-17,2024-07-13,christian rodriguez,odds_frame
cody brundage,1994-05-16,2024-07-13,cody brundage,odds_frame
charles johnson,1991-01-10,2024-07-13,charles johnson,odds_frame
da'mon blackshear,1994-08-12,2024-07-13,da mon blackshear,odds_frame
andre petroski,1991-06-12,2024-07-13,andre petroski,odds_frame
julian erosa,1989-07-31,2024-07-13,julian erosa,odds_frame
gabriel bonfim,1997-08-20,2024-07-13,gabriel bonfim,odds_frame
joshua van,2001-10-10,2024-07-13,joshua van,odds_frame
josh fremd,1994-01-15,2024-07-13,josh fremd,odds_frame
evan elder,1997-04-11,2024-07-13,evan elder,odds_frame
abdul razak alhassan,1985-08-11,2024-07-13,abdul razak alhassan,odds_frame
montel jackson,1992-04-24,2024-07-13,montel jackson,odds_frame
drew dober,1988-10-19,2024-07-13,drew dober,odds_frame
santiago ponzinibbio,1986-09-26,2024-07-13,santiago ponzinibbio,odds_frame
steve garcia,1992-05-22,2024-07-20,steve garcia,odds_frame
trey ogden,1989-11-14,2024-07-20,trey ogden,odds_frame
mohammed usman,1989-04-01,2024-07-20,mohammed usman,odds_frame
cody durden,1991-03-29,2024-07-20,cody durden,odds_frame
cody gibson,1987-09-11,2024-07-20,cody gibson,odds_frame
loik radzhabov,1990-09-17,2024-07-20,loik radzhabov,odds_frame
hyder amil,1990-05-28,2024-07-20,hyder amil,odds_frame
thomas petersen,1995-03-30,2024-07-20,thomas petersen,odds_frame
kaynan kruschewsky,1991-04-04,2024-07-20,kaynan kruschewsky,odds_frame
bill algeo,1989-06-09,2024-07-20,bill algeo,odds_frame
jeongyeong lee,1995-11-13,2024-07-20,jeongyeong lee,odds_frame
kurt holobaugh,1986-09-08,2024-07-20,kurt holobaugh,odds_frame
bruno silva,1989-07-13,2024-07-20,bruno silva,odds_frame
dooho choi,1991-04-10,2024-07-20,dooho choi,odds_frame
seungwoo choi,1992-11-03,2024-07-20,seungwoo choi,odds_frame
brian kelleher,1986-08-19,2024-07-20,brian kelleher,odds_frame
preston parsons,1995-07-15,2024-07-27,preston parsons,odds_frame
marcin prachnio,1988-07-14,2024-07-27,marcin prachnio,odds_frame
daniel pineda,1985-08-06,2024-07-27,daniel pineda,odds_frame
belal muhammad,1988-07-09,2024-07-27,belal muhammad,odds_frame
curtis blaydes,1991-02-18,2024-07-27,curtis blaydes,odds_frame
gregory rodrigues,1992-02-17,2024-07-27,gregory rodrigues,odds_frame
giga chikadze,1988-08-25,2024-07-27,giga chikadze,odds_frame
kiefer crosbie,1990-04-05,2024-07-27,kiefer crosbie,odds_frame
caolan loughran,1996-05-18,2024-07-27,caolan loughran,odds_frame
manel kape,1993-11-14,2024-07-27,manel kape,odds_frame
lukasz brzeski,1992-05-17,2024-07-27,lukasz brzeski,odds_frame
modestas bukauskas,1994-02-10,2024-07-27,modestas bukauskas,odds_frame
oban elliott,1997-12-19,2024-07-27,oban elliott,odds_frame
leon edwards,1991-08-25,2024-07-27,leon edwards,odds_frame
tom aspinall,1993-04-11,2024-07-27,tom aspinall,odds_frame
christian leroy duncan,1995-07-24,2024-07-27,christian leroy duncan,odds_frame
muhammad mokaev,2000-07-30,2024-07-27,muhammad mokaev,odds_frame
jake hadley,1996-08-03,2024-07-27,jake hadley,odds_frame
nathaniel wood,1993-05-08,2024-07-27,nathaniel wood,odds_frame
mick parkin,1995-10-02,2024-07-27,mick parkin,odds_frame
sam patterson,1996-04-30,2024-07-27,sam patterson,odds_frame
arnold allen,1994-01-22,2024-07-27,arnold allen,odds_frame
shamil gaziev,1990-02-10,2024-08-03,shamil gaziev,odds_frame
guram kutateladze,1992-01-08,2024-08-03,guram kutateladze,odds_frame
sedriques dumas,1995-08-06,2024-08-03,sedriques dumas,odds_frame
jordan vucenic,1996-03-02,2024-08-03,jordan vucenic,odds_frame
mohammad yahya,1994-05-23,2024-08-03,mohammad yahya,odds_frame
elves brener,1997-09-27,2024-08-03,elves brener,odds_frame
joel alvarez,1993-03-02,2024-08-03,joel alvarez,odds_frame
deiveson figueiredo,1987-12-18,2024-08-03,deiveson figueiredo,odds_frame
umar nurmagomedov,1996-01-03,2024-08-03,umar nurmagomedov,odds_frame
michael chiesa,1987-12-07,2024-08-03,michael chiesa,odds_frame
kaue fernandes,1995-03-17,2024-08-03,kaue fernandes,odds_frame
alonzo menifield,1987-10-18,2024-08-03,alonzo menifield,odds_frame
denis tiuliulin,1988-05-17,2024-08-03,denis tiuliulin,odds_frame
don'tale mayes,1992-01-16,2024-08-03,don tale mayes,odds_frame
jai herbert,1988-05-13,2024-08-03,jai herbert,odds_frame
rolando bedoya,1997-01-13,2024-08-03,rolando bedoya,odds_frame
azamat murzakanov,1989-04-12,2024-08-03,azamat murzakanov,odds_frame
marlon vera,1992-12-02,2024-08-03,marlon vera,odds_frame
tony ferguson,1984-02-12,2024-08-03,tony ferguson,odds_frame
cory sandhagen,1992-04-20,2024-08-03,cory sandhagen,odds_frame
jarno errens,1994-11-17,2024-08-10,jarno errens,odds_frame
damon jackson,1988-08-08,2024-08-10,damon jackson,odds_frame
chris gutierrez,1991-04-22,2024-08-10,chris gutierrez,odds_frame
danny barlow,1995-08-02,2024-08-10,danny barlow,odds_frame
youssef zalal,1996-09-04,2024-08-10,youssef zalal,odds_frame
jhonata diniz,1991-06-23,2024-08-10,jhonata diniz,odds_frame
chepe mariscal,1992-10-27,2024-08-10,chepe mariscal,odds_frame
charalampos grigoriou,1992-03-31,2024-08-10,charalampos grigoriou,odds_frame
quang le,1991-10-18,2024-08-10,quang le,odds_frame
nikolay veretennikov,1989-12-22,2024-08-10,nikolay veretennikov,odds_frame
karl williams,1990-01-06,2024-08-10,karl williams,odds_frame
toshiomi kazama,1997-05-15,2024-08-10,toshiomi kazama,odds_frame
junior tafa,1996-09-21,2024-08-17,junior tafa,odds_frame
tom nolan,2000-03-08,2024-08-17,tom nolan,odds_frame
israel adesanya,1989-07-22,2024-08-17,israel adesanya,odds_frame
song kenan,1990-03-10,2024-08-17,song kenan,odds_frame
steve erceg,1995-07-27,2024-08-17,steve erceg,odds_frame
dan hooker,1990-02-13,2024-08-17,dan hooker,odds_frame
jairzinho rozenstruik,1988-03-17,2024-08-17,jairzinho rozenstruik,odds_frame
carlos prates,1993-08-17,2024-08-17,carlos prates,odds_frame
valter walker,1997-12-14,2024-08-17,valter walker,odds_frame
ricardo ramos,1995-08-01,2024-08-17,ricardo ramos,odds_frame
herbert burns,1988-02-02,2024-08-17,herbert burns,odds_frame
ricky glenn,1989-04-12,2024-08-17,ricky glenn,odds_frame
alex reyes,1986-10-02,2024-08-17,alex reyes,odds_frame
tai tuivasa,1993-03-16,2024-08-17,tai tuivasa,odds_frame
dricus du plessis,1994-01-14,2024-08-17,dricus du plessis,odds_frame
kai kara-france,1993-03-26,2024-08-17,kai kara france,odds_frame
mateusz gamrot,1990-12-11,2024-08-17,mateusz gamrot,odds_frame
josh culibao,1994-05-24,2024-08-17,josh culibao,odds_frame
jack jenkins,1993-11-03,2024-08-17,jack jenkins,odds_frame
li jingliang,1988-03-20,2024-08-17,li jingliang,odds_frame
ryan loder,1991-06-05,2024-08-24,ryan loder,odds_frame
francis marshall,1999-03-03,2024-08-24,francis marshall,odds_frame
neil magny,1987-08-03,2024-08-24,neil magny,odds_frame
james llontop,1999-08-02,2024-08-24,james llontop,odds_frame
michael morales,1999-06-24,2024-08-24,michael morales,odds_frame
mairon santos,2000-06-10,2024-08-24,mairon santos,odds_frame
jared cannonier,1984-03-16,2024-08-24,jared cannonier,odds_frame
robert valentin,1995-03-31,2024-08-24,robert valentin,odds_frame
caio borralho,1993-01-16,2024-08-24,caio borralho,odds_frame
viacheslav borshchev,1992-01-08,2024-08-24,viacheslav borshchev,odds_frame
edmen shahbazyan,1997-11-20,2024-08-24,edmen shahbazyan,odds_frame
gerald meerschaert,1987-12-18,2024-08-24,gerald meerschaert,odds_frame
dennis buzukja,1997-10-01,2024-08-24,dennis buzukja,odds_frame
kaan ofli,1993-06-19,2024-08-24,kaan ofli,odds_frame
felipe dos santos,2000-09-11,2024-09-07,felipe dos santos,odds_frame
andre petroski,1991-06-12,2024-09-07,andre petroski,odds_frame
yizha,1997-01-08,2024-09-07,yizha,odds_frame
isaac dulgarian,1996-07-04,2024-09-07,isaac dulgarian,odds_frame
steve garcia,1992-05-22,2024-09-07,steve garcia,odds_frame
matt schnell,1990-01-15,2024-09-07,matt schnell,odds_frame
gilbert burns,1986-07-20,2024-09-07,gilbert burns,odds_frame
andre lima,1999-02-04,2024-09-07,andre lima,odds_frame
nathan fletcher,1998-01-03,2024-09-07,nathan fletcher,odds_frame
yanal ashmouz,1995-03-31,2024-09-07,yanal ashmouz,odds_frame
dylan budka,2000-01-14,2024-09-07,dylan budka,odds_frame
gabriel santos,1996-11-28,2024-09-07,gabriel santos,odds_frame
brendon marotte,1996-01-12,2024-09-07,brendon marotte,odds_frame
kyle nelson,1991-04-20,2024-09-07,kyle nelson,odds_frame
cody durden,1991-03-29,2024-09-07,cody durden,odds_frame
sean brady,1992-11-23,2024-09-07,sean brady,odds_frame
zygimantas ramaska,1996-12-27,2024-09-07,zygimantas ramaska,odds_frame
trevor peek,1995-01-09,2024-09-07,trevor peek,odds_frame
esteban ribovics,1996-04-27,2024-09-14,esteban ribovics,odds_frame
merab dvalishvili,1991-01-10,2024-09-14,merab dvalishvili,odds_frame
diego lopes,1994-12-30,2024-09-14,diego lopes,odds_frame
ode osbourne,1992-01-09,2024-09-14,ode osbourne,odds_frame
ignacio bahamondes,1997-08-27,2024-09-14,ignacio bahamondes,odds_frame
joshua van,2001-10-10,2024-09-14,joshua van,odds_frame
aoriqileng,1993-06-25,2024-09-14,aoriqileng,odds_frame
sean o'malley,1994-10-24,2024-09-14,sean o malley,odds_frame
raul rosas jr.,2004-10-08,2024-09-14,raul rosas jr,odds_frame
brian ortega,1991-02-21,2024-09-14,brian ortega,odds_frame
edgar chairez,1996-01-27,2024-09-14,edgar chairez,odds_frame
manuel torres,1995-03-25,2024-09-14,manuel torres,odds_frame
ronaldo rodriguez,1999-05-07,2024-09-14,ronaldo rodriguez,odds_frame
daniel zellhuber,1999-07-07,2024-09-14,daniel zellhuber,odds_frame
renato moicano,1989-05-21,2024-09-28,renato moicano,odds_frame
nassourdine imavov,1996-03-01,2024-09-28,nassourdine imavov,odds_frame
william gomis,1997-06-13,2024-09-28,william gomis,odds_frame
kevin jousset,1993-05-02,2024-09-28,kevin jousset,odds_frame
ion cutelaba,1993-12-14,2024-09-28,ion cutelaba,odds_frame
fares ziam,1997-03-21,2024-09-28,fares ziam,odds_frame
oumar sy,1995-11-21,2024-09-28,oumar sy,odds_frame
taylor lapilus,1992-04-08,2024-09-28,taylor lapilus,odds_frame
daniel barez,1988-12-10,2024-09-28,daniel barez,odds_frame
bolaji oki,1995-11-15,2024-09-28,bolaji oki,odds_frame
morgan charriere,1995-10-26,2024-09-28,morgan charriere,odds_frame
chris duncan,1993-05-10,2024-09-28,chris duncan,odds_frame
roosevelt roberts,1994-02-11,2024-09-28,roosevelt roberts,odds_frame
benoit saint denis,1995-12-18,2024-09-28,benoit saint denis,odds_frame
brendan allen,1995-12-28,2024-09-28,brendan allen,odds_frame
joanderson brito,1995-02-11,2024-09-28,joanderson brito,odds_frame
bryan battle,1994-09-21,2024-09-28,bryan battle,odds_frame
ivan erslan,1991-11-15,2024-09-28,ivan erslan,odds_frame
matt frevola,1990-06-11,2024-09-28,matt frevola,odds_frame
da woon jung,1993-12-07,2024-09-28,da woon jung,odds_frame
vince morales,1990-11-12,2024-09-28,vince morales,odds_frame
victor altamirano,1991-01-23,2024-09-28,victor altamirano,odds_frame
ludovit klein,1995-02-22,2024-09-28,ludovit klein,odds_frame
gabriel miranda,1990-03-25,2024-09-28,gabriel miranda,odds_frame
ovince saint preux,1983-04-08,2024-10-05,ovince saint preux,odds_frame
khalil rountree jr.,1990-02-26,2024-10-05,khalil rountree jr,odds_frame
kevin holland,1992-11-05,2024-10-05,kevin holland,odds_frame
alexander hernandez,1992-10-01,2024-10-05,alexander hernandez,odds_frame
ihor potieria,1996-05-29,2024-10-05,ihor potieria,odds_frame
tim means,1984-02-20,2024-10-05,tim means,odds_frame
joaquin buckley,1994-04-27,2024-10-05,joaquin buckley,odds_frame
stephen thompson,1983-02-11,2024-10-05,stephen thompson,odds_frame
ryan spann,1991-08-24,2024-10-05,ryan spann,odds_frame
cesar almeida,1988-03-28,2024-10-05,cesar almeida,odds_frame
austin hubbard,1991-12-22,2024-10-05,austin hubbard,odds_frame
roman dolidze,1988-07-15,2024-10-05,roman dolidze,odds_frame
alex pereira,1987-07-07,2024-10-05,alex pereira,odds_frame
jose aldo,1986-09-09,2024-10-05,jose aldo,odds_frame
mario bautista,1993-07-01,2024-10-05,mario bautista,odds_frame
court mcgee,1984-12-12,2024-10-05,court mcgee,odds_frame
themba gorimbo,1991-01-23,2024-10-12,themba gorimbo,odds_frame
brad tavares,1987-12-21,2024-10-12,brad tavares,odds_frame
sean sharaf,1993-07-11,2024-10-12,sean sharaf,odds_frame
brandon royval,1992-08-16,2024-10-12,brandon royval,odds_frame
niko price,1989-09-29,2024-10-12,niko price,odds_frame
pat sabatini,1990-11-09,2024-10-12,pat sabatini,odds_frame
ramazan temirov,1997-01-31,2024-10-12,ramazan temirov,odds_frame
alex morono,1990-08-16,2024-10-12,alex morono,odds_frame
rafa garcia,1994-08-05,2024-10-12,rafa garcia,odds_frame
jared gooden,1993-12-05,2024-10-12,jared gooden,odds_frame
cody haddon,1998-09-08,2024-10-12,cody haddon,odds_frame
junyong park,1991-02-27,2024-10-12,junyong park,odds_frame
clayton carpenter,1996-06-09,2024-10-12,clayton carpenter,odds_frame
dan argueta,1993-08-13,2024-10-12,dan argueta,odds_frame
junior tafa,1996-09-21,2024-10-12,junior tafa,odds_frame
jonathan pearce,1992-05-01,2024-10-12,jonathan pearce,odds_frame
cj vergara,1991-06-18,2024-10-12,cj vergara,odds_frame
daniel rodriguez,1986-12-31,2024-10-12,daniel rodriguez,odds_frame
grant dawson,1994-02-20,2024-10-12,grant dawson,odds_frame
chidi njokuani,1988-12-31,2024-10-12,chidi njokuani,odds_frame
tatsuro taira,2000-01-27,2024-10-12,tatsuro taira,odds_frame
lucas rocha,2000-08-12,2024-10-12,lucas rocha,odds_frame
daniel pineda,1985-08-06,2024-10-19,daniel pineda,odds_frame
kyler phillips,1995-06-12,2024-10-19,kyler phillips,odds_frame
robelis despaigne,1988-09-09,2024-10-19,robelis despaigne,odds_frame
cameron smotherman,1997-09-17,2024-10-19,cameron smotherman,odds_frame
jean matsumoto,1999-09-09,2024-10-19,jean matsumoto,odds_frame
sumudaerji,1996-01-20,2024-10-19,sumudaerji,odds_frame
brad katona,1991-12-19,2024-10-19,brad katona,odds_frame
darren elkins,1984-05-16,2024-10-19,darren elkins,odds_frame
jake hadley,1996-08-03,2024-10-19,jake hadley,odds_frame
austen lane,1987-11-09,2024-10-19,austen lane,odds_frame
rob font,1987-06-25,2024-10-19,rob font,odds_frame
anthony hernandez,1993-10-18,2024-10-19,anthony hernandez,odds_frame
michel pereira,1993-10-06,2024-10-19,michel pereira,odds_frame
charles johnson,1991-01-10,2024-10-19,charles johnson,odds_frame
myktybek orolbai,1998-02-10,2024-10-26,myktybek orolbai,odds_frame
carlos leal,1994-05-04,2024-10-26,carlos leal,odds_frame
khamzat chimaev,1994-05-01,2024-10-26,khamzat chimaev,odds_frame
max holloway,1991-12-04,2024-10-26,max holloway,odds_frame
dan ige,1991-08-06,2024-10-26,dan ige,odds_frame
brunno ferreira,1992-11-04,2024-10-26,brunno ferreira,odds_frame
armen petrosyan,1990-11-03,2024-10-26,armen petrosyan,odds_frame
rafael dos anjos,1984-10-26,2024-10-26,rafael dos anjos,odds_frame
victor hugo,1992-11-22,2024-10-26,victor hugo,odds_frame
bruno silva,1989-07-13,2024-10-26,bruno silva,odds_frame
chris barnett,1986-06-14,2024-10-26,chris barnett,odds_frame
farid basharat,1997-08-02,2024-10-26,farid basharat,odds_frame
ismail naurdiev,1996-08-18,2024-10-26,ismail naurdiev,odds_frame
geoff neal,1990-08-28,2024-10-26,geoff neal,odds_frame
kennedy nzechukwu,1992-06-13,2024-10-26,kennedy nzechukwu,odds_frame
abus magomedov,1990-09-02,2024-10-26,abus magomedov,odds_frame
rinat fakhretdinov,1991-09-28,2024-10-26,rinat fakhretdinov,odds_frame
shara magomedov,1994-05-16,2024-10-26,shara magomedov,odds_frame
robert whittaker,1990-12-20,2024-10-26,robert whittaker,odds_frame
ilia topuria,1997-01-21,2024-10-26,ilia topuria,odds_frame
lerone murphy,1991-07-22,2024-10-26,lerone murphy,odds_frame
mateusz rebecki,1992-11-03,2024-10-26,mateusz rebecki,odds_frame
caio machado,1994-07-20,2024-11-02,caio machado,odds_frame
garrett armfield,1996-10-09,2024-11-02,garrett armfield,odds_frame
rodrigo nascimento,1992-11-26,2024-11-02,rodrigo nascimento,odds_frame
youssef zalal,1996-09-04,2024-11-02,youssef zalal,odds_frame
victor henry,1987-05-04,2024-11-02,victor henry,odds_frame
amir albazi,1993-10-27,2024-11-02,amir albazi,odds_frame
trevin giles,1992-08-06,2024-11-02,trevin giles,odds_frame
dustin stoltzfus,1991-11-15,2024-11-02,dustin stoltzfus,odds_frame
cody gibson,1987-09-11,2024-11-02,cody gibson,odds_frame
marc-andre barriault,1990-02-18,2024-11-02,marc andre barriault,odds_frame
brandon moreno,1993-12-07,2024-11-02,brandon moreno,odds_frame
brendson ribeiro,1996-09-08,2024-11-02,brendson ribeiro,odds_frame
charles jourdain,1995-11-27,2024-11-02,charles jourdain,odds_frame
jack shore,1995-02-06,2024-11-02,jack shore,odds_frame
alexandr romanov,1990-12-11,2024-11-02,alexandr romanov,odds_frame
serhiy sidey,1996-07-04,2024-11-02,serhiy sidey,odds_frame
chad anheliger,1986-12-01,2024-11-02,chad anheliger,odds_frame
mike malott,1991-11-07,2024-11-02,mike malott,odds_frame
pedro munhoz,1986-09-07,2024-11-02,pedro munhoz,odds_frame
aiemann zahabi,1987-11-19,2024-11-02,aiemann zahabi,odds_frame
dusko todorovic,1994-05-19,2024-11-09,dusko todorovic,odds_frame
tresean gore,1994-06-21,2024-11-09,tresean gore,odds_frame
charles radtke,1990-07-09,2024-11-09,charles radtke,odds_frame
carlos prates,1993-08-17,2024-11-09,carlos prates,odds_frame
reinier de ridder,1990-09-07,2024-11-09,reinier de ridder,odds_frame
cortavious romious,1994-01-06,2024-11-09,cortavious romious,odds_frame
antonio trocoli,1990-12-06,2024-11-09,antonio trocoli,odds_frame
da'mon blackshear,1994-08-12,2024-11-09,da mon blackshear,odds_frame
gerald meerschaert,1987-12-18,2024-11-09,gerald meerschaert,odds_frame
gaston bolanos,1992-09-14,2024-11-09,gaston bolanos,odds_frame
mansur abdul-malik,1997-10-07,2024-11-09,mansur abdul malik,odds_frame
matthew semelsberger,1992-11-23,2024-11-09,matthew semelsberger,odds_frame
neil magny,1987-08-03,2024-11-09,neil magny,odds_frame
cody stamann,1989-11-09,2024-11-09,cody stamann,odds_frame
jhonata diniz,1991-06-23,2024-11-16,jhonata diniz,odds_frame
ramiz brahimaj,1992-11-17,2024-11-16,ramiz brahimaj,odds_frame
damon jackson,1988-08-08,2024-11-16,damon jackson,odds_frame
charles oliveira,1989-10-17,2024-11-16,charles oliveira,odds_frame
roberto romero,2000-01-30,2024-11-16,roberto romero,odds_frame
paul craig,1987-11-27,2024-11-16,paul craig,odds_frame
stipe miocic,1982-08-19,2024-11-16,stipe miocic,odds_frame
michael chandler,1986-04-24,2024-11-16,michael chandler,odds_frame
james llontop,1999-08-02,2024-11-16,james llontop,odds_frame
oban elliott,1997-12-19,2024-11-16,oban elliott,odds_frame
marcus mcghee,1990-05-07,2024-11-16,marcus mcghee,odds_frame
jon jones,1987-07-19,2024-11-16,jon jones,odds_frame
bassil hafez,1992-01-31,2024-11-16,bassil hafez,odds_frame
bo nickal,1996-01-14,2024-11-16,bo nickal,odds_frame
david onama,1994-06-07,2024-11-16,david onama,odds_frame
jonathan martinez,1994-04-20,2024-11-16,jonathan martinez,odds_frame
mauricio ruffy,1996-06-17,2024-11-16,mauricio ruffy,odds_frame
mickey gall,1992-01-22,2024-11-16,mickey gall,odds_frame
jim miller,1983-08-30,2024-11-16,jim miller,odds_frame
marcin tybura,1985-11-09,2024-11-16,marcin tybura,odds_frame
donghun choi,1999-01-02,2024-11-23,donghun choi,odds_frame
carlos ulberg,1990-11-07,2024-11-23,carlos ulberg,odds_frame
ozzy diaz,1990-11-22,2024-11-23,ozzy diaz,odds_frame
muslim salikhov,1984-06-09,2024-11-23,muslim salikhov,odds_frame
deiveson figueiredo,1987-12-18,2024-11-23,deiveson figueiredo,odds_frame
baergeng jieleyisi,1995-11-24,2024-11-23,baergeng jieleyisi,odds_frame
petr yan,1993-02-11,2024-11-23,petr yan,odds_frame
song kenan,1990-03-10,2024-11-23,song kenan,odds_frame
zhang mingyang,1998-08-16,2024-11-23,zhang mingyang,odds_frame
volkan oezdemir,1989-09-19,2024-11-23,volkan oezdemir,odds_frame
kiru sahota,1995-05-28,2024-11-23,kiru sahota,odds_frame
nyamjargal tumendemberel,1998-03-22,2024-11-23,nyamjargal tumendemberel,odds_frame
lone'er kavanagh,1999-06-09,2024-11-23,lone er kavanagh,odds_frame
carlos hernandez,1993-10-25,2024-11-23,carlos hernandez,odds_frame
maheshate,1999-12-01,2024-11-23,maheshate,odds_frame
xiao long,1998-04-13,2024-11-23,xiao long,odds_frame
jose ochoa,2000-12-31,2024-11-23,jose ochoa,odds_frame
quang le,1991-10-18,2024-11-23,quang le,odds_frame
suyoung you,1995-12-11,2024-11-23,suyoung you,odds_frame
nikolas motta,1993-02-08,2024-11-23,nikolas motta,odds_frame
bryce mitchell,1994-10-04,2024-12-07,bryce mitchell,odds_frame
ciryl gane,1990-04-12,2024-12-07,ciryl gane,odds_frame
shavkat rakhmonov,1994-10-23,2024-12-07,shavkat rakhmonov,odds_frame
alexandre pantoja,1990-04-16,2024-12-07,alexandre pantoja,odds_frame
vicente luque,1991-11-27,2024-12-07,vicente luque,odds_frame
clay guida,1981-12-08,2024-12-07,clay guida,odds_frame
kennedy nzechukwu,1992-06-13,2024-12-07,kennedy nzechukwu,odds_frame
michael chiesa,1987-12-07,2024-12-07,michael chiesa,odds_frame
dominick reyes,1989-12-26,2024-12-07,dominick reyes,odds_frame
randy brown,1990-07-08,2024-12-07,randy brown,odds_frame
chris weidman,1984-06-17,2024-12-07,chris weidman,odds_frame
cody durden,1991-03-29,2024-12-07,cody durden,odds_frame
nate landwehr,1988-06-06,2024-12-07,nate landwehr,odds_frame
movsar evloev,1994-02-11,2024-12-07,movsar evloev,odds_frame
bryan battle,1994-09-21,2024-12-07,bryan battle,odds_frame
eryk anders,1987-04-21,2024-12-07,eryk anders,odds_frame
lukasz brzeski,1992-05-17,2024-12-07,lukasz brzeski,odds_frame
chase hooper,1999-09-13,2024-12-07,chase hooper,odds_frame
themba gorimbo,1991-01-23,2024-12-07,themba gorimbo,odds_frame
aljamain sterling,1989-07-31,2024-12-07,aljamain sterling,odds_frame
max griffin,1985-11-29,2024-12-07,max griffin,odds_frame
joshua van,2001-10-10,2024-12-07,joshua van,odds_frame
dooho choi,1991-04-10,2024-12-07,dooho choi,odds_frame
kron gracie,1988-07-11,2024-12-07,kron gracie,odds_frame
alexander volkov,1988-10-24,2024-12-07,alexander volkov,odds_frame
ian machado garry,1997-11-17,2024-12-07,ian machado garry,odds_frame
kai asakura,1993-10-31,2024-12-07,kai asakura,odds_frame
anthony smith,1988-07-26,2024-12-07,anthony smith,odds_frame
drakkar klose,1988-03-09,2024-12-14,drakkar klose,odds_frame
felipe lima,1998-05-07,2024-12-14,felipe lima,odds_frame
tuco tokkos,1990-06-30,2024-12-14,tuco tokkos,odds_frame
daniel marcos,1993-03-07,2024-12-14,daniel marcos,odds_frame
fernando padilla,1996-12-15,2024-12-14,fernando padilla,odds_frame
joaquin buckley,1994-04-27,2024-12-14,joaquin buckley,odds_frame
davey grant,1985-12-18,2024-12-14,davey grant,odds_frame
colby covington,1988-02-22,2024-12-14,colby covington,odds_frame
cub swanson,1983-11-02,2024-12-14,cub swanson,odds_frame
vitor petrino,1997-08-28,2024-12-14,vitor petrino,odds_frame
manel kape,1993-11-14,2024-12-14,manel kape,odds_frame
michael johnson,1986-06-04,2024-12-14,michael johnson,odds_frame
sean woodson,1992-06-07,2024-12-14,sean woodson,odds_frame
miles johns,1994-03-30,2024-12-14,miles johns,odds_frame
adrian yanez,1993-11-29,2024-12-14,adrian yanez,odds_frame
navajo stirling,1997-11-07,2024-12-14,navajo stirling,odds_frame
ottman azaitar,1990-02-20,2024-12-14,ottman azaitar,odds_frame
bruno silva,1989-07-13,2024-12-14,bruno silva,odds_frame
dustin jacoby,1988-04-04,2024-12-14,dustin jacoby,odds_frame
billy quarantillo,1988-12-08,2024-12-14,billy quarantillo,odds_frame
ramon taveras,1994-01-09,2024-12-14,ramon taveras,odds_frame
joel alvarez,1993-03-02,2024-12-14,joel alvarez,odds_frame
felipe bunes,1989-10-29,2025-01-11,felipe bunes,odds_frame
santiago ponzinibbio,1986-09-26,2025-01-11,santiago ponzinibbio,odds_frame
preston parsons,1995-07-15,2025-01-11,preston parsons,odds_frame
christian rodriguez,1997-12-17,2025-01-11,christian rodriguez,odds_frame
thiago moises,1995-03-23,2025-01-11,thiago moises,odds_frame
jose johnson,1995-05-20,2025-01-11,jose johnson,odds_frame
punahele soriano,1992-11-22,2025-01-11,punahele soriano,odds_frame
cesar almeida,1988-03-28,2025-01-11,cesar almeida,odds_frame
chris curtis,1987-07-15,2025-01-11,chris curtis,odds_frame
roman kopylov,1991-05-04,2025-01-11,roman kopylov,odds_frame
carlston harris,1987-07-09,2025-01-11,carlston harris,odds_frame
abdul razak alhassan,1985-08-11,2025-01-11,abdul razak alhassan,odds_frame
uros medic,1993-04-25,2025-01-11,uros medic,odds_frame
nurullo aliev,2000-12-08,2025-01-11,nurullo aliev,odds_frame
trey ogden,1989-11-14,2025-01-11,trey ogden,odds_frame
joe solecki,1993-08-27,2025-01-11,joe solecki,odds_frame
bruno lopes,1993-04-24,2025-01-11,bruno lopes,odds_frame
austin bashi,2001-09-29,2025-01-11,austin bashi,odds_frame
jacobe smith,1996-01-17,2025-01-11,jacobe smith,odds_frame
magomed gadzhiyasulov,1993-11-04,2025-01-11,magomed gadzhiyasulov,odds_frame
payton talbott,1998-09-09,2025-01-18,payton talbott,odds_frame
tagir ulanbekov,1991-08-07,2025-01-18,tagir ulanbekov,odds_frame
ricky turcios,1993-06-05,2025-01-18,ricky turcios,odds_frame
islam makhachev,1991-10-27,2025-01-18,islam makhachev,odds_frame
rinya nakamura,1995-03-23,2025-01-18,rinya nakamura,odds_frame
grant dawson,1994-02-20,2025-01-18,grant dawson,odds_frame
bogdan guskov,1992-09-12,2025-01-18,bogdan guskov,odds_frame
zachary reese,1994-03-24,2025-01-18,zachary reese,odds_frame
kevin holland,1992-11-05,2025-01-18,kevin holland,odds_frame
jailton almeida,1991-06-26,2025-01-18,jailton almeida,odds_frame
umar nurmagomedov,1996-01-03,2025-01-18,umar nurmagomedov,odds_frame
renato moicano,1989-05-21,2025-01-18,renato moicano,odds_frame
clayton carpenter,1996-06-09,2025-01-18,clayton carpenter,odds_frame
benardo sopaj,2000-09-25,2025-01-18,benardo sopaj,odds_frame
muin gafurov,1996-05-17,2025-01-18,muin gafurov,odds_frame
diego ferreira,1985-01-18,2025-01-18,diego ferreira,odds_frame
billy elekana,1995-05-28,2025-01-18,billy elekana,odds_frame
azamat bekoev,1995-12-30,2025-01-18,azamat bekoev,odds_frame
reinier de ridder,1990-09-07,2025-01-18,reinier de ridder,odds_frame
serghei spivac,1995-01-24,2025-01-18,serghei spivac,odds_frame
jamahal hill,1991-05-19,2025-01-18,jamahal hill,odds_frame
raoni barcelos,1987-05-01,2025-01-18,raoni barcelos,odds_frame
jiri prochazka,1992-10-14,2025-01-18,jiri prochazka,odds_frame
merab dvalishvili,1991-01-10,2025-01-18,merab dvalishvili,odds_frame
michael page,1987-04-07,2025-02-01,michael page,odds_frame
said nurmagomedov,1992-04-05,2025-02-01,said nurmagomedov,odds_frame
hamdy abdelwahab,1993-01-22,2025-02-01,hamdy abdelwahab,odds_frame
terrance mckinney,1994-09-15,2025-02-01,terrance mckinney,odds_frame
shamil gaziev,1990-02-10,2025-02-01,shamil gaziev,odds_frame
muhammad naimov,1994-08-07,2025-02-01,muhammad naimov,odds_frame
fares ziam,1997-03-21,2025-02-01,fares ziam,odds_frame
sergei pavlovich,1992-05-13,2025-02-01,sergei pavlovich,odds_frame
israel adesanya,1989-07-22,2025-02-01,israel adesanya,odds_frame
shara magomedov,1994-05-16,2025-02-01,shara magomedov,odds_frame
bogdan grad,1995-09-28,2025-02-01,bogdan grad,odds_frame
jamal pogues,1995-12-01,2025-02-01,jamal pogues,odds_frame
damir hadzovic,1986-08-08,2025-02-01,damir hadzovic,odds_frame
thomas petersen,1995-03-30,2025-02-01,thomas petersen,odds_frame
kaan ofli,1993-06-19,2025-02-01,kaan ofli,odds_frame
mike davis,1992-10-07,2025-02-01,mike davis,odds_frame
lucas alexander,1995-07-28,2025-02-01,lucas alexander,odds_frame
jairzinho rozenstruik,1988-03-17,2025-02-01,jairzinho rozenstruik,odds_frame
nassourdine imavov,1996-03-01,2025-02-01,nassourdine imavov,odds_frame
vinicius oliveira,1995-11-30,2025-02-01,vinicius oliveira,odds_frame
sean strickland,1991-02-27,2025-02-08,sean strickland,odds_frame
aleksandre topuria,1996-01-28,2025-02-08,aleksandre topuria,odds_frame
kody steele,1995-04-21,2025-02-08,kody steele,odds_frame
kevin jousset,1993-05-02,2025-02-08,kevin jousset,odds_frame
anshul jubli,1995-01-13,2025-02-08,anshul jubli,odds_frame
francisco prado,2002-06-16,2025-02-08,francisco prado,odds_frame
viacheslav borshchev,1992-01-08,2025-02-08,viacheslav borshchev,odds_frame
gabriel santos,1996-11-28,2025-02-08,gabriel santos,odds_frame
jonathan micallef,1999-03-05,2025-02-08,jonathan micallef,odds_frame
jack jenkins,1993-11-03,2025-02-08,jack jenkins,odds_frame
tom nolan,2000-03-08,2025-02-08,tom nolan,odds_frame
jake matthews,1994-08-19,2025-02-08,jake matthews,odds_frame
dricus du plessis,1994-01-14,2025-02-08,dricus du plessis,odds_frame
quillan salkilld,1999-12-28,2025-02-08,quillan salkilld,odds_frame
rongzhu,2000-03-07,2025-02-08,rongzhu,odds_frame
colby thicknesse,1999-06-23,2025-02-08,colby thicknesse,odds_frame
valter walker,1997-12-14,2025-02-15,valter walker,odds_frame
elijah smith,2002-09-05,2025-02-15,elijah smith,odds_frame
jesus aguilar,1996-03-13,2025-02-15,jesus aguilar,odds_frame
andre petroski,1991-06-12,2025-02-15,andre petroski,odds_frame
khaos williams,1994-03-30,2025-02-15,khaos williams,odds_frame
dylan budka,2000-01-14,2025-02-15,dylan budka,odds_frame
youssef zalal,1996-09-04,2025-02-15,youssef zalal,odds_frame
gregory rodrigues,1992-02-17,2025-02-15,gregory rodrigues,odds_frame
nazim sadykhov,1994-05-16,2025-02-15,nazim sadykhov,odds_frame
jose delgado,1998-04-21,2025-02-15,jose delgado,odds_frame
jared cannonier,1984-03-16,2025-02-15,jared cannonier,odds_frame
connor matthews,1992-05-31,2025-02-15,connor matthews,odds_frame
ismael bonfim,1995-12-28,2025-02-15,ismael bonfim,odds_frame
calvin kattar,1988-03-26,2025-02-15,calvin kattar,odds_frame
edmen shahbazyan,1997-11-20,2025-02-15,edmen shahbazyan,odds_frame
don'tale mayes,1992-01-16,2025-02-15,don tale mayes,odds_frame
vince morales,1990-11-12,2025-02-15,vince morales,odds_frame
gabriel bonfim,1997-08-20,2025-02-15,gabriel bonfim,odds_frame
rafael estevam,1996-08-10,2025-02-15,rafael estevam,odds_frame
rodolfo vieira,1989-09-25,2025-02-15,rodolfo vieira,odds_frame
ion cutelaba,1993-12-14,2025-02-22,ion cutelaba,odds_frame
nikolay veretennikov,1989-12-22,2025-02-22,nikolay veretennikov,odds_frame
jean silva,1996-12-27,2025-02-22,jean silva,odds_frame
brendan allen,1995-12-28,2025-02-22,brendan allen,odds_frame
henry cejudo,1987-02-09,2025-02-22,henry cejudo,odds_frame
rob font,1987-06-25,2025-02-22,rob font,odds_frame
nursulton ruziboev,1993-11-19,2025-02-22,nursulton ruziboev,odds_frame
jean matsumoto,1999-09-09,2025-02-22,jean matsumoto,odds_frame
song yadong,1997-12-02,2025-02-22,song yadong,odds_frame
anthony hernandez,1993-10-18,2025-02-22,anthony hernandez,odds_frame
melsik baghdasaryan,1992-01-28,2025-02-22,melsik baghdasaryan,odds_frame
austin vanderford,1990-03-21,2025-02-22,austin vanderford,odds_frame
ibo aslan,1996-04-23,2025-02-22,ibo aslan,odds_frame
melquizael costa,1996-09-14,2025-02-22,melquizael costa,odds_frame
nick klein,1995-09-08,2025-02-22,nick klein,odds_frame
eric mcconico,1990-05-09,2025-02-22,eric mcconico,odds_frame
javid basharat,1995-09-07,2025-02-22,javid basharat,odds_frame
julius walker,1999-07-16,2025-02-22,julius walker,odds_frame
andre fili,1990-06-25,2025-02-22,andre fili,odds_frame
mansur abdul-malik,1997-10-07,2025-02-22,mansur abdul malik,odds_frame
ricky simon,1992-08-31,2025-02-22,ricky simon,odds_frame
alonzo menifield,1987-10-18,2025-02-22,alonzo menifield,odds_frame
sam patterson,1996-04-30,2025-03-01,sam patterson,odds_frame
mario pinto,1998-03-14,2025-03-01,mario pinto,odds_frame
chepe mariscal,1992-10-27,2025-03-01,chepe mariscal,odds_frame
lucas almeida,1991-01-31,2025-03-01,lucas almeida,odds_frame
william gomis,1997-06-13,2025-03-01,william gomis,odds_frame
asu almabayev,1994-01-25,2025-03-01,asu almabayev,odds_frame
manel kape,1993-11-14,2025-03-01,manel kape,odds_frame
cody brundage,1994-05-16,2025-03-01,cody brundage,odds_frame
nasrat haqparast,1995-08-22,2025-03-01,nasrat haqparast,odds_frame
danny barlow,1995-08-02,2025-03-01,danny barlow,odds_frame
austen lane,1987-11-09,2025-03-01,austen lane,odds_frame
ricardo ramos,1995-08-01,2025-03-01,ricardo ramos,odds_frame
danny silva,1997-01-30,2025-03-01,danny silva,odds_frame
hyder amil,1990-05-28,2025-03-01,hyder amil,odds_frame
esteban ribovics,1996-04-27,2025-03-01,esteban ribovics,odds_frame
julian marquez,1990-05-08,2025-03-01,julian marquez,odds_frame
alex pereira,1987-07-07,2025-03-08,alex pereira,odds_frame
justin gaethje,1988-11-14,2025-03-08,justin gaethje,odds_frame
ignacio bahamondes,1997-08-27,2025-03-08,ignacio bahamondes,odds_frame
jalin turner,1995-05-18,2025-03-08,jalin turner,odds_frame
king green,1986-09-09,2025-03-08,king green,odds_frame
joshua van,2001-10-10,2025-03-08,joshua van,odds_frame
brunno ferreira,1992-11-04,2025-03-08,brunno ferreira,odds_frame
alex morono,1990-08-16,2025-03-08,alex morono,odds_frame
mairon santos,2000-06-10,2025-03-08,mairon santos,odds_frame
magomed ankalaev,1992-06-02,2025-03-08,magomed ankalaev,odds_frame
djorden santos,1997-08-01,2025-03-08,djorden santos,odds_frame
rei tsuruya,2002-06-22,2025-03-08,rei tsuruya,odds_frame
armen petrosyan,1990-11-03,2025-03-08,armen petrosyan,odds_frame
carlos leal,1994-05-04,2025-03-08,carlos leal,odds_frame
francis marshall,1999-03-03,2025-03-08,francis marshall,odds_frame
ozzy diaz,1990-11-22,2025-03-08,ozzy diaz,odds_frame
mauricio ruffy,1996-06-17,2025-03-08,mauricio ruffy,odds_frame
rafael fiziev,1993-03-05,2025-03-08,rafael fiziev,odds_frame
andre lima,1999-02-04,2025-03-15,andre lima,odds_frame
josias musasa,1998-10-10,2025-03-15,josias musasa,odds_frame
ryan spann,1991-08-24,2025-03-15,ryan spann,odds_frame
cody gibson,1987-09-11,2025-03-15,cody gibson,odds_frame
roman dolidze,1988-07-15,2025-03-15,roman dolidze,odds_frame
brendson ribeiro,1996-09-08,2025-03-15,brendson ribeiro,odds_frame
daniel barez,1988-12-10,2025-03-15,daniel barez,odds_frame
carlos vera,1987-11-05,2025-03-15,carlos vera,odds_frame
waldo cortes-acosta,1991-10-03,2025-03-15,waldo cortes acosta,odds_frame
diyar nurgozhay,1997-04-22,2025-03-15,diyar nurgozhay,odds_frame
da'mon blackshear,1994-08-12,2025-03-15,da mon blackshear,odds_frame
alexander hernandez,1992-10-01,2025-03-15,alexander hernandez,odds_frame
marvin vettori,1993-09-20,2025-03-15,marvin vettori,odds_frame
kurt holobaugh,1986-09-08,2025-03-15,kurt holobaugh,odds_frame
sean brady,1992-11-23,2025-03-22,sean brady,odds_frame
carlos ulberg,1990-11-07,2025-03-22,carlos ulberg,odds_frame
kevin holland,1992-11-05,2025-03-22,kevin holland,odds_frame
jan blachowicz,1983-02-24,2025-03-22,jan blachowicz,odds_frame
jordan vucenic,1996-03-02,2025-03-22,jordan vucenic,odds_frame
nathan fletcher,1998-01-03,2025-03-22,nathan fletcher,odds_frame
christian leroy duncan,1995-07-24,2025-03-22,christian leroy duncan,odds_frame
marcin tybura,1985-11-09,2025-03-22,marcin tybura,odds_frame
jai herbert,1988-05-13,2025-03-22,jai herbert,odds_frame
felipe dos santos,2000-09-11,2025-03-22,felipe dos santos,odds_frame
morgan charriere,1995-10-26,2025-03-22,morgan charriere,odds_frame
nathaniel wood,1993-05-08,2025-03-22,nathaniel wood,odds_frame
mick parkin,1995-10-02,2025-03-22,mick parkin,odds_frame
andrey pulyaev,1997-09-10,2025-03-22,andrey pulyaev,odds_frame
caolan loughran,1996-05-18,2025-03-22,caolan loughran,odds_frame
chris duncan,1993-05-10,2025-03-22,chris duncan,odds_frame
leon edwards,1991-08-25,2025-03-22,leon edwards,odds_frame
gunnar nelson,1988-07-28,2025-03-22,gunnar nelson,odds_frame
chris padilla,1995-09-14,2025-03-22,chris padilla,odds_frame
lone'er kavanagh,1999-06-09,2025-03-22,lone er kavanagh,odds_frame
marquel mederos,1996-11-30,2025-03-29,marquel mederos,odds_frame
jamall emmers,1989-07-24,2025-03-29,jamall emmers,odds_frame
david martinez,1998-08-03,2025-03-29,david martinez,odds_frame
christian rodriguez,1997-12-17,2025-03-29,christian rodriguez,odds_frame
jose daniel medina,1991-05-17,2025-03-29,jose daniel medina,odds_frame
ronaldo rodriguez,1999-05-07,2025-03-29,ronaldo rodriguez,odds_frame
rafa garcia,1994-08-05,2025-03-29,rafa garcia,odds_frame
edgar chairez,1996-01-27,2025-03-29,edgar chairez,odds_frame
austin hubbard,1991-12-22,2025-03-29,austin hubbard,odds_frame
manuel torres,1995-03-25,2025-03-29,manuel torres,odds_frame
gabriel miranda,1990-03-25,2025-03-29,gabriel miranda,odds_frame
saimon oliveira,1991-04-21,2025-03-29,saimon oliveira,odds_frame
melquizael costa,1996-09-14,2025-03-29,melquizael costa,odds_frame
ateba gautier,2002-04-10,2025-03-29,ateba gautier,odds_frame
kevin borjas,1997-12-06,2025-03-29,kevin borjas,odds_frame
cj vergara,1991-06-18,2025-03-29,cj vergara,odds_frame
steve erceg,1995-07-27,2025-03-29,steve erceg,odds_frame
drew dober,1988-10-19,2025-03-29,drew dober,odds_frame
brandon moreno,1993-12-07,2025-03-29,brandon moreno,odds_frame
vinc pichel,1982-11-23,2025-03-29,vinc pichel,odds_frame
ode osbourne,1992-01-09,2025-04-05,ode osbourne,odds_frame
pedro falcao,1992-07-30,2025-04-05,pedro falcao,odds_frame
daniel frunza,1994-04-13,2025-04-05,daniel frunza,odds_frame
luis gurule,1993-11-16,2025-04-05,luis gurule,odds_frame
gerald meerschaert,1987-12-18,2025-04-05,gerald meerschaert,odds_frame
changho lee,1994-05-09,2025-04-05,changho lee,odds_frame
joanderson brito,1995-02-11,2025-04-05,joanderson brito,odds_frame
lerone murphy,1991-07-22,2025-04-05,lerone murphy,odds_frame
martin buday,1991-11-11,2025-04-05,martin buday,odds_frame
victor henry,1987-05-04,2025-04-05,victor henry,odds_frame
rhys mckee,1995-09-10,2025-04-05,rhys mckee,odds_frame
brad tavares,1987-12-21,2025-04-05,brad tavares,odds_frame
cortavious romious,1994-01-06,2025-04-05,cortavious romious,odds_frame
pat sabatini,1990-11-09,2025-04-05,pat sabatini,odds_frame
uran satybaldiev,1994-08-10,2025-04-05,uran satybaldiev,odds_frame
josh emmett,1985-03-04,2025-04-05,josh emmett,odds_frame
yair rodriguez,1992-10-06,2025-04-12,yair rodriguez,odds_frame
alexander volkanovski,1988-09-29,2025-04-12,alexander volkanovski,odds_frame
michael chandler,1986-04-24,2025-04-12,michael chandler,odds_frame
nikita krylov,1992-03-07,2025-04-12,nikita krylov,odds_frame
jim miller,1983-08-30,2025-04-12,jim miller,odds_frame
tresean gore,1994-06-21,2025-04-12,tresean gore,odds_frame
sumudaerji,1996-01-20,2025-04-12,sumudaerji,odds_frame
dan ige,1991-08-06,2025-04-12,dan ige,odds_frame
darren elkins,1984-05-16,2025-04-12,darren elkins,odds_frame
chase hooper,1999-09-13,2025-04-12,chase hooper,odds_frame
bryce mitchell,1994-10-04,2025-04-12,bryce mitchell,odds_frame
sedriques dumas,1995-08-06,2025-04-12,sedriques dumas,odds_frame
marco tulio,1994-06-13,2025-04-12,marco tulio,odds_frame
jean silva,1996-12-27,2025-04-12,jean silva,odds_frame
mitch raposo,1998-10-16,2025-04-12,mitch raposo,odds_frame
sean woodson,1992-06-07,2025-04-12,sean woodson,odds_frame
michal oleksiejczuk,1995-02-22,2025-04-12,michal oleksiejczuk,odds_frame
julian erosa,1989-07-31,2025-04-12,julian erosa,odds_frame
patricio freire,1987-07-07,2025-04-12,patricio freire,odds_frame
diego lopes,1994-12-30,2025-04-12,diego lopes,odds_frame
dominick reyes,1989-12-26,2025-04-12,dominick reyes,odds_frame
paddy pimblett,1995-01-03,2025-04-12,paddy pimblett,odds_frame
da'mon blackshear,1994-08-12,2025-04-26,da mon blackshear,odds_frame
andre muniz,1990-02-17,2025-04-26,andre muniz,odds_frame
timmy cuamba,1999-02-08,2025-04-26,timmy cuamba,odds_frame
anthony smith,1988-07-26,2025-04-26,anthony smith,odds_frame
malcolm wellmaker,1994-06-04,2025-04-26,malcolm wellmaker,odds_frame
giga chikadze,1988-08-25,2025-04-26,giga chikadze,odds_frame
randy brown,1990-07-08,2025-04-26,randy brown,odds_frame
michel pereira,1993-10-06,2025-04-26,michel pereira,odds_frame
matt schnell,1990-01-15,2025-04-26,matt schnell,odds_frame
ian machado garry,1997-11-17,2025-04-26,ian machado garry,odds_frame
ikram aliskerov,1992-12-07,2025-04-26,ikram aliskerov,odds_frame
chris gutierrez,1991-04-22,2025-04-26,chris gutierrez,odds_frame
gauge young,2000-07-14,2025-04-26,gauge young,odds_frame
roberto romero,2000-01-30,2025-04-26,roberto romero,odds_frame
evan elder,1997-04-11,2025-04-26,evan elder,odds_frame
carlos prates,1993-08-17,2025-04-26,carlos prates,odds_frame
zhang mingyang,1998-08-16,2025-04-26,zhang mingyang,odds_frame
cameron saaiman,2000-12-20,2025-04-26,cameron saaiman,odds_frame
alatengheili,1991-12-14,2025-04-26,alatengheili,odds_frame
john castaneda,1991-12-18,2025-04-26,john castaneda,odds_frame
david onama,1994-06-07,2025-04-26,david onama,odds_frame
jimmy flick,1990-09-07,2025-04-26,jimmy flick,odds_frame
abus magomedov,1990-09-02,2025-04-26,abus magomedov,odds_frame
nicolas dalby,1984-11-16,2025-04-26,nicolas dalby,odds_frame
montel jackson,1992-04-24,2025-05-03,montel jackson,odds_frame
thomas petersen,1995-03-30,2025-05-03,thomas petersen,odds_frame
ryan loder,1991-06-05,2025-05-03,ryan loder,odds_frame
reinier de ridder,1990-09-07,2025-05-03,reinier de ridder,odds_frame
cory sandhagen,1992-04-20,2025-05-03,cory sandhagen,odds_frame
jeremy stephens,1986-05-25,2025-05-03,jeremy stephens,odds_frame
bo nickal,1996-01-14,2025-05-03,bo nickal,odds_frame
cameron smotherman,1997-09-17,2025-05-03,cameron smotherman,odds_frame
daniel marcos,1993-03-07,2025-05-03,daniel marcos,odds_frame
deiveson figueiredo,1987-12-18,2025-05-03,deiveson figueiredo,odds_frame
mason jones,1995-04-26,2025-05-03,mason jones,odds_frame
azamat bekoev,1995-12-30,2025-05-03,azamat bekoev,odds_frame
don'tale mayes,1992-01-16,2025-05-03,don tale mayes,odds_frame
serhiy sidey,1996-07-04,2025-05-03,serhiy sidey,odds_frame
quang le,1991-10-18,2025-05-03,quang le,odds_frame
daniel rodriguez,1986-12-31,2025-05-03,daniel rodriguez,odds_frame
gaston bolanos,1992-09-14,2025-05-03,gaston bolanos,odds_frame
santiago ponzinibbio,1986-09-26,2025-05-03,santiago ponzinibbio,odds_frame
kyle prepolec,1989-08-30,2025-05-10,kyle prepolec,odds_frame
ivan erslan,1991-11-15,2025-05-10,ivan erslan,odds_frame
charles radtke,1990-07-09,2025-05-10,charles radtke,odds_frame
ion cutelaba,1993-12-14,2025-05-10,ion cutelaba,odds_frame
bekzat almakhan,1997-10-08,2025-05-10,bekzat almakhan,odds_frame
aiemann zahabi,1987-11-19,2025-05-10,aiemann zahabi,odds_frame
jose aldo,1986-09-09,2025-05-10,jose aldo,odds_frame
navajo stirling,1997-11-07,2025-05-10,navajo stirling,odds_frame
mike malott,1991-11-07,2025-05-10,mike malott,odds_frame
modestas bukauskas,1994-02-10,2025-05-10,modestas bukauskas,odds_frame
benoit saint denis,1995-12-18,2025-05-10,benoit saint denis,odds_frame
brad katona,1991-12-19,2025-05-10,brad katona,odds_frame
belal muhammad,1988-07-09,2025-05-10,belal muhammad,odds_frame
jack della maddalena,1996-09-10,2025-05-10,jack della maddalena,odds_frame
nursulton ruziboev,1993-11-19,2025-05-17,nursulton ruziboev,odds_frame
gilbert burns,1986-07-20,2025-05-17,gilbert burns,odds_frame
sodiq yusuff,1993-05-19,2025-05-17,sodiq yusuff,odds_frame
julian erosa,1989-07-31,2025-05-17,julian erosa,odds_frame
gabe green,1993-05-02,2025-05-17,gabe green,odds_frame
carlos hernandez,1993-10-25,2025-05-17,carlos hernandez,odds_frame
hyunsung park,1995-11-04,2025-05-17,hyunsung park,odds_frame
jared gordon,1988-09-06,2025-05-17,jared gordon,odds_frame
matheus camilo,2001-01-02,2025-05-17,matheus camilo,odds_frame
melquizael costa,1996-09-14,2025-05-17,melquizael costa,odds_frame
mairon santos,2000-06-10,2025-05-17,mairon santos,odds_frame
michael morales,1999-06-24,2025-05-17,michael morales,odds_frame
dustin stoltzfus,1991-11-15,2025-05-17,dustin stoltzfus,odds_frame
thiago moises,1995-03-23,2025-05-17,thiago moises,odds_frame
bruno lopes,1993-04-24,2025-05-31,bruno lopes,odds_frame
ludovit klein,1995-02-22,2025-05-31,ludovit klein,odds_frame
allan nascimento,1991-09-11,2025-05-31,allan nascimento,odds_frame
jordan leavitt,1995-06-02,2025-05-31,jordan leavitt,odds_frame
ramiz brahimaj,1992-11-17,2025-05-31,ramiz brahimaj,odds_frame
mateusz gamrot,1990-12-11,2025-05-31,mateusz gamrot,odds_frame
billy ray goff,1998-06-18,2025-05-31,billy ray goff,odds_frame
kurt holobaugh,1986-09-08,2025-05-31,kurt holobaugh,odds_frame
jafel filho,1993-05-05,2025-05-31,jafel filho,odds_frame
dustin jacoby,1988-04-04,2025-05-31,dustin jacoby,odds_frame
marquel mederos,1996-11-30,2025-06-07,marquel mederos,odds_frame
merab dvalishvili,1991-01-10,2025-06-07,merab dvalishvili,odds_frame
waldo cortes-acosta,1991-10-03,2025-06-07,waldo cortes acosta,odds_frame
serghei spivac,1995-01-24,2025-06-07,serghei spivac,odds_frame
yanal ashmouz,1995-03-31,2025-06-07,yanal ashmouz,odds_frame
andreas gustafsson,1991-02-20,2025-06-07,andreas gustafsson,odds_frame
brendson ribeiro,1996-09-08,2025-06-07,brendson ribeiro,odds_frame
mark choinski,1995-10-22,2025-06-07,mark choinski,odds_frame
kevin holland,1992-11-05,2025-06-07,kevin holland,odds_frame
quillan salkilld,1999-12-28,2025-06-07,quillan salkilld,odds_frame
khaos williams,1994-03-30,2025-06-07,khaos williams,odds_frame
azamat murzakanov,1989-04-12,2025-06-07,azamat murzakanov,odds_frame
joshua van,2001-10-10,2025-06-07,joshua van,odds_frame
kelvin gastelum,1991-10-24,2025-06-07,kelvin gastelum,odds_frame
bruno silva,1989-07-13,2025-06-07,bruno silva,odds_frame
vicente luque,1991-11-27,2025-06-07,vicente luque,odds_frame
sean o'malley,1994-10-24,2025-06-07,sean o malley,odds_frame
joe pyfer,1996-09-17,2025-06-07,joe pyfer,odds_frame
raoni barcelos,1987-05-01,2025-06-14,raoni barcelos,odds_frame
cody brundage,1994-05-16,2025-06-14,cody brundage,odds_frame
oumar sy,1995-11-21,2025-06-14,oumar sy,odds_frame
joaquin buckley,1994-04-27,2025-06-14,joaquin buckley,odds_frame
kris moutinho,1992-08-09,2025-06-14,kris moutinho,odds_frame
jose ochoa,2000-12-31,2025-06-14,jose ochoa,odds_frame
cameron smotherman,1997-09-17,2025-06-14,cameron smotherman,odds_frame
ange loosa,1993-03-18,2025-06-14,ange loosa,odds_frame
rodolfo bellato,1996-02-05,2025-06-14,rodolfo bellato,odds_frame
andre petroski,1991-06-12,2025-06-14,andre petroski,odds_frame
court mcgee,1984-12-12,2025-06-14,court mcgee,odds_frame
michael chiesa,1987-12-07,2025-06-14,michael chiesa,odds_frame
malcolm wellmaker,1994-06-04,2025-06-14,malcolm wellmaker,odds_frame
kamaru usman,1987-05-11,2025-06-14,kamaru usman,odds_frame
alonzo menifield,1987-10-18,2025-06-14,alonzo menifield,odds_frame
mansur abdul-malik,1997-10-07,2025-06-14,mansur abdul malik,odds_frame
cody garbrandt,1991-07-07,2025-06-14,cody garbrandt,odds_frame
edmen shahbazyan,1997-11-20,2025-06-14,edmen shahbazyan,odds_frame
cody durden,1991-03-29,2025-06-14,cody durden,odds_frame
ricky simon,1992-08-31,2025-06-14,ricky simon,odds_frame
phil rowe,1990-07-18,2025-06-14,phil rowe,odds_frame
paul craig,1987-11-27,2025-06-14,paul craig,odds_frame
oban elliott,1997-12-19,2025-06-21,oban elliott,odds_frame
mohammed usman,1989-04-01,2025-06-21,mohammed usman,odds_frame
azat maksum,1995-02-02,2025-06-21,azat maksum,odds_frame
junyong park,1991-02-27,2025-06-21,junyong park,odds_frame
ignacio bahamondes,1997-08-27,2025-06-21,ignacio bahamondes,odds_frame
nikolas motta,1993-02-08,2025-06-21,nikolas motta,odds_frame
myktybek orolbai,1998-02-10,2025-06-21,myktybek orolbai,odds_frame
rizvan kuniev,1992-03-10,2025-06-21,rizvan kuniev,odds_frame
hamdy abdelwahab,1993-01-22,2025-06-21,hamdy abdelwahab,odds_frame
bogdan grad,1995-09-28,2025-06-21,bogdan grad,odds_frame
seokhyeon ko,1993-09-24,2025-06-21,seokhyeon ko,odds_frame
tagir ulanbekov,1991-08-07,2025-06-21,tagir ulanbekov,odds_frame
ismail naurdiev,1996-08-18,2025-06-21,ismail naurdiev,odds_frame
muhammad naimov,1994-08-07,2025-06-21,muhammad naimov,odds_frame
nazim sadykhov,1994-05-16,2025-06-21,nazim sadykhov,odds_frame
tofiq musayev,1989-12-15,2025-06-21,tofiq musayev,odds_frame
curtis blaydes,1991-02-18,2025-06-21,curtis blaydes,odds_frame
rafael fiziev,1993-03-05,2025-06-21,rafael fiziev,odds_frame
payton talbott,1998-09-09,2025-06-28,payton talbott,odds_frame
terrance mckinney,1994-09-15,2025-06-28,terrance mckinney,odds_frame
hyder amil,1990-05-28,2025-06-28,hyder amil,odds_frame
jack hermansson,1988-06-10,2025-06-28,jack hermansson,odds_frame
beneil dariush,1989-05-06,2025-06-28,beneil dariush,odds_frame
alexandre pantoja,1990-04-16,2025-06-28,alexandre pantoja,odds_frame
niko price,1989-09-29,2025-06-28,niko price,odds_frame
jhonata diniz,1991-06-23,2025-06-28,jhonata diniz,odds_frame
charles oliveira,1989-10-17,2025-06-28,charles oliveira,odds_frame
ilia topuria,1997-01-21,2025-06-28,ilia topuria,odds_frame
kai kara-france,1993-03-26,2025-06-28,kai kara france,odds_frame
renato moicano,1989-05-21,2025-06-28,renato moicano,odds_frame
alvin hines,1991-10-20,2025-06-28,alvin hines,odds_frame
gregory rodrigues,1992-02-17,2025-06-28,gregory rodrigues,odds_frame
jose delgado,1998-04-21,2025-06-28,jose delgado,odds_frame
viacheslav borshchev,1992-01-08,2025-06-28,viacheslav borshchev,odds_frame
jacobe smith,1996-01-17,2025-06-28,jacobe smith,odds_frame
felipe lima,1998-05-07,2025-06-28,felipe lima,odds_frame
joshua van,2001-10-10,2025-06-28,joshua van,odds_frame
brandon royval,1992-08-16,2025-06-28,brandon royval,odds_frame
martin buday,1991-11-11,2025-07-26,martin buday,odds_frame
petr yan,1993-02-11,2025-07-26,petr yan,odds_frame
mohammad yahya,1994-05-23,2025-07-26,mohammad yahya,odds_frame
ibo aslan,1996-04-23,2025-07-26,ibo aslan,odds_frame
davey grant,1985-12-18,2025-07-26,davey grant,odds_frame
bryce mitchell,1994-10-04,2025-07-26,bryce mitchell,odds_frame
carlos leal,1994-05-04,2025-07-26,carlos leal,odds_frame
marcus buchecha,1990-01-08,2025-07-26,marcus buchecha,odds_frame
steven nguyen,1993-05-19,2025-07-26,steven nguyen,odds_frame
robert whittaker,1990-12-20,2025-07-26,robert whittaker,odds_frame
billy elekana,1995-05-28,2025-07-26,billy elekana,odds_frame
said nurmagomedov,1992-04-05,2025-07-26,said nurmagomedov,odds_frame
bogdan guskov,1992-09-12,2025-07-26,bogdan guskov,odds_frame
jose ochoa,2000-12-31,2025-07-26,jose ochoa,odds_frame
marcus mcghee,1990-05-07,2025-07-26,marcus mcghee,odds_frame
reinier de ridder,1990-09-07,2025-07-26,reinier de ridder,odds_frame
nikita krylov,1992-03-07,2025-07-26,nikita krylov,odds_frame
asu almabayev,1994-01-25,2025-07-26,asu almabayev,odds_frame
da'mon blackshear,1994-08-12,2025-07-26,da mon blackshear,odds_frame
muslim salikhov,1984-06-09,2025-07-26,muslim salikhov,odds_frame
nick klein,1995-09-08,2025-08-02,nick klein,odds_frame
chris duncan,1993-05-10,2025-08-02,chris duncan,odds_frame
rinya nakamura,1995-03-23,2025-08-02,rinya nakamura,odds_frame
rafael estevam,1996-08-10,2025-08-02,rafael estevam,odds_frame
austin bashi,2001-09-29,2025-08-02,austin bashi,odds_frame
rodolfo vieira,1989-09-25,2025-08-02,rodolfo vieira,odds_frame
danny silva,1997-01-30,2025-08-02,danny silva,odds_frame
elves brener,1997-09-27,2025-08-02,elves brener,odds_frame
hyunsung park,1995-11-04,2025-08-02,hyunsung park,odds_frame
tatsuro taira,2000-01-27,2025-08-02,tatsuro taira,odds_frame
mateusz rebecki,1992-11-03,2025-08-02,mateusz rebecki,odds_frame
kevin vallejos,2001-12-08,2025-08-02,kevin vallejos,odds_frame
nathan fletcher,1998-01-03,2025-08-02,nathan fletcher,odds_frame
felipe bunes,1989-10-29,2025-08-02,felipe bunes,odds_frame
john yannis,1994-07-07,2025-08-02,john yannis,odds_frame
andrey pulyaev,1997-09-10,2025-08-02,andrey pulyaev,odds_frame
tresean gore,1994-06-21,2025-08-02,tresean gore,odds_frame
esteban ribovics,1996-04-27,2025-08-02,esteban ribovics,odds_frame
steve erceg,1995-07-27,2025-08-09,steve erceg,odds_frame
andre fili,1990-06-25,2025-08-09,andre fili,odds_frame
miles johns,1994-03-30,2025-08-09,miles johns,odds_frame
eryk anders,1987-04-21,2025-08-09,eryk anders,odds_frame
elijah smith,2002-09-05,2025-08-09,elijah smith,odds_frame
uros medic,1993-04-25,2025-08-09,uros medic,odds_frame
toshiomi kazama,1997-05-15,2025-08-09,toshiomi kazama,odds_frame
gilbert urbina,1996-04-05,2025-08-09,gilbert urbina,odds_frame
eric mcconico,1990-05-09,2025-08-09,eric mcconico,odds_frame
ode osbourne,1992-01-09,2025-08-09,ode osbourne,odds_frame
jean matsumoto,1999-09-09,2025-08-09,jean matsumoto,odds_frame
christian leroy duncan,1995-07-24,2025-08-09,christian leroy duncan,odds_frame
cody brundage,1994-05-16,2025-08-09,cody brundage,odds_frame
christian rodriguez,1997-12-17,2025-08-09,christian rodriguez,odds_frame
gerald meerschaert,1987-12-18,2025-08-16,gerald meerschaert,odds_frame
lerone murphy,1991-07-22,2025-08-16,lerone murphy,odds_frame
dricus du plessis,1994-01-14,2025-08-16,dricus du plessis,odds_frame
kai asakura,1993-10-31,2025-08-16,kai asakura,odds_frame
joseph morales,1994-08-22,2025-08-16,joseph morales,odds_frame
drakkar klose,1988-03-09,2025-08-16,drakkar klose,odds_frame
michal oleksiejczuk,1995-02-22,2025-08-16,michal oleksiejczuk,odds_frame
alexander hernandez,1992-10-01,2025-08-16,alexander hernandez,odds_frame
michael page,1987-04-07,2025-08-16,michael page,odds_frame
carlos prates,1993-08-17,2025-08-16,carlos prates,odds_frame
khamzat chimaev,1994-05-01,2025-08-16,khamzat chimaev,odds_frame
aaron pico,1996-09-23,2025-08-16,aaron pico,odds_frame
chase hooper,1999-09-13,2025-08-16,chase hooper,odds_frame
geoff neal,1990-08-28,2025-08-16,geoff neal,odds_frame
tim elliott,1986-12-24,2025-08-16,tim elliott,odds_frame
alibi idiris,1994-10-22,2025-08-16,alibi idiris,odds_frame
edson barboza,1986-01-21,2025-08-16,edson barboza,odds_frame
jared cannonier,1984-03-16,2025-08-16,jared cannonier,odds_frame
diyar nurgozhay,1997-04-22,2025-08-23,diyar nurgozhay,odds_frame
suyoung you,1995-12-11,2025-08-23,suyoung you,odds_frame
westin wilson,1989-01-24,2025-08-23,westin wilson,odds_frame
kyle daukaus,1993-02-27,2025-08-23,kyle daukaus,odds_frame
austin hubbard,1991-12-22,2025-08-23,austin hubbard,odds_frame
gauge young,2000-07-14,2025-08-23,gauge young,odds_frame
kevin borjas,1997-12-06,2025-08-23,kevin borjas,odds_frame
waldo cortes-acosta,1991-10-03,2025-08-23,waldo cortes acosta,odds_frame
zhang mingyang,1998-08-16,2025-08-23,zhang mingyang,odds_frame
kiefer crosbie,1990-04-05,2025-08-23,kiefer crosbie,odds_frame
maheshate,1999-12-01,2025-08-23,maheshate,odds_frame
taiyilake nueraji,2001-01-12,2025-08-23,taiyilake nueraji,odds_frame
johnny walker,1992-03-30,2025-08-23,johnny walker,odds_frame
lone'er kavanagh,1999-06-09,2025-08-23,lone er kavanagh,odds_frame
sergei pavlovich,1992-05-13,2025-08-23,sergei pavlovich,odds_frame
charles johnson,1991-01-10,2025-08-23,charles johnson,odds_frame
uran satybaldiev,1994-08-10,2025-08-23,uran satybaldiev,odds_frame
xiao long,1998-04-13,2025-08-23,xiao long,odds_frame
yizha,1997-01-08,2025-08-23,yizha,odds_frame
michel pereira,1993-10-06,2025-08-23,michel pereira,odds_frame
rongzhu,2000-03-07,2025-08-23,rongzhu,odds_frame
sumudaerji,1996-01-20,2025-08-23,sumudaerji,odds_frame
robert ruchala,1998-05-15,2025-09-06,robert ruchala,odds_frame
robert bryczek,1990-07-04,2025-09-06,robert bryczek,odds_frame
mauricio ruffy,1996-06-17,2025-09-06,mauricio ruffy,odds_frame
william gomis,1997-06-13,2025-09-06,william gomis,odds_frame
nassourdine imavov,1996-03-01,2025-09-06,nassourdine imavov,odds_frame
benoit saint denis,1995-12-18,2025-09-06,benoit saint denis,odds_frame
modestas bukauskas,1994-02-10,2025-09-06,modestas bukauskas,odds_frame
bolaji oki,1995-11-15,2025-09-06,bolaji oki,odds_frame
axel sola,1997-09-17,2025-09-06,axel sola,odds_frame
marcin tybura,1985-11-09,2025-09-06,marcin tybura,odds_frame
harry hardwick,1994-09-29,2025-09-06,harry hardwick,odds_frame
sam patterson,1996-04-30,2025-09-06,sam patterson,odds_frame
brad tavares,1987-12-21,2025-09-06,brad tavares,odds_frame
andreas gustafsson,1991-02-20,2025-09-06,andreas gustafsson,odds_frame
brendson ribeiro,1996-09-08,2025-09-06,brendson ribeiro,odds_frame
rinat fakhretdinov,1991-09-28,2025-09-06,rinat fakhretdinov,odds_frame
trey waters,1995-02-21,2025-09-06,trey waters,odds_frame
kaue fernandes,1995-03-17,2025-09-06,kaue fernandes,odds_frame
ante delija,1990-08-07,2025-09-06,ante delija,odds_frame
rhys mckee,1995-09-10,2025-09-06,rhys mckee,odds_frame
mason jones,1995-04-26,2025-09-06,mason jones,odds_frame
paul craig,1987-11-27,2025-09-06,paul craig,odds_frame
caio borralho,1993-01-16,2025-09-06,caio borralho,odds_frame
oumar sy,1995-11-21,2025-09-06,oumar sy,odds_frame
claudio puelles,1996-04-21,2025-09-13,claudio puelles,odds_frame
rafa garcia,1994-08-05,2025-09-13,rafa garcia,odds_frame
david martinez,1998-08-03,2025-09-13,david martinez,odds_frame
jared gordon,1988-09-06,2025-09-13,jared gordon,odds_frame
jean silva,1996-12-27,2025-09-13,jean silva,odds_frame
dustin stoltzfus,1991-11-15,2025-09-13,dustin stoltzfus,odds_frame
diego ferreira,1985-01-18,2025-09-13,diego ferreira,odds_frame
joaquim silva,1989-02-05,2025-09-13,joaquim silva,odds_frame
luis gurule,1993-11-16,2025-09-13,luis gurule,odds_frame
sedriques dumas,1995-08-06,2025-09-13,sedriques dumas,odds_frame
rob font,1987-06-25,2025-09-13,rob font,odds_frame
alden coria,1998-04-24,2025-09-13,alden coria,odds_frame
quang le,1991-10-18,2025-09-13,quang le,odds_frame
rodrigo sezinando,1997-12-11,2025-09-13,rodrigo sezinando,odds_frame
alessandro costa,1996-01-28,2025-09-13,alessandro costa,odds_frame
zachary reese,1994-03-24,2025-09-13,zachary reese,odds_frame
jesus aguilar,1996-03-13,2025-09-13,jesus aguilar,odds_frame
alexander hernandez,1992-10-01,2025-09-13,alexander hernandez,odds_frame
kelvin gastelum,1991-10-24,2025-09-13,kelvin gastelum,odds_frame
diego lopes,1994-12-30,2025-09-13,diego lopes,odds_frame
daniil donchenko,2001-08-04,2025-09-13,daniil donchenko,odds_frame
santiago luna,2004-08-06,2025-09-13,santiago luna,odds_frame
elisha ellison,1997-03-05,2025-09-27,elisha ellison,odds_frame
rolando bedoya,1997-01-13,2025-09-27,rolando bedoya,odds_frame
josias musasa,1998-10-10,2025-09-27,josias musasa,odds_frame
rodolfo bellato,1996-02-05,2025-09-27,rodolfo bellato,odds_frame
carlos ulberg,1990-11-07,2025-09-27,carlos ulberg,odds_frame
jimmy crute,1996-03-04,2025-09-27,jimmy crute,odds_frame
jack jenkins,1993-11-03,2025-09-27,jack jenkins,odds_frame
jake matthews,1994-08-19,2025-09-27,jake matthews,odds_frame
tom nolan,2000-03-08,2025-09-27,tom nolan,odds_frame
cam rowston,1995-01-19,2025-09-27,cam rowston,odds_frame
jamie mullarkey,1994-08-17,2025-09-27,jamie mullarkey,odds_frame
brando pericic,1994-08-03,2025-09-27,brando pericic,odds_frame
navajo stirling,1997-11-07,2025-09-27,navajo stirling,odds_frame
colby thicknesse,1999-06-23,2025-09-27,colby thicknesse,odds_frame
ramon taveras,1994-01-09,2025-09-27,ramon taveras,odds_frame
dominick reyes,1989-12-26,2025-09-27,dominick reyes,odds_frame
ivan erslan,1991-11-15,2025-09-27,ivan erslan,odds_frame
neil magny,1987-08-03,2025-09-27,neil magny,odds_frame
andre petroski,1991-06-12,2025-09-27,andre petroski,odds_frame
charlie campbell,1995-07-03,2025-09-27,charlie campbell,odds_frame
cory sandhagen,1992-04-20,2025-10-04,cory sandhagen,odds_frame
youssef zalal,1996-09-04,2025-10-04,youssef zalal,odds_frame
alex pereira,1987-07-07,2025-10-04,alex pereira,odds_frame
andre muniz,1990-02-17,2025-10-04,andre muniz,odds_frame
magomed ankalaev,1992-06-02,2025-10-04,magomed ankalaev,odds_frame
josh emmett,1985-03-04,2025-10-04,josh emmett,odds_frame
merab dvalishvili,1991-01-10,2025-10-04,merab dvalishvili,odds_frame
daniel santos,1995-03-12,2025-10-04,daniel santos,odds_frame
jiri prochazka,1992-10-14,2025-10-04,jiri prochazka,odds_frame
edmen shahbazyan,1997-11-20,2025-10-04,edmen shahbazyan,odds_frame
punahele soriano,1992-11-22,2025-10-04,punahele soriano,odds_frame
chris gutierrez,1991-04-22,2025-10-04,chris gutierrez,odds_frame
ramiz brahimaj,1992-11-17,2025-10-04,ramiz brahimaj,odds_frame
patchy mix,1993-08-16,2025-10-04,patchy mix,odds_frame
joosang yoo,1994-01-21,2025-10-04,joosang yoo,odds_frame
khalil rountree jr.,1990-02-26,2025-10-04,khalil rountree jr,odds_frame
nikolay veretennikov,1989-12-22,2025-10-04,nikolay veretennikov,odds_frame
austin vanderford,1990-03-21,2025-10-04,austin vanderford,odds_frame
farid basharat,1997-08-02,2025-10-04,farid basharat,odds_frame
jakub wiklacz,1996-09-10,2025-10-04,jakub wiklacz,odds_frame
jafel filho,1993-05-05,2025-10-11,jafel filho,odds_frame
saimon oliveira,1991-04-21,2025-10-11,saimon oliveira,odds_frame
stewart nicoll,1996-04-11,2025-10-11,stewart nicoll,odds_frame
thomas petersen,1995-03-30,2025-10-11,thomas petersen,odds_frame
clayton carpenter,1996-06-09,2025-10-11,clayton carpenter,odds_frame
mateusz gamrot,1990-12-11,2025-10-11,mateusz gamrot,odds_frame
mario pinto,1998-03-14,2025-10-11,mario pinto,odds_frame
charles oliveira,1989-10-17,2025-10-11,charles oliveira,odds_frame
joel alvarez,1993-03-02,2025-10-11,joel alvarez,odds_frame
kaan ofli,1993-06-19,2025-10-11,kaan ofli,odds_frame
jhonata diniz,1991-06-23,2025-10-11,jhonata diniz,odds_frame
ricardo ramos,1995-08-01,2025-10-11,ricardo ramos,odds_frame
luan lacerda,1993-01-07,2025-10-11,luan lacerda,odds_frame
lucas rocha,2000-08-12,2025-10-11,lucas rocha,odds_frame
vitor petrino,1997-08-28,2025-10-11,vitor petrino,odds_frame
montel jackson,1992-04-24,2025-10-11,montel jackson,odds_frame
vicente luque,1991-11-27,2025-10-11,vicente luque,odds_frame
deiveson figueiredo,1987-12-18,2025-10-11,deiveson figueiredo,odds_frame
mike malott,1991-11-07,2025-10-18,mike malott,odds_frame
aiemann zahabi,1987-11-19,2025-10-18,aiemann zahabi,odds_frame
brendan allen,1995-12-28,2025-10-18,brendan allen,odds_frame
reinier de ridder,1990-09-07,2025-10-18,reinier de ridder,odds_frame
kevin holland,1992-11-05,2025-10-18,kevin holland,odds_frame
marlon vera,1992-12-02,2025-10-18,marlon vera,odds_frame
charles jourdain,1995-11-27,2025-10-18,charles jourdain,odds_frame
kyle nelson,1991-04-20,2025-10-18,kyle nelson,odds_frame
cody gibson,1987-09-11,2025-10-18,cody gibson,odds_frame
bruno silva,1989-07-13,2025-10-18,bruno silva,odds_frame
kyle prepolec,1989-08-30,2025-10-18,kyle prepolec,odds_frame
azamat bekoev,1995-12-30,2025-10-18,azamat bekoev,odds_frame
yousri belgaroui,1992-06-02,2025-10-18,yousri belgaroui,odds_frame
djorden santos,1997-08-01,2025-10-18,djorden santos,odds_frame
hyunsung park,1995-11-04,2025-10-18,hyunsung park,odds_frame
aoriqileng,1993-06-25,2025-10-18,aoriqileng,odds_frame
drew dober,1988-10-19,2025-10-18,drew dober,odds_frame
matt frevola,1990-06-11,2025-10-18,matt frevola,odds_frame
davey grant,1985-12-18,2025-10-18,davey grant,odds_frame
danny barlow,1995-08-02,2025-10-18,danny barlow,odds_frame
hamdy abdelwahab,1993-01-22,2025-10-25,hamdy abdelwahab,odds_frame
junyong park,1991-02-27,2025-10-25,junyong park,odds_frame
chris barnett,1986-06-14,2025-10-25,chris barnett,odds_frame
jose delgado,1998-04-21,2025-10-25,jose delgado,odds_frame
ikram aliskerov,1992-12-07,2025-10-25,ikram aliskerov,odds_frame
nathaniel wood,1993-05-08,2025-10-25,nathaniel wood,odds_frame
mario bautista,1993-07-01,2025-10-25,mario bautista,odds_frame
ludovit klein,1995-02-22,2025-10-25,ludovit klein,odds_frame
valter walker,1997-12-14,2025-10-25,valter walker,odds_frame
alexander volkov,1988-10-24,2025-10-25,alexander volkov,odds_frame
umar nurmagomedov,1996-01-03,2025-10-25,umar nurmagomedov,odds_frame
aleksandar rakic,1992-02-06,2025-10-25,aleksandar rakic,odds_frame
louie sutherland,1994-02-08,2025-10-25,louie sutherland,odds_frame
mateusz rebecki,1992-11-03,2025-10-25,mateusz rebecki,odds_frame
nasrat haqparast,1995-08-22,2025-10-25,nasrat haqparast,odds_frame
tom aspinall,1993-04-11,2025-10-25,tom aspinall,odds_frame
quillan salkilld,1999-12-28,2025-10-25,quillan salkilld,odds_frame
azamat murzakanov,1989-04-12,2025-10-25,azamat murzakanov,odds_frame
ciryl gane,1990-04-12,2025-10-25,ciryl gane,odds_frame
jailton almeida,1991-06-26,2025-10-25,jailton almeida,odds_frame
azat maksum,1995-02-02,2025-10-25,azat maksum,odds_frame
mitch raposo,1998-10-16,2025-10-25,mitch raposo,odds_frame
changho lee,1994-05-09,2025-11-01,changho lee,odds_frame
kevin christian,1995-01-21,2025-11-01,kevin christian,odds_frame
cody durden,1991-03-29,2025-11-01,cody durden,odds_frame
daniel frunza,1994-04-13,2025-11-01,daniel frunza,odds_frame
themba gorimbo,1991-01-23,2025-11-01,themba gorimbo,odds_frame
ante delija,1990-08-07,2025-11-01,ante delija,odds_frame
david onama,1994-06-07,2025-11-01,david onama,odds_frame
seokhyeon ko,1993-09-24,2025-11-01,seokhyeon ko,odds_frame
sedriques dumas,1995-08-06,2025-11-01,sedriques dumas,odds_frame
timmy cuamba,1999-02-08,2025-11-01,timmy cuamba,odds_frame
phil rowe,1990-07-18,2025-11-01,phil rowe,odds_frame
steve garcia,1992-05-22,2025-11-01,steve garcia,odds_frame
waldo cortes-acosta,1991-10-03,2025-11-01,waldo cortes acosta,odds_frame
jeremiah wells,1986-10-30,2025-11-01,jeremiah wells,odds_frame
charles radtke,1990-07-09,2025-11-01,charles radtke,odds_frame
allan nascimento,1991-09-11,2025-11-01,allan nascimento,odds_frame
billy elekana,1995-05-28,2025-11-01,billy elekana,odds_frame
donte johnson,1999-01-25,2025-11-01,donte johnson,odds_frame
christian leroy duncan,1995-07-24,2025-11-08,christian leroy duncan,odds_frame
miles johns,1994-03-30,2025-11-08,miles johns,odds_frame
matt schnell,1990-01-15,2025-11-08,matt schnell,odds_frame
muslim salikhov,1984-06-09,2025-11-08,muslim salikhov,odds_frame
chris padilla,1995-09-14,2025-11-08,chris padilla,odds_frame
zachary reese,1994-03-24,2025-11-08,zachary reese,odds_frame
hyder amil,1990-05-28,2025-11-08,hyder amil,odds_frame
ricky simon,1992-08-31,2025-11-08,ricky simon,odds_frame
josh hokit,1997-11-12,2025-11-08,josh hokit,odds_frame
gabriel bonfim,1997-08-20,2025-11-08,gabriel bonfim,odds_frame
randy brown,1990-07-08,2025-11-08,randy brown,odds_frame
joseph morales,1994-08-22,2025-11-08,joseph morales,odds_frame
marco tulio,1994-06-13,2025-11-08,marco tulio,odds_frame
uros medic,1993-04-25,2025-11-08,uros medic,odds_frame
ismael bonfim,1995-12-28,2025-11-08,ismael bonfim,odds_frame
jackson mcvey,1999-03-25,2025-11-08,jackson mcvey,odds_frame
jamall emmers,1989-07-24,2025-11-08,jamall emmers,odds_frame
raoni barcelos,1987-05-01,2025-11-08,raoni barcelos,odds_frame
max gimenis,1983-04-14,2025-11-08,max gimenis,odds_frame
daniel marcos,1993-03-07,2025-11-08,daniel marcos,odds_frame
leon edwards,1991-08-25,2025-11-15,leon edwards,odds_frame
sean brady,1992-11-23,2025-11-15,sean brady,odds_frame
beneil dariush,1989-05-06,2025-11-15,beneil dariush,odds_frame
baisangur susurkaev,2001-01-08,2025-11-15,baisangur susurkaev,odds_frame
bo nickal,1996-01-14,2025-11-15,bo nickal,odds_frame
malcolm wellmaker,1994-06-04,2025-11-15,malcolm wellmaker,odds_frame
kyle daukaus,1993-02-27,2025-11-15,kyle daukaus,odds_frame
jack della maddalena,1996-09-10,2025-11-15,jack della maddalena,odds_frame
roman kopylov,1991-05-04,2025-11-15,roman kopylov,odds_frame
rodolfo vieira,1989-09-25,2025-11-15,rodolfo vieira,odds_frame
viacheslav borshchev,1992-01-08,2025-11-15,viacheslav borshchev,odds_frame
islam makhachev,1991-10-27,2025-11-15,islam makhachev,odds_frame
carlos prates,1993-08-17,2025-11-15,carlos prates,odds_frame
michael morales,1999-06-24,2025-11-15,michael morales,odds_frame
benoit saint denis,1995-12-18,2025-11-15,benoit saint denis,odds_frame
eric mcconico,1990-05-09,2025-11-15,eric mcconico,odds_frame
gregory rodrigues,1992-02-17,2025-11-15,gregory rodrigues,odds_frame
ethyn ewing,1998-02-16,2025-11-15,ethyn ewing,odds_frame
gerald meerschaert,1987-12-18,2025-11-15,gerald meerschaert,odds_frame
matheus camilo,2001-01-02,2025-11-15,matheus camilo,odds_frame
dan hooker,1990-02-13,2025-11-22,dan hooker,odds_frame
arman tsarukyan,1996-10-11,2025-11-22,arman tsarukyan,odds_frame
denzel freeman,,2025-11-22,denzel freeman,odds_frame
tagir ulanbekov,1991-08-07,2025-11-22,tagir ulanbekov,odds_frame
marek bujlo,1993-10-10,2025-11-22,marek bujlo,odds_frame
bekzat almakhan,1997-10-08,2025-11-22,bekzat almakhan,odds_frame
kyoji horiguchi,1990-10-12,2025-11-22,kyoji horiguchi,odds_frame
nicolas dalby,1984-11-16,2025-11-22,nicolas dalby,odds_frame
volkan oezdemir,1989-09-19,2025-11-22,volkan oezdemir,odds_frame
jack hermansson,1988-06-10,2025-11-22,jack hermansson,odds_frame
belal muhammad,1988-07-09,2025-11-22,belal muhammad,odds_frame
aleksandre topuria,1996-01-28,2025-11-22,aleksandre topuria,odds_frame
alex perez,1992-03-21,2025-11-22,alex perez,odds_frame
saygid izagakhmaev,1994-09-03,2025-11-22,saygid izagakhmaev,odds_frame
asu almabayev,1994-01-25,2025-11-22,asu almabayev,odds_frame
shamil gaziev,1990-02-10,2025-11-22,shamil gaziev,odds_frame
myktybek orolbai,1998-02-10,2025-11-22,myktybek orolbai,odds_frame
alonzo menifield,1987-10-18,2025-11-22,alonzo menifield,odds_frame
ian machado garry,1997-11-17,2025-11-22,ian machado garry,odds_frame
waldo cortes-acosta,1991-10-03,2025-11-22,waldo cortes acosta,odds_frame
bogdan grad,1995-09-28,2025-11-22,bogdan grad,odds_frame
luke riley,1999-06-30,2025-11-22,luke riley,odds_frame
antonio trocoli,1990-12-06,2025-12-06,antonio trocoli,odds_frame
ibo aslan,1996-04-23,2025-12-06,ibo aslan,odds_frame
mairon santos,2000-06-10,2025-12-06,mairon santos,odds_frame
fares ziam,1997-03-21,2025-12-06,fares ziam,odds_frame
mansur abdul-malik,1997-10-07,2025-12-06,mansur abdul malik,odds_frame
jalin turner,1995-05-18,2025-12-06,jalin turner,odds_frame
chris duncan,1993-05-10,2025-12-06,chris duncan,odds_frame
brandon moreno,1993-12-07,2025-12-06,brandon moreno,odds_frame
jan blachowicz,1983-02-24,2025-12-06,jan blachowicz,odds_frame
grant dawson,1994-02-20,2025-12-06,grant dawson,odds_frame
terrance mckinney,1994-09-15,2025-12-06,terrance mckinney,odds_frame
marvin vettori,1993-09-20,2025-12-06,marvin vettori,odds_frame
edson barboza,1986-01-21,2025-12-06,edson barboza,odds_frame
nazim sadykhov,1994-05-16,2025-12-06,nazim sadykhov,odds_frame
brunno ferreira,1992-11-04,2025-12-06,brunno ferreira,odds_frame
henry cejudo,1987-02-09,2025-12-06,henry cejudo,odds_frame
muhammad naimov,1994-08-07,2025-12-06,muhammad naimov,odds_frame
iwo baraniewski,1998-11-20,2025-12-06,iwo baraniewski,odds_frame
tatsuro taira,2000-01-27,2025-12-06,tatsuro taira,odds_frame
payton talbott,1998-09-09,2025-12-06,payton talbott,odds_frame
bogdan guskov,1992-09-12,2025-12-06,bogdan guskov,odds_frame
manuel torres,1995-03-25,2025-12-06,manuel torres,odds_frame
kennedy nzechukwu,1992-06-13,2025-12-13,kennedy nzechukwu,odds_frame
joanderson brito,1995-02-11,2025-12-13,joanderson brito,odds_frame
cesar almeida,1988-03-28,2025-12-13,cesar almeida,odds_frame
sean sharaf,1993-07-11,2025-12-13,sean sharaf,odds_frame
brandon royval,1992-08-16,2025-12-13,brandon royval,odds_frame
giga chikadze,1988-08-25,2025-12-13,giga chikadze,odds_frame
neil magny,1987-08-03,2025-12-13,neil magny,odds_frame
melquizael costa,1996-09-14,2025-12-13,melquizael costa,odds_frame
isaac thomson,2002-05-03,2025-12-13,isaac thomson,odds_frame
steven asplund,1998-07-16,2025-12-13,steven asplund,odds_frame
manel kape,1993-11-14,2025-12-13,manel kape,odds_frame
yaroslav amosov,1993-09-09,2025-12-13,yaroslav amosov,odds_frame
marcus buchecha,1990-01-08,2025-12-13,marcus buchecha,odds_frame
morgan charriere,1995-10-26,2025-12-13,morgan charriere,odds_frame
cezary oleksiejczuk,2000-01-06,2025-12-13,cezary oleksiejczuk,odds_frame
kevin vallejos,2001-12-08,2025-12-13,kevin vallejos,odds_frame
deiveson figueiredo,1987-12-18,2026-01-24,deiveson figueiredo,odds_frame
ty miller,2000-06-04,2026-01-24,ty miller,odds_frame
denzel freeman,,2026-01-24,denzel freeman,odds_frame
modestas bukauskas,1994-02-10,2026-01-24,modestas bukauskas,odds_frame
andrey pulyaev,1997-09-10,2026-01-24,andrey pulyaev,odds_frame
jean silva,1996-12-27,2026-01-24,jean silva,odds_frame
derrick lewis,1985-02-07,2026-01-24,derrick lewis,odds_frame
song yadong,1997-12-02,2026-01-24,song yadong,odds_frame
paddy pimblett,1995-01-03,2026-01-24,paddy pimblett,odds_frame
ateba gautier,2002-04-10,2026-01-24,ateba gautier,odds_frame
josh hokit,1997-11-12,2026-01-24,josh hokit,odds_frame
justin gaethje,1988-11-14,2026-01-24,justin gaethje,odds_frame
sean o'malley,1994-10-24,2026-01-24,sean o malley,odds_frame
waldo cortes-acosta,1991-10-03,2026-01-24,waldo cortes acosta,odds_frame
arnold allen,1994-01-22,2026-01-24,arnold allen,odds_frame
nikita krylov,1992-03-07,2026-01-24,nikita krylov,odds_frame
adam fugitt,1989-01-12,2026-01-24,adam fugitt,odds_frame
umar nurmagomedov,1996-01-03,2026-01-24,umar nurmagomedov,odds_frame
billy elekana,1995-05-28,2026-01-31,billy elekana,odds_frame
yizha,1997-01-08,2026-01-31,yizha,odds_frame
torrez finney,1998-10-24,2026-01-31,torrez finney,odds_frame
oban elliott,1997-12-19,2026-01-31,oban elliott,odds_frame
sulangrangbo,2005-07-17,2026-01-31,sulangrangbo,odds_frame
mauricio ruffy,1996-06-17,2026-01-31,mauricio ruffy,odds_frame
cody brundage,1994-05-16,2026-01-31,cody brundage,odds_frame
lawrence lui,1996-08-04,2026-01-31,lawrence lui,odds_frame
sebastian szalay,1994-02-03,2026-01-31,sebastian szalay,odds_frame
benoit saint denis,1995-12-18,2026-01-31,benoit saint denis,odds_frame
rafael fiziev,1993-03-05,2026-01-31,rafael fiziev,odds_frame
jamie mullarkey,1994-08-17,2026-01-31,jamie mullarkey,odds_frame
kaan ofli,1993-06-19,2026-01-31,kaan ofli,odds_frame
junior tafa,1996-09-21,2026-01-31,junior tafa,odds_frame
cam rowston,1995-01-19,2026-01-31,cam rowston,odds_frame
dan hooker,1990-02-13,2026-01-31,dan hooker,odds_frame
alexander volkanovski,1988-09-29,2026-01-31,alexander volkanovski,odds_frame
quillan salkilld,1999-12-28,2026-01-31,quillan salkilld,odds_frame
jonathan micallef,1999-03-05,2026-01-31,jonathan micallef,odds_frame
keiichiro nakamura,1998-12-02,2026-01-31,keiichiro nakamura,odds_frame
diego lopes,1994-12-30,2026-01-31,diego lopes,odds_frame
jacob malkoun,1995-08-26,2026-01-31,jacob malkoun,odds_frame
gianni vazquez,1994-07-17,2026-02-07,gianni vazquez,odds_frame
mario bautista,1993-07-01,2026-02-07,mario bautista,odds_frame
niko price,1989-09-29,2026-02-07,niko price,odds_frame
daniil donchenko,2001-08-04,2026-02-07,daniil donchenko,odds_frame
julius walker,1999-07-16,2026-02-07,julius walker,odds_frame
farid basharat,1997-08-02,2026-02-07,farid basharat,odds_frame
rizvan kuniev,1992-03-10,2026-02-07,rizvan kuniev,odds_frame
kyoji horiguchi,1990-10-12,2026-02-07,kyoji horiguchi,odds_frame
jakub wiklacz,1996-09-10,2026-02-07,jakub wiklacz,odds_frame
eduarda moura,1994-02-28,2026-02-07,eduarda moura,odds_frame
vinicius oliveira,1995-11-30,2026-02-07,vinicius oliveira,odds_frame
alex morono,1990-08-16,2026-02-07,alex morono,odds_frame
amir albazi,1993-10-27,2026-02-07,amir albazi,odds_frame
jean matsumoto,1999-09-09,2026-02-07,jean matsumoto,odds_frame
jailton almeida,1991-06-26,2026-02-07,jailton almeida,odds_frame
muin gafurov,1996-05-17,2026-02-07,muin gafurov,odds_frame
wang cong,1992-05-15,2026-02-07,wang cong,odds_frame
javid basharat,1995-09-07,2026-02-07,javid basharat,odds_frame
nikolay veretennikov,1989-12-22,2026-02-07,nikolay veretennikov,odds_frame
dustin jacoby,1988-04-04,2026-02-07,dustin jacoby,odds_frame
punahele soriano,1992-11-22,2026-02-21,punahele soriano,odds_frame
alibi idiris,1994-10-22,2026-02-21,alibi idiris,odds_frame
carlos leal,1994-05-04,2026-02-21,carlos leal,odds_frame
luis gurule,1993-11-16,2026-02-21,luis gurule,odds_frame
ante delija,1990-08-07,2026-02-21,ante delija,odds_frame
uros medic,1993-04-25,2026-02-21,uros medic,odds_frame
anthony hernandez,1993-10-18,2026-02-21,anthony hernandez,odds_frame
dan ige,1991-08-06,2026-02-21,dan ige,odds_frame
jean-paul lebosnoyani,1999-01-27,2026-02-21,jean paul lebosnoyani,odds_frame
jacobe smith,1996-01-17,2026-02-21,jacobe smith,odds_frame
phil rowe,1990-07-18,2026-02-21,phil rowe,odds_frame
ramiz brahimaj,1992-11-17,2026-02-21,ramiz brahimaj,odds_frame
ode osbourne,1992-01-09,2026-02-21,ode osbourne,odds_frame
chidi njokuani,1988-12-31,2026-02-21,chidi njokuani,odds_frame
alden coria,1998-04-24,2026-02-21,alden coria,odds_frame
serghei spivac,1995-01-24,2026-02-21,serghei spivac,odds_frame
geoff neal,1990-08-28,2026-02-21,geoff neal,odds_frame
sean strickland,1991-02-27,2026-02-21,sean strickland,odds_frame
melquizael costa,1996-09-14,2026-02-21,melquizael costa,odds_frame
josiah harrell,1998-11-13,2026-02-21,josiah harrell,odds_frame
kris moutinho,1992-08-09,2026-02-28,kris moutinho,odds_frame
king green,1986-09-09,2026-02-28,king green,odds_frame
daniel zellhuber,1999-07-07,2026-02-28,daniel zellhuber,odds_frame
edgar chairez,1996-01-27,2026-02-28,edgar chairez,odds_frame
imanol rodriguez,1999-11-15,2026-02-28,imanol rodriguez,odds_frame
santiago luna,2004-08-06,2026-02-28,santiago luna,odds_frame
cristian quinonez,1996-04-26,2026-02-28,cristian quinonez,odds_frame
douglas silva de andrade,1985-06-22,2026-02-28,douglas silva de andrade,odds_frame
david martinez,1998-08-03,2026-02-28,david martinez,odds_frame
erik silva,1987-03-16,2026-02-28,erik silva,odds_frame
wes schultz,1996-08-09,2026-02-28,wes schultz,odds_frame
francis marshall,1999-03-03,2026-02-28,francis marshall,odds_frame
javier reyes,1993-10-10,2026-02-28,javier reyes,odds_frame
angel pacheco,1992-01-13,2026-02-28,angel pacheco,odds_frame
kevin borjas,1997-12-06,2026-02-28,kevin borjas,odds_frame
felipe bunes,1989-10-29,2026-02-28,felipe bunes,odds_frame
damian pinas,2002-03-12,2026-02-28,damian pinas,odds_frame
marlon vera,1992-12-02,2026-02-28,marlon vera,odds_frame
donte johnson,1999-01-25,2026-03-07,donte johnson,odds_frame
caio borralho,1993-01-16,2026-03-07,caio borralho,odds_frame
charles oliveira,1989-10-17,2026-03-07,charles oliveira,odds_frame
reinier de ridder,1990-09-07,2026-03-07,reinier de ridder,odds_frame
michael johnson,1986-06-04,2026-03-07,michael johnson,odds_frame
brunno ferreira,1992-11-04,2026-03-07,brunno ferreira,odds_frame
rodolfo bellato,1996-02-05,2026-03-07,rodolfo bellato,odds_frame
alberto montes,1994-05-31,2026-03-07,alberto montes,odds_frame
nyamjargal tumendemberel,1998-03-22,2026-03-07,nyamjargal tumendemberel,odds_frame
diyar nurgozhay,1997-04-22,2026-03-07,diyar nurgozhay,odds_frame
max holloway,1991-12-04,2026-03-07,max holloway,odds_frame
cody brundage,1994-05-16,2026-03-07,cody brundage,odds_frame
rafael tobias,2003-03-20,2026-03-07,rafael tobias,odds_frame
cody durden,1991-03-29,2026-03-07,cody durden,odds_frame
ricky turcios,1993-06-05,2026-03-07,ricky turcios,odds_frame
luke fernandez,1995-06-29,2026-03-07,luke fernandez,odds_frame
gregory rodrigues,1992-02-17,2026-03-07,gregory rodrigues,odds_frame
drew dober,1988-10-19,2026-03-07,drew dober,odds_frame
kevin vallejos,2001-12-08,2026-03-14,kevin vallejos,odds_frame
harry hardwick,1994-09-29,2026-03-14,harry hardwick,odds_frame
oumar sy,1995-11-21,2026-03-14,oumar sy,odds_frame
jose delgado,1998-04-21,2026-03-14,jose delgado,odds_frame
steven asplund,1998-07-16,2026-03-14,steven asplund,odds_frame
suyoung you,1995-12-11,2026-03-14,suyoung you,odds_frame
hecher sosa,1995-08-25,2026-03-14,hecher sosa,odds_frame
bruno silva,1989-07-13,2026-03-14,bruno silva,odds_frame
chris curtis,1987-07-15,2026-03-14,chris curtis,odds_frame
brad tavares,1987-12-21,2026-03-14,brad tavares,odds_frame
bolaji oki,1995-11-15,2026-03-14,bolaji oki,odds_frame
elijah smith,2002-09-05,2026-03-14,elijah smith,odds_frame
luan lacerda,1993-01-07,2026-03-14,luan lacerda,odds_frame
vitor petrino,1997-08-28,2026-03-14,vitor petrino,odds_frame
marwan rahiki,,2026-03-14,marwan rahiki,odds_frame
andre fili,1990-06-25,2026-03-14,andre fili,odds_frame
josh emmett,1985-03-04,2026-03-14,josh emmett,odds_frame
ion cutelaba,1993-12-14,2026-03-14,ion cutelaba,odds_frame
charles johnson,1991-01-10,2026-03-14,charles johnson,odds_frame
myktybek orolbai,1998-02-10,2026-03-14,myktybek orolbai,odds_frame
manoel sousa,1997-06-04,2026-03-14,manoel sousa,odds_frame
eryk anders,1987-04-21,2026-03-14,eryk anders,odds_frame
movsar evloev,1994-02-11,2026-03-21,movsar evloev,odds_frame
brando pericic,1994-08-03,2026-03-21,brando pericic,odds_frame
felipe franco,2001-01-22,2026-03-21,felipe franco,odds_frame
losene keita,1997-12-30,2026-03-21,losene keita,odds_frame
sam patterson,1996-04-30,2026-03-21,sam patterson,odds_frame
danny silva,1997-01-30,2026-03-21,danny silva,odds_frame
christian leroy duncan,1995-07-24,2026-03-21,christian leroy duncan,odds_frame
lerone murphy,1991-07-22,2026-03-21,lerone murphy,odds_frame
roman dolidze,1988-07-15,2026-03-21,roman dolidze,odds_frame
kurtis campbell,2002-07-29,2026-03-21,kurtis campbell,odds_frame
axel sola,1997-09-17,2026-03-21,axel sola,odds_frame
michael page,1987-04-07,2026-03-21,michael page,odds_frame
mario pinto,1998-03-14,2026-03-21,mario pinto,odds_frame
louie sutherland,1994-02-08,2026-03-21,louie sutherland,odds_frame
mason jones,1995-04-26,2026-03-21,mason jones,odds_frame
iwo baraniewski,1998-11-20,2026-03-21,iwo baraniewski,odds_frame
nathaniel wood,1993-05-08,2026-03-21,nathaniel wood,odds_frame
austen lane,1987-11-09,2026-03-21,austen lane,odds_frame
joe pyfer,1996-09-17,2026-03-28,joe pyfer,odds_frame
israel adesanya,1989-07-22,2026-03-28,israel adesanya,odds_frame
navajo stirling,1997-11-07,2026-03-28,navajo stirling,odds_frame
ignacio bahamondes,1997-08-27,2026-03-28,ignacio bahamondes,odds_frame
terrance mckinney,1994-09-15,2026-03-28,terrance mckinney,odds_frame
mansur abdul-malik,1997-10-07,2026-03-28,mansur abdul malik,odds_frame
julian erosa,1989-07-31,2026-03-28,julian erosa,odds_frame
michael chiesa,1987-12-07,2026-03-28,michael chiesa,odds_frame
bruno lopes,1993-04-24,2026-03-28,bruno lopes,odds_frame
yousri belgaroui,1992-06-02,2026-03-28,yousri belgaroui,odds_frame
niko price,1989-09-29,2026-03-28,niko price,odds_frame
kyle nelson,1991-04-20,2026-03-28,kyle nelson,odds_frame
tofiq musayev,1989-12-15,2026-03-28,tofiq musayev,odds_frame
lerryan douglas,1995-04-27,2026-03-28,lerryan douglas,odds_frame
tommy mcmillen,1997-12-15,2026-04-04,tommy mcmillen,odds_frame
guilherme pat,,2026-04-04,guilherme pat,odds_frame
alessandro costa,1996-01-28,2026-04-04,alessandro costa,odds_frame
manolo zecchini,1996-10-22,2026-04-04,manolo zecchini,odds_frame
ethyn ewing,1998-02-16,2026-04-04,ethyn ewing,odds_frame
brendson ribeiro,1996-09-08,2026-04-04,brendson ribeiro,odds_frame
chris duncan,1993-05-10,2026-04-04,chris duncan,odds_frame
rafael estevam,1996-08-10,2026-04-04,rafael estevam,odds_frame
stewart nicoll,1996-04-11,2026-04-04,stewart nicoll,odds_frame
thomas petersen,1995-03-30,2026-04-04,thomas petersen,odds_frame
darrius flowers,1994-08-25,2026-04-04,darrius flowers,odds_frame
lando vannata,1992-03-14,2026-04-04,lando vannata,odds_frame
renato moicano,1989-05-21,2026-04-04,renato moicano,odds_frame
abdul rakhman yakhyaev,2001-01-03,2026-04-04,abdul rakhman yakhyaev,odds_frame
patricio freire,1987-07-07,2026-04-11,patricio freire,odds_frame
kevin holland,1992-11-05,2026-04-11,kevin holland,odds_frame
mateusz gamrot,1990-12-11,2026-04-11,mateusz gamrot,odds_frame
kelvin gastelum,1991-10-24,2026-04-11,kelvin gastelum,odds_frame
charles radtke,1990-07-09,2026-04-11,charles radtke,odds_frame
dominick reyes,1989-12-26,2026-04-11,dominick reyes,odds_frame
curtis blaydes,1991-02-18,2026-04-11,curtis blaydes,odds_frame
francisco prado,2002-06-16,2026-04-11,francisco prado,odds_frame
vicente luque,1991-11-27,2026-04-11,vicente luque,odds_frame
esteban ribovics,1996-04-27,2026-04-11,esteban ribovics,odds_frame
randy brown,1990-07-08,2026-04-11,randy brown,odds_frame
aaron pico,1996-09-23,2026-04-11,aaron pico,odds_frame
nate landwehr,1988-06-06,2026-04-11,nate landwehr,odds_frame
johnny walker,1992-03-30,2026-04-11,johnny walker,odds_frame
josh hokit,1997-11-12,2026-04-11,josh hokit,odds_frame
paulo costa,1991-04-21,2026-04-11,paulo costa,odds_frame
carlos ulberg,1990-11-07,2026-04-11,carlos ulberg,odds_frame
azamat murzakanov,1989-04-12,2026-04-11,azamat murzakanov,odds_frame
jiri prochazka,1992-10-14,2026-04-11,jiri prochazka,odds_frame
cub swanson,1983-11-02,2026-04-11,cub swanson,odds_frame
gilbert burns,1986-07-20,2026-04-18,gilbert burns,odds_frame
kyler phillips,1995-06-12,2026-04-18,kyler phillips,odds_frame
mandel nallo,1989-07-26,2026-04-18,mandel nallo,odds_frame
jamie siraj,1994-06-28,2026-04-18,jamie siraj,odds_frame
dennis buzukja,1997-10-01,2026-04-18,dennis buzukja,odds_frame
julien leblanc,1992-01-21,2026-04-18,julien leblanc,odds_frame
tanner boser,1991-08-02,2026-04-18,tanner boser,odds_frame
gokhan saricam,1991-02-26,2026-04-18,gokhan saricam,odds_frame
gauge young,2000-07-14,2026-04-18,gauge young,odds_frame
robert valentin,1995-03-31,2026-04-18,robert valentin,odds_frame
marcio barbosa,1998-05-22,2026-04-18,marcio barbosa,odds_frame
john yannis,1994-07-07,2026-04-18,john yannis,odds_frame
jai herbert,1988-05-13,2026-04-18,jai herbert,odds_frame
charles jourdain,1995-11-27,2026-04-18,charles jourdain,odds_frame
mike malott,1991-11-07,2026-04-18,mike malott,odds_frame
thiago moises,1995-03-23,2026-04-18,thiago moises,odds_frame
sedriques dumas,1995-08-06,2026-04-25,sedriques dumas,odds_frame
rafa garcia,1994-08-05,2026-04-25,rafa garcia,odds_frame
montel jackson,1992-04-24,2026-04-25,montel jackson,odds_frame
marcus buchecha,1990-01-08,2026-04-25,marcus buchecha,odds_frame
jackson mcvey,1999-03-25,2026-04-25,jackson mcvey,odds_frame
jafel filho,1993-05-05,2026-04-25,jafel filho,odds_frame
francis marshall,1999-03-03,2026-04-25,francis marshall,odds_frame
max griffin,1985-11-29,2026-04-25,max griffin,odds_frame
rodolfo vieira,1989-09-25,2026-04-25,rodolfo vieira,odds_frame
youssef zalal,1996-09-04,2026-04-25,youssef zalal,odds_frame
alexander hernandez,1992-10-01,2026-04-25,alexander hernandez,odds_frame
victor valenzuela,1994-02-09,2026-04-25,victor valenzuela,odds_frame
lucas brennan,2000-06-03,2026-04-25,lucas brennan,odds_frame
cody durden,1991-03-29,2026-04-25,cody durden,odds_frame
aljamain sterling,1989-07-31,2026-04-25,aljamain sterling,odds_frame
raoni barcelos,1987-05-01,2026-04-25,raoni barcelos,odds_frame
ryan spann,1991-08-24,2026-04-25,ryan spann,odds_frame
eric mcconico,1990-05-09,2026-04-25,eric mcconico,odds_frame
themba gorimbo,1991-01-23,2026-05-02,themba gorimbo,odds_frame
beneil dariush,1989-05-06,2026-05-02,beneil dariush,odds_frame
kody steele,1995-04-21,2026-05-02,kody steele,odds_frame
robert bryczek,1990-07-04,2026-05-02,robert bryczek,odds_frame
gerald meerschaert,1987-12-18,2026-05-02,gerald meerschaert,odds_frame
kevin christian,1995-01-21,2026-05-02,kevin christian,odds_frame
brando pericic,1994-08-03,2026-05-02,brando pericic,odds_frame
louie sutherland,1994-02-08,2026-05-02,louie sutherland,odds_frame
ollie schmid,2000-12-28,2026-05-02,ollie schmid,odds_frame
steve erceg,1995-07-27,2026-05-02,steve erceg,odds_frame
quillan salkilld,1999-12-28,2026-05-02,quillan salkilld,odds_frame
jack della maddalena,1996-09-10,2026-05-02,jack della maddalena,odds_frame
carlos prates,1993-08-17,2026-05-02,carlos prates,odds_frame
dom mar fan,2000-03-19,2026-05-02,dom mar fan,odds_frame
jonathan micallef,1999-03-05,2026-05-02,jonathan micallef,odds_frame
colby thicknesse,1999-06-23,2026-05-02,colby thicknesse,odds_frame
jacob malkoun,1995-08-26,2026-05-02,jacob malkoun,odds_frame
junior tafa,1996-09-21,2026-05-02,junior tafa,odds_frame
vince morales,1990-11-12,2026-05-02,vince morales,odds_frame
tai tuivasa,1993-03-16,2026-05-02,tai tuivasa,odds_frame
marwan rahiki,,2026-05-02,marwan rahiki,odds_frame
tim elliott,1986-12-24,2026-05-02,tim elliott,odds_frame
cam rowston,1995-01-19,2026-05-02,cam rowston,odds_frame
shamil gaziev,1990-02-10,2026-05-02,shamil gaziev,odds_frame
pat sabatini,1990-11-09,2026-05-09,pat sabatini,odds_frame
khamzat chimaev,1994-05-01,2026-05-09,khamzat chimaev,odds_frame
jeremy stephens,1986-05-25,2026-05-09,jeremy stephens,odds_frame
sean strickland,1991-02-27,2026-05-09,sean strickland,odds_frame
tatsuro taira,2000-01-27,2026-05-09,tatsuro taira,odds_frame
waldo cortes-acosta,1991-10-03,2026-05-09,waldo cortes acosta,odds_frame
joaquin buckley,1994-04-27,2026-05-09,joaquin buckley,odds_frame
ozzy diaz,1990-11-22,2026-05-09,ozzy diaz,odds_frame
jose ochoa,2000-12-31,2026-05-09,jose ochoa,odds_frame
mateusz rebecki,1992-11-03,2026-05-09,mateusz rebecki,odds_frame
jared gordon,1988-09-06,2026-05-09,jared gordon,odds_frame
marco tulio,1994-06-13,2026-05-09,marco tulio,odds_frame
william gomis,1997-06-13,2026-05-09,william gomis,odds_frame
djorden santos,1997-08-01,2026-05-09,djorden santos,odds_frame
yaroslav amosov,1993-09-09,2026-05-09,yaroslav amosov,odds_frame
joel alvarez,1993-03-02,2026-05-09,joel alvarez,odds_frame
baisangur susurkaev,2001-01-08,2026-05-09,baisangur susurkaev,odds_frame
roman kopylov,1991-05-04,2026-05-09,roman kopylov,odds_frame
jim miller,1983-08-30,2026-05-09,jim miller,odds_frame
grant dawson,1994-02-20,2026-05-09,grant dawson,odds_frame
clayton carpenter,1996-06-09,2026-05-09,clayton carpenter,odds_frame
ateba gautier,2002-04-10,2026-05-09,ateba gautier,odds_frame
sean brady,1992-11-23,2026-05-09,sean brady,odds_frame
alexander volkov,1988-10-24,2026-05-09,alexander volkov,odds_frame
joshua van,2001-10-10,2026-05-09,joshua van,odds_frame
king green,1986-09-09,2026-05-09,king green,odds_frame
melquizael costa,1996-09-14,2026-05-16,melquizael costa,odds_frame
juan diaz,1998-06-03,2026-05-16,juan diaz,odds_frame
daniel santos,1995-03-12,2026-05-16,daniel santos,odds_frame
ivan erslan,1991-11-15,2026-05-16,ivan erslan,odds_frame
luis gurule,1993-11-16,2026-05-16,luis gurule,odds_frame
andre petroski,1991-06-12,2026-05-16,andre petroski,odds_frame
khaos williams,1994-03-30,2026-05-16,khaos williams,odds_frame
modestas bukauskas,1994-02-10,2026-05-16,modestas bukauskas,odds_frame
daniel barez,1988-12-10,2026-05-16,daniel barez,odds_frame
cody brundage,1994-05-16,2026-05-16,cody brundage,odds_frame
tuco tokkos,1990-06-30,2026-05-16,tuco tokkos,odds_frame
malcolm wellmaker,1994-06-04,2026-05-16,malcolm wellmaker,odds_frame
dooho choi,1991-04-10,2026-05-16,dooho choi,odds_frame
arnold allen,1994-01-22,2026-05-16,arnold allen,odds_frame
nikolay veretennikov,1989-12-22,2026-05-16,nikolay veretennikov,odds_frame
christian edwards,1998-11-05,2026-05-16,christian edwards,odds_frame
song yadong,1997-12-02,2026-05-30,song yadong,odds_frame
deiveson figueiredo,1987-12-18,2026-05-30,deiveson figueiredo,odds_frame
carlston harris,1987-07-09,2026-05-30,carlston harris,odds_frame
alonzo menifield,1987-10-18,2026-05-30,alonzo menifield,odds_frame
jose henrique,2002-05-23,2026-05-30,jose henrique,odds_frame
jake matthews,1994-08-19,2026-05-30,jake matthews,odds_frame
cody haddon,1998-09-08,2026-05-30,cody haddon,odds_frame
rodrigo vera,1995-10-18,2026-05-30,rodrigo vera,odds_frame
luis gurule,1993-11-16,2026-05-30,luis gurule,odds_frame
zhang mingyang,1998-08-16,2026-05-30,zhang mingyang,odds_frame
cameron smotherman,1997-09-17,2026-05-30,cameron smotherman,odds_frame
ding meng,1994-09-27,2026-05-30,ding meng,odds_frame
aoriqileng,1993-06-25,2026-05-30,aoriqileng,odds_frame
zhu kangjie,1996-01-16,2026-05-30,zhu kangjie,odds_frame
rei tsuruya,2002-06-22,2026-05-30,rei tsuruya,odds_frame
yi sak lee,2000-01-01,2026-05-30,yi sak lee,odds_frame
kai asakura,1993-10-31,2026-05-30,kai asakura,odds_frame
luis felipe dias,1995-01-17,2026-05-30,luis felipe dias,odds_frame
brendan allen,1995-12-28,2026-06-06,brendan allen,odds_frame
fares ziam,1997-03-21,2026-06-06,fares ziam,odds_frame
bryce mitchell,1994-10-04,2026-06-06,bryce mitchell,odds_frame
belal muhammad,1988-07-09,2026-06-06,belal muhammad,odds_frame
matt schnell,1990-01-15,2026-06-06,matt schnell,odds_frame
iwo baraniewski,1998-11-20,2026-06-06,iwo baraniewski,odds_frame
edmen shahbazyan,1997-11-20,2026-06-06,edmen shahbazyan,odds_frame
gabriel bonfim,1997-08-20,2026-06-06,gabriel bonfim,odds_frame
tom nolan,2000-03-08,2026-06-06,tom nolan,odds_frame
santiago luna,2004-08-06,2026-06-06,santiago luna,odds_frame
jordan leavitt,1995-06-02,2026-06-06,jordan leavitt,odds_frame
alessandro costa,1996-01-28,2026-06-06,alessandro costa,odds_frame
john yannis,1994-07-07,2026-06-06,john yannis,odds_frame
joanderson brito,1995-02-11,2026-06-06,joanderson brito,odds_frame
marcus mcghee,1990-05-07,2026-06-06,marcus mcghee,odds_frame
junior tafa,1996-09-21,2026-06-06,junior tafa,odds_frame
steve garcia,1992-05-22,2026-06-14,steve garcia,odds_frame
kyle daukaus,1993-02-27,2026-06-14,kyle daukaus,odds_frame
michael chandler,1986-04-24,2026-06-14,michael chandler,odds_frame
derrick lewis,1985-02-07,2026-06-14,derrick lewis,odds_frame
aiemann zahabi,1987-11-19,2026-06-14,aiemann zahabi,odds_frame
ilia topuria,1997-01-21,2026-06-14,ilia topuria,odds_frame
alex pereira,1987-07-07,2026-06-14,alex pereira,odds_frame
sean o'malley,1994-10-24,2026-06-14,sean o malley,odds_frame
josh hokit,1997-11-12,2026-06-14,josh hokit,odds_frame
mauricio ruffy,1996-06-17,2026-06-14,mauricio ruffy,odds_frame
bo nickal,1996-01-14,2026-06-14,bo nickal,odds_frame
diego lopes,1994-12-30,2026-06-14,diego lopes,odds_frame
ciryl gane,1990-04-12,2026-06-14,ciryl gane,odds_frame
justin gaethje,1988-11-14,2026-06-14,justin gaethje,odds_frame
vinicius oliveira,1995-11-30,2026-06-20,vinicius oliveira,odds_frame
hyder amil,1990-05-28,2026-06-20,hyder amil,odds_frame
levan chokheli,1996-10-02,2026-06-20,levan chokheli,odds_frame
otari tanzilovi,1998-04-09,2026-06-20,otari tanzilovi,odds_frame
andre fili,1990-06-25,2026-06-20,andre fili,odds_frame
manel kape,1993-11-14,2026-06-20,manel kape,odds_frame
navajo stirling,1997-11-07,2026-06-20,navajo stirling,odds_frame
murtazali magomedov,1999-08-26,2026-06-20,murtazali magomedov,odds_frame
mitch raposo,1998-10-16,2026-06-20,mitch raposo,odds_frame
christian rodriguez,1997-12-17,2026-06-20,christian rodriguez,odds_frame
shane collins,2000-03-08,2026-06-20,shane collins,odds_frame
leon shahbazyan,1995-11-18,2026-06-20,leon shahbazyan,odds_frame
allan nascimento,1991-09-11,2026-06-20,allan nascimento,odds_frame
andre lima,1999-02-04,2026-06-20,andre lima,odds_frame
ion cutelaba,1993-12-14,2026-06-20,ion cutelaba,odds_frame
melsik baghdasaryan,1992-01-28,2026-06-20,melsik baghdasaryan,odds_frame
kyoji horiguchi,1990-10-12,2026-06-20,kyoji horiguchi,odds_frame
kevin borjas,1997-12-06,2026-06-20,kevin borjas,odds_frame
manuel torres,1995-03-25,2026-06-27,manuel torres,odds_frame
matheus camilo,2001-01-02,2026-06-27,matheus camilo,odds_frame
brunno ferreira,1992-11-04,2026-06-27,brunno ferreira,odds_frame
eric nolan,1997-09-13,2026-06-27,eric nolan,odds_frame
michel pereira,1993-10-06,2026-06-27,michel pereira,odds_frame
charles johnson,1991-01-10,2026-06-27,charles johnson,odds_frame
javier reyes,1993-10-10,2026-06-27,javier reyes,odds_frame
jean matsumoto,1999-09-09,2026-06-27,jean matsumoto,odds_frame
andrey pulyaev,1997-09-10,2026-06-27,andrey pulyaev,odds_frame
abdul rakhman yakhyaev,2001-01-03,2026-06-27,abdul rakhman yakhyaev,odds_frame
tahir abdullayev,1997-02-02,2026-06-27,tahir abdullayev,odds_frame
bekzat almakhan,1997-10-08,2026-06-27,bekzat almakhan,odds_frame
theodor berggren,2000-04-09,2026-06-27,theodor berggren,odds_frame
kaan ofli,1993-06-19,2026-06-27,kaan ofli,odds_frame
nursulton ruziboev,1993-11-19,2026-06-27,nursulton ruziboev,odds_frame
daniil donchenko,2001-08-04,2026-06-27,daniil donchenko,odds_frame
ikram aliskerov,1992-12-07,2026-06-27,ikram aliskerov,odds_frame
asu almabayev,1994-01-25,2026-06-27,asu almabayev,odds_frame
nazim sadykhov,1994-05-16,2026-06-27,nazim sadykhov,odds_frame
shara magomedov,1994-05-16,2026-06-27,shara magomedov,odds_frame
rafael fiziev,1993-03-05,2026-06-27,rafael fiziev,odds_frame
julius walker,1999-07-16,2026-06-27,julius walker,odds_frame
jefferson nascimento,1998-11-19,2026-06-27,jefferson nascimento,odds_frame
farman hasanov,1995-08-01,2026-06-27,farman hasanov,odds_frame
conor mcgregor,1988-07-14,2026-07-11,conor mcgregor,odds_frame
benoit saint denis,1995-12-18,2026-07-11,benoit saint denis,odds_frame
cory sandhagen,1992-04-20,2026-07-11,cory sandhagen,odds_frame
nikita krylov,1992-03-07,2026-07-11,nikita krylov,odds_frame
king green,1986-09-09,2026-07-11,king green,odds_frame
cody garbrandt,1991-07-07,2026-07-11,cody garbrandt,odds_frame
farid basharat,1997-08-02,2026-07-11,farid basharat,odds_frame
ryan gandra,1995-05-08,2026-07-11,ryan gandra,odds_frame
max holloway,1991-12-04,2026-07-11,max holloway,odds_frame
paddy pimblett,1995-01-03,2026-07-11,paddy pimblett,odds_frame
mario bautista,1993-07-01,2026-07-11,mario bautista,odds_frame
robert whittaker,1990-12-20,2026-07-11,robert whittaker,odds_frame
terrance mckinney,1994-09-15,2026-07-11,terrance mckinney,odds_frame
adrian yanez,1993-11-29,2026-07-11,adrian yanez,odds_frame
cesar almeida,1988-03-28,2026-07-11,cesar almeida,odds_frame
damian pinas,2002-03-12,2026-07-11,damian pinas,odds_frame
john garza,2002-10-30,2026-07-11,john garza,odds_frame
cody durden,1991-03-29,2026-07-11,cody durden,odds_frame
elisha ellison,1997-03-05,2026-07-11,elisha ellison,odds_frame
gable steveson,2000-05-31,2026-07-11,gable steveson,odds_frame
alessandro costa,1996-01-28,2026-07-11,alessandro costa,odds_frame
zachary reese,1994-03-24,2026-07-11,zachary reese,odds_frame
christian leroy duncan,1995-07-24,2026-07-18,christian leroy duncan,odds_frame
mitch ramirez,1992-11-03,2026-07-18,mitch ramirez,odds_frame
kamaru usman,1987-05-11,2026-07-18,kamaru usman,odds_frame
alberto montes,1994-05-31,2026-07-18,alberto montes,odds_frame
stewart nicoll,1996-04-11,2026-07-18,stewart nicoll,odds_frame
jose delgado,1998-04-21,2026-07-18,jose delgado,odds_frame
jared cannonier,1984-03-16,2026-07-18,jared cannonier,odds_frame
chase hooper,1999-09-13,2026-07-18,chase hooper,odds_frame
tommy mcmillen,1997-12-15,2026-07-18,tommy mcmillen,odds_frame
dricus du plessis,1994-01-14,2026-07-18,dricus du plessis,odds_frame
felipe franco,2001-01-22,2026-07-18,felipe franco,odds_frame
levi rodrigues,1996-10-15,2026-07-18,levi rodrigues,odds_frame
alden coria,1998-04-24,2026-07-18,alden coria,odds_frame
rj harris,1998-10-01,2026-07-18,rj harris,odds_frame
alvin hines,1991-10-20,2026-07-18,alvin hines,odds_frame
austin bashi,2001-09-29,2026-07-18,austin bashi,odds_frame
damian rzepecki,2001-11-23,2026-07-25,damian rzepecki,odds_frame
thomas petersen,1995-03-30,2026-07-25,thomas petersen,odds_frame
muhammad said,1996-01-10,2026-07-25,muhammad said,odds_frame
axel sola,1997-09-17,2026-07-25,axel sola,odds_frame
brendson ribeiro,1996-09-08,2026-07-25,brendson ribeiro,odds_frame
mike davis,1992-10-07,2026-07-25,mike davis,odds_frame
abdul hussein,1997-08-02,2026-07-25,abdul hussein,odds_frame
saygid izagakhmaev,1994-09-03,2026-07-25,saygid izagakhmaev,odds_frame
sam patterson,1996-04-30,2026-07-25,sam patterson,odds_frame
magomed ankalaev,1992-06-02,2026-07-25,magomed ankalaev,odds_frame
steve erceg,1995-07-27,2026-07-25,steve erceg,odds_frame
magomed zaynukov,1995-01-02,2026-07-25,magomed zaynukov,odds_frame
abubakar vagaev,1993-04-14,2026-07-25,abubakar vagaev,odds_frame
valter walker,1997-12-14,2026-07-25,valter walker,odds_frame
dustin jacoby,1988-04-04,2026-07-25,dustin jacoby,odds_frame
santiago ponzinibbio,1986-09-26,2026-07-25,santiago ponzinibbio,odds_frame
ismael bonfim,1995-12-28,2026-07-25,ismael bonfim,odds_frame
magomed tuchalov,1999-12-30,2026-07-25,magomed tuchalov,odds_frame
nurullo aliev,2000-12-08,2026-07-25,nurullo aliev,odds_frame
cody gibson,1987-09-11,2026-07-25,cody gibson,odds_frame
ramazan temirov,1997-01-31,2026-07-25,ramazan temirov,odds_frame
bogdan guskov,1992-09-12,2026-07-25,bogdan guskov,odds_frame
jan blachowicz,,2026-08-01,jan blachowicz,capture
navajo stirling,,2026-08-01,navajo stirling,capture
jan blachowicz,,2026-08-01,jan blachowicz,capture
navajo stirling,,2026-08-01,navajo stirling,capture
jan blachowicz,,2026-08-01,jan blachowicz,capture
navajo stirling,,2026-08-01,navajo stirling,capture
