poll_time,league_id,matchup_id,home,away,start_time,period,bet_type,side,line,american,is_alt,max_risk,currency_hint,cutoff_at,version
2026-07-26T04:18:01.319120+00:00,1624,1632066275,Gillian Robertson,Mackenzie Dern,2026-08-15T21:00:00Z,0,ml,home,,207,0,2050.0,account_ccy,2026-08-15T21:00:00+00:00,3668340679
2026-07-26T04:18:01.319120+00:00,1624,1632066275,Gillian Robertson,Mackenzie Dern,2026-08-15T21:00:00Z,0,ml,away,,-248,0,2050.0,account_ccy,2026-08-15T21:00:00+00:00,3668340679
2026-07-26T04:18:01.319120+00:00,1624,1632061617,Ian Machado Garry,Islam Makhachev,2026-08-15T21:00:00Z,0,ml,home,,253,0,2050.0,account_ccy,2026-08-15T21:00:00+00:00,3669320646
2026-07-26T04:18:01.319120+00:00,1624,1632061617,Ian Machado Garry,Islam Makhachev,2026-08-15T21:00:00Z,0,ml,away,,-308,0,2050.0,account_ccy,2026-08-15T21:00:00+00:00,3669320646
2026-07-26T04:18:35.626565+00:00,1624,1632066275,Gillian Robertson,Mackenzie Dern,2026-08-15T21:00:00Z,0,ml,home,,207,0,2050.0,account_ccy,2026-08-15T21:00:00+00:00,3668340679
2026-07-26T04:18:35.626565+00:00,1624,1632066275,Gillian Robertson,Mackenzie Dern,2026-08-15T21:00:00Z,0,ml,away,,-248,0,2050.0,account_ccy,2026-08-15T21:00:00+00:00,3668340679
2026-07-26T04:18:35.626565+00:00,1624,1632061617,Ian Machado Garry,Islam Makhachev,2026-08-15T21:00:00Z,0,ml,home,,253,0,2050.0,account_ccy,2026-08-15T21:00:00+00:00,3669320646
2026-07-26T04:18:35.626565+00:00,1624,1632061617,Ian Machado Garry,Islam Makhachev,2026-08-15T21:00:00Z,0,ml,away,,-308,0,2050.0,account_ccy,2026-08-15T21:00:00+00:00,3669320646
2026-07-26T04:22:01.575005+00:00,1624,1632066275,Gillian Robertson,Mackenzie Dern,2026-08-15T21:00:00Z,0,ml,home,,207,0,2050.0,account_ccy,2026-08-15T21:00:00+00:00,3668340679
2026-07-26T04:22:01.575005+00:00,1624,1632066275,Gillian Robertson,Mackenzie Dern,2026-08-15T21:00:00Z,0,ml,away,,-248,0,2050.0,account_ccy,2026-08-15T21:00:00+00:00,3668340679
2026-07-26T04:22:01.575005+00:00,1624,1632061617,Ian Machado Garry,Islam Makhachev,2026-08-15T21:00:00Z,0,ml,home,,253,0,2050.0,account_ccy,2026-08-15T21:00:00+00:00,3669320646
2026-07-26T04:22:01.575005+00:00,1624,1632061617,Ian Machado Garry,Islam Makhachev,2026-08-15T21:00:00Z,0,ml,away,,-308,0,2050.0,account_ccy,2026-08-15T21:00:00+00:00,3669320646
2026-07-26T04:37:01.583085+00:00,1624,1632066275,Gillian Robertson,Mackenzie Dern,2026-08-15T21:00:00Z,0,ml,home,,207,0,2050.0,account_ccy,2026-08-15T21:00:00+00:00,3668340679
2026-07-26T04:37:01.583085+00:00,1624,1632066275,Gillian Robertson,Mackenzie Dern,2026-08-15T21:00:00Z,0,ml,away,,-248,0,2050.0,account_ccy,2026-08-15T21:00:00+00:00,3668340679
2026-07-26T04:37:01.583085+00:00,1624,1632061617,Ian Machado Garry,Islam Makhachev,2026-08-15T21:00:00Z,0,ml,home,,253,0,2050.0,account_ccy,2026-08-15T21:00:00+00:00,3669320646
2026-07-26T04:37:01.583085+00:00,1624,1632061617,Ian Machado Garry,Islam Makhachev,2026-08-15T21:00:00Z,0,ml,away,,-308,0,2050.0,account_ccy,2026-08-15T21:00:00+00:00,3669320646
2026-07-26T04:52:01.585696+00:00,1624,1632061617,Ian Machado Garry,Islam Makhachev,2026-08-15T21:00:00Z,0,ml,home,,253,0,2050.0,account_ccy,2026-08-15T21:00:00+00:00,3669320646
2026-07-26T04:52:01.585696+00:00,1624,1632061617,Ian Machado Garry,Islam Makhachev,2026-08-15T21:00:00Z,0,ml,away,,-308,0,2050.0,account_ccy,2026-08-15T21:00:00+00:00,3669320646
2026-07-26T04:52:01.585696+00:00,1624,1632066275,Gillian Robertson,Mackenzie Dern,2026-08-15T21:00:00Z,0,ml,home,,207,0,2050.0,account_ccy,2026-08-15T21:00:00+00:00,3668340679
2026-07-26T04:52:01.585696+00:00,1624,1632066275,Gillian Robertson,Mackenzie Dern,2026-08-15T21:00:00Z,0,ml,away,,-248,0,2050.0,account_ccy,2026-08-15T21:00:00+00:00,3668340679
2026-07-26T13:58:32.739784+00:00,1624,1632061617,Ian Machado Garry,Islam Makhachev,2026-08-15T21:00:00Z,0,ml,home,,253,0,2050.0,account_ccy,2026-08-15T21:00:00+00:00,3669320646
2026-07-26T13:58:32.739784+00:00,1624,1632061617,Ian Machado Garry,Islam Makhachev,2026-08-15T21:00:00Z,0,ml,away,,-308,0,2050.0,account_ccy,2026-08-15T21:00:00+00:00,3669320646
2026-07-26T13:58:32.739784+00:00,1624,1632066275,Gillian Robertson,Mackenzie Dern,2026-08-15T21:00:00Z,0,ml,home,,207,0,2050.0,account_ccy,2026-08-15T21:00:00+00:00,3668340679
2026-07-26T13:58:32.739784+00:00,1624,1632066275,Gillian Robertson,Mackenzie Dern,2026-08-15T21:00:00Z,0,ml,away,,-248,0,2050.0,account_ccy,2026-08-15T21:00:00+00:00,3668340679
2026-07-26T14:07:02.110759+00:00,1624,1632061617,Ian Machado Garry,Islam Makhachev,2026-08-15T21:00:00Z,0,ml,home,,253,0,2050.0,account_ccy,2026-08-15T21:00:00+00:00,3669320646
2026-07-26T14:07:02.110759+00:00,1624,1632061617,Ian Machado Garry,Islam Makhachev,2026-08-15T21:00:00Z,0,ml,away,,-308,0,2050.0,account_ccy,2026-08-15T21:00:00+00:00,3669320646
2026-07-26T14:07:02.110759+00:00,1624,1632066275,Gillian Robertson,Mackenzie Dern,2026-08-15T21:00:00Z,0,ml,home,,207,0,2050.0,account_ccy,2026-08-15T21:00:00+00:00,3668340679
2026-07-26T14:07:02.110759+00:00,1624,1632066275,Gillian Robertson,Mackenzie Dern,2026-08-15T21:00:00Z,0,ml,away,,-248,0,2050.0,account_ccy,2026-08-15T21:00:00+00:00,3668340679
2026-07-26T14:22:02.328962+00:00,1624,1632066275,Gillian Robertson,Mackenzie Dern,2026-08-15T21:00:00Z,0,ml,home,,207,0,2050.0,account_ccy,2026-08-15T21:00:00+00:00,3668340679
2026-07-26T14:22:02.328962+00:00,1624,1632066275,Gillian Robertson,Mackenzie Dern,2026-08-15T21:00:00Z,0,ml,away,,-248,0,2050.0,account_ccy,2026-08-15T21:00:00+00:00,3668340679
2026-07-26T14:22:02.328962+00:00,1624,1632061617,Ian Machado Garry,Islam Makhachev,2026-08-15T21:00:00Z,0,ml,home,,253,0,2050.0,account_ccy,2026-08-15T21:00:00+00:00,3669320646
2026-07-26T14:22:02.328962+00:00,1624,1632061617,Ian Machado Garry,Islam Makhachev,2026-08-15T21:00:00Z,0,ml,away,,-308,0,2050.0,account_ccy,2026-08-15T21:00:00+00:00,3669320646
2026-07-26T14:37:02.073415+00:00,1624,1632066275,Gillian Robertson,Mackenzie Dern,2026-08-15T21:00:00Z,0,ml,home,,207,0,2050.0,account_ccy,2026-08-15T21:00:00+00:00,3668340679
2026-07-26T14:37:02.073415+00:00,1624,1632066275,Gillian Robertson,Mackenzie Dern,2026-08-15T21:00:00Z,0,ml,away,,-248,0,2050.0,account_ccy,2026-08-15T21:00:00+00:00,3668340679
2026-07-26T14:37:02.073415+00:00,1624,1632061617,Ian Machado Garry,Islam Makhachev,2026-08-15T21:00:00Z,0,ml,home,,253,0,2050.0,account_ccy,2026-08-15T21:00:00+00:00,3669320646
2026-07-26T14:37:02.073415+00:00,1624,1632061617,Ian Machado Garry,Islam Makhachev,2026-08-15T21:00:00Z,0,ml,away,,-308,0,2050.0,account_ccy,2026-08-15T21:00:00+00:00,3669320646
2026-07-26T14:52:02.445861+00:00,1624,1632066275,Gillian Robertson,Mackenzie Dern,2026-08-15T21:00:00Z,0,ml,home,,207,0,2050.0,account_ccy,2026-08-15T21:00:00+00:00,3668340679
2026-07-26T14:52:02.445861+00:00,1624,1632066275,Gillian Robertson,Mackenzie Dern,2026-08-15T21:00:00Z,0,ml,away,,-248,0,2050.0,account_ccy,2026-08-15T21:00:00+00:00,3668340679
2026-07-26T14:52:02.445861+00:00,1624,1632061617,Ian Machado Garry,Islam Makhachev,2026-08-15T21:00:00Z,0,ml,home,,253,0,2050.0,account_ccy,2026-08-15T21:00:00+00:00,3669320646
2026-07-26T14:52:02.445861+00:00,1624,1632061617,Ian Machado Garry,Islam Makhachev,2026-08-15T21:00:00Z,0,ml,away,,-308,0,2050.0,account_ccy,2026-08-15T21:00:00+00:00,3669320646
2026-07-26T15:07:02.407257+00:00,1624,1632066275,Gillian Robertson,Mackenzie Dern,2026-08-15T21:00:00Z,0,ml,home,,207,0,2050.0,account_ccy,2026-08-15T21:00:00+00:00,3668340679
2026-07-26T15:07:02.407257+00:00,1624,1632066275,Gillian Robertson,Mackenzie Dern,2026-08-15T21:00:00Z,0,ml,away,,-248,0,2050.0,account_ccy,2026-08-15T21:00:00+00:00,3668340679
2026-07-26T15:07:02.407257+00:00,1624,1632061617,Ian Machado Garry,Islam Makhachev,2026-08-15T21:00:00Z,0,ml,home,,253,0,2050.0,account_ccy,2026-08-15T21:00:00+00:00,3669320646
2026-07-26T15:07:02.407257+00:00,1624,1632061617,Ian Machado Garry,Islam Makhachev,2026-08-15T21:00:00Z,0,ml,away,,-308,0,2050.0,account_ccy,2026-08-15T21:00:00+00:00,3669320646
2026-07-26T15:22:02.244014+00:00,1624,1632061617,Ian Machado Garry,Islam Makhachev,2026-08-15T21:00:00Z,0,ml,home,,253,0,2050.0,account_ccy,2026-08-15T21:00:00+00:00,3669320646
2026-07-26T15:22:02.244014+00:00,1624,1632061617,Ian Machado Garry,Islam Makhachev,2026-08-15T21:00:00Z,0,ml,away,,-308,0,2050.0,account_ccy,2026-08-15T21:00:00+00:00,3669320646
2026-07-26T15:22:02.244014+00:00,1624,1632066275,Gillian Robertson,Mackenzie Dern,2026-08-15T21:00:00Z,0,ml,home,,207,0,2050.0,account_ccy,2026-08-15T21:00:00+00:00,3668340679
2026-07-26T15:22:02.244014+00:00,1624,1632066275,Gillian Robertson,Mackenzie Dern,2026-08-15T21:00:00Z,0,ml,away,,-248,0,2050.0,account_ccy,2026-08-15T21:00:00+00:00,3668340679
2026-07-26T15:37:02.070751+00:00,1624,1632061617,Ian Machado Garry,Islam Makhachev,2026-08-15T21:00:00Z,0,ml,home,,253,0,2050.0,account_ccy,2026-08-15T21:00:00+00:00,3669320646
2026-07-26T15:37:02.070751+00:00,1624,1632061617,Ian Machado Garry,Islam Makhachev,2026-08-15T21:00:00Z,0,ml,away,,-308,0,2050.0,account_ccy,2026-08-15T21:00:00+00:00,3669320646
2026-07-26T15:37:02.070751+00:00,1624,1632066275,Gillian Robertson,Mackenzie Dern,2026-08-15T21:00:00Z,0,ml,home,,207,0,2050.0,account_ccy,2026-08-15T21:00:00+00:00,3668340679
2026-07-26T15:37:02.070751+00:00,1624,1632066275,Gillian Robertson,Mackenzie Dern,2026-08-15T21:00:00Z,0,ml,away,,-248,0,2050.0,account_ccy,2026-08-15T21:00:00+00:00,3668340679
2026-07-26T15:52:02.050080+00:00,1624,1632061617,Ian Machado Garry,Islam Makhachev,2026-08-15T21:00:00Z,0,ml,home,,253,0,2050.0,account_ccy,2026-08-15T21:00:00+00:00,3669320646
2026-07-26T15:52:02.050080+00:00,1624,1632061617,Ian Machado Garry,Islam Makhachev,2026-08-15T21:00:00Z,0,ml,away,,-308,0,2050.0,account_ccy,2026-08-15T21:00:00+00:00,3669320646
2026-07-26T15:52:02.050080+00:00,1624,1632066275,Gillian Robertson,Mackenzie Dern,2026-08-15T21:00:00Z,0,ml,home,,207,0,2050.0,account_ccy,2026-08-15T21:00:00+00:00,3668340679
2026-07-26T15:52:02.050080+00:00,1624,1632066275,Gillian Robertson,Mackenzie Dern,2026-08-15T21:00:00Z,0,ml,away,,-248,0,2050.0,account_ccy,2026-08-15T21:00:00+00:00,3668340679
2026-07-26T16:07:02.046937+00:00,1624,1632061617,Ian Machado Garry,Islam Makhachev,2026-08-15T21:00:00Z,0,ml,home,,253,0,2050.0,account_ccy,2026-08-15T21:00:00+00:00,3669320646
2026-07-26T16:07:02.046937+00:00,1624,1632061617,Ian Machado Garry,Islam Makhachev,2026-08-15T21:00:00Z,0,ml,away,,-308,0,2050.0,account_ccy,2026-08-15T21:00:00+00:00,3669320646
2026-07-26T16:07:02.046937+00:00,1624,1632066275,Gillian Robertson,Mackenzie Dern,2026-08-15T21:00:00Z,0,ml,home,,207,0,2050.0,account_ccy,2026-08-15T21:00:00+00:00,3668340679
2026-07-26T16:07:02.046937+00:00,1624,1632066275,Gillian Robertson,Mackenzie Dern,2026-08-15T21:00:00Z,0,ml,away,,-248,0,2050.0,account_ccy,2026-08-15T21:00:00+00:00,3668340679
2026-07-26T16:22:02.046795+00:00,1624,1632066275,Gillian Robertson,Mackenzie Dern,2026-08-15T21:00:00Z,0,ml,home,,207,0,2050.0,account_ccy,2026-08-15T21:00:00+00:00,3668340679
2026-07-26T16:22:02.046795+00:00,1624,1632066275,Gillian Robertson,Mackenzie Dern,2026-08-15T21:00:00Z,0,ml,away,,-248,0,2050.0,account_ccy,2026-08-15T21:00:00+00:00,3668340679
2026-07-26T16:22:02.046795+00:00,1624,1632061617,Ian Machado Garry,Islam Makhachev,2026-08-15T21:00:00Z,0,ml,home,,253,0,2050.0,account_ccy,2026-08-15T21:00:00+00:00,3669320646
2026-07-26T16:22:02.046795+00:00,1624,1632061617,Ian Machado Garry,Islam Makhachev,2026-08-15T21:00:00Z,0,ml,away,,-308,0,2050.0,account_ccy,2026-08-15T21:00:00+00:00,3669320646
2026-07-26T16:37:02.050615+00:00,1624,1632066275,Gillian Robertson,Mackenzie Dern,2026-08-15T21:00:00Z,0,ml,home,,207,0,2050.0,account_ccy,2026-08-15T21:00:00+00:00,3668340679
2026-07-26T16:37:02.050615+00:00,1624,1632066275,Gillian Robertson,Mackenzie Dern,2026-08-15T21:00:00Z,0,ml,away,,-248,0,2050.0,account_ccy,2026-08-15T21:00:00+00:00,3668340679
2026-07-26T16:37:02.050615+00:00,1624,1632061617,Ian Machado Garry,Islam Makhachev,2026-08-15T21:00:00Z,0,ml,home,,253,0,2050.0,account_ccy,2026-08-15T21:00:00+00:00,3669320646
2026-07-26T16:37:02.050615+00:00,1624,1632061617,Ian Machado Garry,Islam Makhachev,2026-08-15T21:00:00Z,0,ml,away,,-308,0,2050.0,account_ccy,2026-08-15T21:00:00+00:00,3669320646
2026-07-26T16:52:02.031176+00:00,1624,1632061617,Ian Machado Garry,Islam Makhachev,2026-08-15T21:00:00Z,0,ml,home,,253,0,2050.0,account_ccy,2026-08-15T21:00:00+00:00,3669320646
2026-07-26T16:52:02.031176+00:00,1624,1632061617,Ian Machado Garry,Islam Makhachev,2026-08-15T21:00:00Z,0,ml,away,,-308,0,2050.0,account_ccy,2026-08-15T21:00:00+00:00,3669320646
2026-07-26T16:52:02.031176+00:00,1624,1632066275,Gillian Robertson,Mackenzie Dern,2026-08-15T21:00:00Z,0,ml,home,,207,0,2050.0,account_ccy,2026-08-15T21:00:00+00:00,3668340679
2026-07-26T16:52:02.031176+00:00,1624,1632066275,Gillian Robertson,Mackenzie Dern,2026-08-15T21:00:00Z,0,ml,away,,-248,0,2050.0,account_ccy,2026-08-15T21:00:00+00:00,3668340679
2026-07-26T17:07:01.998390+00:00,1624,1632061617,Ian Machado Garry,Islam Makhachev,2026-08-15T21:00:00Z,0,ml,home,,253,0,2050.0,account_ccy,2026-08-15T21:00:00+00:00,3669320646
2026-07-26T17:07:01.998390+00:00,1624,1632061617,Ian Machado Garry,Islam Makhachev,2026-08-15T21:00:00Z,0,ml,away,,-308,0,2050.0,account_ccy,2026-08-15T21:00:00+00:00,3669320646
2026-07-26T17:07:01.998390+00:00,1624,1632066275,Gillian Robertson,Mackenzie Dern,2026-08-15T21:00:00Z,0,ml,home,,207,0,2050.0,account_ccy,2026-08-15T21:00:00+00:00,3668340679
2026-07-26T17:07:01.998390+00:00,1624,1632066275,Gillian Robertson,Mackenzie Dern,2026-08-15T21:00:00Z,0,ml,away,,-248,0,2050.0,account_ccy,2026-08-15T21:00:00+00:00,3668340679
2026-07-26T17:22:02.001319+00:00,1624,1632066275,Gillian Robertson,Mackenzie Dern,2026-08-15T21:00:00Z,0,ml,home,,207,0,2050.0,account_ccy,2026-08-15T21:00:00+00:00,3668340679
2026-07-26T17:22:02.001319+00:00,1624,1632066275,Gillian Robertson,Mackenzie Dern,2026-08-15T21:00:00Z,0,ml,away,,-248,0,2050.0,account_ccy,2026-08-15T21:00:00+00:00,3668340679
2026-07-26T17:22:02.001319+00:00,1624,1632061617,Ian Machado Garry,Islam Makhachev,2026-08-15T21:00:00Z,0,ml,home,,253,0,2050.0,account_ccy,2026-08-15T21:00:00+00:00,3669320646
2026-07-26T17:22:02.001319+00:00,1624,1632061617,Ian Machado Garry,Islam Makhachev,2026-08-15T21:00:00Z,0,ml,away,,-308,0,2050.0,account_ccy,2026-08-15T21:00:00+00:00,3669320646
2026-07-26T17:37:02.004335+00:00,1624,1632066275,Gillian Robertson,Mackenzie Dern,2026-08-15T21:00:00Z,0,ml,home,,207,0,2050.0,account_ccy,2026-08-15T21:00:00+00:00,3668340679
2026-07-26T17:37:02.004335+00:00,1624,1632066275,Gillian Robertson,Mackenzie Dern,2026-08-15T21:00:00Z,0,ml,away,,-248,0,2050.0,account_ccy,2026-08-15T21:00:00+00:00,3668340679
2026-07-26T17:37:02.004335+00:00,1624,1632061617,Ian Machado Garry,Islam Makhachev,2026-08-15T21:00:00Z,0,ml,home,,253,0,2050.0,account_ccy,2026-08-15T21:00:00+00:00,3669320646
2026-07-26T17:37:02.004335+00:00,1624,1632061617,Ian Machado Garry,Islam Makhachev,2026-08-15T21:00:00Z,0,ml,away,,-308,0,2050.0,account_ccy,2026-08-15T21:00:00+00:00,3669320646
2026-07-26T17:52:01.997514+00:00,1624,1632066275,Gillian Robertson,Mackenzie Dern,2026-08-15T21:00:00Z,0,ml,home,,207,0,2050.0,account_ccy,2026-08-15T21:00:00+00:00,3668340679
2026-07-26T17:52:01.997514+00:00,1624,1632066275,Gillian Robertson,Mackenzie Dern,2026-08-15T21:00:00Z,0,ml,away,,-248,0,2050.0,account_ccy,2026-08-15T21:00:00+00:00,3668340679
2026-07-26T17:52:01.997514+00:00,1624,1632061617,Ian Machado Garry,Islam Makhachev,2026-08-15T21:00:00Z,0,ml,home,,253,0,2050.0,account_ccy,2026-08-15T21:00:00+00:00,3669320646
2026-07-26T17:52:01.997514+00:00,1624,1632061617,Ian Machado Garry,Islam Makhachev,2026-08-15T21:00:00Z,0,ml,away,,-308,0,2050.0,account_ccy,2026-08-15T21:00:00+00:00,3669320646
2026-07-26T18:07:01.998785+00:00,1624,1632061617,Ian Machado Garry,Islam Makhachev,2026-08-15T21:00:00Z,0,ml,home,,253,0,2050.0,account_ccy,2026-08-15T21:00:00+00:00,3669320646
2026-07-26T18:07:01.998785+00:00,1624,1632061617,Ian Machado Garry,Islam Makhachev,2026-08-15T21:00:00Z,0,ml,away,,-308,0,2050.0,account_ccy,2026-08-15T21:00:00+00:00,3669320646
2026-07-26T18:07:01.998785+00:00,1624,1632066275,Gillian Robertson,Mackenzie Dern,2026-08-15T21:00:00Z,0,ml,home,,207,0,2050.0,account_ccy,2026-08-15T21:00:00+00:00,3668340679
2026-07-26T18:07:01.998785+00:00,1624,1632066275,Gillian Robertson,Mackenzie Dern,2026-08-15T21:00:00Z,0,ml,away,,-248,0,2050.0,account_ccy,2026-08-15T21:00:00+00:00,3668340679
2026-07-26T18:22:01.993027+00:00,1624,1632061617,Ian Machado Garry,Islam Makhachev,2026-08-15T21:00:00Z,0,ml,home,,253,0,2050.0,account_ccy,2026-08-15T21:00:00+00:00,3669320646
2026-07-26T18:22:01.993027+00:00,1624,1632061617,Ian Machado Garry,Islam Makhachev,2026-08-15T21:00:00Z,0,ml,away,,-308,0,2050.0,account_ccy,2026-08-15T21:00:00+00:00,3669320646
2026-07-26T18:22:01.993027+00:00,1624,1632066275,Gillian Robertson,Mackenzie Dern,2026-08-15T21:00:00Z,0,ml,home,,207,0,2050.0,account_ccy,2026-08-15T21:00:00+00:00,3668340679
2026-07-26T18:22:01.993027+00:00,1624,1632066275,Gillian Robertson,Mackenzie Dern,2026-08-15T21:00:00Z,0,ml,away,,-248,0,2050.0,account_ccy,2026-08-15T21:00:00+00:00,3668340679
2026-07-26T18:37:02.020460+00:00,1624,1632066275,Gillian Robertson,Mackenzie Dern,2026-08-15T21:00:00Z,0,ml,home,,207,0,2050.0,account_ccy,2026-08-15T21:00:00+00:00,3668340679
2026-07-26T18:37:02.020460+00:00,1624,1632066275,Gillian Robertson,Mackenzie Dern,2026-08-15T21:00:00Z,0,ml,away,,-248,0,2050.0,account_ccy,2026-08-15T21:00:00+00:00,3668340679
2026-07-26T18:37:02.020460+00:00,1624,1632061617,Ian Machado Garry,Islam Makhachev,2026-08-15T21:00:00Z,0,ml,home,,253,0,2050.0,account_ccy,2026-08-15T21:00:00+00:00,3669320646
2026-07-26T18:37:02.020460+00:00,1624,1632061617,Ian Machado Garry,Islam Makhachev,2026-08-15T21:00:00Z,0,ml,away,,-308,0,2050.0,account_ccy,2026-08-15T21:00:00+00:00,3669320646
2026-07-26T18:52:01.995067+00:00,1624,1632066275,Gillian Robertson,Mackenzie Dern,2026-08-15T21:00:00Z,0,ml,home,,207,0,2050.0,account_ccy,2026-08-15T21:00:00+00:00,3668340679
2026-07-26T18:52:01.995067+00:00,1624,1632066275,Gillian Robertson,Mackenzie Dern,2026-08-15T21:00:00Z,0,ml,away,,-248,0,2050.0,account_ccy,2026-08-15T21:00:00+00:00,3668340679
2026-07-26T18:52:01.995067+00:00,1624,1632061617,Ian Machado Garry,Islam Makhachev,2026-08-15T21:00:00Z,0,ml,home,,253,0,2050.0,account_ccy,2026-08-15T21:00:00+00:00,3669320646
2026-07-26T18:52:01.995067+00:00,1624,1632061617,Ian Machado Garry,Islam Makhachev,2026-08-15T21:00:00Z,0,ml,away,,-308,0,2050.0,account_ccy,2026-08-15T21:00:00+00:00,3669320646
2026-07-26T19:07:02.008654+00:00,1624,1632066275,Gillian Robertson,Mackenzie Dern,2026-08-15T21:00:00Z,0,ml,home,,207,0,2050.0,account_ccy,2026-08-15T21:00:00+00:00,3668340679
2026-07-26T19:07:02.008654+00:00,1624,1632066275,Gillian Robertson,Mackenzie Dern,2026-08-15T21:00:00Z,0,ml,away,,-248,0,2050.0,account_ccy,2026-08-15T21:00:00+00:00,3668340679
2026-07-26T19:07:02.008654+00:00,1624,1632061617,Ian Machado Garry,Islam Makhachev,2026-08-15T21:00:00Z,0,ml,home,,253,0,2050.0,account_ccy,2026-08-15T21:00:00+00:00,3669320646
2026-07-26T19:07:02.008654+00:00,1624,1632061617,Ian Machado Garry,Islam Makhachev,2026-08-15T21:00:00Z,0,ml,away,,-308,0,2050.0,account_ccy,2026-08-15T21:00:00+00:00,3669320646
2026-07-26T19:22:02.001044+00:00,1624,1632066275,Gillian Robertson,Mackenzie Dern,2026-08-15T21:00:00Z,0,ml,home,,207,0,2050.0,account_ccy,2026-08-15T21:00:00+00:00,3668340679
2026-07-26T19:22:02.001044+00:00,1624,1632066275,Gillian Robertson,Mackenzie Dern,2026-08-15T21:00:00Z,0,ml,away,,-248,0,2050.0,account_ccy,2026-08-15T21:00:00+00:00,3668340679
2026-07-26T19:22:02.001044+00:00,1624,1632061617,Ian Machado Garry,Islam Makhachev,2026-08-15T21:00:00Z,0,ml,home,,253,0,2050.0,account_ccy,2026-08-15T21:00:00+00:00,3669320646
2026-07-26T19:22:02.001044+00:00,1624,1632061617,Ian Machado Garry,Islam Makhachev,2026-08-15T21:00:00Z,0,ml,away,,-308,0,2050.0,account_ccy,2026-08-15T21:00:00+00:00,3669320646
2026-07-26T19:37:01.997402+00:00,1624,1632066275,Gillian Robertson,Mackenzie Dern,2026-08-15T21:00:00Z,0,ml,home,,207,0,2050.0,account_ccy,2026-08-15T21:00:00+00:00,3668340679
2026-07-26T19:37:01.997402+00:00,1624,1632066275,Gillian Robertson,Mackenzie Dern,2026-08-15T21:00:00Z,0,ml,away,,-248,0,2050.0,account_ccy,2026-08-15T21:00:00+00:00,3668340679
2026-07-26T19:37:01.997402+00:00,1624,1632061617,Ian Machado Garry,Islam Makhachev,2026-08-15T21:00:00Z,0,ml,home,,253,0,2050.0,account_ccy,2026-08-15T21:00:00+00:00,3669320646
2026-07-26T19:37:01.997402+00:00,1624,1632061617,Ian Machado Garry,Islam Makhachev,2026-08-15T21:00:00Z,0,ml,away,,-308,0,2050.0,account_ccy,2026-08-15T21:00:00+00:00,3669320646
2026-07-26T19:52:01.999847+00:00,1624,1632066275,Gillian Robertson,Mackenzie Dern,2026-08-15T21:00:00Z,0,ml,home,,207,0,2050.0,account_ccy,2026-08-15T21:00:00+00:00,3668340679
2026-07-26T19:52:01.999847+00:00,1624,1632066275,Gillian Robertson,Mackenzie Dern,2026-08-15T21:00:00Z,0,ml,away,,-248,0,2050.0,account_ccy,2026-08-15T21:00:00+00:00,3668340679
2026-07-26T19:52:01.999847+00:00,1624,1632061617,Ian Machado Garry,Islam Makhachev,2026-08-15T21:00:00Z,0,ml,home,,253,0,2050.0,account_ccy,2026-08-15T21:00:00+00:00,3669320646
2026-07-26T19:52:01.999847+00:00,1624,1632061617,Ian Machado Garry,Islam Makhachev,2026-08-15T21:00:00Z,0,ml,away,,-308,0,2050.0,account_ccy,2026-08-15T21:00:00+00:00,3669320646
2026-07-26T20:07:01.998466+00:00,1624,1632061617,Ian Machado Garry,Islam Makhachev,2026-08-15T21:00:00Z,0,ml,home,,253,0,2050.0,account_ccy,2026-08-15T21:00:00+00:00,3669320646
2026-07-26T20:07:01.998466+00:00,1624,1632061617,Ian Machado Garry,Islam Makhachev,2026-08-15T21:00:00Z,0,ml,away,,-308,0,2050.0,account_ccy,2026-08-15T21:00:00+00:00,3669320646
2026-07-26T20:07:01.998466+00:00,1624,1632066275,Gillian Robertson,Mackenzie Dern,2026-08-15T21:00:00Z,0,ml,home,,207,0,2050.0,account_ccy,2026-08-15T21:00:00+00:00,3668340679
2026-07-26T20:07:01.998466+00:00,1624,1632066275,Gillian Robertson,Mackenzie Dern,2026-08-15T21:00:00Z,0,ml,away,,-248,0,2050.0,account_ccy,2026-08-15T21:00:00+00:00,3668340679
2026-07-26T20:22:02.005898+00:00,1624,1632061617,Ian Machado Garry,Islam Makhachev,2026-08-15T21:00:00Z,0,ml,home,,253,0,2050.0,account_ccy,2026-08-15T21:00:00+00:00,3669320646
2026-07-26T20:22:02.005898+00:00,1624,1632061617,Ian Machado Garry,Islam Makhachev,2026-08-15T21:00:00Z,0,ml,away,,-308,0,2050.0,account_ccy,2026-08-15T21:00:00+00:00,3669320646
2026-07-26T20:22:02.005898+00:00,1624,1632066275,Gillian Robertson,Mackenzie Dern,2026-08-15T21:00:00Z,0,ml,home,,207,0,2050.0,account_ccy,2026-08-15T21:00:00+00:00,3668340679
2026-07-26T20:22:02.005898+00:00,1624,1632066275,Gillian Robertson,Mackenzie Dern,2026-08-15T21:00:00Z,0,ml,away,,-248,0,2050.0,account_ccy,2026-08-15T21:00:00+00:00,3668340679
2026-07-26T20:37:02.003636+00:00,1624,1632066275,Gillian Robertson,Mackenzie Dern,2026-08-15T21:00:00Z,0,ml,home,,207,0,2050.0,account_ccy,2026-08-15T21:00:00+00:00,3668340679
2026-07-26T20:37:02.003636+00:00,1624,1632066275,Gillian Robertson,Mackenzie Dern,2026-08-15T21:00:00Z,0,ml,away,,-248,0,2050.0,account_ccy,2026-08-15T21:00:00+00:00,3668340679
2026-07-26T20:37:02.003636+00:00,1624,1632061617,Ian Machado Garry,Islam Makhachev,2026-08-15T21:00:00Z,0,ml,home,,253,0,2050.0,account_ccy,2026-08-15T21:00:00+00:00,3669320646
2026-07-26T20:37:02.003636+00:00,1624,1632061617,Ian Machado Garry,Islam Makhachev,2026-08-15T21:00:00Z,0,ml,away,,-308,0,2050.0,account_ccy,2026-08-15T21:00:00+00:00,3669320646
2026-07-26T20:52:02.008090+00:00,1624,1632061617,Ian Machado Garry,Islam Makhachev,2026-08-15T21:00:00Z,0,ml,home,,253,0,2050.0,account_ccy,2026-08-15T21:00:00+00:00,3669320646
2026-07-26T20:52:02.008090+00:00,1624,1632061617,Ian Machado Garry,Islam Makhachev,2026-08-15T21:00:00Z,0,ml,away,,-308,0,2050.0,account_ccy,2026-08-15T21:00:00+00:00,3669320646
2026-07-26T20:52:02.008090+00:00,1624,1632066275,Gillian Robertson,Mackenzie Dern,2026-08-15T21:00:00Z,0,ml,home,,207,0,2050.0,account_ccy,2026-08-15T21:00:00+00:00,3668340679
2026-07-26T20:52:02.008090+00:00,1624,1632066275,Gillian Robertson,Mackenzie Dern,2026-08-15T21:00:00Z,0,ml,away,,-248,0,2050.0,account_ccy,2026-08-15T21:00:00+00:00,3668340679
2026-07-26T21:07:01.999183+00:00,1624,1632061617,Ian Machado Garry,Islam Makhachev,2026-08-15T21:00:00Z,0,ml,home,,253,0,2050.0,account_ccy,2026-08-15T21:00:00+00:00,3669320646
2026-07-26T21:07:01.999183+00:00,1624,1632061617,Ian Machado Garry,Islam Makhachev,2026-08-15T21:00:00Z,0,ml,away,,-308,0,2050.0,account_ccy,2026-08-15T21:00:00+00:00,3669320646
2026-07-26T21:07:01.999183+00:00,1624,1632066275,Gillian Robertson,Mackenzie Dern,2026-08-15T21:00:00Z,0,ml,home,,207,0,2050.0,account_ccy,2026-08-15T21:00:00+00:00,3668340679
2026-07-26T21:07:01.999183+00:00,1624,1632066275,Gillian Robertson,Mackenzie Dern,2026-08-15T21:00:00Z,0,ml,away,,-248,0,2050.0,account_ccy,2026-08-15T21:00:00+00:00,3668340679
2026-07-26T21:22:02.014053+00:00,1624,1632066275,Gillian Robertson,Mackenzie Dern,2026-08-15T21:00:00Z,0,ml,home,,207,0,2050.0,account_ccy,2026-08-15T21:00:00+00:00,3668340679
2026-07-26T21:22:02.014053+00:00,1624,1632066275,Gillian Robertson,Mackenzie Dern,2026-08-15T21:00:00Z,0,ml,away,,-248,0,2050.0,account_ccy,2026-08-15T21:00:00+00:00,3668340679
2026-07-26T21:22:02.014053+00:00,1624,1632061617,Ian Machado Garry,Islam Makhachev,2026-08-15T21:00:00Z,0,ml,home,,253,0,2050.0,account_ccy,2026-08-15T21:00:00+00:00,3669320646
2026-07-26T21:22:02.014053+00:00,1624,1632061617,Ian Machado Garry,Islam Makhachev,2026-08-15T21:00:00Z,0,ml,away,,-308,0,2050.0,account_ccy,2026-08-15T21:00:00+00:00,3669320646
2026-07-26T21:37:02.025209+00:00,1624,1632061617,Ian Machado Garry,Islam Makhachev,2026-08-15T21:00:00Z,0,ml,home,,253,0,2050.0,account_ccy,2026-08-15T21:00:00+00:00,3669320646
2026-07-26T21:37:02.025209+00:00,1624,1632061617,Ian Machado Garry,Islam Makhachev,2026-08-15T21:00:00Z,0,ml,away,,-308,0,2050.0,account_ccy,2026-08-15T21:00:00+00:00,3669320646
2026-07-26T21:37:02.025209+00:00,1624,1632066275,Gillian Robertson,Mackenzie Dern,2026-08-15T21:00:00Z,0,ml,home,,207,0,2050.0,account_ccy,2026-08-15T21:00:00+00:00,3668340679
2026-07-26T21:37:02.025209+00:00,1624,1632066275,Gillian Robertson,Mackenzie Dern,2026-08-15T21:00:00Z,0,ml,away,,-248,0,2050.0,account_ccy,2026-08-15T21:00:00+00:00,3668340679
2026-07-26T21:52:02.010534+00:00,1624,1632908874,Alexander Poppeck,Jovan Leka,2026-08-01T14:00:00Z,0,ml,home,,187,0,950.0,account_ccy,2026-08-01T14:00:00+00:00,3674044138
2026-07-26T21:52:02.010534+00:00,1624,1632908874,Alexander Poppeck,Jovan Leka,2026-08-01T14:00:00Z,0,ml,away,,-222,0,950.0,account_ccy,2026-08-01T14:00:00+00:00,3674044138
2026-07-26T21:52:02.010534+00:00,1624,1632709787,Michael Oliveira,Oban Elliott,2026-08-01T14:00:00Z,0,ml,home,,-301,0,950.0,account_ccy,2026-08-01T14:00:00+00:00,3674042399
2026-07-26T21:52:02.010534+00:00,1624,1632709787,Michael Oliveira,Oban Elliott,2026-08-01T14:00:00Z,0,ml,away,,247,0,950.0,account_ccy,2026-08-01T14:00:00+00:00,3674042399
2026-07-26T21:52:02.010534+00:00,1624,1632061617,Ian Machado Garry,Islam Makhachev,2026-08-15T21:00:00Z,0,ml,home,,253,0,2050.0,account_ccy,2026-08-15T21:00:00+00:00,3669320646
2026-07-26T21:52:02.010534+00:00,1624,1632061617,Ian Machado Garry,Islam Makhachev,2026-08-15T21:00:00Z,0,ml,away,,-308,0,2050.0,account_ccy,2026-08-15T21:00:00+00:00,3669320646
2026-07-26T21:52:02.010534+00:00,1624,1632703347,Gilbert Urbina,Vlasto Cepo,2026-08-01T14:00:00Z,0,ml,home,,246,0,950.0,account_ccy,2026-08-01T14:00:00+00:00,3674042167
2026-07-26T21:52:02.010534+00:00,1624,1632703347,Gilbert Urbina,Vlasto Cepo,2026-08-01T14:00:00Z,0,ml,away,,-299,0,950.0,account_ccy,2026-08-01T14:00:00+00:00,3674042167
2026-07-26T21:52:02.010534+00:00,1624,1632703348,Tofiq Musayev,Ludovit Klein,2026-08-01T14:00:00Z,0,ml,home,,185,0,950.0,account_ccy,2026-08-01T14:00:00+00:00,3674042318
2026-07-26T21:52:02.010534+00:00,1624,1632703348,Tofiq Musayev,Ludovit Klein,2026-08-01T14:00:00Z,0,ml,away,,-220,0,950.0,account_ccy,2026-08-01T14:00:00+00:00,3674042318
2026-07-26T21:52:02.010534+00:00,1624,1632709870,Robert Valentin,Dusko Todorovic,2026-08-01T14:00:00Z,0,ml,home,,-143,0,950.0,account_ccy,2026-08-01T14:00:00+00:00,3674042075
2026-07-26T21:52:02.010534+00:00,1624,1632709870,Robert Valentin,Dusko Todorovic,2026-08-01T14:00:00Z,0,ml,away,,122,0,950.0,account_ccy,2026-08-01T14:00:00+00:00,3674042075
2026-07-26T21:52:02.010534+00:00,1624,1632709875,Stephanie Luciano,Marina Spasic,2026-08-01T14:00:00Z,0,ml,home,,-279,0,950.0,account_ccy,2026-08-01T14:00:00+00:00,3674043564
2026-07-26T21:52:02.010534+00:00,1624,1632709875,Stephanie Luciano,Marina Spasic,2026-08-01T14:00:00Z,0,ml,away,,231,0,950.0,account_ccy,2026-08-01T14:00:00+00:00,3674043564
2026-07-26T21:52:02.010534+00:00,1624,1632703345,Navajo Stirling,Jan Blachowicz,2026-08-01T14:00:00Z,0,ml,home,,-310,0,950.0,account_ccy,2026-08-01T14:00:00+00:00,3674041850
2026-07-26T21:52:02.010534+00:00,1624,1632703345,Navajo Stirling,Jan Blachowicz,2026-08-01T14:00:00Z,0,ml,away,,254,0,950.0,account_ccy,2026-08-01T14:00:00+00:00,3674041850
2026-07-26T21:52:02.010534+00:00,1624,1632710674,Bogdan Grad,Dennis Buzukja,2026-08-01T14:00:00Z,0,ml,home,,-175,0,950.0,account_ccy,2026-08-01T14:00:00+00:00,3674043344
2026-07-26T21:52:02.010534+00:00,1624,1632710674,Bogdan Grad,Dennis Buzukja,2026-08-01T14:00:00Z,0,ml,away,,149,0,950.0,account_ccy,2026-08-01T14:00:00+00:00,3674043344
2026-07-26T21:52:02.010534+00:00,1624,1632703346,Marcin Tybura,Aleksandar Rakic,2026-08-01T14:00:00Z,0,ml,home,,275,0,950.0,account_ccy,2026-08-01T14:00:00+00:00,3674041966
2026-07-26T21:52:02.010534+00:00,1624,1632703346,Marcin Tybura,Aleksandar Rakic,2026-08-01T14:00:00Z,0,ml,away,,-338,0,950.0,account_ccy,2026-08-01T14:00:00+00:00,3674041966
2026-07-26T21:52:02.010534+00:00,1624,1632709873,Hailey Cowan,Nina Milosevic,2026-08-01T14:00:00Z,0,ml,home,,319,0,950.0,account_ccy,2026-08-01T14:00:00+00:00,3674043204
2026-07-26T21:52:02.010534+00:00,1624,1632709873,Hailey Cowan,Nina Milosevic,2026-08-01T14:00:00Z,0,ml,away,,-400,0,950.0,account_ccy,2026-08-01T14:00:00+00:00,3674043204
2026-07-26T21:52:02.010534+00:00,1624,1632703344,Daniel Rodriguez,Uros Medic,2026-08-01T14:00:00Z,0,ml,home,,290,0,950.0,account_ccy,2026-08-01T14:00:00+00:00,3674041697
2026-07-26T21:52:02.010534+00:00,1624,1632703344,Daniel Rodriguez,Uros Medic,2026-08-01T14:00:00Z,0,ml,away,,-359,0,950.0,account_ccy,2026-08-01T14:00:00+00:00,3674041697
2026-07-26T21:52:02.010534+00:00,1624,1632709872,Kyle Prepolec,Mateusz Rebecki,2026-08-01T14:00:00Z,0,ml,home,,384,0,950.0,account_ccy,2026-08-01T14:00:00+00:00,3674042816
2026-07-26T21:52:02.010534+00:00,1624,1632709872,Kyle Prepolec,Mateusz Rebecki,2026-08-01T14:00:00Z,0,ml,away,,-495,0,950.0,account_ccy,2026-08-01T14:00:00+00:00,3674042816
2026-07-26T21:52:02.010534+00:00,1624,1632066275,Gillian Robertson,Mackenzie Dern,2026-08-15T21:00:00Z,0,ml,home,,207,0,2050.0,account_ccy,2026-08-15T21:00:00+00:00,3668340679
2026-07-26T21:52:02.010534+00:00,1624,1632066275,Gillian Robertson,Mackenzie Dern,2026-08-15T21:00:00Z,0,ml,away,,-248,0,2050.0,account_ccy,2026-08-15T21:00:00+00:00,3668340679
2026-07-26T21:52:02.010534+00:00,1624,1632709790,Noah Gugnon,Milos Janicic,2026-08-01T14:00:00Z,0,ml,home,,128,0,950.0,account_ccy,2026-08-01T14:00:00+00:00,3674043428
2026-07-26T21:52:02.010534+00:00,1624,1632709790,Noah Gugnon,Milos Janicic,2026-08-01T14:00:00Z,0,ml,away,,-150,0,950.0,account_ccy,2026-08-01T14:00:00+00:00,3674043428
2026-07-26T22:07:02.009760+00:00,1624,1632703345,Navajo Stirling,Jan Blachowicz,2026-08-01T14:00:00Z,0,ml,home,,-310,0,950.0,account_ccy,2026-08-01T14:00:00+00:00,3674041850
2026-07-26T22:07:02.009760+00:00,1624,1632703345,Navajo Stirling,Jan Blachowicz,2026-08-01T14:00:00Z,0,ml,away,,254,0,950.0,account_ccy,2026-08-01T14:00:00+00:00,3674041850
2026-07-26T22:07:02.009760+00:00,1624,1632908874,Alexander Poppeck,Jovan Leka,2026-08-01T14:00:00Z,0,ml,home,,187,0,950.0,account_ccy,2026-08-01T14:00:00+00:00,3674044138
2026-07-26T22:07:02.009760+00:00,1624,1632908874,Alexander Poppeck,Jovan Leka,2026-08-01T14:00:00Z,0,ml,away,,-222,0,950.0,account_ccy,2026-08-01T14:00:00+00:00,3674044138
2026-07-26T22:07:02.009760+00:00,1624,1632709873,Hailey Cowan,Nina Milosevic,2026-08-01T14:00:00Z,0,ml,home,,319,0,950.0,account_ccy,2026-08-01T14:00:00+00:00,3674043204
2026-07-26T22:07:02.009760+00:00,1624,1632709873,Hailey Cowan,Nina Milosevic,2026-08-01T14:00:00Z,0,ml,away,,-400,0,950.0,account_ccy,2026-08-01T14:00:00+00:00,3674043204
2026-07-26T22:07:02.009760+00:00,1624,1632703344,Daniel Rodriguez,Uros Medic,2026-08-01T14:00:00Z,0,ml,home,,290,0,950.0,account_ccy,2026-08-01T14:00:00+00:00,3674041697
2026-07-26T22:07:02.009760+00:00,1624,1632703344,Daniel Rodriguez,Uros Medic,2026-08-01T14:00:00Z,0,ml,away,,-359,0,950.0,account_ccy,2026-08-01T14:00:00+00:00,3674041697
2026-07-26T22:07:02.009760+00:00,1624,1632709870,Robert Valentin,Dusko Todorovic,2026-08-01T14:00:00Z,0,ml,home,,-143,0,950.0,account_ccy,2026-08-01T14:00:00+00:00,3674042075
2026-07-26T22:07:02.009760+00:00,1624,1632709870,Robert Valentin,Dusko Todorovic,2026-08-01T14:00:00Z,0,ml,away,,122,0,950.0,account_ccy,2026-08-01T14:00:00+00:00,3674042075
2026-07-26T22:07:02.009760+00:00,1624,1632709787,Michael Oliveira,Oban Elliott,2026-08-01T14:00:00Z,0,ml,home,,-301,0,950.0,account_ccy,2026-08-01T14:00:00+00:00,3674042399
2026-07-26T22:07:02.009760+00:00,1624,1632709787,Michael Oliveira,Oban Elliott,2026-08-01T14:00:00Z,0,ml,away,,247,0,950.0,account_ccy,2026-08-01T14:00:00+00:00,3674042399
2026-07-26T22:07:02.009760+00:00,1624,1632703348,Tofiq Musayev,Ludovit Klein,2026-08-01T14:00:00Z,0,ml,home,,185,0,950.0,account_ccy,2026-08-01T14:00:00+00:00,3674042318
2026-07-26T22:07:02.009760+00:00,1624,1632703348,Tofiq Musayev,Ludovit Klein,2026-08-01T14:00:00Z,0,ml,away,,-220,0,950.0,account_ccy,2026-08-01T14:00:00+00:00,3674042318
2026-07-26T22:07:02.009760+00:00,1624,1632703347,Gilbert Urbina,Vlasto Cepo,2026-08-01T14:00:00Z,0,ml,home,,246,0,950.0,account_ccy,2026-08-01T14:00:00+00:00,3674042167
2026-07-26T22:07:02.009760+00:00,1624,1632703347,Gilbert Urbina,Vlasto Cepo,2026-08-01T14:00:00Z,0,ml,away,,-299,0,950.0,account_ccy,2026-08-01T14:00:00+00:00,3674042167
2026-07-26T22:07:02.009760+00:00,1624,1632709790,Noah Gugnon,Milos Janicic,2026-08-01T14:00:00Z,0,ml,home,,128,0,950.0,account_ccy,2026-08-01T14:00:00+00:00,3674043428
2026-07-26T22:07:02.009760+00:00,1624,1632709790,Noah Gugnon,Milos Janicic,2026-08-01T14:00:00Z,0,ml,away,,-150,0,950.0,account_ccy,2026-08-01T14:00:00+00:00,3674043428
2026-07-26T22:07:02.009760+00:00,1624,1632709872,Kyle Prepolec,Mateusz Rebecki,2026-08-01T14:00:00Z,0,ml,home,,384,0,950.0,account_ccy,2026-08-01T14:00:00+00:00,3674042816
2026-07-26T22:07:02.009760+00:00,1624,1632709872,Kyle Prepolec,Mateusz Rebecki,2026-08-01T14:00:00Z,0,ml,away,,-495,0,950.0,account_ccy,2026-08-01T14:00:00+00:00,3674042816
2026-07-26T22:07:02.009760+00:00,1624,1632066275,Gillian Robertson,Mackenzie Dern,2026-08-15T21:00:00Z,0,ml,home,,207,0,2050.0,account_ccy,2026-08-15T21:00:00+00:00,3668340679
2026-07-26T22:07:02.009760+00:00,1624,1632066275,Gillian Robertson,Mackenzie Dern,2026-08-15T21:00:00Z,0,ml,away,,-248,0,2050.0,account_ccy,2026-08-15T21:00:00+00:00,3668340679
2026-07-26T22:07:02.009760+00:00,1624,1632703346,Marcin Tybura,Aleksandar Rakic,2026-08-01T14:00:00Z,0,ml,home,,275,0,950.0,account_ccy,2026-08-01T14:00:00+00:00,3674041966
2026-07-26T22:07:02.009760+00:00,1624,1632703346,Marcin Tybura,Aleksandar Rakic,2026-08-01T14:00:00Z,0,ml,away,,-338,0,950.0,account_ccy,2026-08-01T14:00:00+00:00,3674041966
2026-07-26T22:07:02.009760+00:00,1624,1632061617,Ian Machado Garry,Islam Makhachev,2026-08-15T21:00:00Z,0,ml,home,,253,0,2050.0,account_ccy,2026-08-15T21:00:00+00:00,3669320646
2026-07-26T22:07:02.009760+00:00,1624,1632061617,Ian Machado Garry,Islam Makhachev,2026-08-15T21:00:00Z,0,ml,away,,-308,0,2050.0,account_ccy,2026-08-15T21:00:00+00:00,3669320646
2026-07-26T22:07:02.009760+00:00,1624,1632709875,Stephanie Luciano,Marina Spasic,2026-08-01T14:00:00Z,0,ml,home,,-279,0,950.0,account_ccy,2026-08-01T14:00:00+00:00,3674043564
2026-07-26T22:07:02.009760+00:00,1624,1632709875,Stephanie Luciano,Marina Spasic,2026-08-01T14:00:00Z,0,ml,away,,231,0,950.0,account_ccy,2026-08-01T14:00:00+00:00,3674043564
2026-07-26T22:07:02.009760+00:00,1624,1632710674,Bogdan Grad,Dennis Buzukja,2026-08-01T14:00:00Z,0,ml,home,,-175,0,950.0,account_ccy,2026-08-01T14:00:00+00:00,3674043344
2026-07-26T22:07:02.009760+00:00,1624,1632710674,Bogdan Grad,Dennis Buzukja,2026-08-01T14:00:00Z,0,ml,away,,149,0,950.0,account_ccy,2026-08-01T14:00:00+00:00,3674043344
2026-07-26T22:22:02.004973+00:00,1624,1632709787,Michael Oliveira,Oban Elliott,2026-08-01T14:00:00Z,0,ml,home,,-301,0,950.0,account_ccy,2026-08-01T14:00:00+00:00,3674042399
2026-07-26T22:22:02.004973+00:00,1624,1632709787,Michael Oliveira,Oban Elliott,2026-08-01T14:00:00Z,0,ml,away,,247,0,950.0,account_ccy,2026-08-01T14:00:00+00:00,3674042399
2026-07-26T22:22:02.004973+00:00,1624,1632703344,Daniel Rodriguez,Uros Medic,2026-08-01T14:00:00Z,0,ml,home,,290,0,950.0,account_ccy,2026-08-01T14:00:00+00:00,3674041697
2026-07-26T22:22:02.004973+00:00,1624,1632703344,Daniel Rodriguez,Uros Medic,2026-08-01T14:00:00Z,0,ml,away,,-359,0,950.0,account_ccy,2026-08-01T14:00:00+00:00,3674041697
2026-07-26T22:22:02.004973+00:00,1624,1632709870,Robert Valentin,Dusko Todorovic,2026-08-01T14:00:00Z,0,ml,home,,-143,0,950.0,account_ccy,2026-08-01T14:00:00+00:00,3674042075
2026-07-26T22:22:02.004973+00:00,1624,1632709870,Robert Valentin,Dusko Todorovic,2026-08-01T14:00:00Z,0,ml,away,,122,0,950.0,account_ccy,2026-08-01T14:00:00+00:00,3674042075
2026-07-26T22:22:02.004973+00:00,1624,1632709875,Stephanie Luciano,Marina Spasic,2026-08-01T14:00:00Z,0,ml,home,,-279,0,950.0,account_ccy,2026-08-01T14:00:00+00:00,3674043564
2026-07-26T22:22:02.004973+00:00,1624,1632709875,Stephanie Luciano,Marina Spasic,2026-08-01T14:00:00Z,0,ml,away,,231,0,950.0,account_ccy,2026-08-01T14:00:00+00:00,3674043564
2026-07-26T22:22:02.004973+00:00,1624,1632908874,Alexander Poppeck,Jovan Leka,2026-08-01T14:00:00Z,0,ml,home,,187,0,950.0,account_ccy,2026-08-01T14:00:00+00:00,3674044138
2026-07-26T22:22:02.004973+00:00,1624,1632908874,Alexander Poppeck,Jovan Leka,2026-08-01T14:00:00Z,0,ml,away,,-222,0,950.0,account_ccy,2026-08-01T14:00:00+00:00,3674044138
2026-07-26T22:22:02.004973+00:00,1624,1632703348,Tofiq Musayev,Ludovit Klein,2026-08-01T14:00:00Z,0,ml,home,,185,0,950.0,account_ccy,2026-08-01T14:00:00+00:00,3674042318
2026-07-26T22:22:02.004973+00:00,1624,1632703348,Tofiq Musayev,Ludovit Klein,2026-08-01T14:00:00Z,0,ml,away,,-220,0,950.0,account_ccy,2026-08-01T14:00:00+00:00,3674042318
2026-07-26T22:22:02.004973+00:00,1624,1632709790,Noah Gugnon,Milos Janicic,2026-08-01T14:00:00Z,0,ml,home,,128,0,950.0,account_ccy,2026-08-01T14:00:00+00:00,3674043428
2026-07-26T22:22:02.004973+00:00,1624,1632709790,Noah Gugnon,Milos Janicic,2026-08-01T14:00:00Z,0,ml,away,,-150,0,950.0,account_ccy,2026-08-01T14:00:00+00:00,3674043428
2026-07-26T22:22:02.004973+00:00,1624,1632703346,Marcin Tybura,Aleksandar Rakic,2026-08-01T14:00:00Z,0,ml,home,,275,0,950.0,account_ccy,2026-08-01T14:00:00+00:00,3674041966
2026-07-26T22:22:02.004973+00:00,1624,1632703346,Marcin Tybura,Aleksandar Rakic,2026-08-01T14:00:00Z,0,ml,away,,-338,0,950.0,account_ccy,2026-08-01T14:00:00+00:00,3674041966
2026-07-26T22:22:02.004973+00:00,1624,1632703347,Gilbert Urbina,Vlasto Cepo,2026-08-01T14:00:00Z,0,ml,home,,246,0,950.0,account_ccy,2026-08-01T14:00:00+00:00,3674042167
2026-07-26T22:22:02.004973+00:00,1624,1632703347,Gilbert Urbina,Vlasto Cepo,2026-08-01T14:00:00Z,0,ml,away,,-299,0,950.0,account_ccy,2026-08-01T14:00:00+00:00,3674042167
2026-07-26T22:22:02.004973+00:00,1624,1632709873,Hailey Cowan,Nina Milosevic,2026-08-01T14:00:00Z,0,ml,home,,319,0,950.0,account_ccy,2026-08-01T14:00:00+00:00,3674043204
2026-07-26T22:22:02.004973+00:00,1624,1632709873,Hailey Cowan,Nina Milosevic,2026-08-01T14:00:00Z,0,ml,away,,-400,0,950.0,account_ccy,2026-08-01T14:00:00+00:00,3674043204
2026-07-26T22:22:02.004973+00:00,1624,1632710674,Bogdan Grad,Dennis Buzukja,2026-08-01T14:00:00Z,0,ml,home,,-175,0,950.0,account_ccy,2026-08-01T14:00:00+00:00,3674043344
2026-07-26T22:22:02.004973+00:00,1624,1632710674,Bogdan Grad,Dennis Buzukja,2026-08-01T14:00:00Z,0,ml,away,,149,0,950.0,account_ccy,2026-08-01T14:00:00+00:00,3674043344
2026-07-26T22:22:02.004973+00:00,1624,1632066275,Gillian Robertson,Mackenzie Dern,2026-08-15T21:00:00Z,0,ml,home,,207,0,2050.0,account_ccy,2026-08-15T21:00:00+00:00,3668340679
2026-07-26T22:22:02.004973+00:00,1624,1632066275,Gillian Robertson,Mackenzie Dern,2026-08-15T21:00:00Z,0,ml,away,,-248,0,2050.0,account_ccy,2026-08-15T21:00:00+00:00,3668340679
2026-07-26T22:22:02.004973+00:00,1624,1632703345,Navajo Stirling,Jan Blachowicz,2026-08-01T14:00:00Z,0,ml,home,,-310,0,950.0,account_ccy,2026-08-01T14:00:00+00:00,3674041850
2026-07-26T22:22:02.004973+00:00,1624,1632703345,Navajo Stirling,Jan Blachowicz,2026-08-01T14:00:00Z,0,ml,away,,254,0,950.0,account_ccy,2026-08-01T14:00:00+00:00,3674041850
2026-07-26T22:22:02.004973+00:00,1624,1632709872,Kyle Prepolec,Mateusz Rebecki,2026-08-01T14:00:00Z,0,ml,home,,384,0,950.0,account_ccy,2026-08-01T14:00:00+00:00,3674042816
2026-07-26T22:22:02.004973+00:00,1624,1632709872,Kyle Prepolec,Mateusz Rebecki,2026-08-01T14:00:00Z,0,ml,away,,-495,0,950.0,account_ccy,2026-08-01T14:00:00+00:00,3674042816
2026-07-26T22:22:02.004973+00:00,1624,1632061617,Ian Machado Garry,Islam Makhachev,2026-08-15T21:00:00Z,0,ml,home,,253,0,2050.0,account_ccy,2026-08-15T21:00:00+00:00,3669320646
2026-07-26T22:22:02.004973+00:00,1624,1632061617,Ian Machado Garry,Islam Makhachev,2026-08-15T21:00:00Z,0,ml,away,,-308,0,2050.0,account_ccy,2026-08-15T21:00:00+00:00,3669320646
2026-07-26T22:37:02.009371+00:00,1624,1632703346,Marcin Tybura,Aleksandar Rakic,2026-08-01T14:00:00Z,0,ml,home,,275,0,950.0,account_ccy,2026-08-01T14:00:00+00:00,3674041966
2026-07-26T22:37:02.009371+00:00,1624,1632703346,Marcin Tybura,Aleksandar Rakic,2026-08-01T14:00:00Z,0,ml,away,,-338,0,950.0,account_ccy,2026-08-01T14:00:00+00:00,3674041966
2026-07-26T22:37:02.009371+00:00,1624,1632710674,Bogdan Grad,Dennis Buzukja,2026-08-01T14:00:00Z,0,ml,home,,-175,0,950.0,account_ccy,2026-08-01T14:00:00+00:00,3674043344
2026-07-26T22:37:02.009371+00:00,1624,1632710674,Bogdan Grad,Dennis Buzukja,2026-08-01T14:00:00Z,0,ml,away,,149,0,950.0,account_ccy,2026-08-01T14:00:00+00:00,3674043344
2026-07-26T22:37:02.009371+00:00,1624,1632703345,Navajo Stirling,Jan Blachowicz,2026-08-01T14:00:00Z,0,ml,home,,-310,0,950.0,account_ccy,2026-08-01T14:00:00+00:00,3674041850
2026-07-26T22:37:02.009371+00:00,1624,1632703345,Navajo Stirling,Jan Blachowicz,2026-08-01T14:00:00Z,0,ml,away,,254,0,950.0,account_ccy,2026-08-01T14:00:00+00:00,3674041850
2026-07-26T22:37:02.009371+00:00,1624,1632709870,Robert Valentin,Dusko Todorovic,2026-08-01T14:00:00Z,0,ml,home,,-143,0,950.0,account_ccy,2026-08-01T14:00:00+00:00,3674042075
2026-07-26T22:37:02.009371+00:00,1624,1632709870,Robert Valentin,Dusko Todorovic,2026-08-01T14:00:00Z,0,ml,away,,122,0,950.0,account_ccy,2026-08-01T14:00:00+00:00,3674042075
2026-07-26T22:37:02.009371+00:00,1624,1632709787,Michael Oliveira,Oban Elliott,2026-08-01T14:00:00Z,0,ml,home,,-301,0,950.0,account_ccy,2026-08-01T14:00:00+00:00,3674042399
2026-07-26T22:37:02.009371+00:00,1624,1632709787,Michael Oliveira,Oban Elliott,2026-08-01T14:00:00Z,0,ml,away,,247,0,950.0,account_ccy,2026-08-01T14:00:00+00:00,3674042399
2026-07-26T22:37:02.009371+00:00,1624,1632703344,Daniel Rodriguez,Uros Medic,2026-08-01T14:00:00Z,0,ml,home,,290,0,950.0,account_ccy,2026-08-01T14:00:00+00:00,3674041697
2026-07-26T22:37:02.009371+00:00,1624,1632703344,Daniel Rodriguez,Uros Medic,2026-08-01T14:00:00Z,0,ml,away,,-359,0,950.0,account_ccy,2026-08-01T14:00:00+00:00,3674041697
2026-07-26T22:37:02.009371+00:00,1624,1632908874,Alexander Poppeck,Jovan Leka,2026-08-01T14:00:00Z,0,ml,home,,187,0,950.0,account_ccy,2026-08-01T14:00:00+00:00,3674044138
2026-07-26T22:37:02.009371+00:00,1624,1632908874,Alexander Poppeck,Jovan Leka,2026-08-01T14:00:00Z,0,ml,away,,-222,0,950.0,account_ccy,2026-08-01T14:00:00+00:00,3674044138
2026-07-26T22:37:02.009371+00:00,1624,1632709872,Kyle Prepolec,Mateusz Rebecki,2026-08-01T14:00:00Z,0,ml,home,,384,0,950.0,account_ccy,2026-08-01T14:00:00+00:00,3674042816
2026-07-26T22:37:02.009371+00:00,1624,1632709872,Kyle Prepolec,Mateusz Rebecki,2026-08-01T14:00:00Z,0,ml,away,,-495,0,950.0,account_ccy,2026-08-01T14:00:00+00:00,3674042816
2026-07-26T22:37:02.009371+00:00,1624,1632061617,Ian Machado Garry,Islam Makhachev,2026-08-15T21:00:00Z,0,ml,home,,253,0,2050.0,account_ccy,2026-08-15T21:00:00+00:00,3669320646
2026-07-26T22:37:02.009371+00:00,1624,1632061617,Ian Machado Garry,Islam Makhachev,2026-08-15T21:00:00Z,0,ml,away,,-308,0,2050.0,account_ccy,2026-08-15T21:00:00+00:00,3669320646
2026-07-26T22:37:02.009371+00:00,1624,1632703348,Tofiq Musayev,Ludovit Klein,2026-08-01T14:00:00Z,0,ml,home,,185,0,950.0,account_ccy,2026-08-01T14:00:00+00:00,3674042318
2026-07-26T22:37:02.009371+00:00,1624,1632703348,Tofiq Musayev,Ludovit Klein,2026-08-01T14:00:00Z,0,ml,away,,-220,0,950.0,account_ccy,2026-08-01T14:00:00+00:00,3674042318
2026-07-26T22:37:02.009371+00:00,1624,1632709790,Noah Gugnon,Milos Janicic,2026-08-01T14:00:00Z,0,ml,home,,128,0,950.0,account_ccy,2026-08-01T14:00:00+00:00,3674043428
2026-07-26T22:37:02.009371+00:00,1624,1632709790,Noah Gugnon,Milos Janicic,2026-08-01T14:00:00Z,0,ml,away,,-150,0,950.0,account_ccy,2026-08-01T14:00:00+00:00,3674043428
2026-07-26T22:37:02.009371+00:00,1624,1632709875,Stephanie Luciano,Marina Spasic,2026-08-01T14:00:00Z,0,ml,home,,-279,0,950.0,account_ccy,2026-08-01T14:00:00+00:00,3674043564
2026-07-26T22:37:02.009371+00:00,1624,1632709875,Stephanie Luciano,Marina Spasic,2026-08-01T14:00:00Z,0,ml,away,,231,0,950.0,account_ccy,2026-08-01T14:00:00+00:00,3674043564
2026-07-26T22:37:02.009371+00:00,1624,1632703347,Gilbert Urbina,Vlasto Cepo,2026-08-01T14:00:00Z,0,ml,home,,246,0,950.0,account_ccy,2026-08-01T14:00:00+00:00,3674042167
2026-07-26T22:37:02.009371+00:00,1624,1632703347,Gilbert Urbina,Vlasto Cepo,2026-08-01T14:00:00Z,0,ml,away,,-299,0,950.0,account_ccy,2026-08-01T14:00:00+00:00,3674042167
2026-07-26T22:37:02.009371+00:00,1624,1632709873,Hailey Cowan,Nina Milosevic,2026-08-01T14:00:00Z,0,ml,home,,319,0,950.0,account_ccy,2026-08-01T14:00:00+00:00,3674043204
2026-07-26T22:37:02.009371+00:00,1624,1632709873,Hailey Cowan,Nina Milosevic,2026-08-01T14:00:00Z,0,ml,away,,-400,0,950.0,account_ccy,2026-08-01T14:00:00+00:00,3674043204
2026-07-26T22:37:02.009371+00:00,1624,1632066275,Gillian Robertson,Mackenzie Dern,2026-08-15T21:00:00Z,0,ml,home,,207,0,2050.0,account_ccy,2026-08-15T21:00:00+00:00,3668340679
2026-07-26T22:37:02.009371+00:00,1624,1632066275,Gillian Robertson,Mackenzie Dern,2026-08-15T21:00:00Z,0,ml,away,,-248,0,2050.0,account_ccy,2026-08-15T21:00:00+00:00,3668340679
2026-07-26T22:52:02.019485+00:00,1624,1632703346,Marcin Tybura,Aleksandar Rakic,2026-08-01T14:00:00Z,0,ml,home,,275,0,950.0,account_ccy,2026-08-01T14:00:00+00:00,3674041966
2026-07-26T22:52:02.019485+00:00,1624,1632703346,Marcin Tybura,Aleksandar Rakic,2026-08-01T14:00:00Z,0,ml,away,,-338,0,950.0,account_ccy,2026-08-01T14:00:00+00:00,3674041966
2026-07-26T22:52:02.019485+00:00,1624,1632710674,Bogdan Grad,Dennis Buzukja,2026-08-01T14:00:00Z,0,ml,home,,-175,0,950.0,account_ccy,2026-08-01T14:00:00+00:00,3674043344
2026-07-26T22:52:02.019485+00:00,1624,1632710674,Bogdan Grad,Dennis Buzukja,2026-08-01T14:00:00Z,0,ml,away,,149,0,950.0,account_ccy,2026-08-01T14:00:00+00:00,3674043344
2026-07-26T22:52:02.019485+00:00,1624,1632703345,Navajo Stirling,Jan Blachowicz,2026-08-01T14:00:00Z,0,ml,home,,-310,0,950.0,account_ccy,2026-08-01T14:00:00+00:00,3674041850
2026-07-26T22:52:02.019485+00:00,1624,1632703345,Navajo Stirling,Jan Blachowicz,2026-08-01T14:00:00Z,0,ml,away,,254,0,950.0,account_ccy,2026-08-01T14:00:00+00:00,3674041850
2026-07-26T22:52:02.019485+00:00,1624,1632709870,Robert Valentin,Dusko Todorovic,2026-08-01T14:00:00Z,0,ml,home,,-147,0,950.0,account_ccy,2026-08-01T14:00:00+00:00,3674070830
2026-07-26T22:52:02.019485+00:00,1624,1632709870,Robert Valentin,Dusko Todorovic,2026-08-01T14:00:00Z,0,ml,away,,126,0,950.0,account_ccy,2026-08-01T14:00:00+00:00,3674070830
2026-07-26T22:52:02.019485+00:00,1624,1632709787,Michael Oliveira,Oban Elliott,2026-08-01T14:00:00Z,0,ml,home,,-301,0,950.0,account_ccy,2026-08-01T14:00:00+00:00,3674042399
2026-07-26T22:52:02.019485+00:00,1624,1632709787,Michael Oliveira,Oban Elliott,2026-08-01T14:00:00Z,0,ml,away,,247,0,950.0,account_ccy,2026-08-01T14:00:00+00:00,3674042399
2026-07-26T22:52:02.019485+00:00,1624,1632703344,Daniel Rodriguez,Uros Medic,2026-08-01T14:00:00Z,0,ml,home,,290,0,950.0,account_ccy,2026-08-01T14:00:00+00:00,3674041697
2026-07-26T22:52:02.019485+00:00,1624,1632703344,Daniel Rodriguez,Uros Medic,2026-08-01T14:00:00Z,0,ml,away,,-359,0,950.0,account_ccy,2026-08-01T14:00:00+00:00,3674041697
2026-07-26T22:52:02.019485+00:00,1624,1632908874,Alexander Poppeck,Jovan Leka,2026-08-01T14:00:00Z,0,ml,home,,187,0,950.0,account_ccy,2026-08-01T14:00:00+00:00,3674044138
2026-07-26T22:52:02.019485+00:00,1624,1632908874,Alexander Poppeck,Jovan Leka,2026-08-01T14:00:00Z,0,ml,away,,-222,0,950.0,account_ccy,2026-08-01T14:00:00+00:00,3674044138
2026-07-26T22:52:02.019485+00:00,1624,1632709872,Kyle Prepolec,Mateusz Rebecki,2026-08-01T14:00:00Z,0,ml,home,,384,0,950.0,account_ccy,2026-08-01T14:00:00+00:00,3674042816
2026-07-26T22:52:02.019485+00:00,1624,1632709872,Kyle Prepolec,Mateusz Rebecki,2026-08-01T14:00:00Z,0,ml,away,,-495,0,950.0,account_ccy,2026-08-01T14:00:00+00:00,3674042816
2026-07-26T22:52:02.019485+00:00,1624,1632061617,Ian Machado Garry,Islam Makhachev,2026-08-15T21:00:00Z,0,ml,home,,253,0,2050.0,account_ccy,2026-08-15T21:00:00+00:00,3669320646
2026-07-26T22:52:02.019485+00:00,1624,1632061617,Ian Machado Garry,Islam Makhachev,2026-08-15T21:00:00Z,0,ml,away,,-308,0,2050.0,account_ccy,2026-08-15T21:00:00+00:00,3669320646
2026-07-26T22:52:02.019485+00:00,1624,1632703348,Tofiq Musayev,Ludovit Klein,2026-08-01T14:00:00Z,0,ml,home,,185,0,950.0,account_ccy,2026-08-01T14:00:00+00:00,3674042318
2026-07-26T22:52:02.019485+00:00,1624,1632703348,Tofiq Musayev,Ludovit Klein,2026-08-01T14:00:00Z,0,ml,away,,-220,0,950.0,account_ccy,2026-08-01T14:00:00+00:00,3674042318
2026-07-26T22:52:02.019485+00:00,1624,1632709790,Noah Gugnon,Milos Janicic,2026-08-01T14:00:00Z,0,ml,home,,128,0,950.0,account_ccy,2026-08-01T14:00:00+00:00,3674043428
2026-07-26T22:52:02.019485+00:00,1624,1632709790,Noah Gugnon,Milos Janicic,2026-08-01T14:00:00Z,0,ml,away,,-150,0,950.0,account_ccy,2026-08-01T14:00:00+00:00,3674043428
2026-07-26T22:52:02.019485+00:00,1624,1632709875,Stephanie Luciano,Marina Spasic,2026-08-01T14:00:00Z,0,ml,home,,-279,0,950.0,account_ccy,2026-08-01T14:00:00+00:00,3674043564
2026-07-26T22:52:02.019485+00:00,1624,1632709875,Stephanie Luciano,Marina Spasic,2026-08-01T14:00:00Z,0,ml,away,,231,0,950.0,account_ccy,2026-08-01T14:00:00+00:00,3674043564
2026-07-26T22:52:02.019485+00:00,1624,1632703347,Gilbert Urbina,Vlasto Cepo,2026-08-01T14:00:00Z,0,ml,home,,246,0,950.0,account_ccy,2026-08-01T14:00:00+00:00,3674042167
2026-07-26T22:52:02.019485+00:00,1624,1632703347,Gilbert Urbina,Vlasto Cepo,2026-08-01T14:00:00Z,0,ml,away,,-299,0,950.0,account_ccy,2026-08-01T14:00:00+00:00,3674042167
2026-07-26T22:52:02.019485+00:00,1624,1632709873,Hailey Cowan,Nina Milosevic,2026-08-01T14:00:00Z,0,ml,home,,319,0,950.0,account_ccy,2026-08-01T14:00:00+00:00,3674043204
2026-07-26T22:52:02.019485+00:00,1624,1632709873,Hailey Cowan,Nina Milosevic,2026-08-01T14:00:00Z,0,ml,away,,-400,0,950.0,account_ccy,2026-08-01T14:00:00+00:00,3674043204
2026-07-26T22:52:02.019485+00:00,1624,1632066275,Gillian Robertson,Mackenzie Dern,2026-08-15T21:00:00Z,0,ml,home,,207,0,2050.0,account_ccy,2026-08-15T21:00:00+00:00,3668340679
2026-07-26T22:52:02.019485+00:00,1624,1632066275,Gillian Robertson,Mackenzie Dern,2026-08-15T21:00:00Z,0,ml,away,,-248,0,2050.0,account_ccy,2026-08-15T21:00:00+00:00,3668340679
2026-07-26T23:07:02.003844+00:00,1624,1632710674,Bogdan Grad,Dennis Buzukja,2026-08-01T14:00:00Z,0,ml,home,,-175,0,950.0,account_ccy,2026-08-01T14:00:00+00:00,3674043344
2026-07-26T23:07:02.003844+00:00,1624,1632710674,Bogdan Grad,Dennis Buzukja,2026-08-01T14:00:00Z,0,ml,away,,149,0,950.0,account_ccy,2026-08-01T14:00:00+00:00,3674043344
2026-07-26T23:07:02.003844+00:00,1624,1632709875,Stephanie Luciano,Marina Spasic,2026-08-01T14:00:00Z,0,ml,home,,-279,0,950.0,account_ccy,2026-08-01T14:00:00+00:00,3674043564
2026-07-26T23:07:02.003844+00:00,1624,1632709875,Stephanie Luciano,Marina Spasic,2026-08-01T14:00:00Z,0,ml,away,,231,0,950.0,account_ccy,2026-08-01T14:00:00+00:00,3674043564
2026-07-26T23:07:02.003844+00:00,1624,1632066275,Gillian Robertson,Mackenzie Dern,2026-08-15T21:00:00Z,0,ml,home,,207,0,2050.0,account_ccy,2026-08-15T21:00:00+00:00,3668340679
2026-07-26T23:07:02.003844+00:00,1624,1632066275,Gillian Robertson,Mackenzie Dern,2026-08-15T21:00:00Z,0,ml,away,,-248,0,2050.0,account_ccy,2026-08-15T21:00:00+00:00,3668340679
2026-07-26T23:07:02.003844+00:00,1624,1632709873,Hailey Cowan,Nina Milosevic,2026-08-01T14:00:00Z,0,ml,home,,319,0,950.0,account_ccy,2026-08-01T14:00:00+00:00,3674043204
2026-07-26T23:07:02.003844+00:00,1624,1632709873,Hailey Cowan,Nina Milosevic,2026-08-01T14:00:00Z,0,ml,away,,-400,0,950.0,account_ccy,2026-08-01T14:00:00+00:00,3674043204
2026-07-26T23:07:02.003844+00:00,1624,1632703345,Navajo Stirling,Jan Blachowicz,2026-08-01T14:00:00Z,0,ml,home,,-310,0,950.0,account_ccy,2026-08-01T14:00:00+00:00,3674041850
2026-07-26T23:07:02.003844+00:00,1624,1632703345,Navajo Stirling,Jan Blachowicz,2026-08-01T14:00:00Z,0,ml,away,,254,0,950.0,account_ccy,2026-08-01T14:00:00+00:00,3674041850
2026-07-26T23:07:02.003844+00:00,1624,1632709872,Kyle Prepolec,Mateusz Rebecki,2026-08-01T14:00:00Z,0,ml,home,,384,0,950.0,account_ccy,2026-08-01T14:00:00+00:00,3674042816
2026-07-26T23:07:02.003844+00:00,1624,1632709872,Kyle Prepolec,Mateusz Rebecki,2026-08-01T14:00:00Z,0,ml,away,,-495,0,950.0,account_ccy,2026-08-01T14:00:00+00:00,3674042816
2026-07-26T23:07:02.003844+00:00,1624,1632709787,Michael Oliveira,Oban Elliott,2026-08-01T14:00:00Z,0,ml,home,,-301,0,950.0,account_ccy,2026-08-01T14:00:00+00:00,3674042399
2026-07-26T23:07:02.003844+00:00,1624,1632709787,Michael Oliveira,Oban Elliott,2026-08-01T14:00:00Z,0,ml,away,,247,0,950.0,account_ccy,2026-08-01T14:00:00+00:00,3674042399
2026-07-26T23:07:02.003844+00:00,1624,1632061617,Ian Machado Garry,Islam Makhachev,2026-08-15T21:00:00Z,0,ml,home,,253,0,2050.0,account_ccy,2026-08-15T21:00:00+00:00,3669320646
2026-07-26T23:07:02.003844+00:00,1624,1632061617,Ian Machado Garry,Islam Makhachev,2026-08-15T21:00:00Z,0,ml,away,,-308,0,2050.0,account_ccy,2026-08-15T21:00:00+00:00,3669320646
2026-07-26T23:07:02.003844+00:00,1624,1632709790,Noah Gugnon,Milos Janicic,2026-08-01T14:00:00Z,0,ml,home,,128,0,950.0,account_ccy,2026-08-01T14:00:00+00:00,3674043428
2026-07-26T23:07:02.003844+00:00,1624,1632709790,Noah Gugnon,Milos Janicic,2026-08-01T14:00:00Z,0,ml,away,,-150,0,950.0,account_ccy,2026-08-01T14:00:00+00:00,3674043428
2026-07-26T23:07:02.003844+00:00,1624,1632703347,Gilbert Urbina,Vlasto Cepo,2026-08-01T14:00:00Z,0,ml,home,,246,0,950.0,account_ccy,2026-08-01T14:00:00+00:00,3674042167
2026-07-26T23:07:02.003844+00:00,1624,1632703347,Gilbert Urbina,Vlasto Cepo,2026-08-01T14:00:00Z,0,ml,away,,-299,0,950.0,account_ccy,2026-08-01T14:00:00+00:00,3674042167
2026-07-26T23:07:02.003844+00:00,1624,1632709870,Robert Valentin,Dusko Todorovic,2026-08-01T14:00:00Z,0,ml,home,,-147,0,950.0,account_ccy,2026-08-01T14:00:00+00:00,3674070830
2026-07-26T23:07:02.003844+00:00,1624,1632709870,Robert Valentin,Dusko Todorovic,2026-08-01T14:00:00Z,0,ml,away,,126,0,950.0,account_ccy,2026-08-01T14:00:00+00:00,3674070830
2026-07-26T23:07:02.003844+00:00,1624,1632703348,Tofiq Musayev,Ludovit Klein,2026-08-01T14:00:00Z,0,ml,home,,185,0,950.0,account_ccy,2026-08-01T14:00:00+00:00,3674042318
2026-07-26T23:07:02.003844+00:00,1624,1632703348,Tofiq Musayev,Ludovit Klein,2026-08-01T14:00:00Z,0,ml,away,,-220,0,950.0,account_ccy,2026-08-01T14:00:00+00:00,3674042318
2026-07-26T23:07:02.003844+00:00,1624,1632908874,Alexander Poppeck,Jovan Leka,2026-08-01T14:00:00Z,0,ml,home,,187,0,950.0,account_ccy,2026-08-01T14:00:00+00:00,3674044138
2026-07-26T23:07:02.003844+00:00,1624,1632908874,Alexander Poppeck,Jovan Leka,2026-08-01T14:00:00Z,0,ml,away,,-222,0,950.0,account_ccy,2026-08-01T14:00:00+00:00,3674044138
2026-07-26T23:07:02.003844+00:00,1624,1632703344,Daniel Rodriguez,Uros Medic,2026-08-01T14:00:00Z,0,ml,home,,290,0,950.0,account_ccy,2026-08-01T14:00:00+00:00,3674041697
2026-07-26T23:07:02.003844+00:00,1624,1632703344,Daniel Rodriguez,Uros Medic,2026-08-01T14:00:00Z,0,ml,away,,-359,0,950.0,account_ccy,2026-08-01T14:00:00+00:00,3674041697
2026-07-26T23:07:02.003844+00:00,1624,1632703346,Marcin Tybura,Aleksandar Rakic,2026-08-01T14:00:00Z,0,ml,home,,275,0,950.0,account_ccy,2026-08-01T14:00:00+00:00,3674041966
2026-07-26T23:07:02.003844+00:00,1624,1632703346,Marcin Tybura,Aleksandar Rakic,2026-08-01T14:00:00Z,0,ml,away,,-338,0,950.0,account_ccy,2026-08-01T14:00:00+00:00,3674041966
2026-07-26T23:22:02.000953+00:00,1624,1632709870,Robert Valentin,Dusko Todorovic,2026-08-01T14:00:00Z,0,ml,home,,-147,0,950.0,account_ccy,2026-08-01T14:00:00+00:00,3674070830
2026-07-26T23:22:02.000953+00:00,1624,1632709870,Robert Valentin,Dusko Todorovic,2026-08-01T14:00:00Z,0,ml,away,,126,0,950.0,account_ccy,2026-08-01T14:00:00+00:00,3674070830
2026-07-26T23:22:02.000953+00:00,1624,1632703348,Tofiq Musayev,Ludovit Klein,2026-08-01T14:00:00Z,0,ml,home,,185,0,950.0,account_ccy,2026-08-01T14:00:00+00:00,3674042318
2026-07-26T23:22:02.000953+00:00,1624,1632703348,Tofiq Musayev,Ludovit Klein,2026-08-01T14:00:00Z,0,ml,away,,-220,0,950.0,account_ccy,2026-08-01T14:00:00+00:00,3674042318
2026-07-26T23:22:02.000953+00:00,1624,1632703344,Daniel Rodriguez,Uros Medic,2026-08-01T14:00:00Z,0,ml,home,,290,0,950.0,account_ccy,2026-08-01T14:00:00+00:00,3674041697
2026-07-26T23:22:02.000953+00:00,1624,1632703344,Daniel Rodriguez,Uros Medic,2026-08-01T14:00:00Z,0,ml,away,,-359,0,950.0,account_ccy,2026-08-01T14:00:00+00:00,3674041697
2026-07-26T23:22:02.000953+00:00,1624,1632709875,Stephanie Luciano,Marina Spasic,2026-08-01T14:00:00Z,0,ml,home,,-279,0,950.0,account_ccy,2026-08-01T14:00:00+00:00,3674043564
2026-07-26T23:22:02.000953+00:00,1624,1632709875,Stephanie Luciano,Marina Spasic,2026-08-01T14:00:00Z,0,ml,away,,231,0,950.0,account_ccy,2026-08-01T14:00:00+00:00,3674043564
2026-07-26T23:22:02.000953+00:00,1624,1632710674,Bogdan Grad,Dennis Buzukja,2026-08-01T14:00:00Z,0,ml,home,,-175,0,950.0,account_ccy,2026-08-01T14:00:00+00:00,3674043344
2026-07-26T23:22:02.000953+00:00,1624,1632710674,Bogdan Grad,Dennis Buzukja,2026-08-01T14:00:00Z,0,ml,away,,149,0,950.0,account_ccy,2026-08-01T14:00:00+00:00,3674043344
2026-07-26T23:22:02.000953+00:00,1624,1632709790,Noah Gugnon,Milos Janicic,2026-08-01T14:00:00Z,0,ml,home,,128,0,950.0,account_ccy,2026-08-01T14:00:00+00:00,3674043428
2026-07-26T23:22:02.000953+00:00,1624,1632709790,Noah Gugnon,Milos Janicic,2026-08-01T14:00:00Z,0,ml,away,,-150,0,950.0,account_ccy,2026-08-01T14:00:00+00:00,3674043428
2026-07-26T23:22:02.000953+00:00,1624,1632709787,Michael Oliveira,Oban Elliott,2026-08-01T14:00:00Z,0,ml,home,,-301,0,950.0,account_ccy,2026-08-01T14:00:00+00:00,3674042399
2026-07-26T23:22:02.000953+00:00,1624,1632709787,Michael Oliveira,Oban Elliott,2026-08-01T14:00:00Z,0,ml,away,,247,0,950.0,account_ccy,2026-08-01T14:00:00+00:00,3674042399
2026-07-26T23:22:02.000953+00:00,1624,1632703347,Gilbert Urbina,Vlasto Cepo,2026-08-01T14:00:00Z,0,ml,home,,246,0,950.0,account_ccy,2026-08-01T14:00:00+00:00,3674042167
2026-07-26T23:22:02.000953+00:00,1624,1632703347,Gilbert Urbina,Vlasto Cepo,2026-08-01T14:00:00Z,0,ml,away,,-299,0,950.0,account_ccy,2026-08-01T14:00:00+00:00,3674042167
2026-07-26T23:22:02.000953+00:00,1624,1632908874,Alexander Poppeck,Jovan Leka,2026-08-01T14:00:00Z,0,ml,home,,187,0,950.0,account_ccy,2026-08-01T14:00:00+00:00,3674044138
2026-07-26T23:22:02.000953+00:00,1624,1632908874,Alexander Poppeck,Jovan Leka,2026-08-01T14:00:00Z,0,ml,away,,-222,0,950.0,account_ccy,2026-08-01T14:00:00+00:00,3674044138
2026-07-26T23:22:02.000953+00:00,1624,1632709872,Kyle Prepolec,Mateusz Rebecki,2026-08-01T14:00:00Z,0,ml,home,,384,0,950.0,account_ccy,2026-08-01T14:00:00+00:00,3674042816
2026-07-26T23:22:02.000953+00:00,1624,1632709872,Kyle Prepolec,Mateusz Rebecki,2026-08-01T14:00:00Z,0,ml,away,,-495,0,950.0,account_ccy,2026-08-01T14:00:00+00:00,3674042816
2026-07-26T23:22:02.000953+00:00,1624,1632709873,Hailey Cowan,Nina Milosevic,2026-08-01T14:00:00Z,0,ml,home,,319,0,950.0,account_ccy,2026-08-01T14:00:00+00:00,3674043204
2026-07-26T23:22:02.000953+00:00,1624,1632709873,Hailey Cowan,Nina Milosevic,2026-08-01T14:00:00Z,0,ml,away,,-400,0,950.0,account_ccy,2026-08-01T14:00:00+00:00,3674043204
2026-07-26T23:22:02.000953+00:00,1624,1632066275,Gillian Robertson,Mackenzie Dern,2026-08-15T21:00:00Z,0,ml,home,,207,0,2050.0,account_ccy,2026-08-15T21:00:00+00:00,3668340679
2026-07-26T23:22:02.000953+00:00,1624,1632066275,Gillian Robertson,Mackenzie Dern,2026-08-15T21:00:00Z,0,ml,away,,-248,0,2050.0,account_ccy,2026-08-15T21:00:00+00:00,3668340679
2026-07-26T23:22:02.000953+00:00,1624,1632061617,Ian Machado Garry,Islam Makhachev,2026-08-15T21:00:00Z,0,ml,home,,253,0,2050.0,account_ccy,2026-08-15T21:00:00+00:00,3669320646
2026-07-26T23:22:02.000953+00:00,1624,1632061617,Ian Machado Garry,Islam Makhachev,2026-08-15T21:00:00Z,0,ml,away,,-308,0,2050.0,account_ccy,2026-08-15T21:00:00+00:00,3669320646
2026-07-26T23:22:02.000953+00:00,1624,1632703346,Marcin Tybura,Aleksandar Rakic,2026-08-01T14:00:00Z,0,ml,home,,275,0,950.0,account_ccy,2026-08-01T14:00:00+00:00,3674041966
2026-07-26T23:22:02.000953+00:00,1624,1632703346,Marcin Tybura,Aleksandar Rakic,2026-08-01T14:00:00Z,0,ml,away,,-338,0,950.0,account_ccy,2026-08-01T14:00:00+00:00,3674041966
2026-07-26T23:22:02.000953+00:00,1624,1632703345,Navajo Stirling,Jan Blachowicz,2026-08-01T14:00:00Z,0,ml,home,,-310,0,950.0,account_ccy,2026-08-01T14:00:00+00:00,3674041850
2026-07-26T23:22:02.000953+00:00,1624,1632703345,Navajo Stirling,Jan Blachowicz,2026-08-01T14:00:00Z,0,ml,away,,254,0,950.0,account_ccy,2026-08-01T14:00:00+00:00,3674041850
2026-07-26T23:37:02.017265+00:00,1624,1632703346,Marcin Tybura,Aleksandar Rakic,2026-08-01T14:00:00Z,0,ml,home,,275,0,950.0,account_ccy,2026-08-01T14:00:00+00:00,3674041966
2026-07-26T23:37:02.017265+00:00,1624,1632703346,Marcin Tybura,Aleksandar Rakic,2026-08-01T14:00:00Z,0,ml,away,,-338,0,950.0,account_ccy,2026-08-01T14:00:00+00:00,3674041966
2026-07-26T23:37:02.017265+00:00,1624,1632710674,Bogdan Grad,Dennis Buzukja,2026-08-01T14:00:00Z,0,ml,home,,-177,0,950.0,account_ccy,2026-08-01T14:00:00+00:00,3674098911
2026-07-26T23:37:02.017265+00:00,1624,1632710674,Bogdan Grad,Dennis Buzukja,2026-08-01T14:00:00Z,0,ml,away,,151,0,950.0,account_ccy,2026-08-01T14:00:00+00:00,3674098911
2026-07-26T23:37:02.017265+00:00,1624,1632703345,Navajo Stirling,Jan Blachowicz,2026-08-01T14:00:00Z,0,ml,home,,-310,0,950.0,account_ccy,2026-08-01T14:00:00+00:00,3674041850
2026-07-26T23:37:02.017265+00:00,1624,1632703345,Navajo Stirling,Jan Blachowicz,2026-08-01T14:00:00Z,0,ml,away,,254,0,950.0,account_ccy,2026-08-01T14:00:00+00:00,3674041850
2026-07-26T23:37:02.017265+00:00,1624,1632709870,Robert Valentin,Dusko Todorovic,2026-08-01T14:00:00Z,0,ml,home,,-147,0,950.0,account_ccy,2026-08-01T14:00:00+00:00,3674070830
2026-07-26T23:37:02.017265+00:00,1624,1632709870,Robert Valentin,Dusko Todorovic,2026-08-01T14:00:00Z,0,ml,away,,126,0,950.0,account_ccy,2026-08-01T14:00:00+00:00,3674070830
2026-07-26T23:37:02.017265+00:00,1624,1632709787,Michael Oliveira,Oban Elliott,2026-08-01T14:00:00Z,0,ml,home,,-301,0,950.0,account_ccy,2026-08-01T14:00:00+00:00,3674042399
2026-07-26T23:37:02.017265+00:00,1624,1632709787,Michael Oliveira,Oban Elliott,2026-08-01T14:00:00Z,0,ml,away,,247,0,950.0,account_ccy,2026-08-01T14:00:00+00:00,3674042399
2026-07-26T23:37:02.017265+00:00,1624,1632703344,Daniel Rodriguez,Uros Medic,2026-08-01T14:00:00Z,0,ml,home,,290,0,950.0,account_ccy,2026-08-01T14:00:00+00:00,3674041697
2026-07-26T23:37:02.017265+00:00,1624,1632703344,Daniel Rodriguez,Uros Medic,2026-08-01T14:00:00Z,0,ml,away,,-359,0,950.0,account_ccy,2026-08-01T14:00:00+00:00,3674041697
2026-07-26T23:37:02.017265+00:00,1624,1632908874,Alexander Poppeck,Jovan Leka,2026-08-01T14:00:00Z,0,ml,home,,187,0,950.0,account_ccy,2026-08-01T14:00:00+00:00,3674044138
2026-07-26T23:37:02.017265+00:00,1624,1632908874,Alexander Poppeck,Jovan Leka,2026-08-01T14:00:00Z,0,ml,away,,-222,0,950.0,account_ccy,2026-08-01T14:00:00+00:00,3674044138
2026-07-26T23:37:02.017265+00:00,1624,1632709872,Kyle Prepolec,Mateusz Rebecki,2026-08-01T14:00:00Z,0,ml,home,,384,0,950.0,account_ccy,2026-08-01T14:00:00+00:00,3674042816
2026-07-26T23:37:02.017265+00:00,1624,1632709872,Kyle Prepolec,Mateusz Rebecki,2026-08-01T14:00:00Z,0,ml,away,,-495,0,950.0,account_ccy,2026-08-01T14:00:00+00:00,3674042816
2026-07-26T23:37:02.017265+00:00,1624,1632061617,Ian Machado Garry,Islam Makhachev,2026-08-15T21:00:00Z,0,ml,home,,253,0,2050.0,account_ccy,2026-08-15T21:00:00+00:00,3669320646
2026-07-26T23:37:02.017265+00:00,1624,1632061617,Ian Machado Garry,Islam Makhachev,2026-08-15T21:00:00Z,0,ml,away,,-308,0,2050.0,account_ccy,2026-08-15T21:00:00+00:00,3669320646
2026-07-26T23:37:02.017265+00:00,1624,1632703348,Tofiq Musayev,Ludovit Klein,2026-08-01T14:00:00Z,0,ml,home,,185,0,950.0,account_ccy,2026-08-01T14:00:00+00:00,3674042318
2026-07-26T23:37:02.017265+00:00,1624,1632703348,Tofiq Musayev,Ludovit Klein,2026-08-01T14:00:00Z,0,ml,away,,-220,0,950.0,account_ccy,2026-08-01T14:00:00+00:00,3674042318
2026-07-26T23:37:02.017265+00:00,1624,1632709790,Noah Gugnon,Milos Janicic,2026-08-01T14:00:00Z,0,ml,home,,128,0,950.0,account_ccy,2026-08-01T14:00:00+00:00,3674043428
2026-07-26T23:37:02.017265+00:00,1624,1632709790,Noah Gugnon,Milos Janicic,2026-08-01T14:00:00Z,0,ml,away,,-150,0,950.0,account_ccy,2026-08-01T14:00:00+00:00,3674043428
2026-07-26T23:37:02.017265+00:00,1624,1632709875,Stephanie Luciano,Marina Spasic,2026-08-01T14:00:00Z,0,ml,home,,-279,0,950.0,account_ccy,2026-08-01T14:00:00+00:00,3674043564
2026-07-26T23:37:02.017265+00:00,1624,1632709875,Stephanie Luciano,Marina Spasic,2026-08-01T14:00:00Z,0,ml,away,,231,0,950.0,account_ccy,2026-08-01T14:00:00+00:00,3674043564
2026-07-26T23:37:02.017265+00:00,1624,1632703347,Gilbert Urbina,Vlasto Cepo,2026-08-01T14:00:00Z,0,ml,home,,246,0,950.0,account_ccy,2026-08-01T14:00:00+00:00,3674042167
2026-07-26T23:37:02.017265+00:00,1624,1632703347,Gilbert Urbina,Vlasto Cepo,2026-08-01T14:00:00Z,0,ml,away,,-299,0,950.0,account_ccy,2026-08-01T14:00:00+00:00,3674042167
2026-07-26T23:37:02.017265+00:00,1624,1632709873,Hailey Cowan,Nina Milosevic,2026-08-01T14:00:00Z,0,ml,home,,319,0,950.0,account_ccy,2026-08-01T14:00:00+00:00,3674043204
2026-07-26T23:37:02.017265+00:00,1624,1632709873,Hailey Cowan,Nina Milosevic,2026-08-01T14:00:00Z,0,ml,away,,-400,0,950.0,account_ccy,2026-08-01T14:00:00+00:00,3674043204
2026-07-26T23:37:02.017265+00:00,1624,1632066275,Gillian Robertson,Mackenzie Dern,2026-08-15T21:00:00Z,0,ml,home,,207,0,2050.0,account_ccy,2026-08-15T21:00:00+00:00,3668340679
2026-07-26T23:37:02.017265+00:00,1624,1632066275,Gillian Robertson,Mackenzie Dern,2026-08-15T21:00:00Z,0,ml,away,,-248,0,2050.0,account_ccy,2026-08-15T21:00:00+00:00,3668340679
2026-07-26T23:52:02.023120+00:00,1624,1632703346,Marcin Tybura,Aleksandar Rakic,2026-08-01T14:00:00Z,0,ml,home,,278,0,950.0,account_ccy,2026-08-01T14:00:00+00:00,3674109581
2026-07-26T23:52:02.023120+00:00,1624,1632703346,Marcin Tybura,Aleksandar Rakic,2026-08-01T14:00:00Z,0,ml,away,,-342,0,950.0,account_ccy,2026-08-01T14:00:00+00:00,3674109581
2026-07-26T23:52:02.023120+00:00,1624,1632908874,Alexander Poppeck,Jovan Leka,2026-08-01T14:00:00Z,0,ml,home,,187,0,950.0,account_ccy,2026-08-01T14:00:00+00:00,3674044138
2026-07-26T23:52:02.023120+00:00,1624,1632908874,Alexander Poppeck,Jovan Leka,2026-08-01T14:00:00Z,0,ml,away,,-222,0,950.0,account_ccy,2026-08-01T14:00:00+00:00,3674044138
2026-07-26T23:52:02.023120+00:00,1624,1632703347,Gilbert Urbina,Vlasto Cepo,2026-08-01T14:00:00Z,0,ml,home,,246,0,950.0,account_ccy,2026-08-01T14:00:00+00:00,3674042167
2026-07-26T23:52:02.023120+00:00,1624,1632703347,Gilbert Urbina,Vlasto Cepo,2026-08-01T14:00:00Z,0,ml,away,,-299,0,950.0,account_ccy,2026-08-01T14:00:00+00:00,3674042167
2026-07-26T23:52:02.023120+00:00,1624,1632703345,Navajo Stirling,Jan Blachowicz,2026-08-01T14:00:00Z,0,ml,home,,-310,0,950.0,account_ccy,2026-08-01T14:00:00+00:00,3674041850
2026-07-26T23:52:02.023120+00:00,1624,1632703345,Navajo Stirling,Jan Blachowicz,2026-08-01T14:00:00Z,0,ml,away,,254,0,950.0,account_ccy,2026-08-01T14:00:00+00:00,3674041850
2026-07-26T23:52:02.023120+00:00,1624,1632709875,Stephanie Luciano,Marina Spasic,2026-08-01T14:00:00Z,0,ml,home,,-279,0,950.0,account_ccy,2026-08-01T14:00:00+00:00,3674043564
2026-07-26T23:52:02.023120+00:00,1624,1632709875,Stephanie Luciano,Marina Spasic,2026-08-01T14:00:00Z,0,ml,away,,231,0,950.0,account_ccy,2026-08-01T14:00:00+00:00,3674043564
2026-07-26T23:52:02.023120+00:00,1624,1632709870,Robert Valentin,Dusko Todorovic,2026-08-01T14:00:00Z,0,ml,home,,-147,0,950.0,account_ccy,2026-08-01T14:00:00+00:00,3674070830
2026-07-26T23:52:02.023120+00:00,1624,1632709870,Robert Valentin,Dusko Todorovic,2026-08-01T14:00:00Z,0,ml,away,,126,0,950.0,account_ccy,2026-08-01T14:00:00+00:00,3674070830
2026-07-26T23:52:02.023120+00:00,1624,1632709787,Michael Oliveira,Oban Elliott,2026-08-01T14:00:00Z,0,ml,home,,-301,0,950.0,account_ccy,2026-08-01T14:00:00+00:00,3674042399
2026-07-26T23:52:02.023120+00:00,1624,1632709787,Michael Oliveira,Oban Elliott,2026-08-01T14:00:00Z,0,ml,away,,247,0,950.0,account_ccy,2026-08-01T14:00:00+00:00,3674042399
2026-07-26T23:52:02.023120+00:00,1624,1632709873,Hailey Cowan,Nina Milosevic,2026-08-01T14:00:00Z,0,ml,home,,319,0,950.0,account_ccy,2026-08-01T14:00:00+00:00,3674043204
2026-07-26T23:52:02.023120+00:00,1624,1632709873,Hailey Cowan,Nina Milosevic,2026-08-01T14:00:00Z,0,ml,away,,-400,0,950.0,account_ccy,2026-08-01T14:00:00+00:00,3674043204
2026-07-26T23:52:02.023120+00:00,1624,1632703344,Daniel Rodriguez,Uros Medic,2026-08-01T14:00:00Z,0,ml,home,,290,0,950.0,account_ccy,2026-08-01T14:00:00+00:00,3674041697
2026-07-26T23:52:02.023120+00:00,1624,1632703344,Daniel Rodriguez,Uros Medic,2026-08-01T14:00:00Z,0,ml,away,,-359,0,950.0,account_ccy,2026-08-01T14:00:00+00:00,3674041697
2026-07-26T23:52:02.023120+00:00,1624,1632703348,Tofiq Musayev,Ludovit Klein,2026-08-01T14:00:00Z,0,ml,home,,185,0,950.0,account_ccy,2026-08-01T14:00:00+00:00,3674042318
2026-07-26T23:52:02.023120+00:00,1624,1632703348,Tofiq Musayev,Ludovit Klein,2026-08-01T14:00:00Z,0,ml,away,,-220,0,950.0,account_ccy,2026-08-01T14:00:00+00:00,3674042318
2026-07-26T23:52:02.023120+00:00,1624,1632709790,Noah Gugnon,Milos Janicic,2026-08-01T14:00:00Z,0,ml,home,,128,0,950.0,account_ccy,2026-08-01T14:00:00+00:00,3674043428
2026-07-26T23:52:02.023120+00:00,1624,1632709790,Noah Gugnon,Milos Janicic,2026-08-01T14:00:00Z,0,ml,away,,-150,0,950.0,account_ccy,2026-08-01T14:00:00+00:00,3674043428
2026-07-26T23:52:02.023120+00:00,1624,1632061617,Ian Machado Garry,Islam Makhachev,2026-08-15T21:00:00Z,0,ml,home,,253,0,2050.0,account_ccy,2026-08-15T21:00:00+00:00,3669320646
2026-07-26T23:52:02.023120+00:00,1624,1632061617,Ian Machado Garry,Islam Makhachev,2026-08-15T21:00:00Z,0,ml,away,,-308,0,2050.0,account_ccy,2026-08-15T21:00:00+00:00,3669320646
2026-07-26T23:52:02.023120+00:00,1624,1632066275,Gillian Robertson,Mackenzie Dern,2026-08-15T21:00:00Z,0,ml,home,,207,0,2050.0,account_ccy,2026-08-15T21:00:00+00:00,3668340679
2026-07-26T23:52:02.023120+00:00,1624,1632066275,Gillian Robertson,Mackenzie Dern,2026-08-15T21:00:00Z,0,ml,away,,-248,0,2050.0,account_ccy,2026-08-15T21:00:00+00:00,3668340679
2026-07-26T23:52:02.023120+00:00,1624,1632709872,Kyle Prepolec,Mateusz Rebecki,2026-08-01T14:00:00Z,0,ml,home,,384,0,950.0,account_ccy,2026-08-01T14:00:00+00:00,3674042816
2026-07-26T23:52:02.023120+00:00,1624,1632709872,Kyle Prepolec,Mateusz Rebecki,2026-08-01T14:00:00Z,0,ml,away,,-495,0,950.0,account_ccy,2026-08-01T14:00:00+00:00,3674042816
2026-07-26T23:52:02.023120+00:00,1624,1632710674,Bogdan Grad,Dennis Buzukja,2026-08-01T14:00:00Z,0,ml,home,,-177,0,950.0,account_ccy,2026-08-01T14:00:00+00:00,3674098911
2026-07-26T23:52:02.023120+00:00,1624,1632710674,Bogdan Grad,Dennis Buzukja,2026-08-01T14:00:00Z,0,ml,away,,151,0,950.0,account_ccy,2026-08-01T14:00:00+00:00,3674098911
2026-07-27T00:07:02.042621+00:00,1624,1632709787,Michael Oliveira,Oban Elliott,2026-08-01T14:00:00Z,0,ml,home,,-301,0,950.0,account_ccy,2026-08-01T14:00:00+00:00,3674042399
2026-07-27T00:07:02.042621+00:00,1624,1632709787,Michael Oliveira,Oban Elliott,2026-08-01T14:00:00Z,0,ml,away,,247,0,950.0,account_ccy,2026-08-01T14:00:00+00:00,3674042399
2026-07-27T00:07:02.042621+00:00,1624,1632703346,Marcin Tybura,Aleksandar Rakic,2026-08-01T14:00:00Z,0,ml,home,,278,0,950.0,account_ccy,2026-08-01T14:00:00+00:00,3674109581
2026-07-27T00:07:02.042621+00:00,1624,1632703346,Marcin Tybura,Aleksandar Rakic,2026-08-01T14:00:00Z,0,ml,away,,-342,0,950.0,account_ccy,2026-08-01T14:00:00+00:00,3674109581
2026-07-27T00:07:02.042621+00:00,1624,1632709790,Noah Gugnon,Milos Janicic,2026-08-01T14:00:00Z,0,ml,home,,128,0,950.0,account_ccy,2026-08-01T14:00:00+00:00,3674043428
2026-07-27T00:07:02.042621+00:00,1624,1632709790,Noah Gugnon,Milos Janicic,2026-08-01T14:00:00Z,0,ml,away,,-150,0,950.0,account_ccy,2026-08-01T14:00:00+00:00,3674043428
2026-07-27T00:07:02.042621+00:00,1624,1632709872,Kyle Prepolec,Mateusz Rebecki,2026-08-01T14:00:00Z,0,ml,home,,384,0,950.0,account_ccy,2026-08-01T14:00:00+00:00,3674042816
2026-07-27T00:07:02.042621+00:00,1624,1632709872,Kyle Prepolec,Mateusz Rebecki,2026-08-01T14:00:00Z,0,ml,away,,-495,0,950.0,account_ccy,2026-08-01T14:00:00+00:00,3674042816
2026-07-27T00:07:02.042621+00:00,1624,1632061617,Ian Machado Garry,Islam Makhachev,2026-08-15T21:00:00Z,0,ml,home,,253,0,2050.0,account_ccy,2026-08-15T21:00:00+00:00,3669320646
2026-07-27T00:07:02.042621+00:00,1624,1632061617,Ian Machado Garry,Islam Makhachev,2026-08-15T21:00:00Z,0,ml,away,,-308,0,2050.0,account_ccy,2026-08-15T21:00:00+00:00,3669320646
2026-07-27T00:07:02.042621+00:00,1624,1632709873,Hailey Cowan,Nina Milosevic,2026-08-01T14:00:00Z,0,ml,home,,319,0,950.0,account_ccy,2026-08-01T14:00:00+00:00,3674043204
2026-07-27T00:07:02.042621+00:00,1624,1632709873,Hailey Cowan,Nina Milosevic,2026-08-01T14:00:00Z,0,ml,away,,-400,0,950.0,account_ccy,2026-08-01T14:00:00+00:00,3674043204
2026-07-27T00:07:02.042621+00:00,1624,1632066275,Gillian Robertson,Mackenzie Dern,2026-08-15T21:00:00Z,0,ml,home,,207,0,2050.0,account_ccy,2026-08-15T21:00:00+00:00,3668340679
2026-07-27T00:07:02.042621+00:00,1624,1632066275,Gillian Robertson,Mackenzie Dern,2026-08-15T21:00:00Z,0,ml,away,,-248,0,2050.0,account_ccy,2026-08-15T21:00:00+00:00,3668340679
2026-07-27T00:07:02.042621+00:00,1624,1632710674,Bogdan Grad,Dennis Buzukja,2026-08-01T14:00:00Z,0,ml,home,,-177,0,950.0,account_ccy,2026-08-01T14:00:00+00:00,3674098911
2026-07-27T00:07:02.042621+00:00,1624,1632710674,Bogdan Grad,Dennis Buzukja,2026-08-01T14:00:00Z,0,ml,away,,151,0,950.0,account_ccy,2026-08-01T14:00:00+00:00,3674098911
2026-07-27T00:07:02.042621+00:00,1624,1632709870,Robert Valentin,Dusko Todorovic,2026-08-01T14:00:00Z,0,ml,home,,-155,0,950.0,account_ccy,2026-08-01T14:00:00+00:00,3674111282
2026-07-27T00:07:02.042621+00:00,1624,1632709870,Robert Valentin,Dusko Todorovic,2026-08-01T14:00:00Z,0,ml,away,,132,0,950.0,account_ccy,2026-08-01T14:00:00+00:00,3674111282
2026-07-27T00:07:02.042621+00:00,1624,1632709875,Stephanie Luciano,Marina Spasic,2026-08-01T14:00:00Z,0,ml,home,,-279,0,950.0,account_ccy,2026-08-01T14:00:00+00:00,3674043564
2026-07-27T00:07:02.042621+00:00,1624,1632709875,Stephanie Luciano,Marina Spasic,2026-08-01T14:00:00Z,0,ml,away,,231,0,950.0,account_ccy,2026-08-01T14:00:00+00:00,3674043564
2026-07-27T00:07:02.042621+00:00,1624,1632908874,Alexander Poppeck,Jovan Leka,2026-08-01T14:00:00Z,0,ml,home,,187,0,950.0,account_ccy,2026-08-01T14:00:00+00:00,3674044138
2026-07-27T00:07:02.042621+00:00,1624,1632908874,Alexander Poppeck,Jovan Leka,2026-08-01T14:00:00Z,0,ml,away,,-222,0,950.0,account_ccy,2026-08-01T14:00:00+00:00,3674044138
2026-07-27T00:07:02.042621+00:00,1624,1632703348,Tofiq Musayev,Ludovit Klein,2026-08-01T14:00:00Z,0,ml,home,,185,0,950.0,account_ccy,2026-08-01T14:00:00+00:00,3674042318
2026-07-27T00:07:02.042621+00:00,1624,1632703348,Tofiq Musayev,Ludovit Klein,2026-08-01T14:00:00Z,0,ml,away,,-220,0,950.0,account_ccy,2026-08-01T14:00:00+00:00,3674042318
2026-07-27T00:07:02.042621+00:00,1624,1632703344,Daniel Rodriguez,Uros Medic,2026-08-01T14:00:00Z,0,ml,home,,290,0,950.0,account_ccy,2026-08-01T14:00:00+00:00,3674041697
2026-07-27T00:07:02.042621+00:00,1624,1632703344,Daniel Rodriguez,Uros Medic,2026-08-01T14:00:00Z,0,ml,away,,-359,0,950.0,account_ccy,2026-08-01T14:00:00+00:00,3674041697
2026-07-27T00:07:02.042621+00:00,1624,1632703345,Navajo Stirling,Jan Blachowicz,2026-08-01T14:00:00Z,0,ml,home,,-310,0,950.0,account_ccy,2026-08-01T14:00:00+00:00,3674041850
2026-07-27T00:07:02.042621+00:00,1624,1632703345,Navajo Stirling,Jan Blachowicz,2026-08-01T14:00:00Z,0,ml,away,,254,0,950.0,account_ccy,2026-08-01T14:00:00+00:00,3674041850
2026-07-27T00:07:02.042621+00:00,1624,1632703347,Gilbert Urbina,Vlasto Cepo,2026-08-01T14:00:00Z,0,ml,home,,246,0,950.0,account_ccy,2026-08-01T14:00:00+00:00,3674042167
2026-07-27T00:07:02.042621+00:00,1624,1632703347,Gilbert Urbina,Vlasto Cepo,2026-08-01T14:00:00Z,0,ml,away,,-299,0,950.0,account_ccy,2026-08-01T14:00:00+00:00,3674042167
2026-07-27T00:22:02.019663+00:00,1624,1632709870,Robert Valentin,Dusko Todorovic,2026-08-01T14:00:00Z,0,ml,home,,-155,0,950.0,account_ccy,2026-08-01T14:00:00+00:00,3674111282
2026-07-27T00:22:02.019663+00:00,1624,1632709870,Robert Valentin,Dusko Todorovic,2026-08-01T14:00:00Z,0,ml,away,,132,0,950.0,account_ccy,2026-08-01T14:00:00+00:00,3674111282
2026-07-27T00:22:02.019663+00:00,1624,1632703348,Tofiq Musayev,Ludovit Klein,2026-08-01T14:00:00Z,0,ml,home,,185,0,950.0,account_ccy,2026-08-01T14:00:00+00:00,3674042318
2026-07-27T00:22:02.019663+00:00,1624,1632703348,Tofiq Musayev,Ludovit Klein,2026-08-01T14:00:00Z,0,ml,away,,-220,0,950.0,account_ccy,2026-08-01T14:00:00+00:00,3674042318
2026-07-27T00:22:02.019663+00:00,1624,1632703344,Daniel Rodriguez,Uros Medic,2026-08-01T14:00:00Z,0,ml,home,,290,0,950.0,account_ccy,2026-08-01T14:00:00+00:00,3674041697
2026-07-27T00:22:02.019663+00:00,1624,1632703344,Daniel Rodriguez,Uros Medic,2026-08-01T14:00:00Z,0,ml,away,,-359,0,950.0,account_ccy,2026-08-01T14:00:00+00:00,3674041697
2026-07-27T00:22:02.019663+00:00,1624,1632709875,Stephanie Luciano,Marina Spasic,2026-08-01T14:00:00Z,0,ml,home,,-279,0,950.0,account_ccy,2026-08-01T14:00:00+00:00,3674043564
2026-07-27T00:22:02.019663+00:00,1624,1632709875,Stephanie Luciano,Marina Spasic,2026-08-01T14:00:00Z,0,ml,away,,231,0,950.0,account_ccy,2026-08-01T14:00:00+00:00,3674043564
2026-07-27T00:22:02.019663+00:00,1624,1632710674,Bogdan Grad,Dennis Buzukja,2026-08-01T14:00:00Z,0,ml,home,,-177,0,950.0,account_ccy,2026-08-01T14:00:00+00:00,3674098911
2026-07-27T00:22:02.019663+00:00,1624,1632710674,Bogdan Grad,Dennis Buzukja,2026-08-01T14:00:00Z,0,ml,away,,151,0,950.0,account_ccy,2026-08-01T14:00:00+00:00,3674098911
2026-07-27T00:22:02.019663+00:00,1624,1632709790,Noah Gugnon,Milos Janicic,2026-08-01T14:00:00Z,0,ml,home,,128,0,950.0,account_ccy,2026-08-01T14:00:00+00:00,3674043428
2026-07-27T00:22:02.019663+00:00,1624,1632709790,Noah Gugnon,Milos Janicic,2026-08-01T14:00:00Z,0,ml,away,,-150,0,950.0,account_ccy,2026-08-01T14:00:00+00:00,3674043428
2026-07-27T00:22:02.019663+00:00,1624,1632709787,Michael Oliveira,Oban Elliott,2026-08-01T14:00:00Z,0,ml,home,,-301,0,950.0,account_ccy,2026-08-01T14:00:00+00:00,3674042399
2026-07-27T00:22:02.019663+00:00,1624,1632709787,Michael Oliveira,Oban Elliott,2026-08-01T14:00:00Z,0,ml,away,,247,0,950.0,account_ccy,2026-08-01T14:00:00+00:00,3674042399
2026-07-27T00:22:02.019663+00:00,1624,1632703347,Gilbert Urbina,Vlasto Cepo,2026-08-01T14:00:00Z,0,ml,home,,246,0,950.0,account_ccy,2026-08-01T14:00:00+00:00,3674042167
2026-07-27T00:22:02.019663+00:00,1624,1632703347,Gilbert Urbina,Vlasto Cepo,2026-08-01T14:00:00Z,0,ml,away,,-299,0,950.0,account_ccy,2026-08-01T14:00:00+00:00,3674042167
2026-07-27T00:22:02.019663+00:00,1624,1632908874,Alexander Poppeck,Jovan Leka,2026-08-01T14:00:00Z,0,ml,home,,187,0,950.0,account_ccy,2026-08-01T14:00:00+00:00,3674044138
2026-07-27T00:22:02.019663+00:00,1624,1632908874,Alexander Poppeck,Jovan Leka,2026-08-01T14:00:00Z,0,ml,away,,-222,0,950.0,account_ccy,2026-08-01T14:00:00+00:00,3674044138
2026-07-27T00:22:02.019663+00:00,1624,1632709872,Kyle Prepolec,Mateusz Rebecki,2026-08-01T14:00:00Z,0,ml,home,,384,0,950.0,account_ccy,2026-08-01T14:00:00+00:00,3674042816
2026-07-27T00:22:02.019663+00:00,1624,1632709872,Kyle Prepolec,Mateusz Rebecki,2026-08-01T14:00:00Z,0,ml,away,,-495,0,950.0,account_ccy,2026-08-01T14:00:00+00:00,3674042816
2026-07-27T00:22:02.019663+00:00,1624,1632709873,Hailey Cowan,Nina Milosevic,2026-08-01T14:00:00Z,0,ml,home,,319,0,950.0,account_ccy,2026-08-01T14:00:00+00:00,3674043204
2026-07-27T00:22:02.019663+00:00,1624,1632709873,Hailey Cowan,Nina Milosevic,2026-08-01T14:00:00Z,0,ml,away,,-400,0,950.0,account_ccy,2026-08-01T14:00:00+00:00,3674043204
2026-07-27T00:22:02.019663+00:00,1624,1632066275,Gillian Robertson,Mackenzie Dern,2026-08-15T21:00:00Z,0,ml,home,,207,0,2050.0,account_ccy,2026-08-15T21:00:00+00:00,3668340679
2026-07-27T00:22:02.019663+00:00,1624,1632066275,Gillian Robertson,Mackenzie Dern,2026-08-15T21:00:00Z,0,ml,away,,-248,0,2050.0,account_ccy,2026-08-15T21:00:00+00:00,3668340679
2026-07-27T00:22:02.019663+00:00,1624,1632061617,Ian Machado Garry,Islam Makhachev,2026-08-15T21:00:00Z,0,ml,home,,253,0,2050.0,account_ccy,2026-08-15T21:00:00+00:00,3669320646
2026-07-27T00:22:02.019663+00:00,1624,1632061617,Ian Machado Garry,Islam Makhachev,2026-08-15T21:00:00Z,0,ml,away,,-308,0,2050.0,account_ccy,2026-08-15T21:00:00+00:00,3669320646
2026-07-27T00:22:02.019663+00:00,1624,1632703346,Marcin Tybura,Aleksandar Rakic,2026-08-01T14:00:00Z,0,ml,home,,278,0,950.0,account_ccy,2026-08-01T14:00:00+00:00,3674109581
2026-07-27T00:22:02.019663+00:00,1624,1632703346,Marcin Tybura,Aleksandar Rakic,2026-08-01T14:00:00Z,0,ml,away,,-342,0,950.0,account_ccy,2026-08-01T14:00:00+00:00,3674109581
2026-07-27T00:22:02.019663+00:00,1624,1632703345,Navajo Stirling,Jan Blachowicz,2026-08-01T14:00:00Z,0,ml,home,,-310,0,950.0,account_ccy,2026-08-01T14:00:00+00:00,3674041850
2026-07-27T00:22:02.019663+00:00,1624,1632703345,Navajo Stirling,Jan Blachowicz,2026-08-01T14:00:00Z,0,ml,away,,254,0,950.0,account_ccy,2026-08-01T14:00:00+00:00,3674041850
2026-07-27T13:22:02.408987+00:00,1624,1632703346,Marcin Tybura,Aleksandar Rakic,2026-08-01T14:00:00Z,0,ml,home,,281,0,950.0,account_ccy,2026-08-01T14:00:00+00:00,3674179105
2026-07-27T13:22:02.408987+00:00,1624,1632703346,Marcin Tybura,Aleksandar Rakic,2026-08-01T14:00:00Z,0,ml,away,,-346,0,950.0,account_ccy,2026-08-01T14:00:00+00:00,3674179105
2026-07-27T13:22:02.408987+00:00,1624,1632710674,Bogdan Grad,Dennis Buzukja,2026-08-01T14:00:00Z,0,ml,home,,-189,0,950.0,account_ccy,2026-08-01T14:00:00+00:00,3674168293
2026-07-27T13:22:02.408987+00:00,1624,1632710674,Bogdan Grad,Dennis Buzukja,2026-08-01T14:00:00Z,0,ml,away,,160,0,950.0,account_ccy,2026-08-01T14:00:00+00:00,3674168293
2026-07-27T13:22:02.408987+00:00,1624,1632703345,Navajo Stirling,Jan Blachowicz,2026-08-01T14:00:00Z,0,ml,home,,-318,0,950.0,account_ccy,2026-08-01T14:00:00+00:00,3674197083
2026-07-27T13:22:02.408987+00:00,1624,1632703345,Navajo Stirling,Jan Blachowicz,2026-08-01T14:00:00Z,0,ml,away,,260,0,950.0,account_ccy,2026-08-01T14:00:00+00:00,3674197083
2026-07-27T13:22:02.408987+00:00,1624,1632709870,Robert Valentin,Dusko Todorovic,2026-08-01T14:00:00Z,0,ml,home,,-164,0,950.0,account_ccy,2026-08-01T14:00:00+00:00,3674215717
2026-07-27T13:22:02.408987+00:00,1624,1632709870,Robert Valentin,Dusko Todorovic,2026-08-01T14:00:00Z,0,ml,away,,140,0,950.0,account_ccy,2026-08-01T14:00:00+00:00,3674215717
2026-07-27T13:22:02.408987+00:00,1624,1632709787,Michael Oliveira,Oban Elliott,2026-08-01T14:00:00Z,0,ml,home,,-342,0,950.0,account_ccy,2026-08-01T14:00:00+00:00,3674164147
2026-07-27T13:22:02.408987+00:00,1624,1632709787,Michael Oliveira,Oban Elliott,2026-08-01T14:00:00Z,0,ml,away,,278,0,950.0,account_ccy,2026-08-01T14:00:00+00:00,3674164147
2026-07-27T13:22:02.408987+00:00,1624,1632703344,Daniel Rodriguez,Uros Medic,2026-08-01T14:00:00Z,0,ml,home,,290,0,950.0,account_ccy,2026-08-01T14:00:00+00:00,3674198778
2026-07-27T13:22:02.408987+00:00,1624,1632703344,Daniel Rodriguez,Uros Medic,2026-08-01T14:00:00Z,0,ml,away,,-358,0,950.0,account_ccy,2026-08-01T14:00:00+00:00,3674198778
2026-07-27T13:22:02.408987+00:00,1624,1632908874,Alexander Poppeck,Jovan Leka,2026-08-01T14:00:00Z,0,ml,home,,189,0,950.0,account_ccy,2026-08-01T14:00:00+00:00,3674179422
2026-07-27T13:22:02.408987+00:00,1624,1632908874,Alexander Poppeck,Jovan Leka,2026-08-01T14:00:00Z,0,ml,away,,-226,0,950.0,account_ccy,2026-08-01T14:00:00+00:00,3674179422
2026-07-27T13:22:02.408987+00:00,1624,1632709872,Kyle Prepolec,Mateusz Rebecki,2026-08-01T14:00:00Z,0,ml,home,,384,0,950.0,account_ccy,2026-08-01T14:00:00+00:00,3674042816
2026-07-27T13:22:02.408987+00:00,1624,1632709872,Kyle Prepolec,Mateusz Rebecki,2026-08-01T14:00:00Z,0,ml,away,,-495,0,950.0,account_ccy,2026-08-01T14:00:00+00:00,3674042816
2026-07-27T13:22:02.408987+00:00,1624,1632061617,Ian Machado Garry,Islam Makhachev,2026-08-15T21:00:00Z,0,ml,home,,253,0,2050.0,account_ccy,2026-08-15T21:00:00+00:00,3669320646
2026-07-27T13:22:02.408987+00:00,1624,1632061617,Ian Machado Garry,Islam Makhachev,2026-08-15T21:00:00Z,0,ml,away,,-308,0,2050.0,account_ccy,2026-08-15T21:00:00+00:00,3669320646
2026-07-27T13:22:02.408987+00:00,1624,1632703348,Tofiq Musayev,Ludovit Klein,2026-08-01T14:00:00Z,0,ml,home,,203,0,950.0,account_ccy,2026-08-01T14:00:00+00:00,3674296463
2026-07-27T13:22:02.408987+00:00,1624,1632703348,Tofiq Musayev,Ludovit Klein,2026-08-01T14:00:00Z,0,ml,away,,-243,0,950.0,account_ccy,2026-08-01T14:00:00+00:00,3674296463
2026-07-27T13:22:02.408987+00:00,1624,1632709790,Noah Gugnon,Milos Janicic,2026-08-01T14:00:00Z,0,ml,home,,-108,0,950.0,account_ccy,2026-08-01T14:00:00+00:00,3674292035
2026-07-27T13:22:02.408987+00:00,1624,1632709790,Noah Gugnon,Milos Janicic,2026-08-01T14:00:00Z,0,ml,away,,-108,0,950.0,account_ccy,2026-08-01T14:00:00+00:00,3674292035
2026-07-27T13:22:02.408987+00:00,1624,1632709875,Stephanie Luciano,Marina Spasic,2026-08-01T14:00:00Z,0,ml,home,,-283,0,950.0,account_ccy,2026-08-01T14:00:00+00:00,3674179582
2026-07-27T13:22:02.408987+00:00,1624,1632709875,Stephanie Luciano,Marina Spasic,2026-08-01T14:00:00Z,0,ml,away,,234,0,950.0,account_ccy,2026-08-01T14:00:00+00:00,3674179582
2026-07-27T13:22:02.408987+00:00,1624,1632703347,Gilbert Urbina,Vlasto Cepo,2026-08-01T14:00:00Z,0,ml,home,,246,0,950.0,account_ccy,2026-08-01T14:00:00+00:00,3674042167
2026-07-27T13:22:02.408987+00:00,1624,1632703347,Gilbert Urbina,Vlasto Cepo,2026-08-01T14:00:00Z,0,ml,away,,-299,0,950.0,account_ccy,2026-08-01T14:00:00+00:00,3674042167
2026-07-27T13:22:02.408987+00:00,1624,1632709873,Hailey Cowan,Nina Milosevic,2026-08-01T14:00:00Z,0,ml,home,,319,0,950.0,account_ccy,2026-08-01T14:00:00+00:00,3674043204
2026-07-27T13:22:02.408987+00:00,1624,1632709873,Hailey Cowan,Nina Milosevic,2026-08-01T14:00:00Z,0,ml,away,,-400,0,950.0,account_ccy,2026-08-01T14:00:00+00:00,3674043204
2026-07-27T13:22:02.408987+00:00,1624,1632066275,Gillian Robertson,Mackenzie Dern,2026-08-15T21:00:00Z,0,ml,home,,207,0,2050.0,account_ccy,2026-08-15T21:00:00+00:00,3668340679
2026-07-27T13:22:02.408987+00:00,1624,1632066275,Gillian Robertson,Mackenzie Dern,2026-08-15T21:00:00Z,0,ml,away,,-248,0,2050.0,account_ccy,2026-08-15T21:00:00+00:00,3668340679
2026-07-27T13:23:32.155914+00:00,1624,1632703346,Marcin Tybura,Aleksandar Rakic,2026-08-01T14:00:00Z,0,ml,home,,281,0,950.0,account_ccy,2026-08-01T14:00:00+00:00,3674179105
2026-07-27T13:23:32.155914+00:00,1624,1632703346,Marcin Tybura,Aleksandar Rakic,2026-08-01T14:00:00Z,0,ml,away,,-346,0,950.0,account_ccy,2026-08-01T14:00:00+00:00,3674179105
2026-07-27T13:23:32.155914+00:00,1624,1632710674,Bogdan Grad,Dennis Buzukja,2026-08-01T14:00:00Z,0,ml,home,,-189,0,950.0,account_ccy,2026-08-01T14:00:00+00:00,3674168293
2026-07-27T13:23:32.155914+00:00,1624,1632710674,Bogdan Grad,Dennis Buzukja,2026-08-01T14:00:00Z,0,ml,away,,160,0,950.0,account_ccy,2026-08-01T14:00:00+00:00,3674168293
2026-07-27T13:23:32.155914+00:00,1624,1632703345,Navajo Stirling,Jan Blachowicz,2026-08-01T14:00:00Z,0,ml,home,,-318,0,950.0,account_ccy,2026-08-01T14:00:00+00:00,3674197083
2026-07-27T13:23:32.155914+00:00,1624,1632703345,Navajo Stirling,Jan Blachowicz,2026-08-01T14:00:00Z,0,ml,away,,260,0,950.0,account_ccy,2026-08-01T14:00:00+00:00,3674197083
2026-07-27T13:23:32.155914+00:00,1624,1632709870,Robert Valentin,Dusko Todorovic,2026-08-01T14:00:00Z,0,ml,home,,-164,0,950.0,account_ccy,2026-08-01T14:00:00+00:00,3674215717
2026-07-27T13:23:32.155914+00:00,1624,1632709870,Robert Valentin,Dusko Todorovic,2026-08-01T14:00:00Z,0,ml,away,,140,0,950.0,account_ccy,2026-08-01T14:00:00+00:00,3674215717
2026-07-27T13:23:32.155914+00:00,1624,1632709787,Michael Oliveira,Oban Elliott,2026-08-01T14:00:00Z,0,ml,home,,-342,0,950.0,account_ccy,2026-08-01T14:00:00+00:00,3674164147
2026-07-27T13:23:32.155914+00:00,1624,1632709787,Michael Oliveira,Oban Elliott,2026-08-01T14:00:00Z,0,ml,away,,278,0,950.0,account_ccy,2026-08-01T14:00:00+00:00,3674164147
2026-07-27T13:23:32.155914+00:00,1624,1632703344,Daniel Rodriguez,Uros Medic,2026-08-01T14:00:00Z,0,ml,home,,290,0,950.0,account_ccy,2026-08-01T14:00:00+00:00,3674198778
2026-07-27T13:23:32.155914+00:00,1624,1632703344,Daniel Rodriguez,Uros Medic,2026-08-01T14:00:00Z,0,ml,away,,-358,0,950.0,account_ccy,2026-08-01T14:00:00+00:00,3674198778
2026-07-27T13:23:32.155914+00:00,1624,1632908874,Alexander Poppeck,Jovan Leka,2026-08-01T14:00:00Z,0,ml,home,,189,0,950.0,account_ccy,2026-08-01T14:00:00+00:00,3674179422
2026-07-27T13:23:32.155914+00:00,1624,1632908874,Alexander Poppeck,Jovan Leka,2026-08-01T14:00:00Z,0,ml,away,,-226,0,950.0,account_ccy,2026-08-01T14:00:00+00:00,3674179422
2026-07-27T13:23:32.155914+00:00,1624,1632709872,Kyle Prepolec,Mateusz Rebecki,2026-08-01T14:00:00Z,0,ml,home,,384,0,950.0,account_ccy,2026-08-01T14:00:00+00:00,3674042816
2026-07-27T13:23:32.155914+00:00,1624,1632709872,Kyle Prepolec,Mateusz Rebecki,2026-08-01T14:00:00Z,0,ml,away,,-495,0,950.0,account_ccy,2026-08-01T14:00:00+00:00,3674042816
2026-07-27T13:23:32.155914+00:00,1624,1632061617,Ian Machado Garry,Islam Makhachev,2026-08-15T21:00:00Z,0,ml,home,,253,0,2050.0,account_ccy,2026-08-15T21:00:00+00:00,3669320646
2026-07-27T13:23:32.155914+00:00,1624,1632061617,Ian Machado Garry,Islam Makhachev,2026-08-15T21:00:00Z,0,ml,away,,-308,0,2050.0,account_ccy,2026-08-15T21:00:00+00:00,3669320646
2026-07-27T13:23:32.155914+00:00,1624,1632703348,Tofiq Musayev,Ludovit Klein,2026-08-01T14:00:00Z,0,ml,home,,203,0,950.0,account_ccy,2026-08-01T14:00:00+00:00,3674296463
2026-07-27T13:23:32.155914+00:00,1624,1632703348,Tofiq Musayev,Ludovit Klein,2026-08-01T14:00:00Z,0,ml,away,,-243,0,950.0,account_ccy,2026-08-01T14:00:00+00:00,3674296463
2026-07-27T13:23:32.155914+00:00,1624,1632709790,Noah Gugnon,Milos Janicic,2026-08-01T14:00:00Z,0,ml,home,,-108,0,950.0,account_ccy,2026-08-01T14:00:00+00:00,3674292035
2026-07-27T13:23:32.155914+00:00,1624,1632709790,Noah Gugnon,Milos Janicic,2026-08-01T14:00:00Z,0,ml,away,,-108,0,950.0,account_ccy,2026-08-01T14:00:00+00:00,3674292035
2026-07-27T13:23:32.155914+00:00,1624,1632709875,Stephanie Luciano,Marina Spasic,2026-08-01T14:00:00Z,0,ml,home,,-283,0,950.0,account_ccy,2026-08-01T14:00:00+00:00,3674179582
2026-07-27T13:23:32.155914+00:00,1624,1632709875,Stephanie Luciano,Marina Spasic,2026-08-01T14:00:00Z,0,ml,away,,234,0,950.0,account_ccy,2026-08-01T14:00:00+00:00,3674179582
2026-07-27T13:23:32.155914+00:00,1624,1632703347,Gilbert Urbina,Vlasto Cepo,2026-08-01T14:00:00Z,0,ml,home,,246,0,950.0,account_ccy,2026-08-01T14:00:00+00:00,3674042167
2026-07-27T13:23:32.155914+00:00,1624,1632703347,Gilbert Urbina,Vlasto Cepo,2026-08-01T14:00:00Z,0,ml,away,,-299,0,950.0,account_ccy,2026-08-01T14:00:00+00:00,3674042167
2026-07-27T13:23:32.155914+00:00,1624,1632709873,Hailey Cowan,Nina Milosevic,2026-08-01T14:00:00Z,0,ml,home,,319,0,950.0,account_ccy,2026-08-01T14:00:00+00:00,3674043204
2026-07-27T13:23:32.155914+00:00,1624,1632709873,Hailey Cowan,Nina Milosevic,2026-08-01T14:00:00Z,0,ml,away,,-400,0,950.0,account_ccy,2026-08-01T14:00:00+00:00,3674043204
2026-07-27T13:23:32.155914+00:00,1624,1632066275,Gillian Robertson,Mackenzie Dern,2026-08-15T21:00:00Z,0,ml,home,,207,0,2050.0,account_ccy,2026-08-15T21:00:00+00:00,3668340679
2026-07-27T13:23:32.155914+00:00,1624,1632066275,Gillian Robertson,Mackenzie Dern,2026-08-15T21:00:00Z,0,ml,away,,-248,0,2050.0,account_ccy,2026-08-15T21:00:00+00:00,3668340679
2026-07-27T13:37:01.408897+00:00,1624,1632709790,Noah Gugnon,Milos Janicic,2026-08-01T14:00:00Z,0,ml,home,,-108,0,950.0,account_ccy,2026-08-01T14:00:00+00:00,3674292035
2026-07-27T13:37:01.408897+00:00,1624,1632709790,Noah Gugnon,Milos Janicic,2026-08-01T14:00:00Z,0,ml,away,,-108,0,950.0,account_ccy,2026-08-01T14:00:00+00:00,3674292035
2026-07-27T13:37:01.408897+00:00,1624,1632703346,Marcin Tybura,Aleksandar Rakic,2026-08-01T14:00:00Z,0,ml,home,,254,0,950.0,account_ccy,2026-08-01T14:00:00+00:00,3674303748
2026-07-27T13:37:01.408897+00:00,1624,1632703346,Marcin Tybura,Aleksandar Rakic,2026-08-01T14:00:00Z,0,ml,away,,-309,0,950.0,account_ccy,2026-08-01T14:00:00+00:00,3674303748
2026-07-27T13:37:01.408897+00:00,1624,1632061617,Ian Machado Garry,Islam Makhachev,2026-08-15T21:00:00Z,0,ml,home,,253,0,2050.0,account_ccy,2026-08-15T21:00:00+00:00,3669320646
2026-07-27T13:37:01.408897+00:00,1624,1632061617,Ian Machado Garry,Islam Makhachev,2026-08-15T21:00:00Z,0,ml,away,,-308,0,2050.0,account_ccy,2026-08-15T21:00:00+00:00,3669320646
2026-07-27T13:37:01.408897+00:00,1624,1632709787,Michael Oliveira,Oban Elliott,2026-08-01T14:00:00Z,0,ml,home,,-296,0,950.0,account_ccy,2026-08-01T14:00:00+00:00,3674304525
2026-07-27T13:37:01.408897+00:00,1624,1632709787,Michael Oliveira,Oban Elliott,2026-08-01T14:00:00Z,0,ml,away,,244,0,950.0,account_ccy,2026-08-01T14:00:00+00:00,3674304525
2026-07-27T13:37:01.408897+00:00,1624,1632709872,Kyle Prepolec,Mateusz Rebecki,2026-08-01T14:00:00Z,0,ml,home,,384,0,950.0,account_ccy,2026-08-01T14:00:00+00:00,3674042816
2026-07-27T13:37:01.408897+00:00,1624,1632709872,Kyle Prepolec,Mateusz Rebecki,2026-08-01T14:00:00Z,0,ml,away,,-495,0,950.0,account_ccy,2026-08-01T14:00:00+00:00,3674042816
2026-07-27T13:37:01.408897+00:00,1624,1632703345,Navajo Stirling,Jan Blachowicz,2026-08-01T14:00:00Z,0,ml,home,,-318,0,950.0,account_ccy,2026-08-01T14:00:00+00:00,3674197083
2026-07-27T13:37:01.408897+00:00,1624,1632703345,Navajo Stirling,Jan Blachowicz,2026-08-01T14:00:00Z,0,ml,away,,260,0,950.0,account_ccy,2026-08-01T14:00:00+00:00,3674197083
2026-07-27T13:37:01.408897+00:00,1624,1632709873,Hailey Cowan,Nina Milosevic,2026-08-01T14:00:00Z,0,ml,home,,319,0,950.0,account_ccy,2026-08-01T14:00:00+00:00,3674043204
2026-07-27T13:37:01.408897+00:00,1624,1632709873,Hailey Cowan,Nina Milosevic,2026-08-01T14:00:00Z,0,ml,away,,-400,0,950.0,account_ccy,2026-08-01T14:00:00+00:00,3674043204
2026-07-27T13:37:01.408897+00:00,1624,1632908874,Alexander Poppeck,Jovan Leka,2026-08-01T14:00:00Z,0,ml,home,,189,0,950.0,account_ccy,2026-08-01T14:00:00+00:00,3674179422
2026-07-27T13:37:01.408897+00:00,1624,1632908874,Alexander Poppeck,Jovan Leka,2026-08-01T14:00:00Z,0,ml,away,,-226,0,950.0,account_ccy,2026-08-01T14:00:00+00:00,3674179422
2026-07-27T13:37:01.408897+00:00,1624,1632710674,Bogdan Grad,Dennis Buzukja,2026-08-01T14:00:00Z,0,ml,home,,-189,0,950.0,account_ccy,2026-08-01T14:00:00+00:00,3674168293
2026-07-27T13:37:01.408897+00:00,1624,1632710674,Bogdan Grad,Dennis Buzukja,2026-08-01T14:00:00Z,0,ml,away,,160,0,950.0,account_ccy,2026-08-01T14:00:00+00:00,3674168293
2026-07-27T13:37:01.408897+00:00,1624,1632703348,Tofiq Musayev,Ludovit Klein,2026-08-01T14:00:00Z,0,ml,home,,203,0,950.0,account_ccy,2026-08-01T14:00:00+00:00,3674296463
2026-07-27T13:37:01.408897+00:00,1624,1632703348,Tofiq Musayev,Ludovit Klein,2026-08-01T14:00:00Z,0,ml,away,,-243,0,950.0,account_ccy,2026-08-01T14:00:00+00:00,3674296463
2026-07-27T13:37:01.408897+00:00,1624,1632703347,Gilbert Urbina,Vlasto Cepo,2026-08-01T14:00:00Z,0,ml,home,,246,0,950.0,account_ccy,2026-08-01T14:00:00+00:00,3674042167
2026-07-27T13:37:01.408897+00:00,1624,1632703347,Gilbert Urbina,Vlasto Cepo,2026-08-01T14:00:00Z,0,ml,away,,-299,0,950.0,account_ccy,2026-08-01T14:00:00+00:00,3674042167
2026-07-27T13:37:01.408897+00:00,1624,1632709870,Robert Valentin,Dusko Todorovic,2026-08-01T14:00:00Z,0,ml,home,,-164,0,950.0,account_ccy,2026-08-01T14:00:00+00:00,3674215717
2026-07-27T13:37:01.408897+00:00,1624,1632709870,Robert Valentin,Dusko Todorovic,2026-08-01T14:00:00Z,0,ml,away,,140,0,950.0,account_ccy,2026-08-01T14:00:00+00:00,3674215717
2026-07-27T13:37:01.408897+00:00,1624,1632709875,Stephanie Luciano,Marina Spasic,2026-08-01T14:00:00Z,0,ml,home,,-283,0,950.0,account_ccy,2026-08-01T14:00:00+00:00,3674179582
2026-07-27T13:37:01.408897+00:00,1624,1632709875,Stephanie Luciano,Marina Spasic,2026-08-01T14:00:00Z,0,ml,away,,234,0,950.0,account_ccy,2026-08-01T14:00:00+00:00,3674179582
2026-07-27T13:37:01.408897+00:00,1624,1632703344,Daniel Rodriguez,Uros Medic,2026-08-01T14:00:00Z,0,ml,home,,290,0,950.0,account_ccy,2026-08-01T14:00:00+00:00,3674198778
2026-07-27T13:37:01.408897+00:00,1624,1632703344,Daniel Rodriguez,Uros Medic,2026-08-01T14:00:00Z,0,ml,away,,-358,0,950.0,account_ccy,2026-08-01T14:00:00+00:00,3674198778
2026-07-27T13:37:01.408897+00:00,1624,1632066275,Gillian Robertson,Mackenzie Dern,2026-08-15T21:00:00Z,0,ml,home,,207,0,2050.0,account_ccy,2026-08-15T21:00:00+00:00,3668340679
2026-07-27T13:37:01.408897+00:00,1624,1632066275,Gillian Robertson,Mackenzie Dern,2026-08-15T21:00:00Z,0,ml,away,,-248,0,2050.0,account_ccy,2026-08-15T21:00:00+00:00,3668340679
2026-07-27T13:52:01.411488+00:00,1624,1632703345,Navajo Stirling,Jan Blachowicz,2026-08-01T14:00:00Z,0,ml,home,,-318,0,950.0,account_ccy,2026-08-01T14:00:00+00:00,3674197083
2026-07-27T13:52:01.411488+00:00,1624,1632703345,Navajo Stirling,Jan Blachowicz,2026-08-01T14:00:00Z,0,ml,away,,260,0,950.0,account_ccy,2026-08-01T14:00:00+00:00,3674197083
2026-07-27T13:52:01.411488+00:00,1624,1632703348,Tofiq Musayev,Ludovit Klein,2026-08-01T14:00:00Z,0,ml,home,,203,0,950.0,account_ccy,2026-08-01T14:00:00+00:00,3674296463
2026-07-27T13:52:01.411488+00:00,1624,1632703348,Tofiq Musayev,Ludovit Klein,2026-08-01T14:00:00Z,0,ml,away,,-243,0,950.0,account_ccy,2026-08-01T14:00:00+00:00,3674296463
2026-07-27T13:52:01.411488+00:00,1624,1632709790,Noah Gugnon,Milos Janicic,2026-08-01T14:00:00Z,0,ml,home,,-113,0,950.0,account_ccy,2026-08-01T14:00:00+00:00,3674309801
2026-07-27T13:52:01.411488+00:00,1624,1632709790,Noah Gugnon,Milos Janicic,2026-08-01T14:00:00Z,0,ml,away,,-103,0,950.0,account_ccy,2026-08-01T14:00:00+00:00,3674309801
2026-07-27T13:52:01.411488+00:00,1624,1632709873,Hailey Cowan,Nina Milosevic,2026-08-01T14:00:00Z,0,ml,home,,319,0,950.0,account_ccy,2026-08-01T14:00:00+00:00,3674043204
2026-07-27T13:52:01.411488+00:00,1624,1632709873,Hailey Cowan,Nina Milosevic,2026-08-01T14:00:00Z,0,ml,away,,-400,0,950.0,account_ccy,2026-08-01T14:00:00+00:00,3674043204
2026-07-27T13:52:01.411488+00:00,1624,1632703346,Marcin Tybura,Aleksandar Rakic,2026-08-01T14:00:00Z,0,ml,home,,254,0,950.0,account_ccy,2026-08-01T14:00:00+00:00,3674303748
2026-07-27T13:52:01.411488+00:00,1624,1632703346,Marcin Tybura,Aleksandar Rakic,2026-08-01T14:00:00Z,0,ml,away,,-309,0,950.0,account_ccy,2026-08-01T14:00:00+00:00,3674303748
2026-07-27T13:52:01.411488+00:00,1624,1632061617,Ian Machado Garry,Islam Makhachev,2026-08-15T21:00:00Z,0,ml,home,,241,0,2050.0,account_ccy,2026-08-15T21:00:00+00:00,3674307600
2026-07-27T13:52:01.411488+00:00,1624,1632061617,Ian Machado Garry,Islam Makhachev,2026-08-15T21:00:00Z,0,ml,away,,-292,0,2050.0,account_ccy,2026-08-15T21:00:00+00:00,3674307600
2026-07-27T13:52:01.411488+00:00,1624,1632703347,Gilbert Urbina,Vlasto Cepo,2026-08-01T14:00:00Z,0,ml,home,,246,0,950.0,account_ccy,2026-08-01T14:00:00+00:00,3674042167
2026-07-27T13:52:01.411488+00:00,1624,1632703347,Gilbert Urbina,Vlasto Cepo,2026-08-01T14:00:00Z,0,ml,away,,-299,0,950.0,account_ccy,2026-08-01T14:00:00+00:00,3674042167
2026-07-27T13:52:01.411488+00:00,1624,1632709875,Stephanie Luciano,Marina Spasic,2026-08-01T14:00:00Z,0,ml,home,,-283,0,950.0,account_ccy,2026-08-01T14:00:00+00:00,3674179582
2026-07-27T13:52:01.411488+00:00,1624,1632709875,Stephanie Luciano,Marina Spasic,2026-08-01T14:00:00Z,0,ml,away,,234,0,950.0,account_ccy,2026-08-01T14:00:00+00:00,3674179582
2026-07-27T13:52:01.411488+00:00,1624,1632709787,Michael Oliveira,Oban Elliott,2026-08-01T14:00:00Z,0,ml,home,,-299,0,950.0,account_ccy,2026-08-01T14:00:00+00:00,3674306094
2026-07-27T13:52:01.411488+00:00,1624,1632709787,Michael Oliveira,Oban Elliott,2026-08-01T14:00:00Z,0,ml,away,,246,0,950.0,account_ccy,2026-08-01T14:00:00+00:00,3674306094
2026-07-27T13:52:01.411488+00:00,1624,1632710674,Bogdan Grad,Dennis Buzukja,2026-08-01T14:00:00Z,0,ml,home,,-189,0,950.0,account_ccy,2026-08-01T14:00:00+00:00,3674168293
2026-07-27T13:52:01.411488+00:00,1624,1632710674,Bogdan Grad,Dennis Buzukja,2026-08-01T14:00:00Z,0,ml,away,,160,0,950.0,account_ccy,2026-08-01T14:00:00+00:00,3674168293
2026-07-27T13:52:01.411488+00:00,1624,1632066275,Gillian Robertson,Mackenzie Dern,2026-08-15T21:00:00Z,0,ml,home,,207,0,2050.0,account_ccy,2026-08-15T21:00:00+00:00,3668340679
2026-07-27T13:52:01.411488+00:00,1624,1632066275,Gillian Robertson,Mackenzie Dern,2026-08-15T21:00:00Z,0,ml,away,,-248,0,2050.0,account_ccy,2026-08-15T21:00:00+00:00,3668340679
2026-07-27T13:52:01.411488+00:00,1624,1632703344,Daniel Rodriguez,Uros Medic,2026-08-01T14:00:00Z,0,ml,home,,290,0,950.0,account_ccy,2026-08-01T14:00:00+00:00,3674198778
2026-07-27T13:52:01.411488+00:00,1624,1632703344,Daniel Rodriguez,Uros Medic,2026-08-01T14:00:00Z,0,ml,away,,-358,0,950.0,account_ccy,2026-08-01T14:00:00+00:00,3674198778
2026-07-27T13:52:01.411488+00:00,1624,1632709870,Robert Valentin,Dusko Todorovic,2026-08-01T14:00:00Z,0,ml,home,,-165,0,950.0,account_ccy,2026-08-01T14:00:00+00:00,3674306914
2026-07-27T13:52:01.411488+00:00,1624,1632709870,Robert Valentin,Dusko Todorovic,2026-08-01T14:00:00Z,0,ml,away,,140,0,950.0,account_ccy,2026-08-01T14:00:00+00:00,3674306914
2026-07-27T13:52:01.411488+00:00,1624,1632709872,Kyle Prepolec,Mateusz Rebecki,2026-08-01T14:00:00Z,0,ml,home,,384,0,950.0,account_ccy,2026-08-01T14:00:00+00:00,3674042816
2026-07-27T13:52:01.411488+00:00,1624,1632709872,Kyle Prepolec,Mateusz Rebecki,2026-08-01T14:00:00Z,0,ml,away,,-495,0,950.0,account_ccy,2026-08-01T14:00:00+00:00,3674042816
2026-07-27T13:52:01.411488+00:00,1624,1632908874,Alexander Poppeck,Jovan Leka,2026-08-01T14:00:00Z,0,ml,home,,189,0,950.0,account_ccy,2026-08-01T14:00:00+00:00,3674179422
2026-07-27T13:52:01.411488+00:00,1624,1632908874,Alexander Poppeck,Jovan Leka,2026-08-01T14:00:00Z,0,ml,away,,-226,0,950.0,account_ccy,2026-08-01T14:00:00+00:00,3674179422
2026-07-27T14:07:01.415275+00:00,1624,1632703344,Daniel Rodriguez,Uros Medic,2026-08-01T14:00:00Z,0,ml,home,,290,0,950.0,account_ccy,2026-08-01T14:00:00+00:00,3674198778
2026-07-27T14:07:01.415275+00:00,1624,1632703344,Daniel Rodriguez,Uros Medic,2026-08-01T14:00:00Z,0,ml,away,,-358,0,950.0,account_ccy,2026-08-01T14:00:00+00:00,3674198778
2026-07-27T14:07:01.415275+00:00,1624,1632703345,Navajo Stirling,Jan Blachowicz,2026-08-01T14:00:00Z,0,ml,home,,-318,0,950.0,account_ccy,2026-08-01T14:00:00+00:00,3674197083
2026-07-27T14:07:01.415275+00:00,1624,1632703345,Navajo Stirling,Jan Blachowicz,2026-08-01T14:00:00Z,0,ml,away,,260,0,950.0,account_ccy,2026-08-01T14:00:00+00:00,3674197083
2026-07-27T14:07:01.415275+00:00,1624,1632908874,Alexander Poppeck,Jovan Leka,2026-08-01T14:00:00Z,0,ml,home,,189,0,950.0,account_ccy,2026-08-01T14:00:00+00:00,3674179422
2026-07-27T14:07:01.415275+00:00,1624,1632908874,Alexander Poppeck,Jovan Leka,2026-08-01T14:00:00Z,0,ml,away,,-226,0,950.0,account_ccy,2026-08-01T14:00:00+00:00,3674179422
2026-07-27T14:07:01.415275+00:00,1624,1632709872,Kyle Prepolec,Mateusz Rebecki,2026-08-01T14:00:00Z,0,ml,home,,384,0,950.0,account_ccy,2026-08-01T14:00:00+00:00,3674042816
2026-07-27T14:07:01.415275+00:00,1624,1632709872,Kyle Prepolec,Mateusz Rebecki,2026-08-01T14:00:00Z,0,ml,away,,-495,0,950.0,account_ccy,2026-08-01T14:00:00+00:00,3674042816
2026-07-27T14:07:01.415275+00:00,1624,1632709875,Stephanie Luciano,Marina Spasic,2026-08-01T14:00:00Z,0,ml,home,,-283,0,950.0,account_ccy,2026-08-01T14:00:00+00:00,3674179582
2026-07-27T14:07:01.415275+00:00,1624,1632709875,Stephanie Luciano,Marina Spasic,2026-08-01T14:00:00Z,0,ml,away,,234,0,950.0,account_ccy,2026-08-01T14:00:00+00:00,3674179582
2026-07-27T14:07:01.415275+00:00,1624,1632703348,Tofiq Musayev,Ludovit Klein,2026-08-01T14:00:00Z,0,ml,home,,203,0,950.0,account_ccy,2026-08-01T14:00:00+00:00,3674296463
2026-07-27T14:07:01.415275+00:00,1624,1632703348,Tofiq Musayev,Ludovit Klein,2026-08-01T14:00:00Z,0,ml,away,,-243,0,950.0,account_ccy,2026-08-01T14:00:00+00:00,3674296463
2026-07-27T14:07:01.415275+00:00,1624,1632703347,Gilbert Urbina,Vlasto Cepo,2026-08-01T14:00:00Z,0,ml,home,,246,0,950.0,account_ccy,2026-08-01T14:00:00+00:00,3674042167
2026-07-27T14:07:01.415275+00:00,1624,1632703347,Gilbert Urbina,Vlasto Cepo,2026-08-01T14:00:00Z,0,ml,away,,-299,0,950.0,account_ccy,2026-08-01T14:00:00+00:00,3674042167
2026-07-27T14:07:01.415275+00:00,1624,1632709787,Michael Oliveira,Oban Elliott,2026-08-01T14:00:00Z,0,ml,home,,-299,0,950.0,account_ccy,2026-08-01T14:00:00+00:00,3674306094
2026-07-27T14:07:01.415275+00:00,1624,1632709787,Michael Oliveira,Oban Elliott,2026-08-01T14:00:00Z,0,ml,away,,246,0,950.0,account_ccy,2026-08-01T14:00:00+00:00,3674306094
2026-07-27T14:07:01.415275+00:00,1624,1632061617,Ian Machado Garry,Islam Makhachev,2026-08-15T21:00:00Z,0,ml,home,,241,0,2050.0,account_ccy,2026-08-15T21:00:00+00:00,3674307600
2026-07-27T14:07:01.415275+00:00,1624,1632061617,Ian Machado Garry,Islam Makhachev,2026-08-15T21:00:00Z,0,ml,away,,-292,0,2050.0,account_ccy,2026-08-15T21:00:00+00:00,3674307600
2026-07-27T14:07:01.415275+00:00,1624,1632066275,Gillian Robertson,Mackenzie Dern,2026-08-15T21:00:00Z,0,ml,home,,207,0,2050.0,account_ccy,2026-08-15T21:00:00+00:00,3668340679
2026-07-27T14:07:01.415275+00:00,1624,1632066275,Gillian Robertson,Mackenzie Dern,2026-08-15T21:00:00Z,0,ml,away,,-248,0,2050.0,account_ccy,2026-08-15T21:00:00+00:00,3668340679
2026-07-27T14:07:01.415275+00:00,1624,1632703346,Marcin Tybura,Aleksandar Rakic,2026-08-01T14:00:00Z,0,ml,home,,254,0,950.0,account_ccy,2026-08-01T14:00:00+00:00,3674303748
2026-07-27T14:07:01.415275+00:00,1624,1632703346,Marcin Tybura,Aleksandar Rakic,2026-08-01T14:00:00Z,0,ml,away,,-309,0,950.0,account_ccy,2026-08-01T14:00:00+00:00,3674303748
2026-07-27T14:07:01.415275+00:00,1624,1632709870,Robert Valentin,Dusko Todorovic,2026-08-01T14:00:00Z,0,ml,home,,-165,0,950.0,account_ccy,2026-08-01T14:00:00+00:00,3674306914
2026-07-27T14:07:01.415275+00:00,1624,1632709870,Robert Valentin,Dusko Todorovic,2026-08-01T14:00:00Z,0,ml,away,,140,0,950.0,account_ccy,2026-08-01T14:00:00+00:00,3674306914
2026-07-27T14:07:01.415275+00:00,1624,1632709790,Noah Gugnon,Milos Janicic,2026-08-01T14:00:00Z,0,ml,home,,-111,0,950.0,account_ccy,2026-08-01T14:00:00+00:00,3674313418
2026-07-27T14:07:01.415275+00:00,1624,1632709790,Noah Gugnon,Milos Janicic,2026-08-01T14:00:00Z,0,ml,away,,-105,0,950.0,account_ccy,2026-08-01T14:00:00+00:00,3674313418
2026-07-27T14:07:01.415275+00:00,1624,1632709873,Hailey Cowan,Nina Milosevic,2026-08-01T14:00:00Z,0,ml,home,,319,0,950.0,account_ccy,2026-08-01T14:00:00+00:00,3674043204
2026-07-27T14:07:01.415275+00:00,1624,1632709873,Hailey Cowan,Nina Milosevic,2026-08-01T14:00:00Z,0,ml,away,,-400,0,950.0,account_ccy,2026-08-01T14:00:00+00:00,3674043204
2026-07-27T14:07:01.415275+00:00,1624,1632710674,Bogdan Grad,Dennis Buzukja,2026-08-01T14:00:00Z,0,ml,home,,-189,0,950.0,account_ccy,2026-08-01T14:00:00+00:00,3674168293
2026-07-27T14:07:01.415275+00:00,1624,1632710674,Bogdan Grad,Dennis Buzukja,2026-08-01T14:00:00Z,0,ml,away,,160,0,950.0,account_ccy,2026-08-01T14:00:00+00:00,3674168293
2026-07-27T14:22:01.410788+00:00,1624,1632703346,Marcin Tybura,Aleksandar Rakic,2026-08-01T14:00:00Z,0,ml,home,,254,0,950.0,account_ccy,2026-08-01T14:00:00+00:00,3674303748
2026-07-27T14:22:01.410788+00:00,1624,1632703346,Marcin Tybura,Aleksandar Rakic,2026-08-01T14:00:00Z,0,ml,away,,-309,0,950.0,account_ccy,2026-08-01T14:00:00+00:00,3674303748
2026-07-27T14:22:01.410788+00:00,1624,1632710674,Bogdan Grad,Dennis Buzukja,2026-08-01T14:00:00Z,0,ml,home,,-189,0,950.0,account_ccy,2026-08-01T14:00:00+00:00,3674168293
2026-07-27T14:22:01.410788+00:00,1624,1632710674,Bogdan Grad,Dennis Buzukja,2026-08-01T14:00:00Z,0,ml,away,,160,0,950.0,account_ccy,2026-08-01T14:00:00+00:00,3674168293
2026-07-27T14:22:01.410788+00:00,1624,1632703345,Navajo Stirling,Jan Blachowicz,2026-08-01T14:00:00Z,0,ml,home,,-318,0,950.0,account_ccy,2026-08-01T14:00:00+00:00,3674197083
2026-07-27T14:22:01.410788+00:00,1624,1632703345,Navajo Stirling,Jan Blachowicz,2026-08-01T14:00:00Z,0,ml,away,,260,0,950.0,account_ccy,2026-08-01T14:00:00+00:00,3674197083
2026-07-27T14:22:01.410788+00:00,1624,1632709870,Robert Valentin,Dusko Todorovic,2026-08-01T14:00:00Z,0,ml,home,,-165,0,950.0,account_ccy,2026-08-01T14:00:00+00:00,3674306914
2026-07-27T14:22:01.410788+00:00,1624,1632709870,Robert Valentin,Dusko Todorovic,2026-08-01T14:00:00Z,0,ml,away,,140,0,950.0,account_ccy,2026-08-01T14:00:00+00:00,3674306914
2026-07-27T14:22:01.410788+00:00,1624,1632709787,Michael Oliveira,Oban Elliott,2026-08-01T14:00:00Z,0,ml,home,,-299,0,950.0,account_ccy,2026-08-01T14:00:00+00:00,3674306094
2026-07-27T14:22:01.410788+00:00,1624,1632709787,Michael Oliveira,Oban Elliott,2026-08-01T14:00:00Z,0,ml,away,,246,0,950.0,account_ccy,2026-08-01T14:00:00+00:00,3674306094
2026-07-27T14:22:01.410788+00:00,1624,1632703344,Daniel Rodriguez,Uros Medic,2026-08-01T14:00:00Z,0,ml,home,,290,0,950.0,account_ccy,2026-08-01T14:00:00+00:00,3674198778
2026-07-27T14:22:01.410788+00:00,1624,1632703344,Daniel Rodriguez,Uros Medic,2026-08-01T14:00:00Z,0,ml,away,,-358,0,950.0,account_ccy,2026-08-01T14:00:00+00:00,3674198778
2026-07-27T14:22:01.410788+00:00,1624,1632908874,Alexander Poppeck,Jovan Leka,2026-08-01T14:00:00Z,0,ml,home,,189,0,950.0,account_ccy,2026-08-01T14:00:00+00:00,3674179422
2026-07-27T14:22:01.410788+00:00,1624,1632908874,Alexander Poppeck,Jovan Leka,2026-08-01T14:00:00Z,0,ml,away,,-226,0,950.0,account_ccy,2026-08-01T14:00:00+00:00,3674179422
2026-07-27T14:22:01.410788+00:00,1624,1632709872,Kyle Prepolec,Mateusz Rebecki,2026-08-01T14:00:00Z,0,ml,home,,384,0,950.0,account_ccy,2026-08-01T14:00:00+00:00,3674042816
2026-07-27T14:22:01.410788+00:00,1624,1632709872,Kyle Prepolec,Mateusz Rebecki,2026-08-01T14:00:00Z,0,ml,away,,-495,0,950.0,account_ccy,2026-08-01T14:00:00+00:00,3674042816
2026-07-27T14:22:01.410788+00:00,1624,1632061617,Ian Machado Garry,Islam Makhachev,2026-08-15T21:00:00Z,0,ml,home,,241,0,2050.0,account_ccy,2026-08-15T21:00:00+00:00,3674307600
2026-07-27T14:22:01.410788+00:00,1624,1632061617,Ian Machado Garry,Islam Makhachev,2026-08-15T21:00:00Z,0,ml,away,,-292,0,2050.0,account_ccy,2026-08-15T21:00:00+00:00,3674307600
2026-07-27T14:22:01.410788+00:00,1624,1632703348,Tofiq Musayev,Ludovit Klein,2026-08-01T14:00:00Z,0,ml,home,,203,0,950.0,account_ccy,2026-08-01T14:00:00+00:00,3674296463
2026-07-27T14:22:01.410788+00:00,1624,1632703348,Tofiq Musayev,Ludovit Klein,2026-08-01T14:00:00Z,0,ml,away,,-243,0,950.0,account_ccy,2026-08-01T14:00:00+00:00,3674296463
2026-07-27T14:22:01.410788+00:00,1624,1632709790,Noah Gugnon,Milos Janicic,2026-08-01T14:00:00Z,0,ml,home,,-111,0,950.0,account_ccy,2026-08-01T14:00:00+00:00,3674313418
2026-07-27T14:22:01.410788+00:00,1624,1632709790,Noah Gugnon,Milos Janicic,2026-08-01T14:00:00Z,0,ml,away,,-105,0,950.0,account_ccy,2026-08-01T14:00:00+00:00,3674313418
2026-07-27T14:22:01.410788+00:00,1624,1632709875,Stephanie Luciano,Marina Spasic,2026-08-01T14:00:00Z,0,ml,home,,-283,0,950.0,account_ccy,2026-08-01T14:00:00+00:00,3674179582
2026-07-27T14:22:01.410788+00:00,1624,1632709875,Stephanie Luciano,Marina Spasic,2026-08-01T14:00:00Z,0,ml,away,,234,0,950.0,account_ccy,2026-08-01T14:00:00+00:00,3674179582
2026-07-27T14:22:01.410788+00:00,1624,1632703347,Gilbert Urbina,Vlasto Cepo,2026-08-01T14:00:00Z,0,ml,home,,246,0,950.0,account_ccy,2026-08-01T14:00:00+00:00,3674042167
2026-07-27T14:22:01.410788+00:00,1624,1632703347,Gilbert Urbina,Vlasto Cepo,2026-08-01T14:00:00Z,0,ml,away,,-299,0,950.0,account_ccy,2026-08-01T14:00:00+00:00,3674042167
2026-07-27T14:22:01.410788+00:00,1624,1632709873,Hailey Cowan,Nina Milosevic,2026-08-01T14:00:00Z,0,ml,home,,319,0,950.0,account_ccy,2026-08-01T14:00:00+00:00,3674043204
2026-07-27T14:22:01.410788+00:00,1624,1632709873,Hailey Cowan,Nina Milosevic,2026-08-01T14:00:00Z,0,ml,away,,-400,0,950.0,account_ccy,2026-08-01T14:00:00+00:00,3674043204
2026-07-27T14:22:01.410788+00:00,1624,1632066275,Gillian Robertson,Mackenzie Dern,2026-08-15T21:00:00Z,0,ml,home,,207,0,2050.0,account_ccy,2026-08-15T21:00:00+00:00,3668340679
2026-07-27T14:22:01.410788+00:00,1624,1632066275,Gillian Robertson,Mackenzie Dern,2026-08-15T21:00:00Z,0,ml,away,,-248,0,2050.0,account_ccy,2026-08-15T21:00:00+00:00,3668340679
2026-07-27T14:37:01.423743+00:00,1624,1632709787,Michael Oliveira,Oban Elliott,2026-08-01T14:00:00Z,0,ml,home,,-299,0,950.0,account_ccy,2026-08-01T14:00:00+00:00,3674306094
2026-07-27T14:37:01.423743+00:00,1624,1632709787,Michael Oliveira,Oban Elliott,2026-08-01T14:00:00Z,0,ml,away,,246,0,950.0,account_ccy,2026-08-01T14:00:00+00:00,3674306094
2026-07-27T14:37:01.423743+00:00,1624,1632703344,Daniel Rodriguez,Uros Medic,2026-08-01T14:00:00Z,0,ml,home,,290,0,950.0,account_ccy,2026-08-01T14:00:00+00:00,3674198778
2026-07-27T14:37:01.423743+00:00,1624,1632703344,Daniel Rodriguez,Uros Medic,2026-08-01T14:00:00Z,0,ml,away,,-358,0,950.0,account_ccy,2026-08-01T14:00:00+00:00,3674198778
2026-07-27T14:37:01.423743+00:00,1624,1632709870,Robert Valentin,Dusko Todorovic,2026-08-01T14:00:00Z,0,ml,home,,-165,0,950.0,account_ccy,2026-08-01T14:00:00+00:00,3674306914
2026-07-27T14:37:01.423743+00:00,1624,1632709870,Robert Valentin,Dusko Todorovic,2026-08-01T14:00:00Z,0,ml,away,,140,0,950.0,account_ccy,2026-08-01T14:00:00+00:00,3674306914
2026-07-27T14:37:01.423743+00:00,1624,1632709875,Stephanie Luciano,Marina Spasic,2026-08-01T14:00:00Z,0,ml,home,,-283,0,950.0,account_ccy,2026-08-01T14:00:00+00:00,3674179582
2026-07-27T14:37:01.423743+00:00,1624,1632709875,Stephanie Luciano,Marina Spasic,2026-08-01T14:00:00Z,0,ml,away,,234,0,950.0,account_ccy,2026-08-01T14:00:00+00:00,3674179582
2026-07-27T14:37:01.423743+00:00,1624,1632908874,Alexander Poppeck,Jovan Leka,2026-08-01T14:00:00Z,0,ml,home,,189,0,950.0,account_ccy,2026-08-01T14:00:00+00:00,3674179422
2026-07-27T14:37:01.423743+00:00,1624,1632908874,Alexander Poppeck,Jovan Leka,2026-08-01T14:00:00Z,0,ml,away,,-226,0,950.0,account_ccy,2026-08-01T14:00:00+00:00,3674179422
2026-07-27T14:37:01.423743+00:00,1624,1632703348,Tofiq Musayev,Ludovit Klein,2026-08-01T14:00:00Z,0,ml,home,,203,0,950.0,account_ccy,2026-08-01T14:00:00+00:00,3674296463
2026-07-27T14:37:01.423743+00:00,1624,1632703348,Tofiq Musayev,Ludovit Klein,2026-08-01T14:00:00Z,0,ml,away,,-243,0,950.0,account_ccy,2026-08-01T14:00:00+00:00,3674296463
2026-07-27T14:37:01.423743+00:00,1624,1632709790,Noah Gugnon,Milos Janicic,2026-08-01T14:00:00Z,0,ml,home,,-111,0,950.0,account_ccy,2026-08-01T14:00:00+00:00,3674313418
2026-07-27T14:37:01.423743+00:00,1624,1632709790,Noah Gugnon,Milos Janicic,2026-08-01T14:00:00Z,0,ml,away,,-105,0,950.0,account_ccy,2026-08-01T14:00:00+00:00,3674313418
2026-07-27T14:37:01.423743+00:00,1624,1632703346,Marcin Tybura,Aleksandar Rakic,2026-08-01T14:00:00Z,0,ml,home,,251,0,950.0,account_ccy,2026-08-01T14:00:00+00:00,3674326257
2026-07-27T14:37:01.423743+00:00,1624,1632703346,Marcin Tybura,Aleksandar Rakic,2026-08-01T14:00:00Z,0,ml,away,,-305,0,950.0,account_ccy,2026-08-01T14:00:00+00:00,3674326257
2026-07-27T14:37:01.423743+00:00,1624,1632703347,Gilbert Urbina,Vlasto Cepo,2026-08-01T14:00:00Z,0,ml,home,,246,0,950.0,account_ccy,2026-08-01T14:00:00+00:00,3674042167
2026-07-27T14:37:01.423743+00:00,1624,1632703347,Gilbert Urbina,Vlasto Cepo,2026-08-01T14:00:00Z,0,ml,away,,-299,0,950.0,account_ccy,2026-08-01T14:00:00+00:00,3674042167
2026-07-27T14:37:01.423743+00:00,1624,1632709873,Hailey Cowan,Nina Milosevic,2026-08-01T14:00:00Z,0,ml,home,,319,0,950.0,account_ccy,2026-08-01T14:00:00+00:00,3674043204
2026-07-27T14:37:01.423743+00:00,1624,1632709873,Hailey Cowan,Nina Milosevic,2026-08-01T14:00:00Z,0,ml,away,,-400,0,950.0,account_ccy,2026-08-01T14:00:00+00:00,3674043204
2026-07-27T14:37:01.423743+00:00,1624,1632710674,Bogdan Grad,Dennis Buzukja,2026-08-01T14:00:00Z,0,ml,home,,-189,0,950.0,account_ccy,2026-08-01T14:00:00+00:00,3674168293
2026-07-27T14:37:01.423743+00:00,1624,1632710674,Bogdan Grad,Dennis Buzukja,2026-08-01T14:00:00Z,0,ml,away,,160,0,950.0,account_ccy,2026-08-01T14:00:00+00:00,3674168293
2026-07-27T14:37:01.423743+00:00,1624,1632066275,Gillian Robertson,Mackenzie Dern,2026-08-15T21:00:00Z,0,ml,home,,207,0,2050.0,account_ccy,2026-08-15T21:00:00+00:00,3668340679
2026-07-27T14:37:01.423743+00:00,1624,1632066275,Gillian Robertson,Mackenzie Dern,2026-08-15T21:00:00Z,0,ml,away,,-248,0,2050.0,account_ccy,2026-08-15T21:00:00+00:00,3668340679
2026-07-27T14:37:01.423743+00:00,1624,1632703345,Navajo Stirling,Jan Blachowicz,2026-08-01T14:00:00Z,0,ml,home,,-318,0,950.0,account_ccy,2026-08-01T14:00:00+00:00,3674197083
2026-07-27T14:37:01.423743+00:00,1624,1632703345,Navajo Stirling,Jan Blachowicz,2026-08-01T14:00:00Z,0,ml,away,,260,0,950.0,account_ccy,2026-08-01T14:00:00+00:00,3674197083
2026-07-27T14:37:01.423743+00:00,1624,1632709872,Kyle Prepolec,Mateusz Rebecki,2026-08-01T14:00:00Z,0,ml,home,,384,0,950.0,account_ccy,2026-08-01T14:00:00+00:00,3674042816
2026-07-27T14:37:01.423743+00:00,1624,1632709872,Kyle Prepolec,Mateusz Rebecki,2026-08-01T14:00:00Z,0,ml,away,,-495,0,950.0,account_ccy,2026-08-01T14:00:00+00:00,3674042816
2026-07-27T14:37:01.423743+00:00,1624,1632061617,Ian Machado Garry,Islam Makhachev,2026-08-15T21:00:00Z,0,ml,home,,241,0,2050.0,account_ccy,2026-08-15T21:00:00+00:00,3674307600
2026-07-27T14:37:01.423743+00:00,1624,1632061617,Ian Machado Garry,Islam Makhachev,2026-08-15T21:00:00Z,0,ml,away,,-292,0,2050.0,account_ccy,2026-08-15T21:00:00+00:00,3674307600
2026-07-27T14:52:01.412056+00:00,1624,1632703348,Tofiq Musayev,Ludovit Klein,2026-08-01T14:00:00Z,0,ml,home,,203,0,950.0,account_ccy,2026-08-01T14:00:00+00:00,3674296463
2026-07-27T14:52:01.412056+00:00,1624,1632703348,Tofiq Musayev,Ludovit Klein,2026-08-01T14:00:00Z,0,ml,away,,-243,0,950.0,account_ccy,2026-08-01T14:00:00+00:00,3674296463
2026-07-27T14:52:01.412056+00:00,1624,1632709870,Robert Valentin,Dusko Todorovic,2026-08-01T14:00:00Z,0,ml,home,,-165,0,950.0,account_ccy,2026-08-01T14:00:00+00:00,3674306914
2026-07-27T14:52:01.412056+00:00,1624,1632709870,Robert Valentin,Dusko Todorovic,2026-08-01T14:00:00Z,0,ml,away,,140,0,950.0,account_ccy,2026-08-01T14:00:00+00:00,3674306914
2026-07-27T14:52:01.412056+00:00,1624,1632709790,Noah Gugnon,Milos Janicic,2026-08-01T14:00:00Z,0,ml,home,,-111,0,950.0,account_ccy,2026-08-01T14:00:00+00:00,3674313418
2026-07-27T14:52:01.412056+00:00,1624,1632709790,Noah Gugnon,Milos Janicic,2026-08-01T14:00:00Z,0,ml,away,,-105,0,950.0,account_ccy,2026-08-01T14:00:00+00:00,3674313418
2026-07-27T14:52:01.412056+00:00,1624,1632709872,Kyle Prepolec,Mateusz Rebecki,2026-08-01T14:00:00Z,0,ml,home,,384,0,950.0,account_ccy,2026-08-01T14:00:00+00:00,3674042816
2026-07-27T14:52:01.412056+00:00,1624,1632709872,Kyle Prepolec,Mateusz Rebecki,2026-08-01T14:00:00Z,0,ml,away,,-495,0,950.0,account_ccy,2026-08-01T14:00:00+00:00,3674042816
2026-07-27T14:52:01.412056+00:00,1624,1632908874,Alexander Poppeck,Jovan Leka,2026-08-01T14:00:00Z,0,ml,home,,189,0,950.0,account_ccy,2026-08-01T14:00:00+00:00,3674179422
2026-07-27T14:52:01.412056+00:00,1624,1632908874,Alexander Poppeck,Jovan Leka,2026-08-01T14:00:00Z,0,ml,away,,-226,0,950.0,account_ccy,2026-08-01T14:00:00+00:00,3674179422
2026-07-27T14:52:01.412056+00:00,1624,1632703345,Navajo Stirling,Jan Blachowicz,2026-08-01T14:00:00Z,0,ml,home,,-318,0,950.0,account_ccy,2026-08-01T14:00:00+00:00,3674197083
2026-07-27T14:52:01.412056+00:00,1624,1632703345,Navajo Stirling,Jan Blachowicz,2026-08-01T14:00:00Z,0,ml,away,,260,0,950.0,account_ccy,2026-08-01T14:00:00+00:00,3674197083
2026-07-27T14:52:01.412056+00:00,1624,1632709787,Michael Oliveira,Oban Elliott,2026-08-01T14:00:00Z,0,ml,home,,-299,0,950.0,account_ccy,2026-08-01T14:00:00+00:00,3674306094
2026-07-27T14:52:01.412056+00:00,1624,1632709787,Michael Oliveira,Oban Elliott,2026-08-01T14:00:00Z,0,ml,away,,246,0,950.0,account_ccy,2026-08-01T14:00:00+00:00,3674306094
2026-07-27T14:52:01.412056+00:00,1624,1632703344,Daniel Rodriguez,Uros Medic,2026-08-01T14:00:00Z,0,ml,home,,290,0,950.0,account_ccy,2026-08-01T14:00:00+00:00,3674198778
2026-07-27T14:52:01.412056+00:00,1624,1632703344,Daniel Rodriguez,Uros Medic,2026-08-01T14:00:00Z,0,ml,away,,-358,0,950.0,account_ccy,2026-08-01T14:00:00+00:00,3674198778
2026-07-27T14:52:01.412056+00:00,1624,1632703346,Marcin Tybura,Aleksandar Rakic,2026-08-01T14:00:00Z,0,ml,home,,251,0,950.0,account_ccy,2026-08-01T14:00:00+00:00,3674326257
2026-07-27T14:52:01.412056+00:00,1624,1632703346,Marcin Tybura,Aleksandar Rakic,2026-08-01T14:00:00Z,0,ml,away,,-305,0,950.0,account_ccy,2026-08-01T14:00:00+00:00,3674326257
2026-07-27T14:52:01.412056+00:00,1624,1632709875,Stephanie Luciano,Marina Spasic,2026-08-01T14:00:00Z,0,ml,home,,-283,0,950.0,account_ccy,2026-08-01T14:00:00+00:00,3674179582
2026-07-27T14:52:01.412056+00:00,1624,1632709875,Stephanie Luciano,Marina Spasic,2026-08-01T14:00:00Z,0,ml,away,,234,0,950.0,account_ccy,2026-08-01T14:00:00+00:00,3674179582
2026-07-27T14:52:01.412056+00:00,1624,1632710674,Bogdan Grad,Dennis Buzukja,2026-08-01T14:00:00Z,0,ml,home,,-189,0,950.0,account_ccy,2026-08-01T14:00:00+00:00,3674168293
2026-07-27T14:52:01.412056+00:00,1624,1632710674,Bogdan Grad,Dennis Buzukja,2026-08-01T14:00:00Z,0,ml,away,,160,0,950.0,account_ccy,2026-08-01T14:00:00+00:00,3674168293
2026-07-27T14:52:01.412056+00:00,1624,1632066275,Gillian Robertson,Mackenzie Dern,2026-08-15T21:00:00Z,0,ml,home,,207,0,2050.0,account_ccy,2026-08-15T21:00:00+00:00,3668340679
2026-07-27T14:52:01.412056+00:00,1624,1632066275,Gillian Robertson,Mackenzie Dern,2026-08-15T21:00:00Z,0,ml,away,,-248,0,2050.0,account_ccy,2026-08-15T21:00:00+00:00,3668340679
2026-07-27T14:52:01.412056+00:00,1624,1632709873,Hailey Cowan,Nina Milosevic,2026-08-01T14:00:00Z,0,ml,home,,319,0,950.0,account_ccy,2026-08-01T14:00:00+00:00,3674043204
2026-07-27T14:52:01.412056+00:00,1624,1632709873,Hailey Cowan,Nina Milosevic,2026-08-01T14:00:00Z,0,ml,away,,-400,0,950.0,account_ccy,2026-08-01T14:00:00+00:00,3674043204
2026-07-27T14:52:01.412056+00:00,1624,1632061617,Ian Machado Garry,Islam Makhachev,2026-08-15T21:00:00Z,0,ml,home,,241,0,2050.0,account_ccy,2026-08-15T21:00:00+00:00,3674307600
2026-07-27T14:52:01.412056+00:00,1624,1632061617,Ian Machado Garry,Islam Makhachev,2026-08-15T21:00:00Z,0,ml,away,,-292,0,2050.0,account_ccy,2026-08-15T21:00:00+00:00,3674307600
2026-07-27T14:52:01.412056+00:00,1624,1632703347,Gilbert Urbina,Vlasto Cepo,2026-08-01T14:00:00Z,0,ml,home,,246,0,950.0,account_ccy,2026-08-01T14:00:00+00:00,3674042167
2026-07-27T14:52:01.412056+00:00,1624,1632703347,Gilbert Urbina,Vlasto Cepo,2026-08-01T14:00:00Z,0,ml,away,,-299,0,950.0,account_ccy,2026-08-01T14:00:00+00:00,3674042167
2026-07-27T15:07:01.409774+00:00,1624,1632709787,Michael Oliveira,Oban Elliott,2026-08-01T14:00:00Z,0,ml,home,,-299,0,950.0,account_ccy,2026-08-01T14:00:00+00:00,3674306094
2026-07-27T15:07:01.409774+00:00,1624,1632709787,Michael Oliveira,Oban Elliott,2026-08-01T14:00:00Z,0,ml,away,,246,0,950.0,account_ccy,2026-08-01T14:00:00+00:00,3674306094
2026-07-27T15:07:01.409774+00:00,1624,1632703344,Daniel Rodriguez,Uros Medic,2026-08-01T14:00:00Z,0,ml,home,,292,0,950.0,account_ccy,2026-08-01T14:00:00+00:00,3674336104
2026-07-27T15:07:01.409774+00:00,1624,1632703344,Daniel Rodriguez,Uros Medic,2026-08-01T14:00:00Z,0,ml,away,,-362,0,950.0,account_ccy,2026-08-01T14:00:00+00:00,3674336104
2026-07-27T15:07:01.409774+00:00,1624,1632709870,Robert Valentin,Dusko Todorovic,2026-08-01T14:00:00Z,0,ml,home,,-165,0,950.0,account_ccy,2026-08-01T14:00:00+00:00,3674306914
2026-07-27T15:07:01.409774+00:00,1624,1632709870,Robert Valentin,Dusko Todorovic,2026-08-01T14:00:00Z,0,ml,away,,140,0,950.0,account_ccy,2026-08-01T14:00:00+00:00,3674306914
2026-07-27T15:07:01.409774+00:00,1624,1632709875,Stephanie Luciano,Marina Spasic,2026-08-01T14:00:00Z,0,ml,home,,-283,0,950.0,account_ccy,2026-08-01T14:00:00+00:00,3674179582
2026-07-27T15:07:01.409774+00:00,1624,1632709875,Stephanie Luciano,Marina Spasic,2026-08-01T14:00:00Z,0,ml,away,,234,0,950.0,account_ccy,2026-08-01T14:00:00+00:00,3674179582
2026-07-27T15:07:01.409774+00:00,1624,1632908874,Alexander Poppeck,Jovan Leka,2026-08-01T14:00:00Z,0,ml,home,,189,0,950.0,account_ccy,2026-08-01T14:00:00+00:00,3674179422
2026-07-27T15:07:01.409774+00:00,1624,1632908874,Alexander Poppeck,Jovan Leka,2026-08-01T14:00:00Z,0,ml,away,,-226,0,950.0,account_ccy,2026-08-01T14:00:00+00:00,3674179422
2026-07-27T15:07:01.409774+00:00,1624,1632703348,Tofiq Musayev,Ludovit Klein,2026-08-01T14:00:00Z,0,ml,home,,203,0,950.0,account_ccy,2026-08-01T14:00:00+00:00,3674296463
2026-07-27T15:07:01.409774+00:00,1624,1632703348,Tofiq Musayev,Ludovit Klein,2026-08-01T14:00:00Z,0,ml,away,,-243,0,950.0,account_ccy,2026-08-01T14:00:00+00:00,3674296463
2026-07-27T15:07:01.409774+00:00,1624,1632709790,Noah Gugnon,Milos Janicic,2026-08-01T14:00:00Z,0,ml,home,,-111,0,950.0,account_ccy,2026-08-01T14:00:00+00:00,3674313418
2026-07-27T15:07:01.409774+00:00,1624,1632709790,Noah Gugnon,Milos Janicic,2026-08-01T14:00:00Z,0,ml,away,,-105,0,950.0,account_ccy,2026-08-01T14:00:00+00:00,3674313418
2026-07-27T15:07:01.409774+00:00,1624,1632703346,Marcin Tybura,Aleksandar Rakic,2026-08-01T14:00:00Z,0,ml,home,,251,0,950.0,account_ccy,2026-08-01T14:00:00+00:00,3674326257
2026-07-27T15:07:01.409774+00:00,1624,1632703346,Marcin Tybura,Aleksandar Rakic,2026-08-01T14:00:00Z,0,ml,away,,-305,0,950.0,account_ccy,2026-08-01T14:00:00+00:00,3674326257
2026-07-27T15:07:01.409774+00:00,1624,1632703347,Gilbert Urbina,Vlasto Cepo,2026-08-01T14:00:00Z,0,ml,home,,246,0,950.0,account_ccy,2026-08-01T14:00:00+00:00,3674042167
2026-07-27T15:07:01.409774+00:00,1624,1632703347,Gilbert Urbina,Vlasto Cepo,2026-08-01T14:00:00Z,0,ml,away,,-299,0,950.0,account_ccy,2026-08-01T14:00:00+00:00,3674042167
2026-07-27T15:07:01.409774+00:00,1624,1632709873,Hailey Cowan,Nina Milosevic,2026-08-01T14:00:00Z,0,ml,home,,319,0,950.0,account_ccy,2026-08-01T14:00:00+00:00,3674043204
2026-07-27T15:07:01.409774+00:00,1624,1632709873,Hailey Cowan,Nina Milosevic,2026-08-01T14:00:00Z,0,ml,away,,-400,0,950.0,account_ccy,2026-08-01T14:00:00+00:00,3674043204
2026-07-27T15:07:01.409774+00:00,1624,1632710674,Bogdan Grad,Dennis Buzukja,2026-08-01T14:00:00Z,0,ml,home,,-189,0,950.0,account_ccy,2026-08-01T14:00:00+00:00,3674168293
2026-07-27T15:07:01.409774+00:00,1624,1632710674,Bogdan Grad,Dennis Buzukja,2026-08-01T14:00:00Z,0,ml,away,,160,0,950.0,account_ccy,2026-08-01T14:00:00+00:00,3674168293
2026-07-27T15:07:01.409774+00:00,1624,1632066275,Gillian Robertson,Mackenzie Dern,2026-08-15T21:00:00Z,0,ml,home,,207,0,2050.0,account_ccy,2026-08-15T21:00:00+00:00,3668340679
2026-07-27T15:07:01.409774+00:00,1624,1632066275,Gillian Robertson,Mackenzie Dern,2026-08-15T21:00:00Z,0,ml,away,,-248,0,2050.0,account_ccy,2026-08-15T21:00:00+00:00,3668340679
2026-07-27T15:07:01.409774+00:00,1624,1632703345,Navajo Stirling,Jan Blachowicz,2026-08-01T14:00:00Z,0,ml,home,,-318,0,950.0,account_ccy,2026-08-01T14:00:00+00:00,3674197083
2026-07-27T15:07:01.409774+00:00,1624,1632703345,Navajo Stirling,Jan Blachowicz,2026-08-01T14:00:00Z,0,ml,away,,260,0,950.0,account_ccy,2026-08-01T14:00:00+00:00,3674197083
2026-07-27T15:07:01.409774+00:00,1624,1632709872,Kyle Prepolec,Mateusz Rebecki,2026-08-01T14:00:00Z,0,ml,home,,384,0,950.0,account_ccy,2026-08-01T14:00:00+00:00,3674042816
2026-07-27T15:07:01.409774+00:00,1624,1632709872,Kyle Prepolec,Mateusz Rebecki,2026-08-01T14:00:00Z,0,ml,away,,-495,0,950.0,account_ccy,2026-08-01T14:00:00+00:00,3674042816
2026-07-27T15:07:01.409774+00:00,1624,1632061617,Ian Machado Garry,Islam Makhachev,2026-08-15T21:00:00Z,0,ml,home,,241,0,2050.0,account_ccy,2026-08-15T21:00:00+00:00,3674307600
2026-07-27T15:07:01.409774+00:00,1624,1632061617,Ian Machado Garry,Islam Makhachev,2026-08-15T21:00:00Z,0,ml,away,,-292,0,2050.0,account_ccy,2026-08-15T21:00:00+00:00,3674307600
2026-07-27T15:22:01.413537+00:00,1624,1632908874,Alexander Poppeck,Jovan Leka,2026-08-01T14:00:00Z,0,ml,home,,189,0,950.0,account_ccy,2026-08-01T14:00:00+00:00,3674179422
2026-07-27T15:22:01.413537+00:00,1624,1632908874,Alexander Poppeck,Jovan Leka,2026-08-01T14:00:00Z,0,ml,away,,-226,0,950.0,account_ccy,2026-08-01T14:00:00+00:00,3674179422
2026-07-27T15:22:01.413537+00:00,1624,1632709787,Michael Oliveira,Oban Elliott,2026-08-01T14:00:00Z,0,ml,home,,-299,0,950.0,account_ccy,2026-08-01T14:00:00+00:00,3674306094
2026-07-27T15:22:01.413537+00:00,1624,1632709787,Michael Oliveira,Oban Elliott,2026-08-01T14:00:00Z,0,ml,away,,246,0,950.0,account_ccy,2026-08-01T14:00:00+00:00,3674306094
2026-07-27T15:22:01.413537+00:00,1624,1632061617,Ian Machado Garry,Islam Makhachev,2026-08-15T21:00:00Z,0,ml,home,,241,0,2050.0,account_ccy,2026-08-15T21:00:00+00:00,3674307600
2026-07-27T15:22:01.413537+00:00,1624,1632061617,Ian Machado Garry,Islam Makhachev,2026-08-15T21:00:00Z,0,ml,away,,-292,0,2050.0,account_ccy,2026-08-15T21:00:00+00:00,3674307600
2026-07-27T15:22:01.413537+00:00,1624,1632703347,Gilbert Urbina,Vlasto Cepo,2026-08-01T14:00:00Z,0,ml,home,,246,0,950.0,account_ccy,2026-08-01T14:00:00+00:00,3674042167
2026-07-27T15:22:01.413537+00:00,1624,1632703347,Gilbert Urbina,Vlasto Cepo,2026-08-01T14:00:00Z,0,ml,away,,-299,0,950.0,account_ccy,2026-08-01T14:00:00+00:00,3674042167
2026-07-27T15:22:01.413537+00:00,1624,1632703348,Tofiq Musayev,Ludovit Klein,2026-08-01T14:00:00Z,0,ml,home,,203,0,950.0,account_ccy,2026-08-01T14:00:00+00:00,3674296463
2026-07-27T15:22:01.413537+00:00,1624,1632703348,Tofiq Musayev,Ludovit Klein,2026-08-01T14:00:00Z,0,ml,away,,-243,0,950.0,account_ccy,2026-08-01T14:00:00+00:00,3674296463
2026-07-27T15:22:01.413537+00:00,1624,1632709870,Robert Valentin,Dusko Todorovic,2026-08-01T14:00:00Z,0,ml,home,,-165,0,950.0,account_ccy,2026-08-01T14:00:00+00:00,3674306914
2026-07-27T15:22:01.413537+00:00,1624,1632709870,Robert Valentin,Dusko Todorovic,2026-08-01T14:00:00Z,0,ml,away,,140,0,950.0,account_ccy,2026-08-01T14:00:00+00:00,3674306914
2026-07-27T15:22:01.413537+00:00,1624,1632709875,Stephanie Luciano,Marina Spasic,2026-08-01T14:00:00Z,0,ml,home,,-283,0,950.0,account_ccy,2026-08-01T14:00:00+00:00,3674179582
2026-07-27T15:22:01.413537+00:00,1624,1632709875,Stephanie Luciano,Marina Spasic,2026-08-01T14:00:00Z,0,ml,away,,234,0,950.0,account_ccy,2026-08-01T14:00:00+00:00,3674179582
2026-07-27T15:22:01.413537+00:00,1624,1632703345,Navajo Stirling,Jan Blachowicz,2026-08-01T14:00:00Z,0,ml,home,,-318,0,950.0,account_ccy,2026-08-01T14:00:00+00:00,3674197083
2026-07-27T15:22:01.413537+00:00,1624,1632703345,Navajo Stirling,Jan Blachowicz,2026-08-01T14:00:00Z,0,ml,away,,260,0,950.0,account_ccy,2026-08-01T14:00:00+00:00,3674197083
2026-07-27T15:22:01.413537+00:00,1624,1632710674,Bogdan Grad,Dennis Buzukja,2026-08-01T14:00:00Z,0,ml,home,,-189,0,950.0,account_ccy,2026-08-01T14:00:00+00:00,3674168293
2026-07-27T15:22:01.413537+00:00,1624,1632710674,Bogdan Grad,Dennis Buzukja,2026-08-01T14:00:00Z,0,ml,away,,160,0,950.0,account_ccy,2026-08-01T14:00:00+00:00,3674168293
2026-07-27T15:22:01.413537+00:00,1624,1632703346,Marcin Tybura,Aleksandar Rakic,2026-08-01T14:00:00Z,0,ml,home,,251,0,950.0,account_ccy,2026-08-01T14:00:00+00:00,3674326257
2026-07-27T15:22:01.413537+00:00,1624,1632703346,Marcin Tybura,Aleksandar Rakic,2026-08-01T14:00:00Z,0,ml,away,,-305,0,950.0,account_ccy,2026-08-01T14:00:00+00:00,3674326257
2026-07-27T15:22:01.413537+00:00,1624,1632709873,Hailey Cowan,Nina Milosevic,2026-08-01T14:00:00Z,0,ml,home,,319,0,950.0,account_ccy,2026-08-01T14:00:00+00:00,3674043204
2026-07-27T15:22:01.413537+00:00,1624,1632709873,Hailey Cowan,Nina Milosevic,2026-08-01T14:00:00Z,0,ml,away,,-400,0,950.0,account_ccy,2026-08-01T14:00:00+00:00,3674043204
2026-07-27T15:22:01.413537+00:00,1624,1632703344,Daniel Rodriguez,Uros Medic,2026-08-01T14:00:00Z,0,ml,home,,292,0,950.0,account_ccy,2026-08-01T14:00:00+00:00,3674336104
2026-07-27T15:22:01.413537+00:00,1624,1632703344,Daniel Rodriguez,Uros Medic,2026-08-01T14:00:00Z,0,ml,away,,-362,0,950.0,account_ccy,2026-08-01T14:00:00+00:00,3674336104
2026-07-27T15:22:01.413537+00:00,1624,1632709872,Kyle Prepolec,Mateusz Rebecki,2026-08-01T14:00:00Z,0,ml,home,,384,0,950.0,account_ccy,2026-08-01T14:00:00+00:00,3674042816
2026-07-27T15:22:01.413537+00:00,1624,1632709872,Kyle Prepolec,Mateusz Rebecki,2026-08-01T14:00:00Z,0,ml,away,,-495,0,950.0,account_ccy,2026-08-01T14:00:00+00:00,3674042816
2026-07-27T15:22:01.413537+00:00,1624,1632066275,Gillian Robertson,Mackenzie Dern,2026-08-15T21:00:00Z,0,ml,home,,207,0,2050.0,account_ccy,2026-08-15T21:00:00+00:00,3668340679
2026-07-27T15:22:01.413537+00:00,1624,1632066275,Gillian Robertson,Mackenzie Dern,2026-08-15T21:00:00Z,0,ml,away,,-248,0,2050.0,account_ccy,2026-08-15T21:00:00+00:00,3668340679
2026-07-27T15:22:01.413537+00:00,1624,1632709790,Noah Gugnon,Milos Janicic,2026-08-01T14:00:00Z,0,ml,home,,-111,0,950.0,account_ccy,2026-08-01T14:00:00+00:00,3674313418
2026-07-27T15:22:01.413537+00:00,1624,1632709790,Noah Gugnon,Milos Janicic,2026-08-01T14:00:00Z,0,ml,away,,-105,0,950.0,account_ccy,2026-08-01T14:00:00+00:00,3674313418
2026-07-27T15:37:01.452003+00:00,1624,1632709790,Noah Gugnon,Milos Janicic,2026-08-01T14:00:00Z,0,ml,home,,-109,0,950.0,account_ccy,2026-08-01T14:00:00+00:00,3674347101
2026-07-27T15:37:01.452003+00:00,1624,1632709790,Noah Gugnon,Milos Janicic,2026-08-01T14:00:00Z,0,ml,away,,-107,0,950.0,account_ccy,2026-08-01T14:00:00+00:00,3674347101
2026-07-27T15:37:01.452003+00:00,1624,1632703346,Marcin Tybura,Aleksandar Rakic,2026-08-01T14:00:00Z,0,ml,home,,252,0,950.0,account_ccy,2026-08-01T14:00:00+00:00,3674353939
2026-07-27T15:37:01.452003+00:00,1624,1632703346,Marcin Tybura,Aleksandar Rakic,2026-08-01T14:00:00Z,0,ml,away,,-307,0,950.0,account_ccy,2026-08-01T14:00:00+00:00,3674353939
2026-07-27T15:37:01.452003+00:00,1624,1632061617,Ian Machado Garry,Islam Makhachev,2026-08-15T21:00:00Z,0,ml,home,,241,0,2050.0,account_ccy,2026-08-15T21:00:00+00:00,3674307600
2026-07-27T15:37:01.452003+00:00,1624,1632061617,Ian Machado Garry,Islam Makhachev,2026-08-15T21:00:00Z,0,ml,away,,-292,0,2050.0,account_ccy,2026-08-15T21:00:00+00:00,3674307600
2026-07-27T15:37:01.452003+00:00,1624,1632709787,Michael Oliveira,Oban Elliott,2026-08-01T14:00:00Z,0,ml,home,,-299,0,950.0,account_ccy,2026-08-01T14:00:00+00:00,3674306094
2026-07-27T15:37:01.452003+00:00,1624,1632709787,Michael Oliveira,Oban Elliott,2026-08-01T14:00:00Z,0,ml,away,,246,0,950.0,account_ccy,2026-08-01T14:00:00+00:00,3674306094
2026-07-27T15:37:01.452003+00:00,1624,1632709872,Kyle Prepolec,Mateusz Rebecki,2026-08-01T14:00:00Z,0,ml,home,,384,0,950.0,account_ccy,2026-08-01T14:00:00+00:00,3674042816
2026-07-27T15:37:01.452003+00:00,1624,1632709872,Kyle Prepolec,Mateusz Rebecki,2026-08-01T14:00:00Z,0,ml,away,,-495,0,950.0,account_ccy,2026-08-01T14:00:00+00:00,3674042816
2026-07-27T15:37:01.452003+00:00,1624,1632703345,Navajo Stirling,Jan Blachowicz,2026-08-01T14:00:00Z,0,ml,home,,-318,0,950.0,account_ccy,2026-08-01T14:00:00+00:00,3674197083
2026-07-27T15:37:01.452003+00:00,1624,1632703345,Navajo Stirling,Jan Blachowicz,2026-08-01T14:00:00Z,0,ml,away,,260,0,950.0,account_ccy,2026-08-01T14:00:00+00:00,3674197083
2026-07-27T15:37:01.452003+00:00,1624,1632709873,Hailey Cowan,Nina Milosevic,2026-08-01T14:00:00Z,0,ml,home,,319,0,950.0,account_ccy,2026-08-01T14:00:00+00:00,3674043204
2026-07-27T15:37:01.452003+00:00,1624,1632709873,Hailey Cowan,Nina Milosevic,2026-08-01T14:00:00Z,0,ml,away,,-400,0,950.0,account_ccy,2026-08-01T14:00:00+00:00,3674043204
2026-07-27T15:37:01.452003+00:00,1624,1632908874,Alexander Poppeck,Jovan Leka,2026-08-01T14:00:00Z,0,ml,home,,189,0,950.0,account_ccy,2026-08-01T14:00:00+00:00,3674179422
2026-07-27T15:37:01.452003+00:00,1624,1632908874,Alexander Poppeck,Jovan Leka,2026-08-01T14:00:00Z,0,ml,away,,-226,0,950.0,account_ccy,2026-08-01T14:00:00+00:00,3674179422
2026-07-27T15:37:01.452003+00:00,1624,1632710674,Bogdan Grad,Dennis Buzukja,2026-08-01T14:00:00Z,0,ml,home,,-189,0,950.0,account_ccy,2026-08-01T14:00:00+00:00,3674168293
2026-07-27T15:37:01.452003+00:00,1624,1632710674,Bogdan Grad,Dennis Buzukja,2026-08-01T14:00:00Z,0,ml,away,,160,0,950.0,account_ccy,2026-08-01T14:00:00+00:00,3674168293
2026-07-27T15:37:01.452003+00:00,1624,1632703348,Tofiq Musayev,Ludovit Klein,2026-08-01T14:00:00Z,0,ml,home,,203,0,950.0,account_ccy,2026-08-01T14:00:00+00:00,3674296463
2026-07-27T15:37:01.452003+00:00,1624,1632703348,Tofiq Musayev,Ludovit Klein,2026-08-01T14:00:00Z,0,ml,away,,-243,0,950.0,account_ccy,2026-08-01T14:00:00+00:00,3674296463
2026-07-27T15:37:01.452003+00:00,1624,1632703347,Gilbert Urbina,Vlasto Cepo,2026-08-01T14:00:00Z,0,ml,home,,246,0,950.0,account_ccy,2026-08-01T14:00:00+00:00,3674042167
2026-07-27T15:37:01.452003+00:00,1624,1632703347,Gilbert Urbina,Vlasto Cepo,2026-08-01T14:00:00Z,0,ml,away,,-299,0,950.0,account_ccy,2026-08-01T14:00:00+00:00,3674042167
2026-07-27T15:37:01.452003+00:00,1624,1632709870,Robert Valentin,Dusko Todorovic,2026-08-01T14:00:00Z,0,ml,home,,-165,0,950.0,account_ccy,2026-08-01T14:00:00+00:00,3674306914
2026-07-27T15:37:01.452003+00:00,1624,1632709870,Robert Valentin,Dusko Todorovic,2026-08-01T14:00:00Z,0,ml,away,,140,0,950.0,account_ccy,2026-08-01T14:00:00+00:00,3674306914
2026-07-27T15:37:01.452003+00:00,1624,1632709875,Stephanie Luciano,Marina Spasic,2026-08-01T14:00:00Z,0,ml,home,,-283,0,950.0,account_ccy,2026-08-01T14:00:00+00:00,3674179582
2026-07-27T15:37:01.452003+00:00,1624,1632709875,Stephanie Luciano,Marina Spasic,2026-08-01T14:00:00Z,0,ml,away,,234,0,950.0,account_ccy,2026-08-01T14:00:00+00:00,3674179582
2026-07-27T15:37:01.452003+00:00,1624,1632703344,Daniel Rodriguez,Uros Medic,2026-08-01T14:00:00Z,0,ml,home,,295,0,950.0,account_ccy,2026-08-01T14:00:00+00:00,3674353963
2026-07-27T15:37:01.452003+00:00,1624,1632703344,Daniel Rodriguez,Uros Medic,2026-08-01T14:00:00Z,0,ml,away,,-366,0,950.0,account_ccy,2026-08-01T14:00:00+00:00,3674353963
2026-07-27T15:37:01.452003+00:00,1624,1632066275,Gillian Robertson,Mackenzie Dern,2026-08-15T21:00:00Z,0,ml,home,,207,0,2050.0,account_ccy,2026-08-15T21:00:00+00:00,3668340679
2026-07-27T15:37:01.452003+00:00,1624,1632066275,Gillian Robertson,Mackenzie Dern,2026-08-15T21:00:00Z,0,ml,away,,-248,0,2050.0,account_ccy,2026-08-15T21:00:00+00:00,3668340679
2026-07-27T15:52:01.419567+00:00,1624,1632703346,Marcin Tybura,Aleksandar Rakic,2026-08-01T14:00:00Z,0,ml,home,,252,0,950.0,account_ccy,2026-08-01T14:00:00+00:00,3674353939
2026-07-27T15:52:01.419567+00:00,1624,1632703346,Marcin Tybura,Aleksandar Rakic,2026-08-01T14:00:00Z,0,ml,away,,-307,0,950.0,account_ccy,2026-08-01T14:00:00+00:00,3674353939
2026-07-27T15:52:01.419567+00:00,1624,1632710674,Bogdan Grad,Dennis Buzukja,2026-08-01T14:00:00Z,0,ml,home,,-206,0,950.0,account_ccy,2026-08-01T14:00:00+00:00,3674361297
2026-07-27T15:52:01.419567+00:00,1624,1632710674,Bogdan Grad,Dennis Buzukja,2026-08-01T14:00:00Z,0,ml,away,,173,0,950.0,account_ccy,2026-08-01T14:00:00+00:00,3674361297
2026-07-27T15:52:01.419567+00:00,1624,1632703345,Navajo Stirling,Jan Blachowicz,2026-08-01T14:00:00Z,0,ml,home,,-318,0,950.0,account_ccy,2026-08-01T14:00:00+00:00,3674197083
2026-07-27T15:52:01.419567+00:00,1624,1632703345,Navajo Stirling,Jan Blachowicz,2026-08-01T14:00:00Z,0,ml,away,,260,0,950.0,account_ccy,2026-08-01T14:00:00+00:00,3674197083
2026-07-27T15:52:01.419567+00:00,1624,1632709870,Robert Valentin,Dusko Todorovic,2026-08-01T14:00:00Z,0,ml,home,,-165,0,950.0,account_ccy,2026-08-01T14:00:00+00:00,3674306914
2026-07-27T15:52:01.419567+00:00,1624,1632709870,Robert Valentin,Dusko Todorovic,2026-08-01T14:00:00Z,0,ml,away,,140,0,950.0,account_ccy,2026-08-01T14:00:00+00:00,3674306914
2026-07-27T15:52:01.419567+00:00,1624,1632709787,Michael Oliveira,Oban Elliott,2026-08-01T14:00:00Z,0,ml,home,,-299,0,950.0,account_ccy,2026-08-01T14:00:00+00:00,3674306094
2026-07-27T15:52:01.419567+00:00,1624,1632709787,Michael Oliveira,Oban Elliott,2026-08-01T14:00:00Z,0,ml,away,,246,0,950.0,account_ccy,2026-08-01T14:00:00+00:00,3674306094
2026-07-27T15:52:01.419567+00:00,1624,1632703344,Daniel Rodriguez,Uros Medic,2026-08-01T14:00:00Z,0,ml,home,,295,0,950.0,account_ccy,2026-08-01T14:00:00+00:00,3674353963
2026-07-27T15:52:01.419567+00:00,1624,1632703344,Daniel Rodriguez,Uros Medic,2026-08-01T14:00:00Z,0,ml,away,,-366,0,950.0,account_ccy,2026-08-01T14:00:00+00:00,3674353963
2026-07-27T15:52:01.419567+00:00,1624,1632908874,Alexander Poppeck,Jovan Leka,2026-08-01T14:00:00Z,0,ml,home,,189,0,950.0,account_ccy,2026-08-01T14:00:00+00:00,3674179422
2026-07-27T15:52:01.419567+00:00,1624,1632908874,Alexander Poppeck,Jovan Leka,2026-08-01T14:00:00Z,0,ml,away,,-226,0,950.0,account_ccy,2026-08-01T14:00:00+00:00,3674179422
2026-07-27T15:52:01.419567+00:00,1624,1632709872,Kyle Prepolec,Mateusz Rebecki,2026-08-01T14:00:00Z,0,ml,home,,384,0,950.0,account_ccy,2026-08-01T14:00:00+00:00,3674042816
2026-07-27T15:52:01.419567+00:00,1624,1632709872,Kyle Prepolec,Mateusz Rebecki,2026-08-01T14:00:00Z,0,ml,away,,-495,0,950.0,account_ccy,2026-08-01T14:00:00+00:00,3674042816
2026-07-27T15:52:01.419567+00:00,1624,1632061617,Ian Machado Garry,Islam Makhachev,2026-08-15T21:00:00Z,0,ml,home,,241,0,2050.0,account_ccy,2026-08-15T21:00:00+00:00,3674307600
2026-07-27T15:52:01.419567+00:00,1624,1632061617,Ian Machado Garry,Islam Makhachev,2026-08-15T21:00:00Z,0,ml,away,,-292,0,2050.0,account_ccy,2026-08-15T21:00:00+00:00,3674307600
2026-07-27T15:52:01.419567+00:00,1624,1632703348,Tofiq Musayev,Ludovit Klein,2026-08-01T14:00:00Z,0,ml,home,,202,0,950.0,account_ccy,2026-08-01T14:00:00+00:00,3674358288
2026-07-27T15:52:01.419567+00:00,1624,1632703348,Tofiq Musayev,Ludovit Klein,2026-08-01T14:00:00Z,0,ml,away,,-242,0,950.0,account_ccy,2026-08-01T14:00:00+00:00,3674358288
2026-07-27T15:52:01.419567+00:00,1624,1632709790,Noah Gugnon,Milos Janicic,2026-08-01T14:00:00Z,0,ml,home,,-109,0,950.0,account_ccy,2026-08-01T14:00:00+00:00,3674347101
2026-07-27T15:52:01.419567+00:00,1624,1632709790,Noah Gugnon,Milos Janicic,2026-08-01T14:00:00Z,0,ml,away,,-107,0,950.0,account_ccy,2026-08-01T14:00:00+00:00,3674347101
2026-07-27T15:52:01.419567+00:00,1624,1632709875,Stephanie Luciano,Marina Spasic,2026-08-01T14:00:00Z,0,ml,home,,-283,0,950.0,account_ccy,2026-08-01T14:00:00+00:00,3674179582
2026-07-27T15:52:01.419567+00:00,1624,1632709875,Stephanie Luciano,Marina Spasic,2026-08-01T14:00:00Z,0,ml,away,,234,0,950.0,account_ccy,2026-08-01T14:00:00+00:00,3674179582
2026-07-27T15:52:01.419567+00:00,1624,1632703347,Gilbert Urbina,Vlasto Cepo,2026-08-01T14:00:00Z,0,ml,home,,246,0,950.0,account_ccy,2026-08-01T14:00:00+00:00,3674042167
2026-07-27T15:52:01.419567+00:00,1624,1632703347,Gilbert Urbina,Vlasto Cepo,2026-08-01T14:00:00Z,0,ml,away,,-299,0,950.0,account_ccy,2026-08-01T14:00:00+00:00,3674042167
2026-07-27T15:52:01.419567+00:00,1624,1632709873,Hailey Cowan,Nina Milosevic,2026-08-01T14:00:00Z,0,ml,home,,317,0,950.0,account_ccy,2026-08-01T14:00:00+00:00,3674358413
2026-07-27T15:52:01.419567+00:00,1624,1632709873,Hailey Cowan,Nina Milosevic,2026-08-01T14:00:00Z,0,ml,away,,-397,0,950.0,account_ccy,2026-08-01T14:00:00+00:00,3674358413
2026-07-27T15:52:01.419567+00:00,1624,1632066275,Gillian Robertson,Mackenzie Dern,2026-08-15T21:00:00Z,0,ml,home,,207,0,2050.0,account_ccy,2026-08-15T21:00:00+00:00,3668340679
2026-07-27T15:52:01.419567+00:00,1624,1632066275,Gillian Robertson,Mackenzie Dern,2026-08-15T21:00:00Z,0,ml,away,,-248,0,2050.0,account_ccy,2026-08-15T21:00:00+00:00,3668340679
2026-07-27T16:07:01.409164+00:00,1624,1632709787,Michael Oliveira,Oban Elliott,2026-08-01T14:00:00Z,0,ml,home,,-305,0,950.0,account_ccy,2026-08-01T14:00:00+00:00,3674366110
2026-07-27T16:07:01.409164+00:00,1624,1632709787,Michael Oliveira,Oban Elliott,2026-08-01T14:00:00Z,0,ml,away,,250,0,950.0,account_ccy,2026-08-01T14:00:00+00:00,3674366110
2026-07-27T16:07:01.409164+00:00,1624,1632703346,Marcin Tybura,Aleksandar Rakic,2026-08-01T14:00:00Z,0,ml,home,,257,0,950.0,account_ccy,2026-08-01T14:00:00+00:00,3674366110
2026-07-27T16:07:01.409164+00:00,1624,1632703346,Marcin Tybura,Aleksandar Rakic,2026-08-01T14:00:00Z,0,ml,away,,-314,0,950.0,account_ccy,2026-08-01T14:00:00+00:00,3674366110
2026-07-27T16:07:01.409164+00:00,1624,1632709790,Noah Gugnon,Milos Janicic,2026-08-01T14:00:00Z,0,ml,home,,-109,0,950.0,account_ccy,2026-08-01T14:00:00+00:00,3674347101
2026-07-27T16:07:01.409164+00:00,1624,1632709790,Noah Gugnon,Milos Janicic,2026-08-01T14:00:00Z,0,ml,away,,-107,0,950.0,account_ccy,2026-08-01T14:00:00+00:00,3674347101
2026-07-27T16:07:01.409164+00:00,1624,1632709872,Kyle Prepolec,Mateusz Rebecki,2026-08-01T14:00:00Z,0,ml,home,,384,0,950.0,account_ccy,2026-08-01T14:00:00+00:00,3674042816
2026-07-27T16:07:01.409164+00:00,1624,1632709872,Kyle Prepolec,Mateusz Rebecki,2026-08-01T14:00:00Z,0,ml,away,,-495,0,950.0,account_ccy,2026-08-01T14:00:00+00:00,3674042816
2026-07-27T16:07:01.409164+00:00,1624,1632061617,Ian Machado Garry,Islam Makhachev,2026-08-15T21:00:00Z,0,ml,home,,241,0,2050.0,account_ccy,2026-08-15T21:00:00+00:00,3674307600
2026-07-27T16:07:01.409164+00:00,1624,1632061617,Ian Machado Garry,Islam Makhachev,2026-08-15T21:00:00Z,0,ml,away,,-292,0,2050.0,account_ccy,2026-08-15T21:00:00+00:00,3674307600
2026-07-27T16:07:01.409164+00:00,1624,1632709873,Hailey Cowan,Nina Milosevic,2026-08-01T14:00:00Z,0,ml,home,,317,0,950.0,account_ccy,2026-08-01T14:00:00+00:00,3674358413
2026-07-27T16:07:01.409164+00:00,1624,1632709873,Hailey Cowan,Nina Milosevic,2026-08-01T14:00:00Z,0,ml,away,,-397,0,950.0,account_ccy,2026-08-01T14:00:00+00:00,3674358413
2026-07-27T16:07:01.409164+00:00,1624,1632066275,Gillian Robertson,Mackenzie Dern,2026-08-15T21:00:00Z,0,ml,home,,207,0,2050.0,account_ccy,2026-08-15T21:00:00+00:00,3668340679
2026-07-27T16:07:01.409164+00:00,1624,1632066275,Gillian Robertson,Mackenzie Dern,2026-08-15T21:00:00Z,0,ml,away,,-248,0,2050.0,account_ccy,2026-08-15T21:00:00+00:00,3668340679
2026-07-27T16:07:01.409164+00:00,1624,1632710674,Bogdan Grad,Dennis Buzukja,2026-08-01T14:00:00Z,0,ml,home,,-206,0,950.0,account_ccy,2026-08-01T14:00:00+00:00,3674361297
2026-07-27T16:07:01.409164+00:00,1624,1632710674,Bogdan Grad,Dennis Buzukja,2026-08-01T14:00:00Z,0,ml,away,,173,0,950.0,account_ccy,2026-08-01T14:00:00+00:00,3674361297
2026-07-27T16:07:01.409164+00:00,1624,1632709870,Robert Valentin,Dusko Todorovic,2026-08-01T14:00:00Z,0,ml,home,,-165,0,950.0,account_ccy,2026-08-01T14:00:00+00:00,3674306914
2026-07-27T16:07:01.409164+00:00,1624,1632709870,Robert Valentin,Dusko Todorovic,2026-08-01T14:00:00Z,0,ml,away,,140,0,950.0,account_ccy,2026-08-01T14:00:00+00:00,3674306914
2026-07-27T16:07:01.409164+00:00,1624,1632709875,Stephanie Luciano,Marina Spasic,2026-08-01T14:00:00Z,0,ml,home,,-283,0,950.0,account_ccy,2026-08-01T14:00:00+00:00,3674179582
2026-07-27T16:07:01.409164+00:00,1624,1632709875,Stephanie Luciano,Marina Spasic,2026-08-01T14:00:00Z,0,ml,away,,234,0,950.0,account_ccy,2026-08-01T14:00:00+00:00,3674179582
2026-07-27T16:07:01.409164+00:00,1624,1632908874,Alexander Poppeck,Jovan Leka,2026-08-01T14:00:00Z,0,ml,home,,189,0,950.0,account_ccy,2026-08-01T14:00:00+00:00,3674179422
2026-07-27T16:07:01.409164+00:00,1624,1632908874,Alexander Poppeck,Jovan Leka,2026-08-01T14:00:00Z,0,ml,away,,-226,0,950.0,account_ccy,2026-08-01T14:00:00+00:00,3674179422
2026-07-27T16:07:01.409164+00:00,1624,1632703348,Tofiq Musayev,Ludovit Klein,2026-08-01T14:00:00Z,0,ml,home,,202,0,950.0,account_ccy,2026-08-01T14:00:00+00:00,3674358288
2026-07-27T16:07:01.409164+00:00,1624,1632703348,Tofiq Musayev,Ludovit Klein,2026-08-01T14:00:00Z,0,ml,away,,-242,0,950.0,account_ccy,2026-08-01T14:00:00+00:00,3674358288
2026-07-27T16:07:01.409164+00:00,1624,1632703344,Daniel Rodriguez,Uros Medic,2026-08-01T14:00:00Z,0,ml,home,,301,0,950.0,account_ccy,2026-08-01T14:00:00+00:00,3674366110
2026-07-27T16:07:01.409164+00:00,1624,1632703344,Daniel Rodriguez,Uros Medic,2026-08-01T14:00:00Z,0,ml,away,,-374,0,950.0,account_ccy,2026-08-01T14:00:00+00:00,3674366110
2026-07-27T16:07:01.409164+00:00,1624,1632703345,Navajo Stirling,Jan Blachowicz,2026-08-01T14:00:00Z,0,ml,home,,-318,0,950.0,account_ccy,2026-08-01T14:00:00+00:00,3674197083
2026-07-27T16:07:01.409164+00:00,1624,1632703345,Navajo Stirling,Jan Blachowicz,2026-08-01T14:00:00Z,0,ml,away,,260,0,950.0,account_ccy,2026-08-01T14:00:00+00:00,3674197083
2026-07-27T16:07:01.409164+00:00,1624,1632703347,Gilbert Urbina,Vlasto Cepo,2026-08-01T14:00:00Z,0,ml,home,,246,0,950.0,account_ccy,2026-08-01T14:00:00+00:00,3674042167
2026-07-27T16:07:01.409164+00:00,1624,1632703347,Gilbert Urbina,Vlasto Cepo,2026-08-01T14:00:00Z,0,ml,away,,-299,0,950.0,account_ccy,2026-08-01T14:00:00+00:00,3674042167
2026-07-27T16:22:01.416277+00:00,1624,1632703345,Navajo Stirling,Jan Blachowicz,2026-08-01T14:00:00Z,0,ml,home,,-318,0,950.0,account_ccy,2026-08-01T14:00:00+00:00,3674197083
2026-07-27T16:22:01.416277+00:00,1624,1632703345,Navajo Stirling,Jan Blachowicz,2026-08-01T14:00:00Z,0,ml,away,,260,0,950.0,account_ccy,2026-08-01T14:00:00+00:00,3674197083
2026-07-27T16:22:01.416277+00:00,1624,1632703348,Tofiq Musayev,Ludovit Klein,2026-08-01T14:00:00Z,0,ml,home,,201,0,950.0,account_ccy,2026-08-01T14:00:00+00:00,3674375411
2026-07-27T16:22:01.416277+00:00,1624,1632703348,Tofiq Musayev,Ludovit Klein,2026-08-01T14:00:00Z,0,ml,away,,-240,0,950.0,account_ccy,2026-08-01T14:00:00+00:00,3674375411
2026-07-27T16:22:01.416277+00:00,1624,1632709790,Noah Gugnon,Milos Janicic,2026-08-01T14:00:00Z,0,ml,home,,-109,0,950.0,account_ccy,2026-08-01T14:00:00+00:00,3674347101
2026-07-27T16:22:01.416277+00:00,1624,1632709790,Noah Gugnon,Milos Janicic,2026-08-01T14:00:00Z,0,ml,away,,-107,0,950.0,account_ccy,2026-08-01T14:00:00+00:00,3674347101
2026-07-27T16:22:01.416277+00:00,1624,1632709873,Hailey Cowan,Nina Milosevic,2026-08-01T14:00:00Z,0,ml,home,,317,0,950.0,account_ccy,2026-08-01T14:00:00+00:00,3674358413
2026-07-27T16:22:01.416277+00:00,1624,1632709873,Hailey Cowan,Nina Milosevic,2026-08-01T14:00:00Z,0,ml,away,,-397,0,950.0,account_ccy,2026-08-01T14:00:00+00:00,3674358413
2026-07-27T16:22:01.416277+00:00,1624,1632703346,Marcin Tybura,Aleksandar Rakic,2026-08-01T14:00:00Z,0,ml,home,,257,0,950.0,account_ccy,2026-08-01T14:00:00+00:00,3674366110
2026-07-27T16:22:01.416277+00:00,1624,1632703346,Marcin Tybura,Aleksandar Rakic,2026-08-01T14:00:00Z,0,ml,away,,-314,0,950.0,account_ccy,2026-08-01T14:00:00+00:00,3674366110
2026-07-27T16:22:01.416277+00:00,1624,1632061617,Ian Machado Garry,Islam Makhachev,2026-08-15T21:00:00Z,0,ml,home,,241,0,2050.0,account_ccy,2026-08-15T21:00:00+00:00,3674307600
2026-07-27T16:22:01.416277+00:00,1624,1632061617,Ian Machado Garry,Islam Makhachev,2026-08-15T21:00:00Z,0,ml,away,,-292,0,2050.0,account_ccy,2026-08-15T21:00:00+00:00,3674307600
2026-07-27T16:22:01.416277+00:00,1624,1632703347,Gilbert Urbina,Vlasto Cepo,2026-08-01T14:00:00Z,0,ml,home,,246,0,950.0,account_ccy,2026-08-01T14:00:00+00:00,3674042167
2026-07-27T16:22:01.416277+00:00,1624,1632703347,Gilbert Urbina,Vlasto Cepo,2026-08-01T14:00:00Z,0,ml,away,,-299,0,950.0,account_ccy,2026-08-01T14:00:00+00:00,3674042167
2026-07-27T16:22:01.416277+00:00,1624,1632709875,Stephanie Luciano,Marina Spasic,2026-08-01T14:00:00Z,0,ml,home,,-283,0,950.0,account_ccy,2026-08-01T14:00:00+00:00,3674179582
2026-07-27T16:22:01.416277+00:00,1624,1632709875,Stephanie Luciano,Marina Spasic,2026-08-01T14:00:00Z,0,ml,away,,234,0,950.0,account_ccy,2026-08-01T14:00:00+00:00,3674179582
2026-07-27T16:22:01.416277+00:00,1624,1632709787,Michael Oliveira,Oban Elliott,2026-08-01T14:00:00Z,0,ml,home,,-305,0,950.0,account_ccy,2026-08-01T14:00:00+00:00,3674366110
2026-07-27T16:22:01.416277+00:00,1624,1632709787,Michael Oliveira,Oban Elliott,2026-08-01T14:00:00Z,0,ml,away,,250,0,950.0,account_ccy,2026-08-01T14:00:00+00:00,3674366110
2026-07-27T16:22:01.416277+00:00,1624,1632710674,Bogdan Grad,Dennis Buzukja,2026-08-01T14:00:00Z,0,ml,home,,-206,0,950.0,account_ccy,2026-08-01T14:00:00+00:00,3674361297
2026-07-27T16:22:01.416277+00:00,1624,1632710674,Bogdan Grad,Dennis Buzukja,2026-08-01T14:00:00Z,0,ml,away,,173,0,950.0,account_ccy,2026-08-01T14:00:00+00:00,3674361297
2026-07-27T16:22:01.416277+00:00,1624,1632066275,Gillian Robertson,Mackenzie Dern,2026-08-15T21:00:00Z,0,ml,home,,207,0,2050.0,account_ccy,2026-08-15T21:00:00+00:00,3668340679
2026-07-27T16:22:01.416277+00:00,1624,1632066275,Gillian Robertson,Mackenzie Dern,2026-08-15T21:00:00Z,0,ml,away,,-248,0,2050.0,account_ccy,2026-08-15T21:00:00+00:00,3668340679
2026-07-27T16:22:01.416277+00:00,1624,1632703344,Daniel Rodriguez,Uros Medic,2026-08-01T14:00:00Z,0,ml,home,,301,0,950.0,account_ccy,2026-08-01T14:00:00+00:00,3674366110
2026-07-27T16:22:01.416277+00:00,1624,1632703344,Daniel Rodriguez,Uros Medic,2026-08-01T14:00:00Z,0,ml,away,,-374,0,950.0,account_ccy,2026-08-01T14:00:00+00:00,3674366110
2026-07-27T16:22:01.416277+00:00,1624,1632709870,Robert Valentin,Dusko Todorovic,2026-08-01T14:00:00Z,0,ml,home,,-165,0,950.0,account_ccy,2026-08-01T14:00:00+00:00,3674306914
2026-07-27T16:22:01.416277+00:00,1624,1632709870,Robert Valentin,Dusko Todorovic,2026-08-01T14:00:00Z,0,ml,away,,140,0,950.0,account_ccy,2026-08-01T14:00:00+00:00,3674306914
2026-07-27T16:22:01.416277+00:00,1624,1632709872,Kyle Prepolec,Mateusz Rebecki,2026-08-01T14:00:00Z,0,ml,home,,384,0,950.0,account_ccy,2026-08-01T14:00:00+00:00,3674042816
2026-07-27T16:22:01.416277+00:00,1624,1632709872,Kyle Prepolec,Mateusz Rebecki,2026-08-01T14:00:00Z,0,ml,away,,-495,0,950.0,account_ccy,2026-08-01T14:00:00+00:00,3674042816
2026-07-27T16:22:01.416277+00:00,1624,1632908874,Alexander Poppeck,Jovan Leka,2026-08-01T14:00:00Z,0,ml,home,,189,0,950.0,account_ccy,2026-08-01T14:00:00+00:00,3674179422
2026-07-27T16:22:01.416277+00:00,1624,1632908874,Alexander Poppeck,Jovan Leka,2026-08-01T14:00:00Z,0,ml,away,,-226,0,950.0,account_ccy,2026-08-01T14:00:00+00:00,3674179422
2026-07-27T16:37:01.416452+00:00,1624,1632703346,Marcin Tybura,Aleksandar Rakic,2026-08-01T14:00:00Z,0,ml,home,,257,0,950.0,account_ccy,2026-08-01T14:00:00+00:00,3674366110
2026-07-27T16:37:01.416452+00:00,1624,1632703346,Marcin Tybura,Aleksandar Rakic,2026-08-01T14:00:00Z,0,ml,away,,-314,0,950.0,account_ccy,2026-08-01T14:00:00+00:00,3674366110
2026-07-27T16:37:01.416452+00:00,1624,1632908874,Alexander Poppeck,Jovan Leka,2026-08-01T14:00:00Z,0,ml,home,,189,0,950.0,account_ccy,2026-08-01T14:00:00+00:00,3674179422
2026-07-27T16:37:01.416452+00:00,1624,1632908874,Alexander Poppeck,Jovan Leka,2026-08-01T14:00:00Z,0,ml,away,,-226,0,950.0,account_ccy,2026-08-01T14:00:00+00:00,3674179422
2026-07-27T16:37:01.416452+00:00,1624,1632703347,Gilbert Urbina,Vlasto Cepo,2026-08-01T14:00:00Z,0,ml,home,,246,0,950.0,account_ccy,2026-08-01T14:00:00+00:00,3674042167
2026-07-27T16:37:01.416452+00:00,1624,1632703347,Gilbert Urbina,Vlasto Cepo,2026-08-01T14:00:00Z,0,ml,away,,-299,0,950.0,account_ccy,2026-08-01T14:00:00+00:00,3674042167
2026-07-27T16:37:01.416452+00:00,1624,1632703345,Navajo Stirling,Jan Blachowicz,2026-08-01T14:00:00Z,0,ml,home,,-318,0,950.0,account_ccy,2026-08-01T14:00:00+00:00,3674197083
2026-07-27T16:37:01.416452+00:00,1624,1632703345,Navajo Stirling,Jan Blachowicz,2026-08-01T14:00:00Z,0,ml,away,,260,0,950.0,account_ccy,2026-08-01T14:00:00+00:00,3674197083
2026-07-27T16:37:01.416452+00:00,1624,1632709875,Stephanie Luciano,Marina Spasic,2026-08-01T14:00:00Z,0,ml,home,,-283,0,950.0,account_ccy,2026-08-01T14:00:00+00:00,3674179582
2026-07-27T16:37:01.416452+00:00,1624,1632709875,Stephanie Luciano,Marina Spasic,2026-08-01T14:00:00Z,0,ml,away,,234,0,950.0,account_ccy,2026-08-01T14:00:00+00:00,3674179582
2026-07-27T16:37:01.416452+00:00,1624,1632709870,Robert Valentin,Dusko Todorovic,2026-08-01T14:00:00Z,0,ml,home,,-165,0,950.0,account_ccy,2026-08-01T14:00:00+00:00,3674306914
2026-07-27T16:37:01.416452+00:00,1624,1632709870,Robert Valentin,Dusko Todorovic,2026-08-01T14:00:00Z,0,ml,away,,140,0,950.0,account_ccy,2026-08-01T14:00:00+00:00,3674306914
2026-07-27T16:37:01.416452+00:00,1624,1632709787,Michael Oliveira,Oban Elliott,2026-08-01T14:00:00Z,0,ml,home,,-305,0,950.0,account_ccy,2026-08-01T14:00:00+00:00,3674366110
2026-07-27T16:37:01.416452+00:00,1624,1632709787,Michael Oliveira,Oban Elliott,2026-08-01T14:00:00Z,0,ml,away,,250,0,950.0,account_ccy,2026-08-01T14:00:00+00:00,3674366110
2026-07-27T16:37:01.416452+00:00,1624,1632709873,Hailey Cowan,Nina Milosevic,2026-08-01T14:00:00Z,0,ml,home,,317,0,950.0,account_ccy,2026-08-01T14:00:00+00:00,3674358413
2026-07-27T16:37:01.416452+00:00,1624,1632709873,Hailey Cowan,Nina Milosevic,2026-08-01T14:00:00Z,0,ml,away,,-397,0,950.0,account_ccy,2026-08-01T14:00:00+00:00,3674358413
2026-07-27T16:37:01.416452+00:00,1624,1632703344,Daniel Rodriguez,Uros Medic,2026-08-01T14:00:00Z,0,ml,home,,301,0,950.0,account_ccy,2026-08-01T14:00:00+00:00,3674366110
2026-07-27T16:37:01.416452+00:00,1624,1632703344,Daniel Rodriguez,Uros Medic,2026-08-01T14:00:00Z,0,ml,away,,-374,0,950.0,account_ccy,2026-08-01T14:00:00+00:00,3674366110
2026-07-27T16:37:01.416452+00:00,1624,1632703348,Tofiq Musayev,Ludovit Klein,2026-08-01T14:00:00Z,0,ml,home,,201,0,950.0,account_ccy,2026-08-01T14:00:00+00:00,3674375411
2026-07-27T16:37:01.416452+00:00,1624,1632703348,Tofiq Musayev,Ludovit Klein,2026-08-01T14:00:00Z,0,ml,away,,-240,0,950.0,account_ccy,2026-08-01T14:00:00+00:00,3674375411
2026-07-27T16:37:01.416452+00:00,1624,1632709790,Noah Gugnon,Milos Janicic,2026-08-01T14:00:00Z,0,ml,home,,-109,0,950.0,account_ccy,2026-08-01T14:00:00+00:00,3674347101
2026-07-27T16:37:01.416452+00:00,1624,1632709790,Noah Gugnon,Milos Janicic,2026-08-01T14:00:00Z,0,ml,away,,-107,0,950.0,account_ccy,2026-08-01T14:00:00+00:00,3674347101
2026-07-27T16:37:01.416452+00:00,1624,1632061617,Ian Machado Garry,Islam Makhachev,2026-08-15T21:00:00Z,0,ml,home,,241,0,2050.0,account_ccy,2026-08-15T21:00:00+00:00,3674307600
2026-07-27T16:37:01.416452+00:00,1624,1632061617,Ian Machado Garry,Islam Makhachev,2026-08-15T21:00:00Z,0,ml,away,,-292,0,2050.0,account_ccy,2026-08-15T21:00:00+00:00,3674307600
2026-07-27T16:37:01.416452+00:00,1624,1632066275,Gillian Robertson,Mackenzie Dern,2026-08-15T21:00:00Z,0,ml,home,,207,0,2050.0,account_ccy,2026-08-15T21:00:00+00:00,3668340679
2026-07-27T16:37:01.416452+00:00,1624,1632066275,Gillian Robertson,Mackenzie Dern,2026-08-15T21:00:00Z,0,ml,away,,-248,0,2050.0,account_ccy,2026-08-15T21:00:00+00:00,3668340679
2026-07-27T16:37:01.416452+00:00,1624,1632709872,Kyle Prepolec,Mateusz Rebecki,2026-08-01T14:00:00Z,0,ml,home,,384,0,950.0,account_ccy,2026-08-01T14:00:00+00:00,3674042816
2026-07-27T16:37:01.416452+00:00,1624,1632709872,Kyle Prepolec,Mateusz Rebecki,2026-08-01T14:00:00Z,0,ml,away,,-495,0,950.0,account_ccy,2026-08-01T14:00:00+00:00,3674042816
2026-07-27T16:37:01.416452+00:00,1624,1632710674,Bogdan Grad,Dennis Buzukja,2026-08-01T14:00:00Z,0,ml,home,,-206,0,950.0,account_ccy,2026-08-01T14:00:00+00:00,3674361297
2026-07-27T16:37:01.416452+00:00,1624,1632710674,Bogdan Grad,Dennis Buzukja,2026-08-01T14:00:00Z,0,ml,away,,173,0,950.0,account_ccy,2026-08-01T14:00:00+00:00,3674361297
2026-07-27T16:52:01.410947+00:00,1624,1632703346,Marcin Tybura,Aleksandar Rakic,2026-08-01T14:00:00Z,0,ml,home,,257,0,950.0,account_ccy,2026-08-01T14:00:00+00:00,3674366110
2026-07-27T16:52:01.410947+00:00,1624,1632703346,Marcin Tybura,Aleksandar Rakic,2026-08-01T14:00:00Z,0,ml,away,,-314,0,950.0,account_ccy,2026-08-01T14:00:00+00:00,3674366110
2026-07-27T16:52:01.410947+00:00,1624,1632908874,Alexander Poppeck,Jovan Leka,2026-08-01T14:00:00Z,0,ml,home,,205,0,950.0,account_ccy,2026-08-01T14:00:00+00:00,3674394918
2026-07-27T16:52:01.410947+00:00,1624,1632908874,Alexander Poppeck,Jovan Leka,2026-08-01T14:00:00Z,0,ml,away,,-245,0,950.0,account_ccy,2026-08-01T14:00:00+00:00,3674394918
2026-07-27T16:52:01.410947+00:00,1624,1632703347,Gilbert Urbina,Vlasto Cepo,2026-08-01T14:00:00Z,0,ml,home,,246,0,950.0,account_ccy,2026-08-01T14:00:00+00:00,3674042167
2026-07-27T16:52:01.410947+00:00,1624,1632703347,Gilbert Urbina,Vlasto Cepo,2026-08-01T14:00:00Z,0,ml,away,,-299,0,950.0,account_ccy,2026-08-01T14:00:00+00:00,3674042167
2026-07-27T16:52:01.410947+00:00,1624,1632703345,Navajo Stirling,Jan Blachowicz,2026-08-01T14:00:00Z,0,ml,home,,-318,0,950.0,account_ccy,2026-08-01T14:00:00+00:00,3674197083
2026-07-27T16:52:01.410947+00:00,1624,1632703345,Navajo Stirling,Jan Blachowicz,2026-08-01T14:00:00Z,0,ml,away,,260,0,950.0,account_ccy,2026-08-01T14:00:00+00:00,3674197083
2026-07-27T16:52:01.410947+00:00,1624,1632709875,Stephanie Luciano,Marina Spasic,2026-08-01T14:00:00Z,0,ml,home,,-283,0,950.0,account_ccy,2026-08-01T14:00:00+00:00,3674179582
2026-07-27T16:52:01.410947+00:00,1624,1632709875,Stephanie Luciano,Marina Spasic,2026-08-01T14:00:00Z,0,ml,away,,234,0,950.0,account_ccy,2026-08-01T14:00:00+00:00,3674179582
2026-07-27T16:52:01.410947+00:00,1624,1632709870,Robert Valentin,Dusko Todorovic,2026-08-01T14:00:00Z,0,ml,home,,-165,0,950.0,account_ccy,2026-08-01T14:00:00+00:00,3674306914
2026-07-27T16:52:01.410947+00:00,1624,1632709870,Robert Valentin,Dusko Todorovic,2026-08-01T14:00:00Z,0,ml,away,,140,0,950.0,account_ccy,2026-08-01T14:00:00+00:00,3674306914
2026-07-27T16:52:01.410947+00:00,1624,1632709787,Michael Oliveira,Oban Elliott,2026-08-01T14:00:00Z,0,ml,home,,-321,0,950.0,account_ccy,2026-08-01T14:00:00+00:00,3674394918
2026-07-27T16:52:01.410947+00:00,1624,1632709787,Michael Oliveira,Oban Elliott,2026-08-01T14:00:00Z,0,ml,away,,262,0,950.0,account_ccy,2026-08-01T14:00:00+00:00,3674394918
2026-07-27T16:52:01.410947+00:00,1624,1632709873,Hailey Cowan,Nina Milosevic,2026-08-01T14:00:00Z,0,ml,home,,317,0,950.0,account_ccy,2026-08-01T14:00:00+00:00,3674358413
2026-07-27T16:52:01.410947+00:00,1624,1632709873,Hailey Cowan,Nina Milosevic,2026-08-01T14:00:00Z,0,ml,away,,-397,0,950.0,account_ccy,2026-08-01T14:00:00+00:00,3674358413
2026-07-27T16:52:01.410947+00:00,1624,1632703344,Daniel Rodriguez,Uros Medic,2026-08-01T14:00:00Z,0,ml,home,,301,0,950.0,account_ccy,2026-08-01T14:00:00+00:00,3674366110
2026-07-27T16:52:01.410947+00:00,1624,1632703344,Daniel Rodriguez,Uros Medic,2026-08-01T14:00:00Z,0,ml,away,,-374,0,950.0,account_ccy,2026-08-01T14:00:00+00:00,3674366110
2026-07-27T16:52:01.410947+00:00,1624,1632703348,Tofiq Musayev,Ludovit Klein,2026-08-01T14:00:00Z,0,ml,home,,201,0,950.0,account_ccy,2026-08-01T14:00:00+00:00,3674375411
2026-07-27T16:52:01.410947+00:00,1624,1632703348,Tofiq Musayev,Ludovit Klein,2026-08-01T14:00:00Z,0,ml,away,,-240,0,950.0,account_ccy,2026-08-01T14:00:00+00:00,3674375411
2026-07-27T16:52:01.410947+00:00,1624,1632709790,Noah Gugnon,Milos Janicic,2026-08-01T14:00:00Z,0,ml,home,,-109,0,950.0,account_ccy,2026-08-01T14:00:00+00:00,3674347101
2026-07-27T16:52:01.410947+00:00,1624,1632709790,Noah Gugnon,Milos Janicic,2026-08-01T14:00:00Z,0,ml,away,,-107,0,950.0,account_ccy,2026-08-01T14:00:00+00:00,3674347101
2026-07-27T16:52:01.410947+00:00,1624,1632061617,Ian Machado Garry,Islam Makhachev,2026-08-15T21:00:00Z,0,ml,home,,241,0,2050.0,account_ccy,2026-08-15T21:00:00+00:00,3674307600
2026-07-27T16:52:01.410947+00:00,1624,1632061617,Ian Machado Garry,Islam Makhachev,2026-08-15T21:00:00Z,0,ml,away,,-292,0,2050.0,account_ccy,2026-08-15T21:00:00+00:00,3674307600
2026-07-27T16:52:01.410947+00:00,1624,1632066275,Gillian Robertson,Mackenzie Dern,2026-08-15T21:00:00Z,0,ml,home,,207,0,2050.0,account_ccy,2026-08-15T21:00:00+00:00,3668340679
2026-07-27T16:52:01.410947+00:00,1624,1632066275,Gillian Robertson,Mackenzie Dern,2026-08-15T21:00:00Z,0,ml,away,,-248,0,2050.0,account_ccy,2026-08-15T21:00:00+00:00,3668340679
2026-07-27T16:52:01.410947+00:00,1624,1632709872,Kyle Prepolec,Mateusz Rebecki,2026-08-01T14:00:00Z,0,ml,home,,384,0,950.0,account_ccy,2026-08-01T14:00:00+00:00,3674042816
2026-07-27T16:52:01.410947+00:00,1624,1632709872,Kyle Prepolec,Mateusz Rebecki,2026-08-01T14:00:00Z,0,ml,away,,-495,0,950.0,account_ccy,2026-08-01T14:00:00+00:00,3674042816
2026-07-27T16:52:01.410947+00:00,1624,1632710674,Bogdan Grad,Dennis Buzukja,2026-08-01T14:00:00Z,0,ml,home,,-204,0,950.0,account_ccy,2026-08-01T14:00:00+00:00,3674396799
2026-07-27T16:52:01.410947+00:00,1624,1632710674,Bogdan Grad,Dennis Buzukja,2026-08-01T14:00:00Z,0,ml,away,,172,0,950.0,account_ccy,2026-08-01T14:00:00+00:00,3674396799
2026-07-27T17:07:01.413640+00:00,1624,1632703344,Daniel Rodriguez,Uros Medic,2026-08-01T14:00:00Z,0,ml,home,,301,0,950.0,account_ccy,2026-08-01T14:00:00+00:00,3674366110
2026-07-27T17:07:01.413640+00:00,1624,1632703344,Daniel Rodriguez,Uros Medic,2026-08-01T14:00:00Z,0,ml,away,,-374,0,950.0,account_ccy,2026-08-01T14:00:00+00:00,3674366110
2026-07-27T17:07:01.413640+00:00,1624,1632703345,Navajo Stirling,Jan Blachowicz,2026-08-01T14:00:00Z,0,ml,home,,-318,0,950.0,account_ccy,2026-08-01T14:00:00+00:00,3674197083
2026-07-27T17:07:01.413640+00:00,1624,1632703345,Navajo Stirling,Jan Blachowicz,2026-08-01T14:00:00Z,0,ml,away,,260,0,950.0,account_ccy,2026-08-01T14:00:00+00:00,3674197083
2026-07-27T17:07:01.413640+00:00,1624,1632908874,Alexander Poppeck,Jovan Leka,2026-08-01T14:00:00Z,0,ml,home,,205,0,950.0,account_ccy,2026-08-01T14:00:00+00:00,3674394918
2026-07-27T17:07:01.413640+00:00,1624,1632908874,Alexander Poppeck,Jovan Leka,2026-08-01T14:00:00Z,0,ml,away,,-245,0,950.0,account_ccy,2026-08-01T14:00:00+00:00,3674394918
2026-07-27T17:07:01.413640+00:00,1624,1632709872,Kyle Prepolec,Mateusz Rebecki,2026-08-01T14:00:00Z,0,ml,home,,384,0,950.0,account_ccy,2026-08-01T14:00:00+00:00,3674042816
2026-07-27T17:07:01.413640+00:00,1624,1632709872,Kyle Prepolec,Mateusz Rebecki,2026-08-01T14:00:00Z,0,ml,away,,-495,0,950.0,account_ccy,2026-08-01T14:00:00+00:00,3674042816
2026-07-27T17:07:01.413640+00:00,1624,1632709875,Stephanie Luciano,Marina Spasic,2026-08-01T14:00:00Z,0,ml,home,,-283,0,950.0,account_ccy,2026-08-01T14:00:00+00:00,3674179582
2026-07-27T17:07:01.413640+00:00,1624,1632709875,Stephanie Luciano,Marina Spasic,2026-08-01T14:00:00Z,0,ml,away,,234,0,950.0,account_ccy,2026-08-01T14:00:00+00:00,3674179582
2026-07-27T17:07:01.413640+00:00,1624,1632703348,Tofiq Musayev,Ludovit Klein,2026-08-01T14:00:00Z,0,ml,home,,201,0,950.0,account_ccy,2026-08-01T14:00:00+00:00,3674375411
2026-07-27T17:07:01.413640+00:00,1624,1632703348,Tofiq Musayev,Ludovit Klein,2026-08-01T14:00:00Z,0,ml,away,,-240,0,950.0,account_ccy,2026-08-01T14:00:00+00:00,3674375411
2026-07-27T17:07:01.413640+00:00,1624,1632703347,Gilbert Urbina,Vlasto Cepo,2026-08-01T14:00:00Z,0,ml,home,,246,0,950.0,account_ccy,2026-08-01T14:00:00+00:00,3674042167
2026-07-27T17:07:01.413640+00:00,1624,1632703347,Gilbert Urbina,Vlasto Cepo,2026-08-01T14:00:00Z,0,ml,away,,-299,0,950.0,account_ccy,2026-08-01T14:00:00+00:00,3674042167
2026-07-27T17:07:01.413640+00:00,1624,1632709787,Michael Oliveira,Oban Elliott,2026-08-01T14:00:00Z,0,ml,home,,-321,0,950.0,account_ccy,2026-08-01T14:00:00+00:00,3674394918
2026-07-27T17:07:01.413640+00:00,1624,1632709787,Michael Oliveira,Oban Elliott,2026-08-01T14:00:00Z,0,ml,away,,262,0,950.0,account_ccy,2026-08-01T14:00:00+00:00,3674394918
2026-07-27T17:07:01.413640+00:00,1624,1632061617,Ian Machado Garry,Islam Makhachev,2026-08-15T21:00:00Z,0,ml,home,,241,0,2050.0,account_ccy,2026-08-15T21:00:00+00:00,3674307600
2026-07-27T17:07:01.413640+00:00,1624,1632061617,Ian Machado Garry,Islam Makhachev,2026-08-15T21:00:00Z,0,ml,away,,-292,0,2050.0,account_ccy,2026-08-15T21:00:00+00:00,3674307600
2026-07-27T17:07:01.413640+00:00,1624,1632066275,Gillian Robertson,Mackenzie Dern,2026-08-15T21:00:00Z,0,ml,home,,207,0,2050.0,account_ccy,2026-08-15T21:00:00+00:00,3668340679
2026-07-27T17:07:01.413640+00:00,1624,1632066275,Gillian Robertson,Mackenzie Dern,2026-08-15T21:00:00Z,0,ml,away,,-248,0,2050.0,account_ccy,2026-08-15T21:00:00+00:00,3668340679
2026-07-27T17:07:01.413640+00:00,1624,1632703346,Marcin Tybura,Aleksandar Rakic,2026-08-01T14:00:00Z,0,ml,home,,257,0,950.0,account_ccy,2026-08-01T14:00:00+00:00,3674366110
2026-07-27T17:07:01.413640+00:00,1624,1632703346,Marcin Tybura,Aleksandar Rakic,2026-08-01T14:00:00Z,0,ml,away,,-314,0,950.0,account_ccy,2026-08-01T14:00:00+00:00,3674366110
2026-07-27T17:07:01.413640+00:00,1624,1632709870,Robert Valentin,Dusko Todorovic,2026-08-01T14:00:00Z,0,ml,home,,-165,0,950.0,account_ccy,2026-08-01T14:00:00+00:00,3674306914
2026-07-27T17:07:01.413640+00:00,1624,1632709870,Robert Valentin,Dusko Todorovic,2026-08-01T14:00:00Z,0,ml,away,,140,0,950.0,account_ccy,2026-08-01T14:00:00+00:00,3674306914
2026-07-27T17:07:01.413640+00:00,1624,1632709790,Noah Gugnon,Milos Janicic,2026-08-01T14:00:00Z,0,ml,home,,-109,0,950.0,account_ccy,2026-08-01T14:00:00+00:00,3674347101
2026-07-27T17:07:01.413640+00:00,1624,1632709790,Noah Gugnon,Milos Janicic,2026-08-01T14:00:00Z,0,ml,away,,-107,0,950.0,account_ccy,2026-08-01T14:00:00+00:00,3674347101
2026-07-27T17:07:01.413640+00:00,1624,1632709873,Hailey Cowan,Nina Milosevic,2026-08-01T14:00:00Z,0,ml,home,,317,0,950.0,account_ccy,2026-08-01T14:00:00+00:00,3674358413
2026-07-27T17:07:01.413640+00:00,1624,1632709873,Hailey Cowan,Nina Milosevic,2026-08-01T14:00:00Z,0,ml,away,,-397,0,950.0,account_ccy,2026-08-01T14:00:00+00:00,3674358413
2026-07-27T17:07:01.413640+00:00,1624,1632710674,Bogdan Grad,Dennis Buzukja,2026-08-01T14:00:00Z,0,ml,home,,-204,0,950.0,account_ccy,2026-08-01T14:00:00+00:00,3674396799
2026-07-27T17:07:01.413640+00:00,1624,1632710674,Bogdan Grad,Dennis Buzukja,2026-08-01T14:00:00Z,0,ml,away,,172,0,950.0,account_ccy,2026-08-01T14:00:00+00:00,3674396799
2026-07-27T17:22:01.421133+00:00,1624,1632703346,Marcin Tybura,Aleksandar Rakic,2026-08-01T14:00:00Z,0,ml,home,,257,0,950.0,account_ccy,2026-08-01T14:00:00+00:00,3674366110
2026-07-27T17:22:01.421133+00:00,1624,1632703346,Marcin Tybura,Aleksandar Rakic,2026-08-01T14:00:00Z,0,ml,away,,-314,0,950.0,account_ccy,2026-08-01T14:00:00+00:00,3674366110
2026-07-27T17:22:01.421133+00:00,1624,1632908874,Alexander Poppeck,Jovan Leka,2026-08-01T14:00:00Z,0,ml,home,,207,0,950.0,account_ccy,2026-08-01T14:00:00+00:00,3674407807
2026-07-27T17:22:01.421133+00:00,1624,1632908874,Alexander Poppeck,Jovan Leka,2026-08-01T14:00:00Z,0,ml,away,,-249,0,950.0,account_ccy,2026-08-01T14:00:00+00:00,3674407807
2026-07-27T17:22:01.421133+00:00,1624,1632703347,Gilbert Urbina,Vlasto Cepo,2026-08-01T14:00:00Z,0,ml,home,,246,0,950.0,account_ccy,2026-08-01T14:00:00+00:00,3674042167
2026-07-27T17:22:01.421133+00:00,1624,1632703347,Gilbert Urbina,Vlasto Cepo,2026-08-01T14:00:00Z,0,ml,away,,-299,0,950.0,account_ccy,2026-08-01T14:00:00+00:00,3674042167
2026-07-27T17:22:01.421133+00:00,1624,1632703345,Navajo Stirling,Jan Blachowicz,2026-08-01T14:00:00Z,0,ml,home,,-320,0,950.0,account_ccy,2026-08-01T14:00:00+00:00,3674407807
2026-07-27T17:22:01.421133+00:00,1624,1632703345,Navajo Stirling,Jan Blachowicz,2026-08-01T14:00:00Z,0,ml,away,,261,0,950.0,account_ccy,2026-08-01T14:00:00+00:00,3674407807
2026-07-27T17:22:01.421133+00:00,1624,1632709875,Stephanie Luciano,Marina Spasic,2026-08-01T14:00:00Z,0,ml,home,,-285,0,950.0,account_ccy,2026-08-01T14:00:00+00:00,3674407807
2026-07-27T17:22:01.421133+00:00,1624,1632709875,Stephanie Luciano,Marina Spasic,2026-08-01T14:00:00Z,0,ml,away,,235,0,950.0,account_ccy,2026-08-01T14:00:00+00:00,3674407807
2026-07-27T17:22:01.421133+00:00,1624,1632709870,Robert Valentin,Dusko Todorovic,2026-08-01T14:00:00Z,0,ml,home,,-165,0,950.0,account_ccy,2026-08-01T14:00:00+00:00,3674306914
2026-07-27T17:22:01.421133+00:00,1624,1632709870,Robert Valentin,Dusko Todorovic,2026-08-01T14:00:00Z,0,ml,away,,140,0,950.0,account_ccy,2026-08-01T14:00:00+00:00,3674306914
2026-07-27T17:22:01.421133+00:00,1624,1632709787,Michael Oliveira,Oban Elliott,2026-08-01T14:00:00Z,0,ml,home,,-321,0,950.0,account_ccy,2026-08-01T14:00:00+00:00,3674394918
2026-07-27T17:22:01.421133+00:00,1624,1632709787,Michael Oliveira,Oban Elliott,2026-08-01T14:00:00Z,0,ml,away,,262,0,950.0,account_ccy,2026-08-01T14:00:00+00:00,3674394918
2026-07-27T17:22:01.421133+00:00,1624,1632709873,Hailey Cowan,Nina Milosevic,2026-08-01T14:00:00Z,0,ml,home,,317,0,950.0,account_ccy,2026-08-01T14:00:00+00:00,3674358413
2026-07-27T17:22:01.421133+00:00,1624,1632709873,Hailey Cowan,Nina Milosevic,2026-08-01T14:00:00Z,0,ml,away,,-397,0,950.0,account_ccy,2026-08-01T14:00:00+00:00,3674358413
2026-07-27T17:22:01.421133+00:00,1624,1632703344,Daniel Rodriguez,Uros Medic,2026-08-01T14:00:00Z,0,ml,home,,301,0,950.0,account_ccy,2026-08-01T14:00:00+00:00,3674366110
2026-07-27T17:22:01.421133+00:00,1624,1632703344,Daniel Rodriguez,Uros Medic,2026-08-01T14:00:00Z,0,ml,away,,-374,0,950.0,account_ccy,2026-08-01T14:00:00+00:00,3674366110
2026-07-27T17:22:01.421133+00:00,1624,1632703348,Tofiq Musayev,Ludovit Klein,2026-08-01T14:00:00Z,0,ml,home,,201,0,950.0,account_ccy,2026-08-01T14:00:00+00:00,3674375411
2026-07-27T17:22:01.421133+00:00,1624,1632703348,Tofiq Musayev,Ludovit Klein,2026-08-01T14:00:00Z,0,ml,away,,-240,0,950.0,account_ccy,2026-08-01T14:00:00+00:00,3674375411
2026-07-27T17:22:01.421133+00:00,1624,1632709790,Noah Gugnon,Milos Janicic,2026-08-01T14:00:00Z,0,ml,home,,-109,0,950.0,account_ccy,2026-08-01T14:00:00+00:00,3674347101
2026-07-27T17:22:01.421133+00:00,1624,1632709790,Noah Gugnon,Milos Janicic,2026-08-01T14:00:00Z,0,ml,away,,-107,0,950.0,account_ccy,2026-08-01T14:00:00+00:00,3674347101
2026-07-27T17:22:01.421133+00:00,1624,1632061617,Ian Machado Garry,Islam Makhachev,2026-08-15T21:00:00Z,0,ml,home,,241,0,2050.0,account_ccy,2026-08-15T21:00:00+00:00,3674307600
2026-07-27T17:22:01.421133+00:00,1624,1632061617,Ian Machado Garry,Islam Makhachev,2026-08-15T21:00:00Z,0,ml,away,,-292,0,2050.0,account_ccy,2026-08-15T21:00:00+00:00,3674307600
2026-07-27T17:22:01.421133+00:00,1624,1632066275,Gillian Robertson,Mackenzie Dern,2026-08-15T21:00:00Z,0,ml,home,,207,0,2050.0,account_ccy,2026-08-15T21:00:00+00:00,3668340679
2026-07-27T17:22:01.421133+00:00,1624,1632066275,Gillian Robertson,Mackenzie Dern,2026-08-15T21:00:00Z,0,ml,away,,-248,0,2050.0,account_ccy,2026-08-15T21:00:00+00:00,3668340679
2026-07-27T17:22:01.421133+00:00,1624,1632709872,Kyle Prepolec,Mateusz Rebecki,2026-08-01T14:00:00Z,0,ml,home,,384,0,950.0,account_ccy,2026-08-01T14:00:00+00:00,3674042816
2026-07-27T17:22:01.421133+00:00,1624,1632709872,Kyle Prepolec,Mateusz Rebecki,2026-08-01T14:00:00Z,0,ml,away,,-495,0,950.0,account_ccy,2026-08-01T14:00:00+00:00,3674042816
2026-07-27T17:22:01.421133+00:00,1624,1632710674,Bogdan Grad,Dennis Buzukja,2026-08-01T14:00:00Z,0,ml,home,,-204,0,950.0,account_ccy,2026-08-01T14:00:00+00:00,3674396799
2026-07-27T17:22:01.421133+00:00,1624,1632710674,Bogdan Grad,Dennis Buzukja,2026-08-01T14:00:00Z,0,ml,away,,172,0,950.0,account_ccy,2026-08-01T14:00:00+00:00,3674396799
2026-07-27T17:37:01.422040+00:00,1624,1632709870,Robert Valentin,Dusko Todorovic,2026-08-01T14:00:00Z,0,ml,home,,-165,0,950.0,account_ccy,2026-08-01T14:00:00+00:00,3674306914
2026-07-27T17:37:01.422040+00:00,1624,1632709870,Robert Valentin,Dusko Todorovic,2026-08-01T14:00:00Z,0,ml,away,,140,0,950.0,account_ccy,2026-08-01T14:00:00+00:00,3674306914
2026-07-27T17:37:01.422040+00:00,1624,1632703348,Tofiq Musayev,Ludovit Klein,2026-08-01T14:00:00Z,0,ml,home,,201,0,950.0,account_ccy,2026-08-01T14:00:00+00:00,3674375411
2026-07-27T17:37:01.422040+00:00,1624,1632703348,Tofiq Musayev,Ludovit Klein,2026-08-01T14:00:00Z,0,ml,away,,-240,0,950.0,account_ccy,2026-08-01T14:00:00+00:00,3674375411
2026-07-27T17:37:01.422040+00:00,1624,1632703344,Daniel Rodriguez,Uros Medic,2026-08-01T14:00:00Z,0,ml,home,,317,0,950.0,account_ccy,2026-08-01T14:00:00+00:00,3674426090
2026-07-27T17:37:01.422040+00:00,1624,1632703344,Daniel Rodriguez,Uros Medic,2026-08-01T14:00:00Z,0,ml,away,,-397,0,950.0,account_ccy,2026-08-01T14:00:00+00:00,3674426090
2026-07-27T17:37:01.422040+00:00,1624,1632709875,Stephanie Luciano,Marina Spasic,2026-08-01T14:00:00Z,0,ml,home,,-285,0,950.0,account_ccy,2026-08-01T14:00:00+00:00,3674407807
2026-07-27T17:37:01.422040+00:00,1624,1632709875,Stephanie Luciano,Marina Spasic,2026-08-01T14:00:00Z,0,ml,away,,235,0,950.0,account_ccy,2026-08-01T14:00:00+00:00,3674407807
2026-07-27T17:37:01.422040+00:00,1624,1632710674,Bogdan Grad,Dennis Buzukja,2026-08-01T14:00:00Z,0,ml,home,,-204,0,950.0,account_ccy,2026-08-01T14:00:00+00:00,3674396799
2026-07-27T17:37:01.422040+00:00,1624,1632710674,Bogdan Grad,Dennis Buzukja,2026-08-01T14:00:00Z,0,ml,away,,172,0,950.0,account_ccy,2026-08-01T14:00:00+00:00,3674396799
2026-07-27T17:37:01.422040+00:00,1624,1632709790,Noah Gugnon,Milos Janicic,2026-08-01T14:00:00Z,0,ml,home,,-109,0,950.0,account_ccy,2026-08-01T14:00:00+00:00,3674347101
2026-07-27T17:37:01.422040+00:00,1624,1632709790,Noah Gugnon,Milos Janicic,2026-08-01T14:00:00Z,0,ml,away,,-107,0,950.0,account_ccy,2026-08-01T14:00:00+00:00,3674347101
2026-07-27T17:37:01.422040+00:00,1624,1632709787,Michael Oliveira,Oban Elliott,2026-08-01T14:00:00Z,0,ml,home,,-327,0,950.0,account_ccy,2026-08-01T14:00:00+00:00,3674426090
2026-07-27T17:37:01.422040+00:00,1624,1632709787,Michael Oliveira,Oban Elliott,2026-08-01T14:00:00Z,0,ml,away,,267,0,950.0,account_ccy,2026-08-01T14:00:00+00:00,3674426090
2026-07-27T17:37:01.422040+00:00,1624,1632703347,Gilbert Urbina,Vlasto Cepo,2026-08-01T14:00:00Z,0,ml,home,,246,0,950.0,account_ccy,2026-08-01T14:00:00+00:00,3674042167
2026-07-27T17:37:01.422040+00:00,1624,1632703347,Gilbert Urbina,Vlasto Cepo,2026-08-01T14:00:00Z,0,ml,away,,-299,0,950.0,account_ccy,2026-08-01T14:00:00+00:00,3674042167
2026-07-27T17:37:01.422040+00:00,1624,1632908874,Alexander Poppeck,Jovan Leka,2026-08-01T14:00:00Z,0,ml,home,,207,0,950.0,account_ccy,2026-08-01T14:00:00+00:00,3674407807
2026-07-27T17:37:01.422040+00:00,1624,1632908874,Alexander Poppeck,Jovan Leka,2026-08-01T14:00:00Z,0,ml,away,,-249,0,950.0,account_ccy,2026-08-01T14:00:00+00:00,3674407807
2026-07-27T17:37:01.422040+00:00,1624,1632709872,Kyle Prepolec,Mateusz Rebecki,2026-08-01T14:00:00Z,0,ml,home,,390,0,950.0,account_ccy,2026-08-01T14:00:00+00:00,3674426090
2026-07-27T17:37:01.422040+00:00,1624,1632709872,Kyle Prepolec,Mateusz Rebecki,2026-08-01T14:00:00Z,0,ml,away,,-504,0,950.0,account_ccy,2026-08-01T14:00:00+00:00,3674426090
2026-07-27T17:37:01.422040+00:00,1624,1632709873,Hailey Cowan,Nina Milosevic,2026-08-01T14:00:00Z,0,ml,home,,317,0,950.0,account_ccy,2026-08-01T14:00:00+00:00,3674358413
2026-07-27T17:37:01.422040+00:00,1624,1632709873,Hailey Cowan,Nina Milosevic,2026-08-01T14:00:00Z,0,ml,away,,-397,0,950.0,account_ccy,2026-08-01T14:00:00+00:00,3674358413
2026-07-27T17:37:01.422040+00:00,1624,1632066275,Gillian Robertson,Mackenzie Dern,2026-08-15T21:00:00Z,0,ml,home,,207,0,2050.0,account_ccy,2026-08-15T21:00:00+00:00,3668340679
2026-07-27T17:37:01.422040+00:00,1624,1632066275,Gillian Robertson,Mackenzie Dern,2026-08-15T21:00:00Z,0,ml,away,,-248,0,2050.0,account_ccy,2026-08-15T21:00:00+00:00,3668340679
2026-07-27T17:37:01.422040+00:00,1624,1632061617,Ian Machado Garry,Islam Makhachev,2026-08-15T21:00:00Z,0,ml,home,,241,0,2050.0,account_ccy,2026-08-15T21:00:00+00:00,3674307600
2026-07-27T17:37:01.422040+00:00,1624,1632061617,Ian Machado Garry,Islam Makhachev,2026-08-15T21:00:00Z,0,ml,away,,-292,0,2050.0,account_ccy,2026-08-15T21:00:00+00:00,3674307600
2026-07-27T17:37:01.422040+00:00,1624,1632703346,Marcin Tybura,Aleksandar Rakic,2026-08-01T14:00:00Z,0,ml,home,,259,0,950.0,account_ccy,2026-08-01T14:00:00+00:00,3674420979
2026-07-27T17:37:01.422040+00:00,1624,1632703346,Marcin Tybura,Aleksandar Rakic,2026-08-01T14:00:00Z,0,ml,away,,-317,0,950.0,account_ccy,2026-08-01T14:00:00+00:00,3674420979
2026-07-27T17:37:01.422040+00:00,1624,1632703345,Navajo Stirling,Jan Blachowicz,2026-08-01T14:00:00Z,0,ml,home,,-324,0,950.0,account_ccy,2026-08-01T14:00:00+00:00,3674420979
2026-07-27T17:37:01.422040+00:00,1624,1632703345,Navajo Stirling,Jan Blachowicz,2026-08-01T14:00:00Z,0,ml,away,,264,0,950.0,account_ccy,2026-08-01T14:00:00+00:00,3674420979
2026-07-27T17:52:01.427968+00:00,1624,1632709790,Noah Gugnon,Milos Janicic,2026-08-01T14:00:00Z,0,ml,home,,-109,0,950.0,account_ccy,2026-08-01T14:00:00+00:00,3674347101
2026-07-27T17:52:01.427968+00:00,1624,1632709790,Noah Gugnon,Milos Janicic,2026-08-01T14:00:00Z,0,ml,away,,-107,0,950.0,account_ccy,2026-08-01T14:00:00+00:00,3674347101
2026-07-27T17:52:01.427968+00:00,1624,1632703346,Marcin Tybura,Aleksandar Rakic,2026-08-01T14:00:00Z,0,ml,home,,262,0,950.0,account_ccy,2026-08-01T14:00:00+00:00,3674431102
2026-07-27T17:52:01.427968+00:00,1624,1632703346,Marcin Tybura,Aleksandar Rakic,2026-08-01T14:00:00Z,0,ml,away,,-320,0,950.0,account_ccy,2026-08-01T14:00:00+00:00,3674431102
2026-07-27T17:52:01.427968+00:00,1624,1632061617,Ian Machado Garry,Islam Makhachev,2026-08-15T21:00:00Z,0,ml,home,,241,0,2050.0,account_ccy,2026-08-15T21:00:00+00:00,3674307600
2026-07-27T17:52:01.427968+00:00,1624,1632061617,Ian Machado Garry,Islam Makhachev,2026-08-15T21:00:00Z,0,ml,away,,-292,0,2050.0,account_ccy,2026-08-15T21:00:00+00:00,3674307600
2026-07-27T17:52:01.427968+00:00,1624,1632709787,Michael Oliveira,Oban Elliott,2026-08-01T14:00:00Z,0,ml,home,,-331,0,950.0,account_ccy,2026-08-01T14:00:00+00:00,3674431110
2026-07-27T17:52:01.427968+00:00,1624,1632709787,Michael Oliveira,Oban Elliott,2026-08-01T14:00:00Z,0,ml,away,,269,0,950.0,account_ccy,2026-08-01T14:00:00+00:00,3674431110
2026-07-27T17:52:01.427968+00:00,1624,1632709872,Kyle Prepolec,Mateusz Rebecki,2026-08-01T14:00:00Z,0,ml,home,,390,0,950.0,account_ccy,2026-08-01T14:00:00+00:00,3674426090
2026-07-27T17:52:01.427968+00:00,1624,1632709872,Kyle Prepolec,Mateusz Rebecki,2026-08-01T14:00:00Z,0,ml,away,,-504,0,950.0,account_ccy,2026-08-01T14:00:00+00:00,3674426090
2026-07-27T17:52:01.427968+00:00,1624,1632703345,Navajo Stirling,Jan Blachowicz,2026-08-01T14:00:00Z,0,ml,home,,-324,0,950.0,account_ccy,2026-08-01T14:00:00+00:00,3674420979
2026-07-27T17:52:01.427968+00:00,1624,1632703345,Navajo Stirling,Jan Blachowicz,2026-08-01T14:00:00Z,0,ml,away,,264,0,950.0,account_ccy,2026-08-01T14:00:00+00:00,3674420979
2026-07-27T17:52:01.427968+00:00,1624,1632709873,Hailey Cowan,Nina Milosevic,2026-08-01T14:00:00Z,0,ml,home,,317,0,950.0,account_ccy,2026-08-01T14:00:00+00:00,3674358413
2026-07-27T17:52:01.427968+00:00,1624,1632709873,Hailey Cowan,Nina Milosevic,2026-08-01T14:00:00Z,0,ml,away,,-397,0,950.0,account_ccy,2026-08-01T14:00:00+00:00,3674358413
2026-07-27T17:52:01.427968+00:00,1624,1632908874,Alexander Poppeck,Jovan Leka,2026-08-01T14:00:00Z,0,ml,home,,207,0,950.0,account_ccy,2026-08-01T14:00:00+00:00,3674407807
2026-07-27T17:52:01.427968+00:00,1624,1632908874,Alexander Poppeck,Jovan Leka,2026-08-01T14:00:00Z,0,ml,away,,-249,0,950.0,account_ccy,2026-08-01T14:00:00+00:00,3674407807
2026-07-27T17:52:01.427968+00:00,1624,1632710674,Bogdan Grad,Dennis Buzukja,2026-08-01T14:00:00Z,0,ml,home,,-204,0,950.0,account_ccy,2026-08-01T14:00:00+00:00,3674396799
2026-07-27T17:52:01.427968+00:00,1624,1632710674,Bogdan Grad,Dennis Buzukja,2026-08-01T14:00:00Z,0,ml,away,,172,0,950.0,account_ccy,2026-08-01T14:00:00+00:00,3674396799
2026-07-27T17:52:01.427968+00:00,1624,1632703348,Tofiq Musayev,Ludovit Klein,2026-08-01T14:00:00Z,0,ml,home,,201,0,950.0,account_ccy,2026-08-01T14:00:00+00:00,3674375411
2026-07-27T17:52:01.427968+00:00,1624,1632703348,Tofiq Musayev,Ludovit Klein,2026-08-01T14:00:00Z,0,ml,away,,-240,0,950.0,account_ccy,2026-08-01T14:00:00+00:00,3674375411
2026-07-27T17:52:01.427968+00:00,1624,1632703347,Gilbert Urbina,Vlasto Cepo,2026-08-01T14:00:00Z,0,ml,home,,246,0,950.0,account_ccy,2026-08-01T14:00:00+00:00,3674042167
2026-07-27T17:52:01.427968+00:00,1624,1632703347,Gilbert Urbina,Vlasto Cepo,2026-08-01T14:00:00Z,0,ml,away,,-299,0,950.0,account_ccy,2026-08-01T14:00:00+00:00,3674042167
2026-07-27T17:52:01.427968+00:00,1624,1632709870,Robert Valentin,Dusko Todorovic,2026-08-01T14:00:00Z,0,ml,home,,-165,0,950.0,account_ccy,2026-08-01T14:00:00+00:00,3674306914
2026-07-27T17:52:01.427968+00:00,1624,1632709870,Robert Valentin,Dusko Todorovic,2026-08-01T14:00:00Z,0,ml,away,,140,0,950.0,account_ccy,2026-08-01T14:00:00+00:00,3674306914
2026-07-27T17:52:01.427968+00:00,1624,1632709875,Stephanie Luciano,Marina Spasic,2026-08-01T14:00:00Z,0,ml,home,,-285,0,950.0,account_ccy,2026-08-01T14:00:00+00:00,3674407807
2026-07-27T17:52:01.427968+00:00,1624,1632709875,Stephanie Luciano,Marina Spasic,2026-08-01T14:00:00Z,0,ml,away,,235,0,950.0,account_ccy,2026-08-01T14:00:00+00:00,3674407807
2026-07-27T17:52:01.427968+00:00,1624,1632703344,Daniel Rodriguez,Uros Medic,2026-08-01T14:00:00Z,0,ml,home,,317,0,950.0,account_ccy,2026-08-01T14:00:00+00:00,3674426090
2026-07-27T17:52:01.427968+00:00,1624,1632703344,Daniel Rodriguez,Uros Medic,2026-08-01T14:00:00Z,0,ml,away,,-397,0,950.0,account_ccy,2026-08-01T14:00:00+00:00,3674426090
2026-07-27T17:52:01.427968+00:00,1624,1632066275,Gillian Robertson,Mackenzie Dern,2026-08-15T21:00:00Z,0,ml,home,,207,0,2050.0,account_ccy,2026-08-15T21:00:00+00:00,3668340679
2026-07-27T17:52:01.427968+00:00,1624,1632066275,Gillian Robertson,Mackenzie Dern,2026-08-15T21:00:00Z,0,ml,away,,-248,0,2050.0,account_ccy,2026-08-15T21:00:00+00:00,3668340679
2026-07-27T18:32:49.773263+00:00,1624,1632703344,Daniel Rodriguez,Uros Medic,2026-08-01T14:00:00Z,0,ml,home,,317,0,950.0,account_ccy,2026-08-01T14:00:00+00:00,3674426090
2026-07-27T18:32:49.773263+00:00,1624,1632703344,Daniel Rodriguez,Uros Medic,2026-08-01T14:00:00Z,0,ml,away,,-397,0,950.0,account_ccy,2026-08-01T14:00:00+00:00,3674426090
2026-07-27T18:32:49.773263+00:00,1624,1632709870,Robert Valentin,Dusko Todorovic,2026-08-01T14:00:00Z,0,ml,home,,-165,0,950.0,account_ccy,2026-08-01T14:00:00+00:00,3674306914
2026-07-27T18:32:49.773263+00:00,1624,1632709870,Robert Valentin,Dusko Todorovic,2026-08-01T14:00:00Z,0,ml,away,,140,0,950.0,account_ccy,2026-08-01T14:00:00+00:00,3674306914
2026-07-27T18:32:49.773263+00:00,1624,1632709875,Stephanie Luciano,Marina Spasic,2026-08-01T14:00:00Z,0,ml,home,,-285,0,950.0,account_ccy,2026-08-01T14:00:00+00:00,3674407807
2026-07-27T18:32:49.773263+00:00,1624,1632709875,Stephanie Luciano,Marina Spasic,2026-08-01T14:00:00Z,0,ml,away,,235,0,950.0,account_ccy,2026-08-01T14:00:00+00:00,3674407807
2026-07-27T18:32:49.773263+00:00,1624,1632703348,Tofiq Musayev,Ludovit Klein,2026-08-01T14:00:00Z,0,ml,home,,201,0,950.0,account_ccy,2026-08-01T14:00:00+00:00,3674375411
2026-07-27T18:32:49.773263+00:00,1624,1632703348,Tofiq Musayev,Ludovit Klein,2026-08-01T14:00:00Z,0,ml,away,,-240,0,950.0,account_ccy,2026-08-01T14:00:00+00:00,3674375411
2026-07-27T18:32:49.773263+00:00,1624,1632709873,Hailey Cowan,Nina Milosevic,2026-08-01T14:00:00Z,0,ml,home,,317,0,950.0,account_ccy,2026-08-01T14:00:00+00:00,3674358413
2026-07-27T18:32:49.773263+00:00,1624,1632709873,Hailey Cowan,Nina Milosevic,2026-08-01T14:00:00Z,0,ml,away,,-397,0,950.0,account_ccy,2026-08-01T14:00:00+00:00,3674358413
2026-07-27T18:32:49.773263+00:00,1624,1632908874,Alexander Poppeck,Jovan Leka,2026-08-01T14:00:00Z,0,ml,home,,206,0,950.0,account_ccy,2026-08-01T14:00:00+00:00,3674442495
2026-07-27T18:32:49.773263+00:00,1624,1632908874,Alexander Poppeck,Jovan Leka,2026-08-01T14:00:00Z,0,ml,away,,-247,0,950.0,account_ccy,2026-08-01T14:00:00+00:00,3674442495
2026-07-27T18:32:49.773263+00:00,1624,1632709872,Kyle Prepolec,Mateusz Rebecki,2026-08-01T14:00:00Z,0,ml,home,,390,0,950.0,account_ccy,2026-08-01T14:00:00+00:00,3674426090
2026-07-27T18:32:49.773263+00:00,1624,1632709872,Kyle Prepolec,Mateusz Rebecki,2026-08-01T14:00:00Z,0,ml,away,,-504,0,950.0,account_ccy,2026-08-01T14:00:00+00:00,3674426090
2026-07-27T18:32:49.773263+00:00,1624,1632908875,Borislav Nikolic,Mark Vologdin,2026-08-01T14:00:00Z,0,ml,home,,-180,0,950.0,account_ccy,2026-08-01T14:00:00+00:00,3674454306
2026-07-27T18:32:49.773263+00:00,1624,1632908875,Borislav Nikolic,Mark Vologdin,2026-08-01T14:00:00Z,0,ml,away,,153,0,950.0,account_ccy,2026-08-01T14:00:00+00:00,3674454306
2026-07-27T18:32:49.773263+00:00,1624,1632709787,Michael Oliveira,Oban Elliott,2026-08-01T14:00:00Z,0,ml,home,,-331,0,950.0,account_ccy,2026-08-01T14:00:00+00:00,3674431110
2026-07-27T18:32:49.773263+00:00,1624,1632709787,Michael Oliveira,Oban Elliott,2026-08-01T14:00:00Z,0,ml,away,,269,0,950.0,account_ccy,2026-08-01T14:00:00+00:00,3674431110
2026-07-27T18:32:49.773263+00:00,1624,1632709790,Noah Gugnon,Milos Janicic,2026-08-01T14:00:00Z,0,ml,home,,-109,0,950.0,account_ccy,2026-08-01T14:00:00+00:00,3674347101
2026-07-27T18:32:49.773263+00:00,1624,1632709790,Noah Gugnon,Milos Janicic,2026-08-01T14:00:00Z,0,ml,away,,-107,0,950.0,account_ccy,2026-08-01T14:00:00+00:00,3674347101
2026-07-27T18:32:49.773263+00:00,1624,1632066275,Gillian Robertson,Mackenzie Dern,2026-08-15T21:00:00Z,0,ml,home,,207,0,2050.0,account_ccy,2026-08-15T21:00:00+00:00,3668340679
2026-07-27T18:32:49.773263+00:00,1624,1632066275,Gillian Robertson,Mackenzie Dern,2026-08-15T21:00:00Z,0,ml,away,,-248,0,2050.0,account_ccy,2026-08-15T21:00:00+00:00,3668340679
2026-07-27T18:32:49.773263+00:00,1624,1632703346,Marcin Tybura,Aleksandar Rakic,2026-08-01T14:00:00Z,0,ml,home,,262,0,950.0,account_ccy,2026-08-01T14:00:00+00:00,3674431102
2026-07-27T18:32:49.773263+00:00,1624,1632703346,Marcin Tybura,Aleksandar Rakic,2026-08-01T14:00:00Z,0,ml,away,,-320,0,950.0,account_ccy,2026-08-01T14:00:00+00:00,3674431102
2026-07-27T18:32:49.773263+00:00,1624,1632703345,Navajo Stirling,Jan Blachowicz,2026-08-01T14:00:00Z,0,ml,home,,-324,0,950.0,account_ccy,2026-08-01T14:00:00+00:00,3674420979
2026-07-27T18:32:49.773263+00:00,1624,1632703345,Navajo Stirling,Jan Blachowicz,2026-08-01T14:00:00Z,0,ml,away,,264,0,950.0,account_ccy,2026-08-01T14:00:00+00:00,3674420979
2026-07-27T18:32:49.773263+00:00,1624,1632710674,Bogdan Grad,Dennis Buzukja,2026-08-01T14:00:00Z,0,ml,home,,-204,0,950.0,account_ccy,2026-08-01T14:00:00+00:00,3674396799
2026-07-27T18:32:49.773263+00:00,1624,1632710674,Bogdan Grad,Dennis Buzukja,2026-08-01T14:00:00Z,0,ml,away,,172,0,950.0,account_ccy,2026-08-01T14:00:00+00:00,3674396799
2026-07-27T18:32:49.773263+00:00,1624,1632703347,Gilbert Urbina,Vlasto Cepo,2026-08-01T14:00:00Z,0,ml,home,,246,0,950.0,account_ccy,2026-08-01T14:00:00+00:00,3674042167
2026-07-27T18:32:49.773263+00:00,1624,1632703347,Gilbert Urbina,Vlasto Cepo,2026-08-01T14:00:00Z,0,ml,away,,-299,0,950.0,account_ccy,2026-08-01T14:00:00+00:00,3674042167
2026-07-27T18:32:49.773263+00:00,1624,1632061617,Ian Machado Garry,Islam Makhachev,2026-08-15T21:00:00Z,0,ml,home,,241,0,2050.0,account_ccy,2026-08-15T21:00:00+00:00,3674307600
2026-07-27T18:32:49.773263+00:00,1624,1632061617,Ian Machado Garry,Islam Makhachev,2026-08-15T21:00:00Z,0,ml,away,,-292,0,2050.0,account_ccy,2026-08-15T21:00:00+00:00,3674307600
2026-07-27T18:37:01.439093+00:00,1624,1632709870,Robert Valentin,Dusko Todorovic,2026-08-01T14:00:00Z,0,ml,home,,-165,0,950.0,account_ccy,2026-08-01T14:00:00+00:00,3674306914
2026-07-27T18:37:01.439093+00:00,1624,1632709870,Robert Valentin,Dusko Todorovic,2026-08-01T14:00:00Z,0,ml,away,,140,0,950.0,account_ccy,2026-08-01T14:00:00+00:00,3674306914
2026-07-27T18:37:01.439093+00:00,1624,1632703348,Tofiq Musayev,Ludovit Klein,2026-08-01T14:00:00Z,0,ml,home,,201,0,950.0,account_ccy,2026-08-01T14:00:00+00:00,3674375411
2026-07-27T18:37:01.439093+00:00,1624,1632703348,Tofiq Musayev,Ludovit Klein,2026-08-01T14:00:00Z,0,ml,away,,-240,0,950.0,account_ccy,2026-08-01T14:00:00+00:00,3674375411
2026-07-27T18:37:01.439093+00:00,1624,1632703344,Daniel Rodriguez,Uros Medic,2026-08-01T14:00:00Z,0,ml,home,,317,0,950.0,account_ccy,2026-08-01T14:00:00+00:00,3674426090
2026-07-27T18:37:01.439093+00:00,1624,1632703344,Daniel Rodriguez,Uros Medic,2026-08-01T14:00:00Z,0,ml,away,,-397,0,950.0,account_ccy,2026-08-01T14:00:00+00:00,3674426090
2026-07-27T18:37:01.439093+00:00,1624,1632709875,Stephanie Luciano,Marina Spasic,2026-08-01T14:00:00Z,0,ml,home,,-285,0,950.0,account_ccy,2026-08-01T14:00:00+00:00,3674407807
2026-07-27T18:37:01.439093+00:00,1624,1632709875,Stephanie Luciano,Marina Spasic,2026-08-01T14:00:00Z,0,ml,away,,235,0,950.0,account_ccy,2026-08-01T14:00:00+00:00,3674407807
2026-07-27T18:37:01.439093+00:00,1624,1632710674,Bogdan Grad,Dennis Buzukja,2026-08-01T14:00:00Z,0,ml,home,,-204,0,950.0,account_ccy,2026-08-01T14:00:00+00:00,3674396799
2026-07-27T18:37:01.439093+00:00,1624,1632710674,Bogdan Grad,Dennis Buzukja,2026-08-01T14:00:00Z,0,ml,away,,172,0,950.0,account_ccy,2026-08-01T14:00:00+00:00,3674396799
2026-07-27T18:37:01.439093+00:00,1624,1632709790,Noah Gugnon,Milos Janicic,2026-08-01T14:00:00Z,0,ml,home,,-109,0,950.0,account_ccy,2026-08-01T14:00:00+00:00,3674347101
2026-07-27T18:37:01.439093+00:00,1624,1632709790,Noah Gugnon,Milos Janicic,2026-08-01T14:00:00Z,0,ml,away,,-107,0,950.0,account_ccy,2026-08-01T14:00:00+00:00,3674347101
2026-07-27T18:37:01.439093+00:00,1624,1632709787,Michael Oliveira,Oban Elliott,2026-08-01T14:00:00Z,0,ml,home,,-331,0,950.0,account_ccy,2026-08-01T14:00:00+00:00,3674431110
2026-07-27T18:37:01.439093+00:00,1624,1632709787,Michael Oliveira,Oban Elliott,2026-08-01T14:00:00Z,0,ml,away,,269,0,950.0,account_ccy,2026-08-01T14:00:00+00:00,3674431110
2026-07-27T18:37:01.439093+00:00,1624,1632703347,Gilbert Urbina,Vlasto Cepo,2026-08-01T14:00:00Z,0,ml,home,,246,0,950.0,account_ccy,2026-08-01T14:00:00+00:00,3674042167
2026-07-27T18:37:01.439093+00:00,1624,1632703347,Gilbert Urbina,Vlasto Cepo,2026-08-01T14:00:00Z,0,ml,away,,-299,0,950.0,account_ccy,2026-08-01T14:00:00+00:00,3674042167
2026-07-27T18:37:01.439093+00:00,1624,1632908874,Alexander Poppeck,Jovan Leka,2026-08-01T14:00:00Z,0,ml,home,,206,0,950.0,account_ccy,2026-08-01T14:00:00+00:00,3674442495
2026-07-27T18:37:01.439093+00:00,1624,1632908874,Alexander Poppeck,Jovan Leka,2026-08-01T14:00:00Z,0,ml,away,,-247,0,950.0,account_ccy,2026-08-01T14:00:00+00:00,3674442495
2026-07-27T18:37:01.439093+00:00,1624,1632908875,Borislav Nikolic,Mark Vologdin,2026-08-01T14:00:00Z,0,ml,home,,-180,0,950.0,account_ccy,2026-08-01T14:00:00+00:00,3674454306
2026-07-27T18:37:01.439093+00:00,1624,1632908875,Borislav Nikolic,Mark Vologdin,2026-08-01T14:00:00Z,0,ml,away,,153,0,950.0,account_ccy,2026-08-01T14:00:00+00:00,3674454306
2026-07-27T18:37:01.439093+00:00,1624,1632709872,Kyle Prepolec,Mateusz Rebecki,2026-08-01T14:00:00Z,0,ml,home,,390,0,950.0,account_ccy,2026-08-01T14:00:00+00:00,3674426090
2026-07-27T18:37:01.439093+00:00,1624,1632709872,Kyle Prepolec,Mateusz Rebecki,2026-08-01T14:00:00Z,0,ml,away,,-504,0,950.0,account_ccy,2026-08-01T14:00:00+00:00,3674426090
2026-07-27T18:37:01.439093+00:00,1624,1632709873,Hailey Cowan,Nina Milosevic,2026-08-01T14:00:00Z,0,ml,home,,317,0,950.0,account_ccy,2026-08-01T14:00:00+00:00,3674358413
2026-07-27T18:37:01.439093+00:00,1624,1632709873,Hailey Cowan,Nina Milosevic,2026-08-01T14:00:00Z,0,ml,away,,-397,0,950.0,account_ccy,2026-08-01T14:00:00+00:00,3674358413
2026-07-27T18:37:01.439093+00:00,1624,1632066275,Gillian Robertson,Mackenzie Dern,2026-08-15T21:00:00Z,0,ml,home,,207,0,2050.0,account_ccy,2026-08-15T21:00:00+00:00,3668340679
2026-07-27T18:37:01.439093+00:00,1624,1632066275,Gillian Robertson,Mackenzie Dern,2026-08-15T21:00:00Z,0,ml,away,,-248,0,2050.0,account_ccy,2026-08-15T21:00:00+00:00,3668340679
2026-07-27T18:37:01.439093+00:00,1624,1632061617,Ian Machado Garry,Islam Makhachev,2026-08-15T21:00:00Z,0,ml,home,,241,0,2050.0,account_ccy,2026-08-15T21:00:00+00:00,3674307600
2026-07-27T18:37:01.439093+00:00,1624,1632061617,Ian Machado Garry,Islam Makhachev,2026-08-15T21:00:00Z,0,ml,away,,-292,0,2050.0,account_ccy,2026-08-15T21:00:00+00:00,3674307600
2026-07-27T18:37:01.439093+00:00,1624,1632703346,Marcin Tybura,Aleksandar Rakic,2026-08-01T14:00:00Z,0,ml,home,,262,0,950.0,account_ccy,2026-08-01T14:00:00+00:00,3674431102
2026-07-27T18:37:01.439093+00:00,1624,1632703346,Marcin Tybura,Aleksandar Rakic,2026-08-01T14:00:00Z,0,ml,away,,-320,0,950.0,account_ccy,2026-08-01T14:00:00+00:00,3674431102
2026-07-27T18:37:01.439093+00:00,1624,1632703345,Navajo Stirling,Jan Blachowicz,2026-08-01T14:00:00Z,0,ml,home,,-324,0,950.0,account_ccy,2026-08-01T14:00:00+00:00,3674420979
2026-07-27T18:37:01.439093+00:00,1624,1632703345,Navajo Stirling,Jan Blachowicz,2026-08-01T14:00:00Z,0,ml,away,,264,0,950.0,account_ccy,2026-08-01T14:00:00+00:00,3674420979
2026-07-27T18:52:01.435644+00:00,1624,1632709790,Noah Gugnon,Milos Janicic,2026-08-01T14:00:00Z,0,ml,home,,-109,0,950.0,account_ccy,2026-08-01T14:00:00+00:00,3674347101
2026-07-27T18:52:01.435644+00:00,1624,1632709790,Noah Gugnon,Milos Janicic,2026-08-01T14:00:00Z,0,ml,away,,-107,0,950.0,account_ccy,2026-08-01T14:00:00+00:00,3674347101
2026-07-27T18:52:01.435644+00:00,1624,1632703346,Marcin Tybura,Aleksandar Rakic,2026-08-01T14:00:00Z,0,ml,home,,262,0,950.0,account_ccy,2026-08-01T14:00:00+00:00,3674431102
2026-07-27T18:52:01.435644+00:00,1624,1632703346,Marcin Tybura,Aleksandar Rakic,2026-08-01T14:00:00Z,0,ml,away,,-320,0,950.0,account_ccy,2026-08-01T14:00:00+00:00,3674431102
2026-07-27T18:52:01.435644+00:00,1624,1632061617,Ian Machado Garry,Islam Makhachev,2026-08-15T21:00:00Z,0,ml,home,,241,0,2050.0,account_ccy,2026-08-15T21:00:00+00:00,3674307600
2026-07-27T18:52:01.435644+00:00,1624,1632061617,Ian Machado Garry,Islam Makhachev,2026-08-15T21:00:00Z,0,ml,away,,-292,0,2050.0,account_ccy,2026-08-15T21:00:00+00:00,3674307600
2026-07-27T18:52:01.435644+00:00,1624,1632709787,Michael Oliveira,Oban Elliott,2026-08-01T14:00:00Z,0,ml,home,,-331,0,950.0,account_ccy,2026-08-01T14:00:00+00:00,3674431110
2026-07-27T18:52:01.435644+00:00,1624,1632709787,Michael Oliveira,Oban Elliott,2026-08-01T14:00:00Z,0,ml,away,,269,0,950.0,account_ccy,2026-08-01T14:00:00+00:00,3674431110
2026-07-27T18:52:01.435644+00:00,1624,1632709872,Kyle Prepolec,Mateusz Rebecki,2026-08-01T14:00:00Z,0,ml,home,,390,0,950.0,account_ccy,2026-08-01T14:00:00+00:00,3674426090
2026-07-27T18:52:01.435644+00:00,1624,1632709872,Kyle Prepolec,Mateusz Rebecki,2026-08-01T14:00:00Z,0,ml,away,,-504,0,950.0,account_ccy,2026-08-01T14:00:00+00:00,3674426090
2026-07-27T18:52:01.435644+00:00,1624,1632703345,Navajo Stirling,Jan Blachowicz,2026-08-01T14:00:00Z,0,ml,home,,-324,0,950.0,account_ccy,2026-08-01T14:00:00+00:00,3674420979
2026-07-27T18:52:01.435644+00:00,1624,1632703345,Navajo Stirling,Jan Blachowicz,2026-08-01T14:00:00Z,0,ml,away,,264,0,950.0,account_ccy,2026-08-01T14:00:00+00:00,3674420979
2026-07-27T18:52:01.435644+00:00,1624,1632709873,Hailey Cowan,Nina Milosevic,2026-08-01T14:00:00Z,0,ml,home,,317,0,950.0,account_ccy,2026-08-01T14:00:00+00:00,3674358413
2026-07-27T18:52:01.435644+00:00,1624,1632709873,Hailey Cowan,Nina Milosevic,2026-08-01T14:00:00Z,0,ml,away,,-397,0,950.0,account_ccy,2026-08-01T14:00:00+00:00,3674358413
2026-07-27T18:52:01.435644+00:00,1624,1632908874,Alexander Poppeck,Jovan Leka,2026-08-01T14:00:00Z,0,ml,home,,206,0,950.0,account_ccy,2026-08-01T14:00:00+00:00,3674442495
2026-07-27T18:52:01.435644+00:00,1624,1632908874,Alexander Poppeck,Jovan Leka,2026-08-01T14:00:00Z,0,ml,away,,-247,0,950.0,account_ccy,2026-08-01T14:00:00+00:00,3674442495
2026-07-27T18:52:01.435644+00:00,1624,1632908875,Borislav Nikolic,Mark Vologdin,2026-08-01T14:00:00Z,0,ml,home,,-180,0,950.0,account_ccy,2026-08-01T14:00:00+00:00,3674454306
2026-07-27T18:52:01.435644+00:00,1624,1632908875,Borislav Nikolic,Mark Vologdin,2026-08-01T14:00:00Z,0,ml,away,,153,0,950.0,account_ccy,2026-08-01T14:00:00+00:00,3674454306
2026-07-27T18:52:01.435644+00:00,1624,1632710674,Bogdan Grad,Dennis Buzukja,2026-08-01T14:00:00Z,0,ml,home,,-204,0,950.0,account_ccy,2026-08-01T14:00:00+00:00,3674396799
2026-07-27T18:52:01.435644+00:00,1624,1632710674,Bogdan Grad,Dennis Buzukja,2026-08-01T14:00:00Z,0,ml,away,,172,0,950.0,account_ccy,2026-08-01T14:00:00+00:00,3674396799
2026-07-27T18:52:01.435644+00:00,1624,1632703348,Tofiq Musayev,Ludovit Klein,2026-08-01T14:00:00Z,0,ml,home,,201,0,950.0,account_ccy,2026-08-01T14:00:00+00:00,3674375411
2026-07-27T18:52:01.435644+00:00,1624,1632703348,Tofiq Musayev,Ludovit Klein,2026-08-01T14:00:00Z,0,ml,away,,-240,0,950.0,account_ccy,2026-08-01T14:00:00+00:00,3674375411
2026-07-27T18:52:01.435644+00:00,1624,1632703347,Gilbert Urbina,Vlasto Cepo,2026-08-01T14:00:00Z,0,ml,home,,246,0,950.0,account_ccy,2026-08-01T14:00:00+00:00,3674042167
2026-07-27T18:52:01.435644+00:00,1624,1632703347,Gilbert Urbina,Vlasto Cepo,2026-08-01T14:00:00Z,0,ml,away,,-299,0,950.0,account_ccy,2026-08-01T14:00:00+00:00,3674042167
2026-07-27T18:52:01.435644+00:00,1624,1632709870,Robert Valentin,Dusko Todorovic,2026-08-01T14:00:00Z,0,ml,home,,-167,0,950.0,account_ccy,2026-08-01T14:00:00+00:00,3674470028
2026-07-27T18:52:01.435644+00:00,1624,1632709870,Robert Valentin,Dusko Todorovic,2026-08-01T14:00:00Z,0,ml,away,,142,0,950.0,account_ccy,2026-08-01T14:00:00+00:00,3674470028
2026-07-27T18:52:01.435644+00:00,1624,1632709875,Stephanie Luciano,Marina Spasic,2026-08-01T14:00:00Z,0,ml,home,,-287,0,950.0,account_ccy,2026-08-01T14:00:00+00:00,3674470028
2026-07-27T18:52:01.435644+00:00,1624,1632709875,Stephanie Luciano,Marina Spasic,2026-08-01T14:00:00Z,0,ml,away,,237,0,950.0,account_ccy,2026-08-01T14:00:00+00:00,3674470028
2026-07-27T18:52:01.435644+00:00,1624,1632703344,Daniel Rodriguez,Uros Medic,2026-08-01T14:00:00Z,0,ml,home,,317,0,950.0,account_ccy,2026-08-01T14:00:00+00:00,3674426090
2026-07-27T18:52:01.435644+00:00,1624,1632703344,Daniel Rodriguez,Uros Medic,2026-08-01T14:00:00Z,0,ml,away,,-397,0,950.0,account_ccy,2026-08-01T14:00:00+00:00,3674426090
2026-07-27T18:52:01.435644+00:00,1624,1632066275,Gillian Robertson,Mackenzie Dern,2026-08-15T21:00:00Z,0,ml,home,,207,0,2050.0,account_ccy,2026-08-15T21:00:00+00:00,3668340679
2026-07-27T18:52:01.435644+00:00,1624,1632066275,Gillian Robertson,Mackenzie Dern,2026-08-15T21:00:00Z,0,ml,away,,-248,0,2050.0,account_ccy,2026-08-15T21:00:00+00:00,3668340679
2026-07-27T19:20:38.855763+00:00,1624,1632709787,Michael Oliveira,Oban Elliott,2026-08-01T14:00:00Z,0,ml,home,,-331,0,950,account_ccy,2026-08-01T14:00:00+00:00,3674431110
2026-07-27T19:20:38.855763+00:00,1624,1632709787,Michael Oliveira,Oban Elliott,2026-08-01T14:00:00Z,0,ml,away,,269,0,950,account_ccy,2026-08-01T14:00:00+00:00,3674431110
2026-07-27T19:20:38.855763+00:00,1624,1632709875,Stephanie Luciano,Marina Spasic,2026-08-01T14:00:00Z,0,ml,home,,-287,0,950,account_ccy,2026-08-01T14:00:00+00:00,3674470028
2026-07-27T19:20:38.855763+00:00,1624,1632709875,Stephanie Luciano,Marina Spasic,2026-08-01T14:00:00Z,0,ml,away,,237,0,950,account_ccy,2026-08-01T14:00:00+00:00,3674470028
2026-07-27T19:20:38.855763+00:00,1624,1632703346,Marcin Tybura,Aleksandar Rakic,2026-08-01T14:00:00Z,0,ml,home,,262,0,950,account_ccy,2026-08-01T14:00:00+00:00,3674431102
2026-07-27T19:20:38.855763+00:00,1624,1632703346,Marcin Tybura,Aleksandar Rakic,2026-08-01T14:00:00Z,0,ml,away,,-320,0,950,account_ccy,2026-08-01T14:00:00+00:00,3674431102
2026-07-27T19:20:38.855763+00:00,1624,1632703348,Tofiq Musayev,Ludovit Klein,2026-08-01T14:00:00Z,0,ml,home,,201,0,950,account_ccy,2026-08-01T14:00:00+00:00,3674375411
2026-07-27T19:20:38.855763+00:00,1624,1632703348,Tofiq Musayev,Ludovit Klein,2026-08-01T14:00:00Z,0,ml,away,,-240,0,950,account_ccy,2026-08-01T14:00:00+00:00,3674375411
2026-07-27T19:20:38.855763+00:00,1624,1632061617,Ian Machado Garry,Islam Makhachev,2026-08-15T21:00:00Z,0,ml,home,,241,0,2050,account_ccy,2026-08-15T21:00:00+00:00,3674307600
2026-07-27T19:20:38.855763+00:00,1624,1632061617,Ian Machado Garry,Islam Makhachev,2026-08-15T21:00:00Z,0,ml,away,,-292,0,2050,account_ccy,2026-08-15T21:00:00+00:00,3674307600
2026-07-27T19:20:38.855763+00:00,1624,1632703345,Navajo Stirling,Jan Blachowicz,2026-08-01T14:00:00Z,0,ml,home,,-324,0,950,account_ccy,2026-08-01T14:00:00+00:00,3674420979
2026-07-27T19:20:38.855763+00:00,1624,1632703345,Navajo Stirling,Jan Blachowicz,2026-08-01T14:00:00Z,0,ml,away,,264,0,950,account_ccy,2026-08-01T14:00:00+00:00,3674420979
2026-07-27T19:20:38.855763+00:00,1624,1632066275,Gillian Robertson,Mackenzie Dern,2026-08-15T21:00:00Z,0,ml,home,,207,0,2050,account_ccy,2026-08-15T21:00:00+00:00,3668340679
2026-07-27T19:20:38.855763+00:00,1624,1632066275,Gillian Robertson,Mackenzie Dern,2026-08-15T21:00:00Z,0,ml,away,,-248,0,2050,account_ccy,2026-08-15T21:00:00+00:00,3668340679
2026-07-27T19:20:38.855763+00:00,1624,1632703344,Daniel Rodriguez,Uros Medic,2026-08-01T14:00:00Z,0,ml,home,,317,0,950,account_ccy,2026-08-01T14:00:00+00:00,3674426090
2026-07-27T19:20:38.855763+00:00,1624,1632703344,Daniel Rodriguez,Uros Medic,2026-08-01T14:00:00Z,0,ml,away,,-397,0,950,account_ccy,2026-08-01T14:00:00+00:00,3674426090
2026-07-27T19:20:38.855763+00:00,1624,1632709870,Robert Valentin,Dusko Todorovic,2026-08-01T14:00:00Z,0,ml,home,,-167,0,950,account_ccy,2026-08-01T14:00:00+00:00,3674470028
2026-07-27T19:20:38.855763+00:00,1624,1632709870,Robert Valentin,Dusko Todorovic,2026-08-01T14:00:00Z,0,ml,away,,142,0,950,account_ccy,2026-08-01T14:00:00+00:00,3674470028
2026-07-27T19:20:38.855763+00:00,1624,1632908875,Borislav Nikolic,Mark Vologdin,2026-08-01T14:00:00Z,0,ml,home,,-180,0,950,account_ccy,2026-08-01T14:00:00+00:00,3674454306
2026-07-27T19:20:38.855763+00:00,1624,1632908875,Borislav Nikolic,Mark Vologdin,2026-08-01T14:00:00Z,0,ml,away,,153,0,950,account_ccy,2026-08-01T14:00:00+00:00,3674454306
2026-07-27T19:20:38.855763+00:00,1624,1632709872,Kyle Prepolec,Mateusz Rebecki,2026-08-01T14:00:00Z,0,ml,home,,390,0,950,account_ccy,2026-08-01T14:00:00+00:00,3674426090
2026-07-27T19:20:38.855763+00:00,1624,1632709872,Kyle Prepolec,Mateusz Rebecki,2026-08-01T14:00:00Z,0,ml,away,,-504,0,950,account_ccy,2026-08-01T14:00:00+00:00,3674426090
2026-07-27T19:20:38.855763+00:00,1624,1632709873,Hailey Cowan,Nina Milosevic,2026-08-01T14:00:00Z,0,ml,home,,317,0,950,account_ccy,2026-08-01T14:00:00+00:00,3674358413
2026-07-27T19:20:38.855763+00:00,1624,1632709873,Hailey Cowan,Nina Milosevic,2026-08-01T14:00:00Z,0,ml,away,,-397,0,950,account_ccy,2026-08-01T14:00:00+00:00,3674358413
2026-07-27T19:20:38.855763+00:00,1624,1632709790,Noah Gugnon,Milos Janicic,2026-08-01T14:00:00Z,0,ml,home,,-109,0,950,account_ccy,2026-08-01T14:00:00+00:00,3674347101
2026-07-27T19:20:38.855763+00:00,1624,1632709790,Noah Gugnon,Milos Janicic,2026-08-01T14:00:00Z,0,ml,away,,-107,0,950,account_ccy,2026-08-01T14:00:00+00:00,3674347101
2026-07-27T19:20:38.855763+00:00,1624,1632710674,Bogdan Grad,Dennis Buzukja,2026-08-01T14:00:00Z,0,ml,home,,-204,0,950,account_ccy,2026-08-01T14:00:00+00:00,3674396799
2026-07-27T19:20:38.855763+00:00,1624,1632710674,Bogdan Grad,Dennis Buzukja,2026-08-01T14:00:00Z,0,ml,away,,172,0,950,account_ccy,2026-08-01T14:00:00+00:00,3674396799
2026-07-27T19:20:38.855763+00:00,1624,1632703347,Gilbert Urbina,Vlasto Cepo,2026-08-01T14:00:00Z,0,ml,home,,246,0,950,account_ccy,2026-08-01T14:00:00+00:00,3674042167
2026-07-27T19:20:38.855763+00:00,1624,1632703347,Gilbert Urbina,Vlasto Cepo,2026-08-01T14:00:00Z,0,ml,away,,-299,0,950,account_ccy,2026-08-01T14:00:00+00:00,3674042167
2026-07-27T19:20:38.855763+00:00,1624,1632908874,Alexander Poppeck,Jovan Leka,2026-08-01T14:00:00Z,0,ml,home,,206,0,950,account_ccy,2026-08-01T14:00:00+00:00,3674442495
2026-07-27T19:20:38.855763+00:00,1624,1632908874,Alexander Poppeck,Jovan Leka,2026-08-01T14:00:00Z,0,ml,away,,-247,0,950,account_ccy,2026-08-01T14:00:00+00:00,3674442495
